2026-09-28 16:52:24 - data_sources.base_survey_trip - INFO - Logging to: /media/volume/Tareek-instance_vol-1/Tareek-work/Tareek/logs/plan_generation_20260928_165224.log
2026-09-28 16:52:25 - __main__ - INFO - ============================================================
2026-09-28 16:52:25 - __main__ - INFO - STEP 1: VALIDATING CONFIGURATION
2026-09-28 16:52:25 - __main__ - INFO - ============================================================
2026-09-28 16:52:25 - utils.config_validator - INFO - Loaded config from: config/USA/Madison_WI/config_10iter_madison_hermes_w11_nw18_fr03.json
2026-09-28 16:52:25 - utils.config_validator - INFO - Validating configuration...
2026-09-28 16:52:25 - utils.config_validator - INFO - Network config: Using 1 counties
2026-09-28 16:52:25 - utils.config_validator - INFO - MATSim config: mode=basic, run_simulation=True
2026-09-28 16:52:25 - utils.config_validator - INFO - Plan generation config: target_plans=all, scaling_factor=0.25
2026-09-28 16:52:25 - utils.config_validator - INFO - Data directory validated: /media/volume/Tareek-instance_vol-1/Tareek-work/Tareek/data
2026-09-28 16:52:25 - utils.config_validator - INFO - Counts config: enabled=True, custom=False
2026-09-28 16:52:25 - utils.config_validator - WARNING - plan_generation.work_scaling_multiplier = 1.1 (neutral = 1.0): this scales the survey value
2026-09-28 16:52:25 - utils.config_validator - WARNING - nonwork_purposes.nonwork_trip_share = 1.8 (neutral = 1.0): this scales the survey value
2026-09-28 16:52:25 - utils.config_validator - INFO - External tools found: java
2026-09-28 16:52:25 - utils.config_validator - INFO - Configuration validation passed
2026-09-28 16:52:25 - __main__ - INFO - Configuration file: config/USA/Madison_WI/config_10iter_madison_hermes_w11_nw18_fr03.json
2026-09-28 16:52:25 - __main__ - INFO - Experiment ID: madison_pf_hermes_w11_nw18_fr03_10iter
2026-09-28 16:52:25 - __main__ - INFO - 
2026-09-28 16:52:25 - __main__ - INFO - ============================================================
2026-09-28 16:52:25 - __main__ - INFO - DETECTING COORDINATE SYSTEM
2026-09-28 16:52:25 - __main__ - INFO - ============================================================
2026-09-28 16:52:26 - __main__ - INFO -   Counties: Dane
2026-09-28 16:52:26 - __main__ - INFO -   Average centroid: (43.0675, -89.4179)
2026-09-28 16:52:26 - __main__ - INFO -   Detected UTM EPSG: EPSG:26916
2026-09-28 16:52:26 - __main__ - INFO -   All downstream components will use EPSG:26916
2026-09-28 16:52:26 - __main__ - INFO - 
2026-09-28 16:52:26 - __main__ - INFO - ============================================================
2026-09-28 16:52:26 - __main__ - INFO - STEP 2: SETTING UP EXPERIMENT DIRECTORY
2026-09-28 16:52:26 - __main__ - INFO - ============================================================
2026-09-28 16:52:26 - utils.logger - INFO - Logging reconfigured from /media/volume/Tareek-instance_vol-1/Tareek-work/Tareek/logs/plan_generation_20260928_165224.log to /media/volume/Tareek-instance_vol-1/Tareek-work/Tareek/experiments/madison_pf_hermes_w11_nw18_fr03_10iter/experiment_20260928_165226.log
2026-09-28 16:52:26 - utils.logger - INFO - Removed temporary log file: /media/volume/Tareek-instance_vol-1/Tareek-work/Tareek/logs/plan_generation_20260928_165224.log
2026-09-28 16:52:26 - __main__ - INFO - Created new experiment directory: /media/volume/Tareek-instance_vol-1/Tareek-work/Tareek/experiments/madison_pf_hermes_w11_nw18_fr03_10iter
2026-09-28 16:52:26 - __main__ - INFO - All experiment logs will be saved to: /media/volume/Tareek-instance_vol-1/Tareek-work/Tareek/experiments/madison_pf_hermes_w11_nw18_fr03_10iter/experiment_20260928_165226.log
2026-09-28 16:52:26 - __main__ - INFO - 
2026-09-28 16:52:26 - __main__ - INFO - ============================================================
2026-09-28 16:52:26 - __main__ - INFO - STEP 2b: GENERATING MATSIM config.xml
2026-09-28 16:52:26 - __main__ - INFO - ============================================================
2026-09-28 16:52:26 - matsim.config_manager - INFO - Generating MATSim config for mode: basic
2026-09-28 16:52:26 - matsim.config_manager - INFO - Using config template: /media/volume/Tareek-instance_vol-1/Tareek-work/Tareek/matsim/configs/basic/config.xml
2026-09-28 16:52:26 - matsim.config_manager - INFO - Auto-set writeLinkStatsInterval = 10 (matches lastIteration)
2026-09-28 16:52:26 - matsim.config_manager - INFO - Auto-set write*Interval = 10 (bulky per-iteration output written only at the final iteration; set matsim.write_intermediate_output=true to write every iteration)
2026-09-28 16:52:26 - matsim.config_manager - INFO - Auto-set counts.countsScaleFactor = 4.0 (1/0.25 flowCapacityFactor)
2026-09-28 16:52:26 - matsim.config_manager - INFO - Auto-set counts.writeCountsInterval = 10 (matches lastIteration)
2026-09-28 16:52:26 - matsim.config_manager - INFO - Applied configurable param: controller.mobsim = hermes
2026-09-28 16:52:26 - matsim.config_manager - INFO - Applied configurable param: global.numberOfThreads = 30
2026-09-28 16:52:26 - matsim.config_manager - INFO - Applied configurable param: qsim.numberOfThreads = 30
2026-09-28 16:52:26 - matsim.config_manager - INFO - Applied configurable param: qsim.flowCapacityFactor = 0.25
2026-09-28 16:52:26 - matsim.config_manager - INFO - Mirrored qsim.flowCapacityFactor -> hermes.flowCapacityFactor = 0.25
2026-09-28 16:52:26 - matsim.config_manager - INFO - Applied configurable param: qsim.storageCapacityFactor = 0.3
2026-09-28 16:52:26 - matsim.config_manager - INFO - Mirrored qsim.storageCapacityFactor -> hermes.storageCapacityFactor = 0.3
2026-09-28 16:52:26 - matsim.config_manager - INFO - Applied configurable param: qsim.stuckTime = 10.0
2026-09-28 16:52:26 - matsim.config_manager - INFO - Applied configurable param: linkStats.averageLinkStatsOverIterations = 5
2026-09-28 16:52:26 - matsim.config_manager - INFO - Applied scoring.waitingPt = -3.0
2026-09-28 16:52:26 - matsim.config_manager - INFO - Applied scoring.modeParams.walk.constant = -1.0
2026-09-28 16:52:26 - matsim.config_manager - INFO - Applied configurable param: transitRouter.maxBeelineWalkConnectionDistance = 250.0
2026-09-28 16:52:26 - matsim.config_manager - INFO - Applied configurable param: transitRouter.directWalkFactor = 1.3
2026-09-28 16:52:26 - matsim.config_manager - INFO - Applied configurable param: hermes.endTime = 36:00:00
2026-09-28 16:52:26 - matsim.config_manager - INFO - Mirrored qsim.flowCapacityFactor -> hermes.flowCapacityFactor = 0.25
2026-09-28 16:52:26 - matsim.config_manager - INFO - Mirrored qsim.storageCapacityFactor -> hermes.storageCapacityFactor = 0.3
2026-09-28 16:52:26 - matsim.config_manager - INFO - Applied scoring.waitingPt = -3.0
2026-09-28 16:52:26 - matsim.config_manager - INFO - Applied scoring.modeParams.walk.constant = -1.0
2026-09-28 16:52:26 - matsim.config_manager - INFO - Enabled transit module with transitModes=pt (from enabled modes: ['bus']) (preserved existing params on: transitRouter)
2026-09-28 16:52:26 - matsim.config_manager - INFO - Registered scoring activityParams for 'freight_origin'
2026-09-28 16:52:26 - matsim.config_manager - INFO - Registered scoring activityParams for 'freight_destination'
2026-09-28 16:52:26 - matsim.config_manager - INFO - Set replanning strategies for freight: ChangeExpBeta=0.8, ReRoute=0.2
2026-09-28 16:52:26 - matsim.config_manager - INFO - Freight: writeEventsInterval = 10 so the final iteration emits events (needed to isolate the truck stream)
2026-09-28 16:52:26 - matsim.config_manager - INFO - Config saved to: /media/volume/Tareek-instance_vol-1/Tareek-work/Tareek/experiments/madison_pf_hermes_w11_nw18_fr03_10iter/config.xml
2026-09-28 16:52:26 - models.freight.vehicles - INFO - Freight PCE is off; no vehicles.xml written (pce=1.0 run)
2026-09-28 16:52:26 - __main__ - INFO -   Generated: /media/volume/Tareek-instance_vol-1/Tareek-work/Tareek/experiments/madison_pf_hermes_w11_nw18_fr03_10iter/config.xml
2026-09-28 16:52:26 - __main__ - INFO - 
2026-09-28 16:52:26 - __main__ - INFO - ============================================================
2026-09-28 16:52:26 - __main__ - INFO - STEP 3: SETTING UP NETWORK
2026-09-28 16:52:26 - __main__ - INFO - ============================================================
2026-09-28 16:52:26 - matsim.osm_downloader - INFO - OSM cache directory: /media/volume/Tareek-instance_vol-1/Tareek-work/Tareek/data/osm_cache
2026-09-28 16:52:27 - utils.region_utils - INFO - Retrieved 1 county names for network generation
2026-09-28 16:52:27 - __main__ - INFO - Converted 1 FIPS codes to county names
2026-09-28 16:52:28 - __main__ - INFO - Transit network enabled - setting up GTFS feeds...
2026-09-28 16:52:28 - data_sources.gtfs_manager - INFO - ==================================================
2026-09-28 16:52:28 - data_sources.gtfs_manager - INFO - GTFS SETUP
2026-09-28 16:52:28 - data_sources.gtfs_manager - INFO - ==================================================
2026-09-28 16:52:28 - data_sources.gtfs_manager - INFO - GTFS modes configured: ['bus']
2026-09-28 16:52:28 - data_sources.gtfs_manager - INFO - Region bbox: (-89.8386, 42.8450, -89.0088, 43.2942) (took 0.0s)
2026-09-28 16:52:28 - data_sources.gtfs_manager - INFO - Using cached catalog: data/gtfs/feeds_v2.csv
2026-09-28 16:52:29 - data_sources.gtfs_manager - INFO - Catalog has 6475 total entries
2026-09-28 16:52:29 - data_sources.gtfs_manager - INFO -   After data_type=gtfs filter: 4548
2026-09-28 16:52:29 - data_sources.gtfs_manager - INFO -   After country=US filter: 1689
2026-09-28 16:52:29 - data_sources.gtfs_manager - INFO -   After excluding deprecated/inactive: 913
2026-09-28 16:52:29 - data_sources.gtfs_manager - INFO -   Skipped 5 feeds with bboxes too broad for region
2026-09-28 16:52:29 - data_sources.gtfs_manager - INFO - Found 1 GTFS feeds for region (took 0.1s):
2026-09-28 16:52:29 - data_sources.gtfs_manager - INFO -   - Metro Transit - City of Madison (mdb-394): Wisconsin Dane County
2026-09-28 16:52:29 - data_sources.gtfs_manager - INFO - Checking integrity of 6 feeds in database...
2026-09-28 16:52:29 - data_sources.gtfs_manager - INFO - All feeds are complete
2026-09-28 16:52:29 - data_sources.gtfs_manager - INFO - Feed mdb-394 is up to date (cached)
2026-09-28 16:52:29 - data_sources.gtfs_manager - INFO - Feed mdb-394 already in database, skipping
2026-09-28 16:52:29 - data_sources.gtfs_manager - INFO - GTFS setup complete in 0.4s: 0 newly loaded, 1 already in DB, 0 failed (total 1 feeds)
2026-09-28 16:52:29 - data_sources.gtfs_manager - INFO - ==================================================
2026-09-28 16:52:29 - __main__ - INFO - GTFS setup complete
2026-09-28 16:52:29 - matsim.network_manager - INFO - Found existing network: /media/volume/Tareek-instance_vol-1/Tareek-work/Tareek/data/networks/ca67387de5a6a1e2/network.xml
2026-09-28 16:52:29 - matsim.network_manager - INFO - Network ID: ca67387de5a6a1e2
2026-09-28 16:52:29 - matsim.network_manager - INFO - Counties: 1 counties
2026-09-28 16:52:29 - matsim.network_manager - INFO - Copied cached network to: /media/volume/Tareek-instance_vol-1/Tareek-work/Tareek/experiments/madison_pf_hermes_w11_nw18_fr03_10iter/network.xml
2026-09-28 16:52:29 - matsim.network_manager - INFO - Copied cached transitSchedule.xml to: /media/volume/Tareek-instance_vol-1/Tareek-work/Tareek/experiments/madison_pf_hermes_w11_nw18_fr03_10iter/transitSchedule.xml
2026-09-28 16:52:29 - matsim.network_manager - INFO - Copied cached transitVehicles.xml to: /media/volume/Tareek-instance_vol-1/Tareek-work/Tareek/experiments/madison_pf_hermes_w11_nw18_fr03_10iter/transitVehicles.xml
2026-09-28 16:52:29 - __main__ - INFO - Network ready: /media/volume/Tareek-instance_vol-1/Tareek-work/Tareek/experiments/madison_pf_hermes_w11_nw18_fr03_10iter/network.xml
2026-09-28 16:52:29 - __main__ - INFO -   Nodes: 36066
2026-09-28 16:52:29 - __main__ - INFO -   Links: 81752
2026-09-28 16:52:29 - __main__ - INFO -   Coordinate system: EPSG:26916
2026-09-28 16:52:29 - __main__ - INFO -   Transit schedule: /media/volume/Tareek-instance_vol-1/Tareek-work/Tareek/experiments/madison_pf_hermes_w11_nw18_fr03_10iter/transitSchedule.xml (exists=True)
2026-09-28 16:52:29 - __main__ - INFO -   Transit vehicles: /media/volume/Tareek-instance_vol-1/Tareek-work/Tareek/experiments/madison_pf_hermes_w11_nw18_fr03_10iter/transitVehicles.xml (exists=True)
2026-09-28 16:52:29 - __main__ - INFO - 
2026-09-28 16:52:29 - __main__ - INFO - ============================================================
2026-09-28 16:52:29 - __main__ - INFO - STEP 3b: GENERATING COUNTS FILE
2026-09-28 16:52:29 - __main__ - INFO - ============================================================
2026-09-28 16:52:30 - data_sources.fha_counts_manager - INFO - Setting up FHA counts data...
2026-09-28 16:52:30 - data_sources.fha_counts_manager - INFO - FHA counts rebuild requested — clearing existing data and re-running ETL
2026-09-28 16:52:30 - utils.duckdb_manager - INFO - Successfully deleted records from fha_hourly_volumes
2026-09-28 16:52:30 - utils.duckdb_manager - INFO - Successfully deleted records from fha_stations
2026-09-28 16:52:30 - data_sources.fha_counts_manager - INFO - FHA: cleared existing data for state(s) ['55']
2026-09-28 16:52:30 - data_sources.fha_counts_manager - INFO - FHA: parsing stations for state WI, filtering to counties ['025']
2026-09-28 16:52:30 - data_sources.fha_counts_manager - INFO - FHA: parsing volumes for state WI, 5 station IDs
2026-09-28 16:52:31 - utils.duckdb_manager - INFO - Successfully inserted 10 records into fha_stations
2026-09-28 16:52:31 - utils.duckdb_manager - INFO - Successfully inserted 10 records into fha_hourly_volumes
2026-09-28 16:52:31 - data_sources.fha_counts_manager - INFO - FHA: loaded 10 station-directions, 10 volume records for 1 state(s)
2026-09-28 16:52:31 - matsim.counts_generator - INFO - Generating counts.xml for MATSim validation...
2026-09-28 16:52:31 - matsim.counts_generator - INFO - Loading network from /media/volume/Tareek-instance_vol-1/Tareek-work/Tareek/experiments/madison_pf_hermes_w11_nw18_fr03_10iter/network.xml
2026-09-28 16:52:46 - matsim.counts_generator - INFO - Loaded 81,752 links
2026-09-28 16:52:46 - matsim.counts_generator - INFO - FHA: 10 stations within network area (of 153 total)
2026-09-28 16:52:46 - matsim.counts_generator - INFO - FHA directional matching: 10 assigned, 0 dropped (0 for facility-class mismatch, rest no distinct carriageway)
2026-09-28 16:52:46 - matsim.counts_generator - INFO - FHA: 4 stations matched via HPMS functional-class constraint
2026-09-28 16:52:46 - matsim.counts_generator - INFO - FHA: matched 10 station-directions to network links
2026-09-28 16:52:46 - matsim.counts_generator - INFO - Counts sources: FHA only (10 stations)
2026-09-28 16:52:46 - utils.region_utils - INFO - Loaded 1 county boundary polygons
2026-09-28 16:52:51 - matsim.counts_generator - INFO - County boundary filter: 10 devices retained
2026-09-28 16:52:51 - matsim.counts_generator - INFO - Generated counts.xml with 10 count locations
2026-09-28 16:52:51 - matsim.counts_generator - INFO -   - FHA per-direction counts: 10
2026-09-28 16:52:51 - matsim.counts_generator - INFO -   - Custom bidirectional sensors (50/50 split): 0
2026-09-28 16:52:51 - matsim.counts_generator - INFO -   - Saved to: /media/volume/Tareek-instance_vol-1/Tareek-work/Tareek/experiments/madison_pf_hermes_w11_nw18_fr03_10iter/counts.xml
2026-09-28 16:52:51 - matsim.counts_generator - INFO -   - Saved matched devices to: /media/volume/Tareek-instance_vol-1/Tareek-work/Tareek/experiments/madison_pf_hermes_w11_nw18_fr03_10iter/matched_devices.csv
2026-09-28 16:52:51 - __main__ - INFO - 
2026-09-28 16:52:51 - __main__ - INFO - ============================================================
2026-09-28 16:52:51 - __main__ - INFO - STEP 4: GENERATING ACTIVITY PLANS (WORK + NON-WORK)
2026-09-28 16:52:51 - __main__ - INFO - ============================================================
2026-09-28 16:52:52 - models.home_locs_v2 - INFO - Home locations already exist for all 1 configured counties
2026-09-28 16:52:53 - models.work_locs_v2 - INFO - Work locations already exist for all 1 configured counties
2026-09-28 16:52:54 - models.poi_manager - INFO - [OK] All 1 counties already have POIs in database
2026-09-28 16:52:54 - __main__ - INFO - Target total plans: all
2026-09-28 16:52:54 - __main__ - INFO - Scaling factor: 0.25
2026-09-28 16:52:54 - __main__ - INFO - 
2026-09-28 16:52:54 - __main__ - INFO - ------------------------------------------------------------
2026-09-28 16:52:54 - __main__ - INFO - LOADING SHARED DATA FOR NON-WORK PLANS
2026-09-28 16:52:54 - __main__ - INFO - ------------------------------------------------------------
2026-09-28 16:52:55 - models.home_locs_v2 - INFO - Loading home locations for 1 counties from config...
2026-09-28 16:52:56 - models.home_locs_v2 - INFO - Loaded 8,087 home location blocks for 1 counties
2026-09-28 16:52:56 - __main__ - INFO -   Loaded 8,087 home blocks (county-filtered)
2026-09-28 16:52:57 - models.poi_manager - INFO - Loaded 9,393 POIs across 6 activity types (county-filtered)
2026-09-28 16:52:57 - __main__ - INFO -   Loaded 9,393 POIs in 6 activity types (county-filtered)
2026-09-28 16:52:57 - __main__ - INFO -   Pre-computing POI-to-block mapping...
2026-09-28 16:52:57 - models.od_matrix_nonwork - INFO - Pre-computing POI-to-block mapping for ALL POIs...
2026-09-28 16:52:57 - models.od_matrix_nonwork - INFO -   Total POIs: 9,393
2026-09-28 16:52:57 - models.od_matrix_nonwork - INFO -   Blocks with coordinates: 8,087
2026-09-28 16:52:57 - models.od_matrix_nonwork - INFO -   Built KD-tree spatial index
2026-09-28 16:52:57 - models.od_matrix_nonwork - INFO -   POIs with valid coordinates: 9,393
2026-09-28 16:52:57 - models.od_matrix_nonwork - INFO -   Converting POI coordinates to EPSG:26916...
2026-09-28 16:52:57 - models.od_matrix_nonwork - INFO -   Finding nearest block for each POI...
2026-09-28 16:52:57 - models.od_matrix_nonwork - INFO -   POI-to-block mapping complete: 9,393 POIs mapped
2026-09-28 16:52:57 - __main__ - INFO -   POI-to-block mapping complete: 9,393 POIs mapped
2026-09-28 16:52:58 - data_sources.survey_manager - INFO - Survey data already exists for all 1 active source(s)
2026-09-28 16:52:58 - data_sources.survey_manager - INFO - Initialized survey source: nhts (year=2022)
2026-09-28 16:52:58 - data_sources.base_survey_trip - INFO - Loading survey data from DuckDB...
2026-09-28 16:53:00 - data_sources.base_survey_trip - INFO - Loaded 30462 records from DuckDB
2026-09-28 16:53:00 - data_sources.survey_manager - INFO - Survey 'nhts': kept 22,851/30,462 weekday trips (dropped 7,611)
2026-09-28 16:53:00 - data_sources.nhts_survey_trip - INFO - NHTS person-days: 16,997 from /media/volume/Tareek-instance_vol-1/Tareek-work/Tareek/data/nhts/csv/perv2pub.csv
2026-09-28 16:53:00 - data_sources.survey_manager - INFO - Survey 'nhts': month window [3, 4, 5, 9, 10, 11] keeps 6,309/12,186 weekday person-days
2026-09-28 16:53:00 - data_sources.survey_manager - INFO - Survey 'nhts': month/person-day filter kept 12,403/22,851 trips
2026-09-28 16:53:00 - data_sources.survey_manager - INFO - Loaded 12403 records for 'nhts'
2026-09-28 16:53:00 - data_sources.survey_manager - INFO - Survey 'nhts': kept 22,851/30,462 weekday trips (dropped 7,611)
2026-09-28 16:53:00 - data_sources.survey_manager - INFO - Survey 'nhts': month/person-day filter kept 12,403/22,851 trips
2026-09-28 16:53:00 - data_sources.base_survey_trip - INFO - Processing persons and trips...
2026-09-28 16:53:04 - data_sources.base_survey_trip - INFO - Processed 4172 persons across 4172 person-days
2026-09-28 16:53:04 - data_sources.survey_manager - INFO - Processed 4172 persons for 'nhts'
2026-09-28 16:53:04 - __main__ - INFO -   Loaded 12,403 survey trips
2026-09-28 16:53:04 - __main__ - INFO -   Processed 4,172 persons
2026-09-28 16:53:04 - models.chains - INFO - Starting trip chain processing...
2026-09-28 16:53:06 - models.chains - INFO - Successfully processed 4172 trip chains
2026-09-28 16:53:06 - __main__ - INFO -   Processed 787 trip chains
2026-09-28 16:53:06 - __main__ - INFO -   Initializing shared time models...
2026-09-28 16:53:06 - models.time - INFO - Clock-time KDE bandwidth: 10 min
2026-09-28 16:53:06 - models.time - WARNING - INSUFFICIENT DATA: Only 5 departure samples for ('Dining', 'School') (need >5). No KDE model fitted for this pair.
2026-09-28 16:53:06 - models.time - WARNING - INSUFFICIENT DATA: Only 5 arrival samples for ('Dining', 'School') (need >5). No KDE model fitted for this pair.
2026-09-28 16:53:06 - models.time - INFO - Fitted models for 49 activity pairs
2026-09-28 16:53:06 - models.time - INFO - Mean trip durations: global=20.0min, per-pair=49 pairs
2026-09-28 16:53:06 - models.time - INFO - First-of-day departure KDEs: 18 pairs from 4172 first trips (of 12403 trips)
2026-09-28 16:53:08 - models.time - WARNING - FILTER: Rejected 1136 activity durations from survey (outside per-activity [min_minutes, max_minutes] bounds from config). Kept 7095 valid durations.
2026-09-28 16:53:08 - models.time - INFO - Extracted 7095 activity durations from survey
2026-09-28 16:53:08 - models.time - INFO -   Activity 'Dining': fitted survey KDE from 675 samples (mean=46.7 min, std=41.8 min)
2026-09-28 16:53:08 - models.time - INFO -   Activity 'Home': fitted survey KDE from 929 samples (mean=165.4 min, std=144.1 min)
2026-09-28 16:53:08 - models.time - INFO -   Activity 'Other': fitted survey KDE from 432 samples (mean=73.4 min, std=61.3 min)
2026-09-28 16:53:08 - models.time - INFO -   Activity 'School': fitted survey KDE from 750 samples (mean=344.9 min, std=160.1 min)
2026-09-28 16:53:08 - models.time - INFO -   Activity 'Shopping': fitted survey KDE from 2067 samples (mean=39.9 min, std=44.1 min)
2026-09-28 16:53:08 - models.time - INFO -   Activity 'Social': fitted survey KDE from 840 samples (mean=111.4 min, std=69.8 min)
2026-09-28 16:53:08 - models.time - INFO -   Activity 'Work': fitted survey KDE from 1402 samples (mean=363.5 min, std=188.3 min)
2026-09-28 16:53:08 - models.time - INFO - Fitted 7 survey KDE models for activity types
2026-09-28 16:53:08 - models.time - INFO -   Activity 'Dining' bin 'afternoon': fitted binned KDE from 216 samples (mean=46.9 min, std=42.2 min)
2026-09-28 16:53:08 - models.time - INFO -   Activity 'Dining' bin 'evening': fitted binned KDE from 151 samples (mean=49.5 min, std=45.6 min)
2026-09-28 16:53:08 - models.time - INFO -   Activity 'Dining' bin 'midday': fitted binned KDE from 236 samples (mean=45.3 min, std=39.2 min)
2026-09-28 16:53:08 - models.time - INFO -   Activity 'Dining' bin 'morning': fitted binned KDE from 72 samples (mean=44.8 min, std=39.7 min)
2026-09-28 16:53:08 - models.time - INFO -   Activity 'Home' bin 'afternoon': fitted binned KDE from 363 samples (mean=101.0 min, std=73.5 min)
2026-09-28 16:53:08 - models.time - INFO -   Activity 'Home' bin 'evening': fitted binned KDE from 61 samples (mean=80.4 min, std=68.9 min)
2026-09-28 16:53:08 - models.time - INFO -   Activity 'Home' bin 'midday': fitted binned KDE from 291 samples (mean=172.9 min, std=125.6 min)
2026-09-28 16:53:08 - models.time - INFO -   Activity 'Home' bin 'morning': fitted binned KDE from 214 samples (mean=288.6 min, std=183.9 min)
2026-09-28 16:53:08 - models.time - INFO -   Activity 'Other' bin 'afternoon': fitted binned KDE from 98 samples (mean=70.3 min, std=69.5 min)
2026-09-28 16:53:08 - models.time - INFO -   Activity 'Other' bin 'midday': fitted binned KDE from 197 samples (mean=73.1 min, std=58.9 min)
2026-09-28 16:53:08 - models.time - INFO -   Activity 'Other' bin 'morning': fitted binned KDE from 124 samples (mean=73.9 min, std=57.1 min)
2026-09-28 16:53:08 - models.time - INFO -   Activity 'School' bin 'afternoon': fitted binned KDE from 48 samples (mean=103.6 min, std=90.6 min)
2026-09-28 16:53:08 - models.time - INFO -   Activity 'School' bin 'evening': fitted binned KDE from 47 samples (mean=101.0 min, std=50.4 min)
2026-09-28 16:53:08 - models.time - INFO -   Activity 'School' bin 'midday': fitted binned KDE from 62 samples (mean=158.3 min, std=125.7 min)
2026-09-28 16:53:08 - models.time - INFO -   Activity 'School' bin 'morning': fitted binned KDE from 593 samples (mean=403.3 min, std=115.9 min)
2026-09-28 16:53:08 - models.time - INFO -   Activity 'Shopping' bin 'afternoon': fitted binned KDE from 765 samples (mean=34.0 min, std=34.3 min)
2026-09-28 16:53:08 - models.time - INFO -   Activity 'Shopping' bin 'evening': fitted binned KDE from 192 samples (mean=26.2 min, std=26.4 min)
2026-09-28 16:53:08 - models.time - INFO -   Activity 'Shopping' bin 'midday': fitted binned KDE from 817 samples (mean=47.9 min, std=51.8 min)
2026-09-28 16:53:08 - models.time - INFO -   Activity 'Shopping' bin 'morning': fitted binned KDE from 293 samples (mean=42.4 min, std=48.1 min)
2026-09-28 16:53:08 - models.time - INFO -   Activity 'Social' bin 'afternoon': fitted binned KDE from 322 samples (mean=117.1 min, std=72.4 min)
2026-09-28 16:53:08 - models.time - INFO -   Activity 'Social' bin 'evening': fitted binned KDE from 150 samples (mean=115.8 min, std=64.9 min)
2026-09-28 16:53:08 - models.time - INFO -   Activity 'Social' bin 'midday': fitted binned KDE from 211 samples (mean=115.0 min, std=73.2 min)
2026-09-28 16:53:08 - models.time - INFO -   Activity 'Social' bin 'morning': fitted binned KDE from 157 samples (mean=90.5 min, std=59.5 min)
2026-09-28 16:53:08 - models.time - INFO -   Activity 'Work' bin 'afternoon': fitted binned KDE from 150 samples (mean=178.3 min, std=159.6 min)
2026-09-28 16:53:08 - models.time - INFO -   Activity 'Work' bin 'evening': fitted binned KDE from 23 samples (mean=88.9 min, std=63.1 min)
2026-09-28 16:53:08 - models.time - INFO -   Activity 'Work' bin 'midday': fitted binned KDE from 255 samples (mean=218.9 min, std=154.9 min)
2026-09-28 16:53:08 - models.time - INFO -   Activity 'Work' bin 'morning': fitted binned KDE from 974 samples (mean=436.4 min, std=151.3 min)
2026-09-28 16:53:08 - models.time - INFO - Fitted 27 arrival-time-binned KDE models
2026-09-28 16:53:08 - __main__ - INFO -   Time models initialized
2026-09-28 16:53:08 - __main__ - INFO -   Building shared POI spatial index...
2026-09-28 16:53:08 - __main__ - INFO -   POI spatial index built: 6 activity types, 9,393 POIs
2026-09-28 16:53:11 - models.chains - INFO - Starting trip chain processing...
2026-09-28 16:53:12 - models.chains - INFO - Successfully processed 893 trip chains
2026-09-28 16:53:12 - models.chains - INFO - Starting trip chain processing...
2026-09-28 16:53:13 - models.chains - INFO - Successfully processed 642 trip chains
2026-09-28 16:53:13 - models.chains - INFO - Starting trip chain processing...
2026-09-28 16:53:15 - models.chains - INFO - Successfully processed 589 trip chains
2026-09-28 16:53:15 - models.chains - INFO - Starting trip chain processing...
2026-09-28 16:53:16 - models.chains - INFO - Successfully processed 297 trip chains
2026-09-28 16:53:16 - models.chains - INFO - Starting trip chain processing...
2026-09-28 16:53:18 - models.chains - INFO - Successfully processed 279 trip chains
2026-09-28 16:53:18 - models.demand_budget - INFO - ======================================================================
2026-09-28 16:53:18 - models.demand_budget - INFO - DEMAND BUDGET (person-first)
2026-09-28 16:53:18 - models.demand_budget - INFO - ======================================================================
2026-09-28 16:53:18 - models.demand_budget - INFO -   worker           persons      297,589 | commute 52.5%  other travel 31.6%  no travel 15.9%
2026-09-28 16:53:18 - models.demand_budget - INFO -   student          persons       82,633 | commute 0.2%  other travel 83.9%  no travel 16.0%
2026-09-28 16:53:18 - models.demand_budget - INFO -   nonworker_adult  persons      152,297 | commute 2.3%  other travel 59.4%  no travel 38.3%
2026-09-28 16:53:18 - models.demand_budget - INFO -   child_0_4        persons       28,816 (no own plan) | age split: ACS 2023 B01001 (cache)
2026-09-28 16:53:18 - models.demand_budget - INFO -   P(commute) of workers: 52.5%
2026-09-28 16:53:18 - models.demand_budget - INFO -   Shopping   unscaled persons      138,540 (knob factor 1.800, 160 chain patterns)
2026-09-28 16:53:18 - models.demand_budget - INFO -   School     unscaled persons      130,756 (knob factor 1.800, 96 chain patterns)
2026-09-28 16:53:18 - models.demand_budget - INFO -   Social     unscaled persons       96,859 (knob factor 1.800, 151 chain patterns)
2026-09-28 16:53:18 - models.demand_budget - INFO -   Dining     unscaled persons       48,017 (knob factor 1.800, 75 chain patterns)
2026-09-28 16:53:18 - models.demand_budget - INFO -   Other      unscaled persons       42,309 (knob factor 1.800, 67 chain patterns)
2026-09-28 16:53:18 - models.demand_budget - INFO -   NOTE: nonworker_adult: 2.3% of days are commute days; work plans come from LODES workers only, so these are not generated
2026-09-28 16:53:18 - models.demand_budget - INFO - ======================================================================
2026-09-28 16:53:18 - __main__ - INFO - ------------------------------------------------------------
2026-09-28 16:53:18 - __main__ - INFO - ------------------------------------------------------------
2026-09-28 16:53:18 - __main__ - INFO - GENERATING WORK PLANS
2026-09-28 16:53:18 - __main__ - INFO - ------------------------------------------------------------
2026-09-28 16:53:18 - models.plan_generator - INFO - ======================================================================
2026-09-28 16:53:18 - models.plan_generator - INFO - INITIALIZING PLAN GENERATOR
2026-09-28 16:53:18 - models.plan_generator - INFO - ======================================================================
2026-09-28 16:53:18 - models.plan_generator - INFO - Loading location data...
2026-09-28 16:53:18 - models.plan_generator - INFO -   Using data directory: /media/volume/Tareek-instance_vol-1/Tareek-work/Tareek/data
2026-09-28 16:53:18 - models.plan_generator - INFO -   Filtering by 1 counties from config
2026-09-28 16:53:19 - models.home_locs_v2 - INFO - Loading home locations for 1 counties from config...
2026-09-28 16:53:19 - models.home_locs_v2 - INFO - Loaded 8,087 home location blocks for 1 counties
2026-09-28 16:53:20 - models.work_locs_v2 - INFO - Loading work locations for 1 counties from config...
2026-09-28 16:53:20 - models.work_locs_v2 - INFO - Loaded 4,368 work location blocks for 1 counties
2026-09-28 16:53:20 - models.plan_generator - INFO -   Loaded 8087 home blocks
2026-09-28 16:53:20 - models.plan_generator - INFO -   Loaded 4368 work blocks
2026-09-28 16:53:20 - models.plan_generator - INFO - Loading survey data...
2026-09-28 16:53:21 - data_sources.survey_manager - INFO - Survey data already exists for all 1 active source(s)
2026-09-28 16:53:21 - data_sources.survey_manager - INFO - Initialized survey source: nhts (year=2022)
2026-09-28 16:53:21 - data_sources.base_survey_trip - INFO - Loading survey data from DuckDB...
2026-09-28 16:53:23 - data_sources.base_survey_trip - INFO - Loaded 30462 records from DuckDB
2026-09-28 16:53:23 - data_sources.survey_manager - INFO - Survey 'nhts': kept 22,851/30,462 weekday trips (dropped 7,611)
2026-09-28 16:53:24 - data_sources.nhts_survey_trip - INFO - NHTS person-days: 16,997 from /media/volume/Tareek-instance_vol-1/Tareek-work/Tareek/data/nhts/csv/perv2pub.csv
2026-09-28 16:53:24 - data_sources.survey_manager - INFO - Survey 'nhts': month window [3, 4, 5, 9, 10, 11] keeps 6,309/12,186 weekday person-days
2026-09-28 16:53:24 - data_sources.survey_manager - INFO - Survey 'nhts': month/person-day filter kept 12,403/22,851 trips
2026-09-28 16:53:24 - data_sources.survey_manager - INFO - Loaded 12403 records for 'nhts'
2026-09-28 16:53:24 - data_sources.survey_manager - INFO - Survey 'nhts': kept 22,851/30,462 weekday trips (dropped 7,611)
2026-09-28 16:53:24 - data_sources.survey_manager - INFO - Survey 'nhts': month/person-day filter kept 12,403/22,851 trips
2026-09-28 16:53:24 - data_sources.base_survey_trip - INFO - Processing persons and trips...
2026-09-28 16:53:28 - data_sources.base_survey_trip - INFO - Processed 4172 persons across 4172 person-days
2026-09-28 16:53:28 - data_sources.survey_manager - INFO - Processed 4172 persons for 'nhts'
2026-09-28 16:53:28 - models.plan_generator - INFO -   Loaded 12403 survey trips
2026-09-28 16:53:28 - models.plan_generator - INFO -   Processed 4172 persons
2026-09-28 16:53:28 - models.plan_generator - INFO -   Detected survey geo level: block_group
2026-09-28 16:53:28 - models.plan_generator - INFO - Initializing statistical models...
2026-09-28 16:53:28 - models.plan_generator - INFO -   Single survey source — using direct models
2026-09-28 16:53:28 - models.chains - INFO - Starting trip chain processing...
2026-09-28 16:53:29 - models.chains - INFO - Successfully processed 4172 trip chains
2026-09-28 16:53:29 - models.chains - INFO - Filtered chains by type 'contains_work': 286/787 chains match
2026-09-28 16:53:29 - models.plan_generator - INFO -   Chain model fitted with 286 patterns (length dist from 787 unfiltered)
2026-09-28 16:53:29 - models.time - INFO - Clock-time KDE bandwidth: 10 min
2026-09-28 16:53:29 - models.time - WARNING - INSUFFICIENT DATA: Only 5 departure samples for ('Dining', 'School') (need >5). No KDE model fitted for this pair.
2026-09-28 16:53:29 - models.time - WARNING - INSUFFICIENT DATA: Only 5 arrival samples for ('Dining', 'School') (need >5). No KDE model fitted for this pair.
2026-09-28 16:53:29 - models.time - INFO - Fitted models for 49 activity pairs
2026-09-28 16:53:29 - models.time - INFO - Mean trip durations: global=20.0min, per-pair=49 pairs
2026-09-28 16:53:29 - models.time - INFO - First-of-day departure KDEs: 18 pairs from 4172 first trips (of 12403 trips)
2026-09-28 16:53:31 - models.time - WARNING - FILTER: Rejected 1136 activity durations from survey (outside per-activity [min_minutes, max_minutes] bounds from config). Kept 7095 valid durations.
2026-09-28 16:53:31 - models.time - INFO - Extracted 7095 activity durations from survey
2026-09-28 16:53:31 - models.time - INFO -   Activity 'Dining': fitted survey KDE from 675 samples (mean=46.7 min, std=41.8 min)
2026-09-28 16:53:31 - models.time - INFO -   Activity 'Home': fitted survey KDE from 929 samples (mean=165.4 min, std=144.1 min)
2026-09-28 16:53:31 - models.time - INFO -   Activity 'Other': fitted survey KDE from 432 samples (mean=73.4 min, std=61.3 min)
2026-09-28 16:53:31 - models.time - INFO -   Activity 'School': fitted survey KDE from 750 samples (mean=344.9 min, std=160.1 min)
2026-09-28 16:53:31 - models.time - INFO -   Activity 'Shopping': fitted survey KDE from 2067 samples (mean=39.9 min, std=44.1 min)
2026-09-28 16:53:31 - models.time - INFO -   Activity 'Social': fitted survey KDE from 840 samples (mean=111.4 min, std=69.8 min)
2026-09-28 16:53:31 - models.time - INFO -   Activity 'Work': fitted survey KDE from 1402 samples (mean=363.5 min, std=188.3 min)
2026-09-28 16:53:31 - models.time - INFO - Fitted 7 survey KDE models for activity types
2026-09-28 16:53:31 - models.time - INFO -   Activity 'Dining' bin 'afternoon': fitted binned KDE from 216 samples (mean=46.9 min, std=42.2 min)
2026-09-28 16:53:31 - models.time - INFO -   Activity 'Dining' bin 'evening': fitted binned KDE from 151 samples (mean=49.5 min, std=45.6 min)
2026-09-28 16:53:31 - models.time - INFO -   Activity 'Dining' bin 'midday': fitted binned KDE from 236 samples (mean=45.3 min, std=39.2 min)
2026-09-28 16:53:31 - models.time - INFO -   Activity 'Dining' bin 'morning': fitted binned KDE from 72 samples (mean=44.8 min, std=39.7 min)
2026-09-28 16:53:31 - models.time - INFO -   Activity 'Home' bin 'afternoon': fitted binned KDE from 363 samples (mean=101.0 min, std=73.5 min)
2026-09-28 16:53:31 - models.time - INFO -   Activity 'Home' bin 'evening': fitted binned KDE from 61 samples (mean=80.4 min, std=68.9 min)
2026-09-28 16:53:31 - models.time - INFO -   Activity 'Home' bin 'midday': fitted binned KDE from 291 samples (mean=172.9 min, std=125.6 min)
2026-09-28 16:53:31 - models.time - INFO -   Activity 'Home' bin 'morning': fitted binned KDE from 214 samples (mean=288.6 min, std=183.9 min)
2026-09-28 16:53:31 - models.time - INFO -   Activity 'Other' bin 'afternoon': fitted binned KDE from 98 samples (mean=70.3 min, std=69.5 min)
2026-09-28 16:53:31 - models.time - INFO -   Activity 'Other' bin 'midday': fitted binned KDE from 197 samples (mean=73.1 min, std=58.9 min)
2026-09-28 16:53:31 - models.time - INFO -   Activity 'Other' bin 'morning': fitted binned KDE from 124 samples (mean=73.9 min, std=57.1 min)
2026-09-28 16:53:31 - models.time - INFO -   Activity 'School' bin 'afternoon': fitted binned KDE from 48 samples (mean=103.6 min, std=90.6 min)
2026-09-28 16:53:31 - models.time - INFO -   Activity 'School' bin 'evening': fitted binned KDE from 47 samples (mean=101.0 min, std=50.4 min)
2026-09-28 16:53:31 - models.time - INFO -   Activity 'School' bin 'midday': fitted binned KDE from 62 samples (mean=158.3 min, std=125.7 min)
2026-09-28 16:53:31 - models.time - INFO -   Activity 'School' bin 'morning': fitted binned KDE from 593 samples (mean=403.3 min, std=115.9 min)
2026-09-28 16:53:31 - models.time - INFO -   Activity 'Shopping' bin 'afternoon': fitted binned KDE from 765 samples (mean=34.0 min, std=34.3 min)
2026-09-28 16:53:31 - models.time - INFO -   Activity 'Shopping' bin 'evening': fitted binned KDE from 192 samples (mean=26.2 min, std=26.4 min)
2026-09-28 16:53:31 - models.time - INFO -   Activity 'Shopping' bin 'midday': fitted binned KDE from 817 samples (mean=47.9 min, std=51.8 min)
2026-09-28 16:53:31 - models.time - INFO -   Activity 'Shopping' bin 'morning': fitted binned KDE from 293 samples (mean=42.4 min, std=48.1 min)
2026-09-28 16:53:31 - models.time - INFO -   Activity 'Social' bin 'afternoon': fitted binned KDE from 322 samples (mean=117.1 min, std=72.4 min)
2026-09-28 16:53:31 - models.time - INFO -   Activity 'Social' bin 'evening': fitted binned KDE from 150 samples (mean=115.8 min, std=64.9 min)
2026-09-28 16:53:31 - models.time - INFO -   Activity 'Social' bin 'midday': fitted binned KDE from 211 samples (mean=115.0 min, std=73.2 min)
2026-09-28 16:53:31 - models.time - INFO -   Activity 'Social' bin 'morning': fitted binned KDE from 157 samples (mean=90.5 min, std=59.5 min)
2026-09-28 16:53:31 - models.time - INFO -   Activity 'Work' bin 'afternoon': fitted binned KDE from 150 samples (mean=178.3 min, std=159.6 min)
2026-09-28 16:53:31 - models.time - INFO -   Activity 'Work' bin 'evening': fitted binned KDE from 23 samples (mean=88.9 min, std=63.1 min)
2026-09-28 16:53:31 - models.time - INFO -   Activity 'Work' bin 'midday': fitted binned KDE from 255 samples (mean=218.9 min, std=154.9 min)
2026-09-28 16:53:31 - models.time - INFO -   Activity 'Work' bin 'morning': fitted binned KDE from 974 samples (mean=436.4 min, std=151.3 min)
2026-09-28 16:53:31 - models.time - INFO - Fitted 27 arrival-time-binned KDE models
2026-09-28 16:53:31 - models.time - INFO - Home typicalDuration: using 720 min (overnight anchor) instead of the measured mid-chain median 125 min — MATSim allows only one value per activity type and the overnight stay dominates the day
2026-09-28 16:53:31 - models.plan_generator - INFO -   Survey typicalDuration for MATSim: Dining=30min, Home=720min, Other=60min, School=420min, Shopping=25min, Social=95min, Work=450min
2026-09-28 16:53:31 - models.time - INFO - Home typicalDuration: using 720 min (overnight anchor) instead of the measured mid-chain median 125 min — MATSim allows only one value per activity type and the overnight stay dominates the day
2026-09-28 16:53:31 - models.plan_generator - INFO -   Survey activity scoring windows for MATSim: Dining=9.0-21.0h/min5m, Other=7.4-20.9h/min5m, School=7.1-18.8h/min60m, Shopping=7.9-19.5h/min5m, Social=7.0-21.5h/min20m, Work=6.0-21.2h/min30m
2026-09-28 16:53:31 - models.plan_generator - INFO - Initializing POI manager...
2026-09-28 16:53:32 - models.poi_manager - INFO - POIManager initialized (Overpass servers: 3 configured)
2026-09-28 16:53:32 - models.poi_manager - INFO -   1. [primary] https://overpass-api.de/api/interpreter
2026-09-28 16:53:32 - models.poi_manager - INFO -   2. [fallback] https://overpass.kumi.systems/api/interpreter
2026-09-28 16:53:32 - models.poi_manager - INFO -   3. [fallback] https://overpass.private.coffee/api/interpreter
2026-09-28 16:53:34 - models.plan_generator - INFO -   POI manager initialized: 62751 POIs loaded
2026-09-28 16:53:34 - models.plan_generator - INFO - Generating OD matrix...
2026-09-28 16:53:34 - models.plan_generator - INFO -   Aggregated to 351 home block groups
2026-09-28 16:53:34 - models.plan_generator - INFO -   Aggregated to 351 work block groups
2026-09-28 16:53:35 - data_sources.lodes_od - INFO - ======================================================================
2026-09-28 16:53:35 - data_sources.lodes_od - INFO - LOADING OBSERVED LODES OD FLOWS
2026-09-28 16:53:35 - data_sources.lodes_od - INFO - ======================================================================
2026-09-28 16:53:35 - data_sources.lodes_od - INFO -   Year: 2023 | Version: LODES8 | Job type: JT00 | Segment: S000
2026-09-28 16:53:35 - data_sources.lodes_od - INFO -   Region: 1 counties across 1 state(s): ['WI']
2026-09-28 16:53:39 - data_sources.lodes_od - INFO -   wi_main: 2,553,959 rows downloaded
2026-09-28 16:53:39 - data_sources.lodes_od - INFO -   wi_aux: 117,613 rows downloaded
2026-09-28 16:53:39 - data_sources.lodes_od - INFO -   Combined: 2,671,572 block-pair rows across all files
2026-09-28 16:53:40 - data_sources.lodes_od - INFO - ----------------------------------------------------------------------
2026-09-28 16:53:40 - data_sources.lodes_od - INFO -   Observed flow classes (after county filter):
2026-09-28 16:53:40 - data_sources.lodes_od - INFO -     I-I internal:       242,873
2026-09-28 16:53:40 - data_sources.lodes_od - INFO -     I-E outbound:        48,805  (dropped unless boundary_policy=anchor)
2026-09-28 16:53:40 - data_sources.lodes_od - INFO -     E-I inbound:        126,602  (dropped unless boundary_policy=anchor)
2026-09-28 16:53:40 - data_sources.lodes_od - INFO -     internal_share (resident-side, I-I/(I-I+I-E)): 0.8327
2026-09-28 16:53:40 - data_sources.lodes_od - INFO -     job-side share (I-I/(I-I+E-I)):                0.6573
2026-09-28 16:53:40 - data_sources.lodes_od - INFO -     two-sided share (I-I/all region-touching):     0.5806
2026-09-28 16:53:40 - data_sources.lodes_od - WARNING -   175,407 boundary commutes (48,805 I-E + 126,602 E-I) are outside the region's internal matrix — 41.9% of region-touching flow. 48,805 employed residents (16.7%) get no work trip from observed OD.
2026-09-28 16:53:40 - data_sources.lodes_od - INFO -     I-I sourced from aux files: 0 (0.00%)
2026-09-28 16:53:40 - data_sources.lodes_od - INFO - ----------------------------------------------------------------------
2026-09-28 16:53:40 - data_sources.lodes_od - INFO -   Loaded assembled OD matrix from cache: /media/volume/Tareek-instance_vol-1/Tareek-work/Tareek/data/lodes_od_cache/od_matrix_801515f33125beb1.parquet
2026-09-28 16:53:40 - data_sources.lodes_od - INFO -   Reconciliation OK: matrix 418,280 vs direct aggregation 418,280 (242,873 I-I + 175,407 anchored) (delta +0)
2026-09-28 16:53:40 - utils.od_diagnostics - INFO - OD source: lodes_od
2026-09-28 16:53:40 - models.od_matrix_v3 - INFO - ======================================================================
2026-09-28 16:53:40 - models.od_matrix_v3 - INFO - COMBINING OD MATRICES
2026-09-28 16:53:40 - models.od_matrix_v3 - INFO - ======================================================================
2026-09-28 16:53:40 - models.od_matrix_v3 - INFO - Survey matrix shape: (1, 1)
2026-09-28 16:53:40 - models.od_matrix_v3 - INFO - Local matrix shape: (351, 351)
2026-09-28 16:53:40 - models.od_matrix_v3 - INFO - Alpha (survey weight): 0.10
2026-09-28 16:53:40 - models.od_matrix_v3 - INFO - Local weight: 0.90
2026-09-28 16:53:40 - models.od_matrix_v3 - INFO - Aligning survey to local matrix structure...
2026-09-28 16:53:40 - models.od_matrix_v3 - INFO - Combining matrices (alpha blend where survey exists, local only where survey is empty)...
2026-09-28 16:53:40 - models.od_matrix_v3 - INFO - No scaling target specified. Using local matrix total: 418,280
2026-09-28 16:53:40 - models.od_matrix_v3 - INFO - Matrix total before scaling: 418,280
2026-09-28 16:53:40 - models.od_matrix_v3 - INFO - Scale factor: 1.000000
2026-09-28 16:53:40 - models.od_matrix_v3 - INFO - Applying robust rounding to guarantee target total...
2026-09-28 16:53:40 - models.od_matrix_v3 - INFO - Total after flooring: 418,280
2026-09-28 16:53:40 - models.od_matrix_v3 - INFO - Remainder to distribute: 0
2026-09-28 16:53:40 - models.od_matrix_v3 - INFO - ======================================================================
2026-09-28 16:53:40 - models.od_matrix_v3 - INFO - VERIFICATION
2026-09-28 16:53:40 - models.od_matrix_v3 - INFO - ======================================================================
2026-09-28 16:53:40 - models.od_matrix_v3 - INFO - Survey total trips: 10,696,964,320
2026-09-28 16:53:40 - models.od_matrix_v3 - INFO - Local total trips: 418,280
2026-09-28 16:53:40 - models.od_matrix_v3 - INFO - Combined total trips (before scaling): 418,280
2026-09-28 16:53:40 - models.od_matrix_v3 - INFO - Combined total trips (after scaling & rounding): 418,280
2026-09-28 16:53:40 - models.od_matrix_v3 - INFO - Target total: 418,280
2026-09-28 16:53:40 - models.od_matrix_v3 - INFO - Difference: 0
2026-09-28 16:53:40 - models.od_matrix_v3 - INFO - Combined matrix shape: (351, 351)
2026-09-28 16:53:40 - models.plan_generator - INFO -   Combined OD matrix shape: (351, 351)
2026-09-28 16:53:40 - models.plan_generator - INFO -   Total trips in matrix: 418,280
2026-09-28 16:53:40 - data_sources.lodes_od - INFO -   Matrix: 351 × 351, 57,883 non-zero pairs (47.0% dense), 418,280 trips
2026-09-28 16:53:40 - data_sources.lodes_od - INFO -   Zero-rows: 0 | Zero-cols: 0
2026-09-28 16:53:40 - utils.od_diagnostics - INFO -   Trip length: mean 19.36 km, median 17.41 km, p25 8.01 km, p75 29.96 km
2026-09-28 16:53:40 - utils.od_diagnostics - INFO -   Intrazonal share: 1.46%
2026-09-28 16:53:40 - models.plan_generator - WARNING -   Survey blend ran but changed no cells — the survey's H->W trips do not overlap the base matrix. alpha=0.10 had no practical effect.
2026-09-28 16:53:40 - utils.od_diagnostics - INFO -   vs gravity base: 418,280 / 297,589 = 1.4056 (+40.56% agents)
2026-09-28 16:53:40 - models.plan_generator - INFO -   Observed I-I gives 242,873 trips vs 297,589 employed residents (-18.39% agents) — E1
2026-09-28 16:53:41 - models.plan_generator - INFO -   Saved base (pre-blend) OD matrix to: /media/volume/Tareek-instance_vol-1/Tareek-work/Tareek/experiments/madison_pf_hermes_w11_nw18_fr03_10iter/base_od_matrix.csv
2026-09-28 16:53:41 - models.plan_generator - INFO -   Saved combined OD matrix to: /media/volume/Tareek-instance_vol-1/Tareek-work/Tareek/experiments/madison_pf_hermes_w11_nw18_fr03_10iter/combined_od_matrix.csv
2026-09-28 16:53:41 - utils.od_diagnostics - INFO -   Wrote OD diagnostics to: /media/volume/Tareek-instance_vol-1/Tareek-work/Tareek/experiments/madison_pf_hermes_w11_nw18_fr03_10iter/od_matrix_diagnostics.json
2026-09-28 16:53:41 - models.plan_generator - INFO - Initializing GTFS transit availability...
2026-09-28 16:53:42 - models.plan_generator - INFO -   GTFS feeds already in DB, skipping redundant setup
2026-09-28 16:53:42 - models.gtfs_availability - INFO - Building GTFS spatial indices...
2026-09-28 16:53:43 - models.gtfs_availability - INFO -   Built index for bus: 12113 stops (route_types=[3, 11], took 1.19s)
2026-09-28 16:53:43 - models.gtfs_availability - INFO - GTFS spatial indices built: 1 modes, 12113 total stops (took 1.2s)
2026-09-28 16:53:43 - models.plan_generator - INFO -   GTFS availability ready: 1 modes, 12113 stops indexed
2026-09-28 16:53:43 - models.plan_generator - INFO - Initializing mode choice model...
2026-09-28 16:53:43 - models.mode_choice - INFO - Computing mode shares from survey data...
2026-09-28 16:53:43 - models.mode_choice - INFO - Computed mode rates for 8 purposes
2026-09-28 16:53:43 - models.mode_choice - INFO -   Overall mode distribution: car=87.2%, walk=6.3%, school_bus=3.2%, bike=1.2%, bus=0.8%, rail=0.6%, rideshare=0.5%, other=0.3%
2026-09-28 16:53:43 - models.mode_choice - INFO - ModeChoiceModel initialized with 3 modes: ['car', 'bus', 'walk']
2026-09-28 16:53:43 - models.plan_generator - INFO - Plan generator initialized successfully!
2026-09-28 16:53:43 - models.plan_generator - INFO - ======================================================================
2026-09-28 16:53:43 - models.plan_generator - INFO - Using provided experiment directory: /media/volume/Tareek-instance_vol-1/Tareek-work/Tareek/experiments/madison_pf_hermes_w11_nw18_fr03_10iter
2026-09-28 16:53:43 - models.plan_generator - INFO - All logs will be saved to: /media/volume/Tareek-instance_vol-1/Tareek-work/Tareek/experiments/madison_pf_hermes_w11_nw18_fr03_10iter/experiment_20260928_165226.log
2026-09-28 16:53:43 - models.plan_generator - INFO - ======================================================================
2026-09-28 16:53:43 - models.plan_generator - INFO - GENERATING PLANS
2026-09-28 16:53:43 - models.plan_generator - INFO - Target plans: all
2026-09-28 16:53:43 - models.plan_generator - INFO - Scaling factor: 0.25
2026-09-28 16:53:43 - models.plan_generator - INFO - Experiment directory: /media/volume/Tareek-instance_vol-1/Tareek-work/Tareek/experiments/madison_pf_hermes_w11_nw18_fr03_10iter
2026-09-28 16:53:43 - models.plan_generator - INFO - ======================================================================
2026-09-28 16:53:43 - models.plan_generator - INFO - P(commute) of workers (survey): 0.525
2026-09-28 16:53:43 - models.plan_generator - INFO - Work scaling multiplier: 1.1
2026-09-28 16:53:43 - models.plan_generator - INFO - Effective work scaling: 0.25 x 0.525 x 1.1 = 0.1445
2026-09-28 16:53:43 - models.plan_generator - INFO - Initial OD pairs: 26239
2026-09-28 16:53:43 - models.plan_generator - INFO - Original total trips: 418,280
2026-09-28 16:53:43 - models.plan_generator - INFO - Expected scaled trips: 60,429
2026-09-28 16:53:43 - models.plan_generator - INFO - Actual scaled trips: 60,442
2026-09-28 16:53:43 - models.plan_generator - INFO - Scaling accuracy: 100.0%
2026-09-28 16:53:43 - models.plan_generator - INFO - Using ALL scaled OD pairs (representative sample)
2026-09-28 16:53:43 - models.plan_generator - INFO - Total plans to generate: 60,442
2026-09-28 16:53:43 - models.plan_generator - INFO - Using 30 processes
2026-09-28 16:53:43 - models.plan_generator - INFO - Pre-loading data for multiprocessing...
2026-09-28 16:53:44 - models.poi_manager - INFO - Loaded 9,393 POIs across 6 activity types (county-filtered)
2026-09-28 16:53:44 - models.plan_generator - INFO - Loading POIs from database: found 9393 POIs (county-filtered)
2026-09-28 16:53:44 - models.plan_generator - INFO - Grouped POIs into 6 activity categories:
2026-09-28 16:53:44 - models.plan_generator - INFO -   - Other: 4677 POIs
2026-09-28 16:53:44 - models.plan_generator - INFO -   - School: 336 POIs
2026-09-28 16:53:44 - models.plan_generator - INFO -   - Shopping: 484 POIs
2026-09-28 16:53:44 - models.plan_generator - INFO -   - Social: 2525 POIs
2026-09-28 16:53:44 - models.plan_generator - INFO -   - Dining: 1268 POIs
2026-09-28 16:53:44 - models.plan_generator - INFO -   - Escort: 103 POIs
2026-09-28 16:53:44 - models.plan_generator - INFO -   Loaded 9393 POIs across 6 activities
2026-09-28 16:53:44 - models.plan_generator - INFO -   Pre-processed 286 chain patterns
2026-09-28 16:53:44 - models.plan_generator - INFO -   Serialized GTFS stop data for workers: bus=12113 stops
2026-09-28 16:53:44 - models.plan_generator - INFO - Split 26239 OD pairs into 31 chunks
2026-09-28 16:53:44 - models.plan_generator - INFO - Workers will log to: /media/volume/Tareek-instance_vol-1/Tareek-work/Tareek/experiments/madison_pf_hermes_w11_nw18_fr03_10iter/experiment_20260928_165226.log
2026-09-28 16:53:47 - [ForkPoolWorker-1] models.plan_generator - INFO - Worker ForkPoolWorker-1 started - processing 874 OD pairs
2026-09-28 16:53:47 - [ForkPoolWorker-1] models.time - INFO - Fitted models for 49 activity pairs
2026-09-28 16:53:47 - [ForkPoolWorker-1] models.time - INFO - Mean trip durations: global=20.0min, per-pair=49 pairs
2026-09-28 16:53:47 - [ForkPoolWorker-2] models.plan_generator - INFO - Worker ForkPoolWorker-2 started - processing 874 OD pairs
2026-09-28 16:53:47 - [ForkPoolWorker-2] models.time - INFO - Fitted models for 49 activity pairs
2026-09-28 16:53:47 - [ForkPoolWorker-2] models.time - INFO - Mean trip durations: global=20.0min, per-pair=49 pairs
2026-09-28 16:53:48 - [ForkPoolWorker-3] models.plan_generator - INFO - Worker ForkPoolWorker-3 started - processing 874 OD pairs
2026-09-28 16:53:48 - [ForkPoolWorker-4] models.plan_generator - INFO - Worker ForkPoolWorker-4 started - processing 874 OD pairs
2026-09-28 16:53:48 - [ForkPoolWorker-3] models.time - INFO - Fitted models for 49 activity pairs
2026-09-28 16:53:48 - [ForkPoolWorker-3] models.time - INFO - Mean trip durations: global=20.0min, per-pair=49 pairs
2026-09-28 16:53:48 - [ForkPoolWorker-4] models.time - INFO - Fitted models for 49 activity pairs
2026-09-28 16:53:48 - [ForkPoolWorker-4] models.time - INFO - Mean trip durations: global=20.0min, per-pair=49 pairs
2026-09-28 16:53:48 - [ForkPoolWorker-5] models.plan_generator - INFO - Worker ForkPoolWorker-5 started - processing 874 OD pairs
2026-09-28 16:53:48 - [ForkPoolWorker-5] models.time - INFO - Fitted models for 49 activity pairs
2026-09-28 16:53:48 - [ForkPoolWorker-5] models.time - INFO - Mean trip durations: global=20.0min, per-pair=49 pairs
2026-09-28 16:53:49 - [ForkPoolWorker-6] models.plan_generator - INFO - Worker ForkPoolWorker-6 started - processing 874 OD pairs
2026-09-28 16:53:49 - [ForkPoolWorker-6] models.time - INFO - Fitted models for 49 activity pairs
2026-09-28 16:53:49 - [ForkPoolWorker-6] models.time - INFO - Mean trip durations: global=20.0min, per-pair=49 pairs
2026-09-28 16:53:49 - [ForkPoolWorker-7] models.plan_generator - INFO - Worker ForkPoolWorker-7 started - processing 874 OD pairs
2026-09-28 16:53:49 - [ForkPoolWorker-7] models.time - INFO - Fitted models for 49 activity pairs
2026-09-28 16:53:49 - [ForkPoolWorker-7] models.time - INFO - Mean trip durations: global=20.0min, per-pair=49 pairs
2026-09-28 16:53:49 - [ForkPoolWorker-8] models.plan_generator - INFO - Worker ForkPoolWorker-8 started - processing 874 OD pairs
2026-09-28 16:53:49 - [ForkPoolWorker-8] models.time - INFO - Fitted models for 49 activity pairs
2026-09-28 16:53:49 - [ForkPoolWorker-8] models.time - INFO - Mean trip durations: global=20.0min, per-pair=49 pairs
2026-09-28 16:53:50 - [ForkPoolWorker-1] models.mode_availability - DEBUG - Registered availability checker for car: UniversalAvailability
2026-09-28 16:53:50 - [ForkPoolWorker-1] models.mode_availability - DEBUG - Registered availability checker for bus: GTFSTransitAvailability
2026-09-28 16:53:50 - [ForkPoolWorker-1] models.mode_availability - DEBUG - Registered availability checker for walk: DistanceBasedAvailability
2026-09-28 16:53:50 - [ForkPoolWorker-1] models.mode_choice - INFO - Computing mode shares from survey data...
2026-09-28 16:53:50 - [ForkPoolWorker-1] models.mode_choice - DEBUG -   Survey weights (normalized): {'default': 1.0}
2026-09-28 16:53:50 - [ForkPoolWorker-1] models.mode_choice - DEBUG -   Computing rates for purposes: ['Shopping', 'Work', 'School', 'Home', 'Dining', 'Other', 'Social', 'all']
2026-09-28 16:53:50 - [ForkPoolWorker-1] models.mode_choice - DEBUG -   Mode rates for 'Shopping': car=93.6%, walk=5.1%, bike=0.4%, bus=0.4%, rail=0.2%, school_bus=0.2%, rideshare=0.1%
2026-09-28 16:53:50 - [ForkPoolWorker-1] models.mode_choice - DEBUG -   Mode rates for 'Work': car=92.5%, walk=2.3%, rail=1.6%, bus=1.2%, bike=1.0%, school_bus=0.6%, rideshare=0.5%, other=0.2%
2026-09-28 16:53:50 - [ForkPoolWorker-1] models.mode_choice - DEBUG -   Mode rates for 'School': car=65.5%, school_bus=22.9%, walk=7.7%, bike=2.3%, bus=0.9%, other=0.4%, rail=0.2%, rideshare=0.1%
2026-09-28 16:53:50 - [ForkPoolWorker-1] models.mode_choice - DEBUG -   Mode rates for 'Home': car=88.1%, walk=5.0%, school_bus=3.8%, bike=1.1%, bus=0.7%, rideshare=0.5%, rail=0.5%, other=0.3%
2026-09-28 16:53:50 - [ForkPoolWorker-1] models.mode_choice - DEBUG -   Mode rates for 'Dining': car=91.1%, walk=6.8%, bike=1.2%, rail=0.3%, other=0.3%, rideshare=0.3%, bus=0.1%
2026-09-28 16:53:50 - [ForkPoolWorker-1] models.mode_choice - DEBUG -   Mode rates for 'Other': car=88.3%, walk=4.6%, bus=3.1%, rideshare=1.7%, school_bus=1.0%, rail=0.6%, bike=0.6%, other=0.2%
2026-09-28 16:53:50 - [ForkPoolWorker-1] models.mode_choice - DEBUG -   Mode rates for 'Social': car=73.8%, walk=19.5%, bike=3.5%, other=1.0%, rail=0.6%, rideshare=0.6%, bus=0.6%, school_bus=0.4%
2026-09-28 16:53:50 - [ForkPoolWorker-1] models.mode_choice - DEBUG -   Mode rates for 'all': car=87.2%, walk=6.3%, school_bus=3.2%, bike=1.2%, bus=0.8%, rail=0.6%, rideshare=0.5%, other=0.3%
2026-09-28 16:53:50 - [ForkPoolWorker-1] models.mode_choice - INFO - Computed mode rates for 8 purposes
2026-09-28 16:53:50 - [ForkPoolWorker-1] models.mode_choice - INFO -   Overall mode distribution: car=87.2%, walk=6.3%, school_bus=3.2%, bike=1.2%, bus=0.8%, rail=0.6%, rideshare=0.5%, other=0.3%
2026-09-28 16:53:50 - [ForkPoolWorker-1] models.mode_choice - INFO - ModeChoiceModel initialized with 3 modes: ['car', 'bus', 'walk']
2026-09-28 16:53:50 - [ForkPoolWorker-9] models.plan_generator - INFO - Worker ForkPoolWorker-9 started - processing 874 OD pairs
2026-09-28 16:53:50 - [ForkPoolWorker-10] models.plan_generator - INFO - Worker ForkPoolWorker-10 started - processing 874 OD pairs
2026-09-28 16:53:50 - [ForkPoolWorker-2] models.mode_availability - DEBUG - Registered availability checker for car: UniversalAvailability
2026-09-28 16:53:50 - [ForkPoolWorker-2] models.mode_availability - DEBUG - Registered availability checker for bus: GTFSTransitAvailability
2026-09-28 16:53:50 - [ForkPoolWorker-2] models.mode_availability - DEBUG - Registered availability checker for walk: DistanceBasedAvailability
2026-09-28 16:53:50 - [ForkPoolWorker-2] models.mode_choice - INFO - Computing mode shares from survey data...
2026-09-28 16:53:50 - [ForkPoolWorker-2] models.mode_choice - DEBUG -   Survey weights (normalized): {'default': 1.0}
2026-09-28 16:53:50 - [ForkPoolWorker-2] models.mode_choice - DEBUG -   Computing rates for purposes: ['Shopping', 'Work', 'School', 'Home', 'Dining', 'Other', 'Social', 'all']
2026-09-28 16:53:50 - [ForkPoolWorker-2] models.mode_choice - DEBUG -   Mode rates for 'Shopping': car=93.6%, walk=5.1%, bike=0.4%, bus=0.4%, rail=0.2%, school_bus=0.2%, rideshare=0.1%
2026-09-28 16:53:50 - [ForkPoolWorker-2] models.mode_choice - DEBUG -   Mode rates for 'Work': car=92.5%, walk=2.3%, rail=1.6%, bus=1.2%, bike=1.0%, school_bus=0.6%, rideshare=0.5%, other=0.2%
2026-09-28 16:53:50 - [ForkPoolWorker-2] models.mode_choice - DEBUG -   Mode rates for 'School': car=65.5%, school_bus=22.9%, walk=7.7%, bike=2.3%, bus=0.9%, other=0.4%, rail=0.2%, rideshare=0.1%
2026-09-28 16:53:50 - [ForkPoolWorker-2] models.mode_choice - DEBUG -   Mode rates for 'Home': car=88.1%, walk=5.0%, school_bus=3.8%, bike=1.1%, bus=0.7%, rideshare=0.5%, rail=0.5%, other=0.3%
2026-09-28 16:53:50 - [ForkPoolWorker-9] models.time - INFO - Fitted models for 49 activity pairs
2026-09-28 16:53:50 - [ForkPoolWorker-9] models.time - INFO - Mean trip durations: global=20.0min, per-pair=49 pairs
2026-09-28 16:53:50 - [ForkPoolWorker-2] models.mode_choice - DEBUG -   Mode rates for 'Dining': car=91.1%, walk=6.8%, bike=1.2%, rail=0.3%, other=0.3%, rideshare=0.3%, bus=0.1%
2026-09-28 16:53:50 - [ForkPoolWorker-2] models.mode_choice - DEBUG -   Mode rates for 'Other': car=88.3%, walk=4.6%, bus=3.1%, rideshare=1.7%, school_bus=1.0%, rail=0.6%, bike=0.6%, other=0.2%
2026-09-28 16:53:50 - [ForkPoolWorker-2] models.mode_choice - DEBUG -   Mode rates for 'Social': car=73.8%, walk=19.5%, bike=3.5%, other=1.0%, rail=0.6%, rideshare=0.6%, bus=0.6%, school_bus=0.4%
2026-09-28 16:53:50 - [ForkPoolWorker-2] models.mode_choice - DEBUG -   Mode rates for 'all': car=87.2%, walk=6.3%, school_bus=3.2%, bike=1.2%, bus=0.8%, rail=0.6%, rideshare=0.5%, other=0.3%
2026-09-28 16:53:50 - [ForkPoolWorker-2] models.mode_choice - INFO - Computed mode rates for 8 purposes
2026-09-28 16:53:50 - [ForkPoolWorker-2] models.mode_choice - INFO -   Overall mode distribution: car=87.2%, walk=6.3%, school_bus=3.2%, bike=1.2%, bus=0.8%, rail=0.6%, rideshare=0.5%, other=0.3%
2026-09-28 16:53:50 - [ForkPoolWorker-2] models.mode_choice - INFO - ModeChoiceModel initialized with 3 modes: ['car', 'bus', 'walk']
2026-09-28 16:53:50 - [ForkPoolWorker-11] models.plan_generator - INFO - Worker ForkPoolWorker-11 started - processing 874 OD pairs
2026-09-28 16:53:50 - [ForkPoolWorker-10] models.time - INFO - Fitted models for 49 activity pairs
2026-09-28 16:53:50 - [ForkPoolWorker-10] models.time - INFO - Mean trip durations: global=20.0min, per-pair=49 pairs
2026-09-28 16:53:50 - [ForkPoolWorker-11] models.time - INFO - Fitted models for 49 activity pairs
2026-09-28 16:53:50 - [ForkPoolWorker-11] models.time - INFO - Mean trip durations: global=20.0min, per-pair=49 pairs
2026-09-28 16:53:51 - [ForkPoolWorker-4] models.mode_availability - DEBUG - Registered availability checker for car: UniversalAvailability
2026-09-28 16:53:51 - [ForkPoolWorker-4] models.mode_availability - DEBUG - Registered availability checker for bus: GTFSTransitAvailability
2026-09-28 16:53:51 - [ForkPoolWorker-4] models.mode_availability - DEBUG - Registered availability checker for walk: DistanceBasedAvailability
2026-09-28 16:53:51 - [ForkPoolWorker-4] models.mode_choice - INFO - Computing mode shares from survey data...
2026-09-28 16:53:51 - [ForkPoolWorker-4] models.mode_choice - DEBUG -   Survey weights (normalized): {'default': 1.0}
2026-09-28 16:53:51 - [ForkPoolWorker-4] models.mode_choice - DEBUG -   Computing rates for purposes: ['Shopping', 'Work', 'School', 'Home', 'Dining', 'Other', 'Social', 'all']
2026-09-28 16:53:51 - [ForkPoolWorker-4] models.mode_choice - DEBUG -   Mode rates for 'Shopping': car=93.6%, walk=5.1%, bike=0.4%, bus=0.4%, rail=0.2%, school_bus=0.2%, rideshare=0.1%
2026-09-28 16:53:51 - [ForkPoolWorker-4] models.mode_choice - DEBUG -   Mode rates for 'Work': car=92.5%, walk=2.3%, rail=1.6%, bus=1.2%, bike=1.0%, school_bus=0.6%, rideshare=0.5%, other=0.2%
2026-09-28 16:53:51 - [ForkPoolWorker-4] models.mode_choice - DEBUG -   Mode rates for 'School': car=65.5%, school_bus=22.9%, walk=7.7%, bike=2.3%, bus=0.9%, other=0.4%, rail=0.2%, rideshare=0.1%
2026-09-28 16:53:51 - [ForkPoolWorker-4] models.mode_choice - DEBUG -   Mode rates for 'Home': car=88.1%, walk=5.0%, school_bus=3.8%, bike=1.1%, bus=0.7%, rideshare=0.5%, rail=0.5%, other=0.3%
2026-09-28 16:53:51 - [ForkPoolWorker-4] models.mode_choice - DEBUG -   Mode rates for 'Dining': car=91.1%, walk=6.8%, bike=1.2%, rail=0.3%, other=0.3%, rideshare=0.3%, bus=0.1%
2026-09-28 16:53:51 - [ForkPoolWorker-4] models.mode_choice - DEBUG -   Mode rates for 'Other': car=88.3%, walk=4.6%, bus=3.1%, rideshare=1.7%, school_bus=1.0%, rail=0.6%, bike=0.6%, other=0.2%
2026-09-28 16:53:51 - [ForkPoolWorker-4] models.mode_choice - DEBUG -   Mode rates for 'Social': car=73.8%, walk=19.5%, bike=3.5%, other=1.0%, rail=0.6%, rideshare=0.6%, bus=0.6%, school_bus=0.4%
2026-09-28 16:53:51 - [ForkPoolWorker-4] models.mode_choice - DEBUG -   Mode rates for 'all': car=87.2%, walk=6.3%, school_bus=3.2%, bike=1.2%, bus=0.8%, rail=0.6%, rideshare=0.5%, other=0.3%
2026-09-28 16:53:51 - [ForkPoolWorker-4] models.mode_choice - INFO - Computed mode rates for 8 purposes
2026-09-28 16:53:51 - [ForkPoolWorker-4] models.mode_choice - INFO -   Overall mode distribution: car=87.2%, walk=6.3%, school_bus=3.2%, bike=1.2%, bus=0.8%, rail=0.6%, rideshare=0.5%, other=0.3%
2026-09-28 16:53:51 - [ForkPoolWorker-4] models.mode_choice - INFO - ModeChoiceModel initialized with 3 modes: ['car', 'bus', 'walk']
2026-09-28 16:53:51 - [ForkPoolWorker-3] models.mode_availability - DEBUG - Registered availability checker for car: UniversalAvailability
2026-09-28 16:53:51 - [ForkPoolWorker-3] models.mode_availability - DEBUG - Registered availability checker for bus: GTFSTransitAvailability
2026-09-28 16:53:51 - [ForkPoolWorker-3] models.mode_availability - DEBUG - Registered availability checker for walk: DistanceBasedAvailability
2026-09-28 16:53:51 - [ForkPoolWorker-3] models.mode_choice - INFO - Computing mode shares from survey data...
2026-09-28 16:53:51 - [ForkPoolWorker-3] models.mode_choice - DEBUG -   Survey weights (normalized): {'default': 1.0}
2026-09-28 16:53:51 - [ForkPoolWorker-3] models.mode_choice - DEBUG -   Computing rates for purposes: ['Shopping', 'Work', 'School', 'Home', 'Dining', 'Other', 'Social', 'all']
2026-09-28 16:53:51 - [ForkPoolWorker-3] models.mode_choice - DEBUG -   Mode rates for 'Shopping': car=93.6%, walk=5.1%, bike=0.4%, bus=0.4%, rail=0.2%, school_bus=0.2%, rideshare=0.1%
2026-09-28 16:53:51 - [ForkPoolWorker-3] models.mode_choice - DEBUG -   Mode rates for 'Work': car=92.5%, walk=2.3%, rail=1.6%, bus=1.2%, bike=1.0%, school_bus=0.6%, rideshare=0.5%, other=0.2%
2026-09-28 16:53:51 - [ForkPoolWorker-3] models.mode_choice - DEBUG -   Mode rates for 'School': car=65.5%, school_bus=22.9%, walk=7.7%, bike=2.3%, bus=0.9%, other=0.4%, rail=0.2%, rideshare=0.1%
2026-09-28 16:53:51 - [ForkPoolWorker-3] models.mode_choice - DEBUG -   Mode rates for 'Home': car=88.1%, walk=5.0%, school_bus=3.8%, bike=1.1%, bus=0.7%, rideshare=0.5%, rail=0.5%, other=0.3%
2026-09-28 16:53:51 - [ForkPoolWorker-3] models.mode_choice - DEBUG -   Mode rates for 'Dining': car=91.1%, walk=6.8%, bike=1.2%, rail=0.3%, other=0.3%, rideshare=0.3%, bus=0.1%
2026-09-28 16:53:51 - [ForkPoolWorker-3] models.mode_choice - DEBUG -   Mode rates for 'Other': car=88.3%, walk=4.6%, bus=3.1%, rideshare=1.7%, school_bus=1.0%, rail=0.6%, bike=0.6%, other=0.2%
2026-09-28 16:53:51 - [ForkPoolWorker-3] models.mode_choice - DEBUG -   Mode rates for 'Social': car=73.8%, walk=19.5%, bike=3.5%, other=1.0%, rail=0.6%, rideshare=0.6%, bus=0.6%, school_bus=0.4%
2026-09-28 16:53:51 - [ForkPoolWorker-3] models.mode_choice - DEBUG -   Mode rates for 'all': car=87.2%, walk=6.3%, school_bus=3.2%, bike=1.2%, bus=0.8%, rail=0.6%, rideshare=0.5%, other=0.3%
2026-09-28 16:53:51 - [ForkPoolWorker-3] models.mode_choice - INFO - Computed mode rates for 8 purposes
2026-09-28 16:53:51 - [ForkPoolWorker-3] models.mode_choice - INFO -   Overall mode distribution: car=87.2%, walk=6.3%, school_bus=3.2%, bike=1.2%, bus=0.8%, rail=0.6%, rideshare=0.5%, other=0.3%
2026-09-28 16:53:51 - [ForkPoolWorker-3] models.mode_choice - INFO - ModeChoiceModel initialized with 3 modes: ['car', 'bus', 'walk']
2026-09-28 16:53:51 - [ForkPoolWorker-12] models.plan_generator - INFO - Worker ForkPoolWorker-12 started - processing 874 OD pairs
2026-09-28 16:53:51 - [ForkPoolWorker-12] models.time - INFO - Fitted models for 49 activity pairs
2026-09-28 16:53:51 - [ForkPoolWorker-12] models.time - INFO - Mean trip durations: global=20.0min, per-pair=49 pairs
2026-09-28 16:53:51 - [ForkPoolWorker-13] models.plan_generator - INFO - Worker ForkPoolWorker-13 started - processing 874 OD pairs
2026-09-28 16:53:51 - [ForkPoolWorker-5] models.mode_availability - DEBUG - Registered availability checker for car: UniversalAvailability
2026-09-28 16:53:51 - [ForkPoolWorker-5] models.mode_availability - DEBUG - Registered availability checker for bus: GTFSTransitAvailability
2026-09-28 16:53:51 - [ForkPoolWorker-5] models.mode_availability - DEBUG - Registered availability checker for walk: DistanceBasedAvailability
2026-09-28 16:53:51 - [ForkPoolWorker-5] models.mode_choice - INFO - Computing mode shares from survey data...
2026-09-28 16:53:51 - [ForkPoolWorker-5] models.mode_choice - DEBUG -   Survey weights (normalized): {'default': 1.0}
2026-09-28 16:53:51 - [ForkPoolWorker-5] models.mode_choice - DEBUG -   Computing rates for purposes: ['Shopping', 'Work', 'School', 'Home', 'Dining', 'Other', 'Social', 'all']
2026-09-28 16:53:51 - [ForkPoolWorker-5] models.mode_choice - DEBUG -   Mode rates for 'Shopping': car=93.6%, walk=5.1%, bike=0.4%, bus=0.4%, rail=0.2%, school_bus=0.2%, rideshare=0.1%
2026-09-28 16:53:51 - [ForkPoolWorker-5] models.mode_choice - DEBUG -   Mode rates for 'Work': car=92.5%, walk=2.3%, rail=1.6%, bus=1.2%, bike=1.0%, school_bus=0.6%, rideshare=0.5%, other=0.2%
2026-09-28 16:53:51 - [ForkPoolWorker-5] models.mode_choice - DEBUG -   Mode rates for 'School': car=65.5%, school_bus=22.9%, walk=7.7%, bike=2.3%, bus=0.9%, other=0.4%, rail=0.2%, rideshare=0.1%
2026-09-28 16:53:51 - [ForkPoolWorker-5] models.mode_choice - DEBUG -   Mode rates for 'Home': car=88.1%, walk=5.0%, school_bus=3.8%, bike=1.1%, bus=0.7%, rideshare=0.5%, rail=0.5%, other=0.3%
2026-09-28 16:53:51 - [ForkPoolWorker-5] models.mode_choice - DEBUG -   Mode rates for 'Dining': car=91.1%, walk=6.8%, bike=1.2%, rail=0.3%, other=0.3%, rideshare=0.3%, bus=0.1%
2026-09-28 16:53:51 - [ForkPoolWorker-5] models.mode_choice - DEBUG -   Mode rates for 'Other': car=88.3%, walk=4.6%, bus=3.1%, rideshare=1.7%, school_bus=1.0%, rail=0.6%, bike=0.6%, other=0.2%
2026-09-28 16:53:51 - [ForkPoolWorker-5] models.mode_choice - DEBUG -   Mode rates for 'Social': car=73.8%, walk=19.5%, bike=3.5%, other=1.0%, rail=0.6%, rideshare=0.6%, bus=0.6%, school_bus=0.4%
2026-09-28 16:53:51 - [ForkPoolWorker-5] models.mode_choice - DEBUG -   Mode rates for 'all': car=87.2%, walk=6.3%, school_bus=3.2%, bike=1.2%, bus=0.8%, rail=0.6%, rideshare=0.5%, other=0.3%
2026-09-28 16:53:51 - [ForkPoolWorker-5] models.mode_choice - INFO - Computed mode rates for 8 purposes
2026-09-28 16:53:51 - [ForkPoolWorker-5] models.mode_choice - INFO -   Overall mode distribution: car=87.2%, walk=6.3%, school_bus=3.2%, bike=1.2%, bus=0.8%, rail=0.6%, rideshare=0.5%, other=0.3%
2026-09-28 16:53:51 - [ForkPoolWorker-5] models.mode_choice - INFO - ModeChoiceModel initialized with 3 modes: ['car', 'bus', 'walk']
2026-09-28 16:53:51 - [ForkPoolWorker-13] models.time - INFO - Fitted models for 49 activity pairs
2026-09-28 16:53:51 - [ForkPoolWorker-13] models.time - INFO - Mean trip durations: global=20.0min, per-pair=49 pairs
2026-09-28 16:53:51 - [ForkPoolWorker-14] models.plan_generator - INFO - Worker ForkPoolWorker-14 started - processing 874 OD pairs
2026-09-28 16:53:51 - [ForkPoolWorker-6] models.mode_availability - DEBUG - Registered availability checker for car: UniversalAvailability
2026-09-28 16:53:51 - [ForkPoolWorker-6] models.mode_availability - DEBUG - Registered availability checker for bus: GTFSTransitAvailability
2026-09-28 16:53:51 - [ForkPoolWorker-6] models.mode_availability - DEBUG - Registered availability checker for walk: DistanceBasedAvailability
2026-09-28 16:53:51 - [ForkPoolWorker-6] models.mode_choice - INFO - Computing mode shares from survey data...
2026-09-28 16:53:51 - [ForkPoolWorker-6] models.mode_choice - DEBUG -   Survey weights (normalized): {'default': 1.0}
2026-09-28 16:53:51 - [ForkPoolWorker-6] models.mode_choice - DEBUG -   Computing rates for purposes: ['Shopping', 'Work', 'School', 'Home', 'Dining', 'Other', 'Social', 'all']
2026-09-28 16:53:51 - [ForkPoolWorker-6] models.mode_choice - DEBUG -   Mode rates for 'Shopping': car=93.6%, walk=5.1%, bike=0.4%, bus=0.4%, rail=0.2%, school_bus=0.2%, rideshare=0.1%
2026-09-28 16:53:51 - [ForkPoolWorker-6] models.mode_choice - DEBUG -   Mode rates for 'Work': car=92.5%, walk=2.3%, rail=1.6%, bus=1.2%, bike=1.0%, school_bus=0.6%, rideshare=0.5%, other=0.2%
2026-09-28 16:53:51 - [ForkPoolWorker-6] models.mode_choice - DEBUG -   Mode rates for 'School': car=65.5%, school_bus=22.9%, walk=7.7%, bike=2.3%, bus=0.9%, other=0.4%, rail=0.2%, rideshare=0.1%
2026-09-28 16:53:51 - [ForkPoolWorker-6] models.mode_choice - DEBUG -   Mode rates for 'Home': car=88.1%, walk=5.0%, school_bus=3.8%, bike=1.1%, bus=0.7%, rideshare=0.5%, rail=0.5%, other=0.3%
2026-09-28 16:53:51 - [ForkPoolWorker-6] models.mode_choice - DEBUG -   Mode rates for 'Dining': car=91.1%, walk=6.8%, bike=1.2%, rail=0.3%, other=0.3%, rideshare=0.3%, bus=0.1%
2026-09-28 16:53:51 - [ForkPoolWorker-6] models.mode_choice - DEBUG -   Mode rates for 'Other': car=88.3%, walk=4.6%, bus=3.1%, rideshare=1.7%, school_bus=1.0%, rail=0.6%, bike=0.6%, other=0.2%
2026-09-28 16:53:51 - [ForkPoolWorker-6] models.mode_choice - DEBUG -   Mode rates for 'Social': car=73.8%, walk=19.5%, bike=3.5%, other=1.0%, rail=0.6%, rideshare=0.6%, bus=0.6%, school_bus=0.4%
2026-09-28 16:53:51 - [ForkPoolWorker-6] models.mode_choice - DEBUG -   Mode rates for 'all': car=87.2%, walk=6.3%, school_bus=3.2%, bike=1.2%, bus=0.8%, rail=0.6%, rideshare=0.5%, other=0.3%
2026-09-28 16:53:51 - [ForkPoolWorker-6] models.mode_choice - INFO - Computed mode rates for 8 purposes
2026-09-28 16:53:51 - [ForkPoolWorker-6] models.mode_choice - INFO -   Overall mode distribution: car=87.2%, walk=6.3%, school_bus=3.2%, bike=1.2%, bus=0.8%, rail=0.6%, rideshare=0.5%, other=0.3%
2026-09-28 16:53:51 - [ForkPoolWorker-6] models.mode_choice - INFO - ModeChoiceModel initialized with 3 modes: ['car', 'bus', 'walk']
2026-09-28 16:53:52 - [ForkPoolWorker-14] models.time - INFO - Fitted models for 49 activity pairs
2026-09-28 16:53:52 - [ForkPoolWorker-14] models.time - INFO - Mean trip durations: global=20.0min, per-pair=49 pairs
2026-09-28 16:53:52 - [ForkPoolWorker-15] models.plan_generator - INFO - Worker ForkPoolWorker-15 started - processing 874 OD pairs
2026-09-28 16:53:52 - [ForkPoolWorker-15] models.time - INFO - Fitted models for 49 activity pairs
2026-09-28 16:53:52 - [ForkPoolWorker-15] models.time - INFO - Mean trip durations: global=20.0min, per-pair=49 pairs
2026-09-28 16:53:52 - [ForkPoolWorker-8] models.mode_availability - DEBUG - Registered availability checker for car: UniversalAvailability
2026-09-28 16:53:52 - [ForkPoolWorker-8] models.mode_availability - DEBUG - Registered availability checker for bus: GTFSTransitAvailability
2026-09-28 16:53:52 - [ForkPoolWorker-8] models.mode_availability - DEBUG - Registered availability checker for walk: DistanceBasedAvailability
2026-09-28 16:53:52 - [ForkPoolWorker-8] models.mode_choice - INFO - Computing mode shares from survey data...
2026-09-28 16:53:52 - [ForkPoolWorker-8] models.mode_choice - DEBUG -   Survey weights (normalized): {'default': 1.0}
2026-09-28 16:53:52 - [ForkPoolWorker-8] models.mode_choice - DEBUG -   Computing rates for purposes: ['Shopping', 'Work', 'School', 'Home', 'Dining', 'Other', 'Social', 'all']
2026-09-28 16:53:52 - [ForkPoolWorker-8] models.mode_choice - DEBUG -   Mode rates for 'Shopping': car=93.6%, walk=5.1%, bike=0.4%, bus=0.4%, rail=0.2%, school_bus=0.2%, rideshare=0.1%
2026-09-28 16:53:52 - [ForkPoolWorker-8] models.mode_choice - DEBUG -   Mode rates for 'Work': car=92.5%, walk=2.3%, rail=1.6%, bus=1.2%, bike=1.0%, school_bus=0.6%, rideshare=0.5%, other=0.2%
2026-09-28 16:53:52 - [ForkPoolWorker-8] models.mode_choice - DEBUG -   Mode rates for 'School': car=65.5%, school_bus=22.9%, walk=7.7%, bike=2.3%, bus=0.9%, other=0.4%, rail=0.2%, rideshare=0.1%
2026-09-28 16:53:52 - [ForkPoolWorker-8] models.mode_choice - DEBUG -   Mode rates for 'Home': car=88.1%, walk=5.0%, school_bus=3.8%, bike=1.1%, bus=0.7%, rideshare=0.5%, rail=0.5%, other=0.3%
2026-09-28 16:53:52 - [ForkPoolWorker-8] models.mode_choice - DEBUG -   Mode rates for 'Dining': car=91.1%, walk=6.8%, bike=1.2%, rail=0.3%, other=0.3%, rideshare=0.3%, bus=0.1%
2026-09-28 16:53:52 - [ForkPoolWorker-8] models.mode_choice - DEBUG -   Mode rates for 'Other': car=88.3%, walk=4.6%, bus=3.1%, rideshare=1.7%, school_bus=1.0%, rail=0.6%, bike=0.6%, other=0.2%
2026-09-28 16:53:52 - [ForkPoolWorker-8] models.mode_choice - DEBUG -   Mode rates for 'Social': car=73.8%, walk=19.5%, bike=3.5%, other=1.0%, rail=0.6%, rideshare=0.6%, bus=0.6%, school_bus=0.4%
2026-09-28 16:53:52 - [ForkPoolWorker-8] models.mode_choice - DEBUG -   Mode rates for 'all': car=87.2%, walk=6.3%, school_bus=3.2%, bike=1.2%, bus=0.8%, rail=0.6%, rideshare=0.5%, other=0.3%
2026-09-28 16:53:52 - [ForkPoolWorker-8] models.mode_choice - INFO - Computed mode rates for 8 purposes
2026-09-28 16:53:52 - [ForkPoolWorker-8] models.mode_choice - INFO -   Overall mode distribution: car=87.2%, walk=6.3%, school_bus=3.2%, bike=1.2%, bus=0.8%, rail=0.6%, rideshare=0.5%, other=0.3%
2026-09-28 16:53:52 - [ForkPoolWorker-8] models.mode_choice - INFO - ModeChoiceModel initialized with 3 modes: ['car', 'bus', 'walk']
2026-09-28 16:53:52 - [ForkPoolWorker-7] models.mode_availability - DEBUG - Registered availability checker for car: UniversalAvailability
2026-09-28 16:53:52 - [ForkPoolWorker-7] models.mode_availability - DEBUG - Registered availability checker for bus: GTFSTransitAvailability
2026-09-28 16:53:52 - [ForkPoolWorker-7] models.mode_availability - DEBUG - Registered availability checker for walk: DistanceBasedAvailability
2026-09-28 16:53:52 - [ForkPoolWorker-7] models.mode_choice - INFO - Computing mode shares from survey data...
2026-09-28 16:53:52 - [ForkPoolWorker-7] models.mode_choice - DEBUG -   Survey weights (normalized): {'default': 1.0}
2026-09-28 16:53:52 - [ForkPoolWorker-7] models.mode_choice - DEBUG -   Computing rates for purposes: ['Shopping', 'Work', 'School', 'Home', 'Dining', 'Other', 'Social', 'all']
2026-09-28 16:53:52 - [ForkPoolWorker-7] models.mode_choice - DEBUG -   Mode rates for 'Shopping': car=93.6%, walk=5.1%, bike=0.4%, bus=0.4%, rail=0.2%, school_bus=0.2%, rideshare=0.1%
2026-09-28 16:53:52 - [ForkPoolWorker-7] models.mode_choice - DEBUG -   Mode rates for 'Work': car=92.5%, walk=2.3%, rail=1.6%, bus=1.2%, bike=1.0%, school_bus=0.6%, rideshare=0.5%, other=0.2%
2026-09-28 16:53:52 - [ForkPoolWorker-7] models.mode_choice - DEBUG -   Mode rates for 'School': car=65.5%, school_bus=22.9%, walk=7.7%, bike=2.3%, bus=0.9%, other=0.4%, rail=0.2%, rideshare=0.1%
2026-09-28 16:53:52 - [ForkPoolWorker-7] models.mode_choice - DEBUG -   Mode rates for 'Home': car=88.1%, walk=5.0%, school_bus=3.8%, bike=1.1%, bus=0.7%, rideshare=0.5%, rail=0.5%, other=0.3%
2026-09-28 16:53:52 - [ForkPoolWorker-7] models.mode_choice - DEBUG -   Mode rates for 'Dining': car=91.1%, walk=6.8%, bike=1.2%, rail=0.3%, other=0.3%, rideshare=0.3%, bus=0.1%
2026-09-28 16:53:52 - [ForkPoolWorker-7] models.mode_choice - DEBUG -   Mode rates for 'Other': car=88.3%, walk=4.6%, bus=3.1%, rideshare=1.7%, school_bus=1.0%, rail=0.6%, bike=0.6%, other=0.2%
2026-09-28 16:53:52 - [ForkPoolWorker-7] models.mode_choice - DEBUG -   Mode rates for 'Social': car=73.8%, walk=19.5%, bike=3.5%, other=1.0%, rail=0.6%, rideshare=0.6%, bus=0.6%, school_bus=0.4%
2026-09-28 16:53:52 - [ForkPoolWorker-7] models.mode_choice - DEBUG -   Mode rates for 'all': car=87.2%, walk=6.3%, school_bus=3.2%, bike=1.2%, bus=0.8%, rail=0.6%, rideshare=0.5%, other=0.3%
2026-09-28 16:53:52 - [ForkPoolWorker-7] models.mode_choice - INFO - Computed mode rates for 8 purposes
2026-09-28 16:53:52 - [ForkPoolWorker-7] models.mode_choice - INFO -   Overall mode distribution: car=87.2%, walk=6.3%, school_bus=3.2%, bike=1.2%, bus=0.8%, rail=0.6%, rideshare=0.5%, other=0.3%
2026-09-28 16:53:52 - [ForkPoolWorker-7] models.mode_choice - INFO - ModeChoiceModel initialized with 3 modes: ['car', 'bus', 'walk']
2026-09-28 16:53:52 - [ForkPoolWorker-16] models.plan_generator - INFO - Worker ForkPoolWorker-16 started - processing 874 OD pairs
2026-09-28 16:53:52 - [ForkPoolWorker-16] models.time - INFO - Fitted models for 49 activity pairs
2026-09-28 16:53:52 - [ForkPoolWorker-16] models.time - INFO - Mean trip durations: global=20.0min, per-pair=49 pairs
2026-09-28 16:53:52 - [ForkPoolWorker-17] models.plan_generator - INFO - Worker ForkPoolWorker-17 started - processing 874 OD pairs
2026-09-28 16:53:53 - [ForkPoolWorker-17] models.time - INFO - Fitted models for 49 activity pairs
2026-09-28 16:53:53 - [ForkPoolWorker-17] models.time - INFO - Mean trip durations: global=20.0min, per-pair=49 pairs
2026-09-28 16:53:53 - [ForkPoolWorker-18] models.plan_generator - INFO - Worker ForkPoolWorker-18 started - processing 874 OD pairs
2026-09-28 16:53:53 - [ForkPoolWorker-9] models.mode_availability - DEBUG - Registered availability checker for car: UniversalAvailability
2026-09-28 16:53:53 - [ForkPoolWorker-9] models.mode_availability - DEBUG - Registered availability checker for bus: GTFSTransitAvailability
2026-09-28 16:53:53 - [ForkPoolWorker-9] models.mode_availability - DEBUG - Registered availability checker for walk: DistanceBasedAvailability
2026-09-28 16:53:53 - [ForkPoolWorker-9] models.mode_choice - INFO - Computing mode shares from survey data...
2026-09-28 16:53:53 - [ForkPoolWorker-9] models.mode_choice - DEBUG -   Survey weights (normalized): {'default': 1.0}
2026-09-28 16:53:53 - [ForkPoolWorker-9] models.mode_choice - DEBUG -   Computing rates for purposes: ['Shopping', 'Work', 'School', 'Home', 'Dining', 'Other', 'Social', 'all']
2026-09-28 16:53:53 - [ForkPoolWorker-9] models.mode_choice - DEBUG -   Mode rates for 'Shopping': car=93.6%, walk=5.1%, bike=0.4%, bus=0.4%, rail=0.2%, school_bus=0.2%, rideshare=0.1%
2026-09-28 16:53:53 - [ForkPoolWorker-9] models.mode_choice - DEBUG -   Mode rates for 'Work': car=92.5%, walk=2.3%, rail=1.6%, bus=1.2%, bike=1.0%, school_bus=0.6%, rideshare=0.5%, other=0.2%
2026-09-28 16:53:53 - [ForkPoolWorker-9] models.mode_choice - DEBUG -   Mode rates for 'School': car=65.5%, school_bus=22.9%, walk=7.7%, bike=2.3%, bus=0.9%, other=0.4%, rail=0.2%, rideshare=0.1%
2026-09-28 16:53:53 - [ForkPoolWorker-9] models.mode_choice - DEBUG -   Mode rates for 'Home': car=88.1%, walk=5.0%, school_bus=3.8%, bike=1.1%, bus=0.7%, rideshare=0.5%, rail=0.5%, other=0.3%
2026-09-28 16:53:53 - [ForkPoolWorker-9] models.mode_choice - DEBUG -   Mode rates for 'Dining': car=91.1%, walk=6.8%, bike=1.2%, rail=0.3%, other=0.3%, rideshare=0.3%, bus=0.1%
2026-09-28 16:53:53 - [ForkPoolWorker-9] models.mode_choice - DEBUG -   Mode rates for 'Other': car=88.3%, walk=4.6%, bus=3.1%, rideshare=1.7%, school_bus=1.0%, rail=0.6%, bike=0.6%, other=0.2%
2026-09-28 16:53:53 - [ForkPoolWorker-9] models.mode_choice - DEBUG -   Mode rates for 'Social': car=73.8%, walk=19.5%, bike=3.5%, other=1.0%, rail=0.6%, rideshare=0.6%, bus=0.6%, school_bus=0.4%
2026-09-28 16:53:53 - [ForkPoolWorker-9] models.mode_choice - DEBUG -   Mode rates for 'all': car=87.2%, walk=6.3%, school_bus=3.2%, bike=1.2%, bus=0.8%, rail=0.6%, rideshare=0.5%, other=0.3%
2026-09-28 16:53:53 - [ForkPoolWorker-9] models.mode_choice - INFO - Computed mode rates for 8 purposes
2026-09-28 16:53:53 - [ForkPoolWorker-9] models.mode_choice - INFO -   Overall mode distribution: car=87.2%, walk=6.3%, school_bus=3.2%, bike=1.2%, bus=0.8%, rail=0.6%, rideshare=0.5%, other=0.3%
2026-09-28 16:53:53 - [ForkPoolWorker-9] models.mode_choice - INFO - ModeChoiceModel initialized with 3 modes: ['car', 'bus', 'walk']
2026-09-28 16:53:53 - [ForkPoolWorker-1] models.plan_generator - INFO - Worker ForkPoolWorker-1 completed: generated 1516 plans
2026-09-28 16:53:53 - [ForkPoolWorker-18] models.time - INFO - Fitted models for 49 activity pairs
2026-09-28 16:53:53 - [ForkPoolWorker-18] models.time - INFO - Mean trip durations: global=20.0min, per-pair=49 pairs
2026-09-28 16:53:53 - [ForkPoolWorker-2] models.plan_generator - INFO - Worker ForkPoolWorker-2 completed: generated 1516 plans
2026-09-28 16:53:53 - [ForkPoolWorker-10] models.mode_availability - DEBUG - Registered availability checker for car: UniversalAvailability
2026-09-28 16:53:53 - [ForkPoolWorker-10] models.mode_availability - DEBUG - Registered availability checker for bus: GTFSTransitAvailability
2026-09-28 16:53:53 - [ForkPoolWorker-10] models.mode_availability - DEBUG - Registered availability checker for walk: DistanceBasedAvailability
2026-09-28 16:53:53 - [ForkPoolWorker-10] models.mode_choice - INFO - Computing mode shares from survey data...
2026-09-28 16:53:53 - [ForkPoolWorker-10] models.mode_choice - DEBUG -   Survey weights (normalized): {'default': 1.0}
2026-09-28 16:53:53 - [ForkPoolWorker-10] models.mode_choice - DEBUG -   Computing rates for purposes: ['Shopping', 'Work', 'School', 'Home', 'Dining', 'Other', 'Social', 'all']
2026-09-28 16:53:53 - [ForkPoolWorker-10] models.mode_choice - DEBUG -   Mode rates for 'Shopping': car=93.6%, walk=5.1%, bike=0.4%, bus=0.4%, rail=0.2%, school_bus=0.2%, rideshare=0.1%
2026-09-28 16:53:53 - [ForkPoolWorker-10] models.mode_choice - DEBUG -   Mode rates for 'Work': car=92.5%, walk=2.3%, rail=1.6%, bus=1.2%, bike=1.0%, school_bus=0.6%, rideshare=0.5%, other=0.2%
2026-09-28 16:53:53 - [ForkPoolWorker-10] models.mode_choice - DEBUG -   Mode rates for 'School': car=65.5%, school_bus=22.9%, walk=7.7%, bike=2.3%, bus=0.9%, other=0.4%, rail=0.2%, rideshare=0.1%
2026-09-28 16:53:53 - [ForkPoolWorker-10] models.mode_choice - DEBUG -   Mode rates for 'Home': car=88.1%, walk=5.0%, school_bus=3.8%, bike=1.1%, bus=0.7%, rideshare=0.5%, rail=0.5%, other=0.3%
2026-09-28 16:53:53 - [ForkPoolWorker-10] models.mode_choice - DEBUG -   Mode rates for 'Dining': car=91.1%, walk=6.8%, bike=1.2%, rail=0.3%, other=0.3%, rideshare=0.3%, bus=0.1%
2026-09-28 16:53:53 - [ForkPoolWorker-10] models.mode_choice - DEBUG -   Mode rates for 'Other': car=88.3%, walk=4.6%, bus=3.1%, rideshare=1.7%, school_bus=1.0%, rail=0.6%, bike=0.6%, other=0.2%
2026-09-28 16:53:53 - [ForkPoolWorker-10] models.mode_choice - DEBUG -   Mode rates for 'Social': car=73.8%, walk=19.5%, bike=3.5%, other=1.0%, rail=0.6%, rideshare=0.6%, bus=0.6%, school_bus=0.4%
2026-09-28 16:53:53 - [ForkPoolWorker-10] models.mode_choice - DEBUG -   Mode rates for 'all': car=87.2%, walk=6.3%, school_bus=3.2%, bike=1.2%, bus=0.8%, rail=0.6%, rideshare=0.5%, other=0.3%
2026-09-28 16:53:53 - [ForkPoolWorker-10] models.mode_choice - INFO - Computed mode rates for 8 purposes
2026-09-28 16:53:53 - [ForkPoolWorker-10] models.mode_choice - INFO -   Overall mode distribution: car=87.2%, walk=6.3%, school_bus=3.2%, bike=1.2%, bus=0.8%, rail=0.6%, rideshare=0.5%, other=0.3%
2026-09-28 16:53:53 - [ForkPoolWorker-10] models.mode_choice - INFO - ModeChoiceModel initialized with 3 modes: ['car', 'bus', 'walk']
2026-09-28 16:53:53 - [ForkPoolWorker-11] models.mode_availability - DEBUG - Registered availability checker for car: UniversalAvailability
2026-09-28 16:53:53 - [ForkPoolWorker-11] models.mode_availability - DEBUG - Registered availability checker for bus: GTFSTransitAvailability
2026-09-28 16:53:53 - [ForkPoolWorker-11] models.mode_availability - DEBUG - Registered availability checker for walk: DistanceBasedAvailability
2026-09-28 16:53:53 - [ForkPoolWorker-11] models.mode_choice - INFO - Computing mode shares from survey data...
2026-09-28 16:53:53 - [ForkPoolWorker-11] models.mode_choice - DEBUG -   Survey weights (normalized): {'default': 1.0}
2026-09-28 16:53:53 - [ForkPoolWorker-11] models.mode_choice - DEBUG -   Computing rates for purposes: ['Shopping', 'Work', 'School', 'Home', 'Dining', 'Other', 'Social', 'all']
2026-09-28 16:53:53 - [ForkPoolWorker-11] models.mode_choice - DEBUG -   Mode rates for 'Shopping': car=93.6%, walk=5.1%, bike=0.4%, bus=0.4%, rail=0.2%, school_bus=0.2%, rideshare=0.1%
2026-09-28 16:53:53 - [ForkPoolWorker-11] models.mode_choice - DEBUG -   Mode rates for 'Work': car=92.5%, walk=2.3%, rail=1.6%, bus=1.2%, bike=1.0%, school_bus=0.6%, rideshare=0.5%, other=0.2%
2026-09-28 16:53:53 - [ForkPoolWorker-11] models.mode_choice - DEBUG -   Mode rates for 'School': car=65.5%, school_bus=22.9%, walk=7.7%, bike=2.3%, bus=0.9%, other=0.4%, rail=0.2%, rideshare=0.1%
2026-09-28 16:53:53 - [ForkPoolWorker-11] models.mode_choice - DEBUG -   Mode rates for 'Home': car=88.1%, walk=5.0%, school_bus=3.8%, bike=1.1%, bus=0.7%, rideshare=0.5%, rail=0.5%, other=0.3%
2026-09-28 16:53:53 - [ForkPoolWorker-11] models.mode_choice - DEBUG -   Mode rates for 'Dining': car=91.1%, walk=6.8%, bike=1.2%, rail=0.3%, other=0.3%, rideshare=0.3%, bus=0.1%
2026-09-28 16:53:53 - [ForkPoolWorker-11] models.mode_choice - DEBUG -   Mode rates for 'Other': car=88.3%, walk=4.6%, bus=3.1%, rideshare=1.7%, school_bus=1.0%, rail=0.6%, bike=0.6%, other=0.2%
2026-09-28 16:53:53 - [ForkPoolWorker-11] models.mode_choice - DEBUG -   Mode rates for 'Social': car=73.8%, walk=19.5%, bike=3.5%, other=1.0%, rail=0.6%, rideshare=0.6%, bus=0.6%, school_bus=0.4%
2026-09-28 16:53:53 - [ForkPoolWorker-11] models.mode_choice - DEBUG -   Mode rates for 'all': car=87.2%, walk=6.3%, school_bus=3.2%, bike=1.2%, bus=0.8%, rail=0.6%, rideshare=0.5%, other=0.3%
2026-09-28 16:53:53 - [ForkPoolWorker-11] models.mode_choice - INFO - Computed mode rates for 8 purposes
2026-09-28 16:53:53 - [ForkPoolWorker-11] models.mode_choice - INFO -   Overall mode distribution: car=87.2%, walk=6.3%, school_bus=3.2%, bike=1.2%, bus=0.8%, rail=0.6%, rideshare=0.5%, other=0.3%
2026-09-28 16:53:53 - [ForkPoolWorker-11] models.mode_choice - INFO - ModeChoiceModel initialized with 3 modes: ['car', 'bus', 'walk']
2026-09-28 16:53:53 - [ForkPoolWorker-19] models.plan_generator - INFO - Worker ForkPoolWorker-19 started - processing 874 OD pairs
2026-09-28 16:53:53 - [ForkPoolWorker-4] models.plan_generator - INFO - Worker ForkPoolWorker-4 completed: generated 1404 plans
2026-09-28 16:53:54 - [ForkPoolWorker-19] models.time - INFO - Fitted models for 49 activity pairs
2026-09-28 16:53:54 - [ForkPoolWorker-19] models.time - INFO - Mean trip durations: global=20.0min, per-pair=49 pairs
2026-09-28 16:53:54 - [ForkPoolWorker-3] models.plan_generator - INFO - Worker ForkPoolWorker-3 completed: generated 1402 plans
2026-09-28 16:53:54 - [ForkPoolWorker-20] models.plan_generator - INFO - Worker ForkPoolWorker-20 started - processing 874 OD pairs
2026-09-28 16:53:54 - [ForkPoolWorker-20] models.time - INFO - Fitted models for 49 activity pairs
2026-09-28 16:53:54 - [ForkPoolWorker-20] models.time - INFO - Mean trip durations: global=20.0min, per-pair=49 pairs
2026-09-28 16:53:54 - [ForkPoolWorker-21] models.plan_generator - INFO - Worker ForkPoolWorker-21 started - processing 874 OD pairs
2026-09-28 16:53:54 - [ForkPoolWorker-12] models.mode_availability - DEBUG - Registered availability checker for car: UniversalAvailability
2026-09-28 16:53:54 - [ForkPoolWorker-12] models.mode_availability - DEBUG - Registered availability checker for bus: GTFSTransitAvailability
2026-09-28 16:53:54 - [ForkPoolWorker-12] models.mode_availability - DEBUG - Registered availability checker for walk: DistanceBasedAvailability
2026-09-28 16:53:54 - [ForkPoolWorker-12] models.mode_choice - INFO - Computing mode shares from survey data...
2026-09-28 16:53:54 - [ForkPoolWorker-12] models.mode_choice - DEBUG -   Survey weights (normalized): {'default': 1.0}
2026-09-28 16:53:54 - [ForkPoolWorker-12] models.mode_choice - DEBUG -   Computing rates for purposes: ['Shopping', 'Work', 'School', 'Home', 'Dining', 'Other', 'Social', 'all']
2026-09-28 16:53:54 - [ForkPoolWorker-13] models.mode_availability - DEBUG - Registered availability checker for car: UniversalAvailability
2026-09-28 16:53:54 - [ForkPoolWorker-13] models.mode_availability - DEBUG - Registered availability checker for bus: GTFSTransitAvailability
2026-09-28 16:53:54 - [ForkPoolWorker-13] models.mode_availability - DEBUG - Registered availability checker for walk: DistanceBasedAvailability
2026-09-28 16:53:54 - [ForkPoolWorker-13] models.mode_choice - INFO - Computing mode shares from survey data...
2026-09-28 16:53:54 - [ForkPoolWorker-13] models.mode_choice - DEBUG -   Survey weights (normalized): {'default': 1.0}
2026-09-28 16:53:54 - [ForkPoolWorker-13] models.mode_choice - DEBUG -   Computing rates for purposes: ['Shopping', 'Work', 'School', 'Home', 'Dining', 'Other', 'Social', 'all']
2026-09-28 16:53:54 - [ForkPoolWorker-12] models.mode_choice - DEBUG -   Mode rates for 'Shopping': car=93.6%, walk=5.1%, bike=0.4%, bus=0.4%, rail=0.2%, school_bus=0.2%, rideshare=0.1%
2026-09-28 16:53:54 - [ForkPoolWorker-13] models.mode_choice - DEBUG -   Mode rates for 'Shopping': car=93.6%, walk=5.1%, bike=0.4%, bus=0.4%, rail=0.2%, school_bus=0.2%, rideshare=0.1%
2026-09-28 16:53:54 - [ForkPoolWorker-12] models.mode_choice - DEBUG -   Mode rates for 'Work': car=92.5%, walk=2.3%, rail=1.6%, bus=1.2%, bike=1.0%, school_bus=0.6%, rideshare=0.5%, other=0.2%
2026-09-28 16:53:54 - [ForkPoolWorker-12] models.mode_choice - DEBUG -   Mode rates for 'School': car=65.5%, school_bus=22.9%, walk=7.7%, bike=2.3%, bus=0.9%, other=0.4%, rail=0.2%, rideshare=0.1%
2026-09-28 16:53:54 - [ForkPoolWorker-13] models.mode_choice - DEBUG -   Mode rates for 'Work': car=92.5%, walk=2.3%, rail=1.6%, bus=1.2%, bike=1.0%, school_bus=0.6%, rideshare=0.5%, other=0.2%
2026-09-28 16:53:54 - [ForkPoolWorker-13] models.mode_choice - DEBUG -   Mode rates for 'School': car=65.5%, school_bus=22.9%, walk=7.7%, bike=2.3%, bus=0.9%, other=0.4%, rail=0.2%, rideshare=0.1%
2026-09-28 16:53:54 - [ForkPoolWorker-12] models.mode_choice - DEBUG -   Mode rates for 'Home': car=88.1%, walk=5.0%, school_bus=3.8%, bike=1.1%, bus=0.7%, rideshare=0.5%, rail=0.5%, other=0.3%
2026-09-28 16:53:54 - [ForkPoolWorker-13] models.mode_choice - DEBUG -   Mode rates for 'Home': car=88.1%, walk=5.0%, school_bus=3.8%, bike=1.1%, bus=0.7%, rideshare=0.5%, rail=0.5%, other=0.3%
2026-09-28 16:53:54 - [ForkPoolWorker-12] models.mode_choice - DEBUG -   Mode rates for 'Dining': car=91.1%, walk=6.8%, bike=1.2%, rail=0.3%, other=0.3%, rideshare=0.3%, bus=0.1%
2026-09-28 16:53:54 - [ForkPoolWorker-21] models.time - INFO - Fitted models for 49 activity pairs
2026-09-28 16:53:54 - [ForkPoolWorker-21] models.time - INFO - Mean trip durations: global=20.0min, per-pair=49 pairs
2026-09-28 16:53:54 - [ForkPoolWorker-12] models.mode_choice - DEBUG -   Mode rates for 'Other': car=88.3%, walk=4.6%, bus=3.1%, rideshare=1.7%, school_bus=1.0%, rail=0.6%, bike=0.6%, other=0.2%
2026-09-28 16:53:54 - [ForkPoolWorker-13] models.mode_choice - DEBUG -   Mode rates for 'Dining': car=91.1%, walk=6.8%, bike=1.2%, rail=0.3%, other=0.3%, rideshare=0.3%, bus=0.1%
2026-09-28 16:53:54 - [ForkPoolWorker-13] models.mode_choice - DEBUG -   Mode rates for 'Other': car=88.3%, walk=4.6%, bus=3.1%, rideshare=1.7%, school_bus=1.0%, rail=0.6%, bike=0.6%, other=0.2%
2026-09-28 16:53:54 - [ForkPoolWorker-12] models.mode_choice - DEBUG -   Mode rates for 'Social': car=73.8%, walk=19.5%, bike=3.5%, other=1.0%, rail=0.6%, rideshare=0.6%, bus=0.6%, school_bus=0.4%
2026-09-28 16:53:54 - [ForkPoolWorker-12] models.mode_choice - DEBUG -   Mode rates for 'all': car=87.2%, walk=6.3%, school_bus=3.2%, bike=1.2%, bus=0.8%, rail=0.6%, rideshare=0.5%, other=0.3%
2026-09-28 16:53:54 - [ForkPoolWorker-12] models.mode_choice - INFO - Computed mode rates for 8 purposes
2026-09-28 16:53:54 - [ForkPoolWorker-12] models.mode_choice - INFO -   Overall mode distribution: car=87.2%, walk=6.3%, school_bus=3.2%, bike=1.2%, bus=0.8%, rail=0.6%, rideshare=0.5%, other=0.3%
2026-09-28 16:53:54 - [ForkPoolWorker-12] models.mode_choice - INFO - ModeChoiceModel initialized with 3 modes: ['car', 'bus', 'walk']
2026-09-28 16:53:54 - [ForkPoolWorker-13] models.mode_choice - DEBUG -   Mode rates for 'Social': car=73.8%, walk=19.5%, bike=3.5%, other=1.0%, rail=0.6%, rideshare=0.6%, bus=0.6%, school_bus=0.4%
2026-09-28 16:53:54 - [ForkPoolWorker-13] models.mode_choice - DEBUG -   Mode rates for 'all': car=87.2%, walk=6.3%, school_bus=3.2%, bike=1.2%, bus=0.8%, rail=0.6%, rideshare=0.5%, other=0.3%
2026-09-28 16:53:54 - [ForkPoolWorker-13] models.mode_choice - INFO - Computed mode rates for 8 purposes
2026-09-28 16:53:54 - [ForkPoolWorker-13] models.mode_choice - INFO -   Overall mode distribution: car=87.2%, walk=6.3%, school_bus=3.2%, bike=1.2%, bus=0.8%, rail=0.6%, rideshare=0.5%, other=0.3%
2026-09-28 16:53:54 - [ForkPoolWorker-13] models.mode_choice - INFO - ModeChoiceModel initialized with 3 modes: ['car', 'bus', 'walk']
2026-09-28 16:53:54 - [ForkPoolWorker-6] models.plan_generator - INFO - Worker ForkPoolWorker-6 completed: generated 1352 plans
2026-09-28 16:53:54 - [ForkPoolWorker-22] models.plan_generator - INFO - Worker ForkPoolWorker-22 started - processing 874 OD pairs
2026-09-28 16:53:54 - [ForkPoolWorker-14] models.mode_availability - DEBUG - Registered availability checker for car: UniversalAvailability
2026-09-28 16:53:54 - [ForkPoolWorker-14] models.mode_availability - DEBUG - Registered availability checker for bus: GTFSTransitAvailability
2026-09-28 16:53:54 - [ForkPoolWorker-14] models.mode_availability - DEBUG - Registered availability checker for walk: DistanceBasedAvailability
2026-09-28 16:53:54 - [ForkPoolWorker-14] models.mode_choice - INFO - Computing mode shares from survey data...
2026-09-28 16:53:54 - [ForkPoolWorker-14] models.mode_choice - DEBUG -   Survey weights (normalized): {'default': 1.0}
2026-09-28 16:53:54 - [ForkPoolWorker-14] models.mode_choice - DEBUG -   Computing rates for purposes: ['Shopping', 'Work', 'School', 'Home', 'Dining', 'Other', 'Social', 'all']
2026-09-28 16:53:54 - [ForkPoolWorker-5] models.plan_generator - INFO - Worker ForkPoolWorker-5 completed: generated 1529 plans
2026-09-28 16:53:54 - [ForkPoolWorker-14] models.mode_choice - DEBUG -   Mode rates for 'Shopping': car=93.6%, walk=5.1%, bike=0.4%, bus=0.4%, rail=0.2%, school_bus=0.2%, rideshare=0.1%
2026-09-28 16:53:54 - [ForkPoolWorker-14] models.mode_choice - DEBUG -   Mode rates for 'Work': car=92.5%, walk=2.3%, rail=1.6%, bus=1.2%, bike=1.0%, school_bus=0.6%, rideshare=0.5%, other=0.2%
2026-09-28 16:53:54 - [ForkPoolWorker-14] models.mode_choice - DEBUG -   Mode rates for 'School': car=65.5%, school_bus=22.9%, walk=7.7%, bike=2.3%, bus=0.9%, other=0.4%, rail=0.2%, rideshare=0.1%
2026-09-28 16:53:54 - [ForkPoolWorker-14] models.mode_choice - DEBUG -   Mode rates for 'Home': car=88.1%, walk=5.0%, school_bus=3.8%, bike=1.1%, bus=0.7%, rideshare=0.5%, rail=0.5%, other=0.3%
2026-09-28 16:53:54 - [ForkPoolWorker-14] models.mode_choice - DEBUG -   Mode rates for 'Dining': car=91.1%, walk=6.8%, bike=1.2%, rail=0.3%, other=0.3%, rideshare=0.3%, bus=0.1%
2026-09-28 16:53:54 - [ForkPoolWorker-14] models.mode_choice - DEBUG -   Mode rates for 'Other': car=88.3%, walk=4.6%, bus=3.1%, rideshare=1.7%, school_bus=1.0%, rail=0.6%, bike=0.6%, other=0.2%
2026-09-28 16:53:54 - [ForkPoolWorker-14] models.mode_choice - DEBUG -   Mode rates for 'Social': car=73.8%, walk=19.5%, bike=3.5%, other=1.0%, rail=0.6%, rideshare=0.6%, bus=0.6%, school_bus=0.4%
2026-09-28 16:53:54 - [ForkPoolWorker-14] models.mode_choice - DEBUG -   Mode rates for 'all': car=87.2%, walk=6.3%, school_bus=3.2%, bike=1.2%, bus=0.8%, rail=0.6%, rideshare=0.5%, other=0.3%
2026-09-28 16:53:54 - [ForkPoolWorker-14] models.mode_choice - INFO - Computed mode rates for 8 purposes
2026-09-28 16:53:54 - [ForkPoolWorker-14] models.mode_choice - INFO -   Overall mode distribution: car=87.2%, walk=6.3%, school_bus=3.2%, bike=1.2%, bus=0.8%, rail=0.6%, rideshare=0.5%, other=0.3%
2026-09-28 16:53:54 - [ForkPoolWorker-14] models.mode_choice - INFO - ModeChoiceModel initialized with 3 modes: ['car', 'bus', 'walk']
2026-09-28 16:53:54 - [ForkPoolWorker-22] models.time - INFO - Fitted models for 49 activity pairs
2026-09-28 16:53:54 - [ForkPoolWorker-22] models.time - INFO - Mean trip durations: global=20.0min, per-pair=49 pairs
2026-09-28 16:53:55 - [ForkPoolWorker-15] models.mode_availability - DEBUG - Registered availability checker for car: UniversalAvailability
2026-09-28 16:53:55 - [ForkPoolWorker-15] models.mode_availability - DEBUG - Registered availability checker for bus: GTFSTransitAvailability
2026-09-28 16:53:55 - [ForkPoolWorker-15] models.mode_availability - DEBUG - Registered availability checker for walk: DistanceBasedAvailability
2026-09-28 16:53:55 - [ForkPoolWorker-15] models.mode_choice - INFO - Computing mode shares from survey data...
2026-09-28 16:53:55 - [ForkPoolWorker-15] models.mode_choice - DEBUG -   Survey weights (normalized): {'default': 1.0}
2026-09-28 16:53:55 - [ForkPoolWorker-15] models.mode_choice - DEBUG -   Computing rates for purposes: ['Shopping', 'Work', 'School', 'Home', 'Dining', 'Other', 'Social', 'all']
2026-09-28 16:53:55 - [ForkPoolWorker-7] models.plan_generator - INFO - Worker ForkPoolWorker-7 completed: generated 1345 plans
2026-09-28 16:53:55 - [ForkPoolWorker-15] models.mode_choice - DEBUG -   Mode rates for 'Shopping': car=93.6%, walk=5.1%, bike=0.4%, bus=0.4%, rail=0.2%, school_bus=0.2%, rideshare=0.1%
2026-09-28 16:53:55 - [ForkPoolWorker-15] models.mode_choice - DEBUG -   Mode rates for 'Work': car=92.5%, walk=2.3%, rail=1.6%, bus=1.2%, bike=1.0%, school_bus=0.6%, rideshare=0.5%, other=0.2%
2026-09-28 16:53:55 - [ForkPoolWorker-15] models.mode_choice - DEBUG -   Mode rates for 'School': car=65.5%, school_bus=22.9%, walk=7.7%, bike=2.3%, bus=0.9%, other=0.4%, rail=0.2%, rideshare=0.1%
2026-09-28 16:53:55 - [ForkPoolWorker-15] models.mode_choice - DEBUG -   Mode rates for 'Home': car=88.1%, walk=5.0%, school_bus=3.8%, bike=1.1%, bus=0.7%, rideshare=0.5%, rail=0.5%, other=0.3%
2026-09-28 16:53:55 - [ForkPoolWorker-15] models.mode_choice - DEBUG -   Mode rates for 'Dining': car=91.1%, walk=6.8%, bike=1.2%, rail=0.3%, other=0.3%, rideshare=0.3%, bus=0.1%
2026-09-28 16:53:55 - [ForkPoolWorker-15] models.mode_choice - DEBUG -   Mode rates for 'Other': car=88.3%, walk=4.6%, bus=3.1%, rideshare=1.7%, school_bus=1.0%, rail=0.6%, bike=0.6%, other=0.2%
2026-09-28 16:53:55 - [ForkPoolWorker-15] models.mode_choice - DEBUG -   Mode rates for 'Social': car=73.8%, walk=19.5%, bike=3.5%, other=1.0%, rail=0.6%, rideshare=0.6%, bus=0.6%, school_bus=0.4%
2026-09-28 16:53:55 - [ForkPoolWorker-15] models.mode_choice - DEBUG -   Mode rates for 'all': car=87.2%, walk=6.3%, school_bus=3.2%, bike=1.2%, bus=0.8%, rail=0.6%, rideshare=0.5%, other=0.3%
2026-09-28 16:53:55 - [ForkPoolWorker-15] models.mode_choice - INFO - Computed mode rates for 8 purposes
2026-09-28 16:53:55 - [ForkPoolWorker-15] models.mode_choice - INFO -   Overall mode distribution: car=87.2%, walk=6.3%, school_bus=3.2%, bike=1.2%, bus=0.8%, rail=0.6%, rideshare=0.5%, other=0.3%
2026-09-28 16:53:55 - [ForkPoolWorker-15] models.mode_choice - INFO - ModeChoiceModel initialized with 3 modes: ['car', 'bus', 'walk']
2026-09-28 16:53:55 - [ForkPoolWorker-23] models.plan_generator - INFO - Worker ForkPoolWorker-23 started - processing 874 OD pairs
2026-09-28 16:53:55 - [ForkPoolWorker-8] models.plan_generator - INFO - Worker ForkPoolWorker-8 completed: generated 1443 plans
2026-09-28 16:53:55 - [ForkPoolWorker-23] models.time - INFO - Fitted models for 49 activity pairs
2026-09-28 16:53:55 - [ForkPoolWorker-23] models.time - INFO - Mean trip durations: global=20.0min, per-pair=49 pairs
2026-09-28 16:53:55 - [ForkPoolWorker-24] models.plan_generator - INFO - Worker ForkPoolWorker-24 started - processing 874 OD pairs
2026-09-28 16:53:55 - [ForkPoolWorker-16] models.mode_availability - DEBUG - Registered availability checker for car: UniversalAvailability
2026-09-28 16:53:55 - [ForkPoolWorker-16] models.mode_availability - DEBUG - Registered availability checker for bus: GTFSTransitAvailability
2026-09-28 16:53:55 - [ForkPoolWorker-16] models.mode_availability - DEBUG - Registered availability checker for walk: DistanceBasedAvailability
2026-09-28 16:53:55 - [ForkPoolWorker-16] models.mode_choice - INFO - Computing mode shares from survey data...
2026-09-28 16:53:55 - [ForkPoolWorker-16] models.mode_choice - DEBUG -   Survey weights (normalized): {'default': 1.0}
2026-09-28 16:53:55 - [ForkPoolWorker-16] models.mode_choice - DEBUG -   Computing rates for purposes: ['Shopping', 'Work', 'School', 'Home', 'Dining', 'Other', 'Social', 'all']
2026-09-28 16:53:55 - [ForkPoolWorker-16] models.mode_choice - DEBUG -   Mode rates for 'Shopping': car=93.6%, walk=5.1%, bike=0.4%, bus=0.4%, rail=0.2%, school_bus=0.2%, rideshare=0.1%
2026-09-28 16:53:55 - [ForkPoolWorker-16] models.mode_choice - DEBUG -   Mode rates for 'Work': car=92.5%, walk=2.3%, rail=1.6%, bus=1.2%, bike=1.0%, school_bus=0.6%, rideshare=0.5%, other=0.2%
2026-09-28 16:53:55 - [ForkPoolWorker-16] models.mode_choice - DEBUG -   Mode rates for 'School': car=65.5%, school_bus=22.9%, walk=7.7%, bike=2.3%, bus=0.9%, other=0.4%, rail=0.2%, rideshare=0.1%
2026-09-28 16:53:55 - [ForkPoolWorker-16] models.mode_choice - DEBUG -   Mode rates for 'Home': car=88.1%, walk=5.0%, school_bus=3.8%, bike=1.1%, bus=0.7%, rideshare=0.5%, rail=0.5%, other=0.3%
2026-09-28 16:53:55 - [ForkPoolWorker-16] models.mode_choice - DEBUG -   Mode rates for 'Dining': car=91.1%, walk=6.8%, bike=1.2%, rail=0.3%, other=0.3%, rideshare=0.3%, bus=0.1%
2026-09-28 16:53:55 - [ForkPoolWorker-16] models.mode_choice - DEBUG -   Mode rates for 'Other': car=88.3%, walk=4.6%, bus=3.1%, rideshare=1.7%, school_bus=1.0%, rail=0.6%, bike=0.6%, other=0.2%
2026-09-28 16:53:55 - [ForkPoolWorker-16] models.mode_choice - DEBUG -   Mode rates for 'Social': car=73.8%, walk=19.5%, bike=3.5%, other=1.0%, rail=0.6%, rideshare=0.6%, bus=0.6%, school_bus=0.4%
2026-09-28 16:53:55 - [ForkPoolWorker-16] models.mode_choice - DEBUG -   Mode rates for 'all': car=87.2%, walk=6.3%, school_bus=3.2%, bike=1.2%, bus=0.8%, rail=0.6%, rideshare=0.5%, other=0.3%
2026-09-28 16:53:55 - [ForkPoolWorker-16] models.mode_choice - INFO - Computed mode rates for 8 purposes
2026-09-28 16:53:55 - [ForkPoolWorker-16] models.mode_choice - INFO -   Overall mode distribution: car=87.2%, walk=6.3%, school_bus=3.2%, bike=1.2%, bus=0.8%, rail=0.6%, rideshare=0.5%, other=0.3%
2026-09-28 16:53:55 - [ForkPoolWorker-16] models.mode_choice - INFO - ModeChoiceModel initialized with 3 modes: ['car', 'bus', 'walk']
2026-09-28 16:53:55 - [ForkPoolWorker-24] models.time - INFO - Fitted models for 49 activity pairs
2026-09-28 16:53:55 - [ForkPoolWorker-24] models.time - INFO - Mean trip durations: global=20.0min, per-pair=49 pairs
2026-09-28 16:53:55 - [ForkPoolWorker-17] models.mode_availability - DEBUG - Registered availability checker for car: UniversalAvailability
2026-09-28 16:53:55 - [ForkPoolWorker-17] models.mode_availability - DEBUG - Registered availability checker for bus: GTFSTransitAvailability
2026-09-28 16:53:55 - [ForkPoolWorker-17] models.mode_availability - DEBUG - Registered availability checker for walk: DistanceBasedAvailability
2026-09-28 16:53:55 - [ForkPoolWorker-17] models.mode_choice - INFO - Computing mode shares from survey data...
2026-09-28 16:53:55 - [ForkPoolWorker-17] models.mode_choice - DEBUG -   Survey weights (normalized): {'default': 1.0}
2026-09-28 16:53:55 - [ForkPoolWorker-17] models.mode_choice - DEBUG -   Computing rates for purposes: ['Shopping', 'Work', 'School', 'Home', 'Dining', 'Other', 'Social', 'all']
2026-09-28 16:53:55 - [ForkPoolWorker-17] models.mode_choice - DEBUG -   Mode rates for 'Shopping': car=93.6%, walk=5.1%, bike=0.4%, bus=0.4%, rail=0.2%, school_bus=0.2%, rideshare=0.1%
2026-09-28 16:53:55 - [ForkPoolWorker-17] models.mode_choice - DEBUG -   Mode rates for 'Work': car=92.5%, walk=2.3%, rail=1.6%, bus=1.2%, bike=1.0%, school_bus=0.6%, rideshare=0.5%, other=0.2%
2026-09-28 16:53:55 - [ForkPoolWorker-17] models.mode_choice - DEBUG -   Mode rates for 'School': car=65.5%, school_bus=22.9%, walk=7.7%, bike=2.3%, bus=0.9%, other=0.4%, rail=0.2%, rideshare=0.1%
2026-09-28 16:53:55 - [ForkPoolWorker-17] models.mode_choice - DEBUG -   Mode rates for 'Home': car=88.1%, walk=5.0%, school_bus=3.8%, bike=1.1%, bus=0.7%, rideshare=0.5%, rail=0.5%, other=0.3%
2026-09-28 16:53:55 - [ForkPoolWorker-17] models.mode_choice - DEBUG -   Mode rates for 'Dining': car=91.1%, walk=6.8%, bike=1.2%, rail=0.3%, other=0.3%, rideshare=0.3%, bus=0.1%
2026-09-28 16:53:55 - [ForkPoolWorker-17] models.mode_choice - DEBUG -   Mode rates for 'Other': car=88.3%, walk=4.6%, bus=3.1%, rideshare=1.7%, school_bus=1.0%, rail=0.6%, bike=0.6%, other=0.2%
2026-09-28 16:53:55 - [ForkPoolWorker-17] models.mode_choice - DEBUG -   Mode rates for 'Social': car=73.8%, walk=19.5%, bike=3.5%, other=1.0%, rail=0.6%, rideshare=0.6%, bus=0.6%, school_bus=0.4%
2026-09-28 16:53:55 - [ForkPoolWorker-17] models.mode_choice - DEBUG -   Mode rates for 'all': car=87.2%, walk=6.3%, school_bus=3.2%, bike=1.2%, bus=0.8%, rail=0.6%, rideshare=0.5%, other=0.3%
2026-09-28 16:53:55 - [ForkPoolWorker-17] models.mode_choice - INFO - Computed mode rates for 8 purposes
2026-09-28 16:53:55 - [ForkPoolWorker-17] models.mode_choice - INFO -   Overall mode distribution: car=87.2%, walk=6.3%, school_bus=3.2%, bike=1.2%, bus=0.8%, rail=0.6%, rideshare=0.5%, other=0.3%
2026-09-28 16:53:55 - [ForkPoolWorker-17] models.mode_choice - INFO - ModeChoiceModel initialized with 3 modes: ['car', 'bus', 'walk']
2026-09-28 16:53:55 - [ForkPoolWorker-25] models.plan_generator - INFO - Worker ForkPoolWorker-25 started - processing 874 OD pairs
2026-09-28 16:53:55 - [ForkPoolWorker-18] models.mode_availability - DEBUG - Registered availability checker for car: UniversalAvailability
2026-09-28 16:53:55 - [ForkPoolWorker-18] models.mode_availability - DEBUG - Registered availability checker for bus: GTFSTransitAvailability
2026-09-28 16:53:55 - [ForkPoolWorker-18] models.mode_availability - DEBUG - Registered availability checker for walk: DistanceBasedAvailability
2026-09-28 16:53:55 - [ForkPoolWorker-18] models.mode_choice - INFO - Computing mode shares from survey data...
2026-09-28 16:53:55 - [ForkPoolWorker-18] models.mode_choice - DEBUG -   Survey weights (normalized): {'default': 1.0}
2026-09-28 16:53:55 - [ForkPoolWorker-18] models.mode_choice - DEBUG -   Computing rates for purposes: ['Shopping', 'Work', 'School', 'Home', 'Dining', 'Other', 'Social', 'all']
2026-09-28 16:53:55 - [ForkPoolWorker-18] models.mode_choice - DEBUG -   Mode rates for 'Shopping': car=93.6%, walk=5.1%, bike=0.4%, bus=0.4%, rail=0.2%, school_bus=0.2%, rideshare=0.1%
2026-09-28 16:53:55 - [ForkPoolWorker-18] models.mode_choice - DEBUG -   Mode rates for 'Work': car=92.5%, walk=2.3%, rail=1.6%, bus=1.2%, bike=1.0%, school_bus=0.6%, rideshare=0.5%, other=0.2%
2026-09-28 16:53:55 - [ForkPoolWorker-18] models.mode_choice - DEBUG -   Mode rates for 'School': car=65.5%, school_bus=22.9%, walk=7.7%, bike=2.3%, bus=0.9%, other=0.4%, rail=0.2%, rideshare=0.1%
2026-09-28 16:53:55 - [ForkPoolWorker-18] models.mode_choice - DEBUG -   Mode rates for 'Home': car=88.1%, walk=5.0%, school_bus=3.8%, bike=1.1%, bus=0.7%, rideshare=0.5%, rail=0.5%, other=0.3%
2026-09-28 16:53:55 - [ForkPoolWorker-18] models.mode_choice - DEBUG -   Mode rates for 'Dining': car=91.1%, walk=6.8%, bike=1.2%, rail=0.3%, other=0.3%, rideshare=0.3%, bus=0.1%
2026-09-28 16:53:55 - [ForkPoolWorker-18] models.mode_choice - DEBUG -   Mode rates for 'Other': car=88.3%, walk=4.6%, bus=3.1%, rideshare=1.7%, school_bus=1.0%, rail=0.6%, bike=0.6%, other=0.2%
2026-09-28 16:53:55 - [ForkPoolWorker-18] models.mode_choice - DEBUG -   Mode rates for 'Social': car=73.8%, walk=19.5%, bike=3.5%, other=1.0%, rail=0.6%, rideshare=0.6%, bus=0.6%, school_bus=0.4%
2026-09-28 16:53:55 - [ForkPoolWorker-18] models.mode_choice - DEBUG -   Mode rates for 'all': car=87.2%, walk=6.3%, school_bus=3.2%, bike=1.2%, bus=0.8%, rail=0.6%, rideshare=0.5%, other=0.3%
2026-09-28 16:53:55 - [ForkPoolWorker-18] models.mode_choice - INFO - Computed mode rates for 8 purposes
2026-09-28 16:53:55 - [ForkPoolWorker-18] models.mode_choice - INFO -   Overall mode distribution: car=87.2%, walk=6.3%, school_bus=3.2%, bike=1.2%, bus=0.8%, rail=0.6%, rideshare=0.5%, other=0.3%
2026-09-28 16:53:55 - [ForkPoolWorker-18] models.mode_choice - INFO - ModeChoiceModel initialized with 3 modes: ['car', 'bus', 'walk']
2026-09-28 16:53:56 - [ForkPoolWorker-25] models.time - INFO - Fitted models for 49 activity pairs
2026-09-28 16:53:56 - [ForkPoolWorker-25] models.time - INFO - Mean trip durations: global=20.0min, per-pair=49 pairs
2026-09-28 16:53:56 - [ForkPoolWorker-9] models.plan_generator - INFO - Worker ForkPoolWorker-9 completed: generated 1448 plans
2026-09-28 16:53:56 - [ForkPoolWorker-10] models.plan_generator - INFO - Worker ForkPoolWorker-10 completed: generated 1292 plans
2026-09-28 16:53:56 - [ForkPoolWorker-11] models.plan_generator - INFO - Worker ForkPoolWorker-11 completed: generated 1341 plans
2026-09-28 16:53:56 - [ForkPoolWorker-26] models.plan_generator - INFO - Worker ForkPoolWorker-26 started - processing 874 OD pairs
2026-09-28 16:53:56 - [ForkPoolWorker-26] models.time - INFO - Fitted models for 49 activity pairs
2026-09-28 16:53:56 - [ForkPoolWorker-26] models.time - INFO - Mean trip durations: global=20.0min, per-pair=49 pairs
2026-09-28 16:53:56 - [ForkPoolWorker-19] models.mode_availability - DEBUG - Registered availability checker for car: UniversalAvailability
2026-09-28 16:53:56 - [ForkPoolWorker-19] models.mode_availability - DEBUG - Registered availability checker for bus: GTFSTransitAvailability
2026-09-28 16:53:56 - [ForkPoolWorker-19] models.mode_availability - DEBUG - Registered availability checker for walk: DistanceBasedAvailability
2026-09-28 16:53:56 - [ForkPoolWorker-19] models.mode_choice - INFO - Computing mode shares from survey data...
2026-09-28 16:53:56 - [ForkPoolWorker-19] models.mode_choice - DEBUG -   Survey weights (normalized): {'default': 1.0}
2026-09-28 16:53:56 - [ForkPoolWorker-19] models.mode_choice - DEBUG -   Computing rates for purposes: ['Shopping', 'Work', 'School', 'Home', 'Dining', 'Other', 'Social', 'all']
2026-09-28 16:53:56 - [ForkPoolWorker-19] models.mode_choice - DEBUG -   Mode rates for 'Shopping': car=93.6%, walk=5.1%, bike=0.4%, bus=0.4%, rail=0.2%, school_bus=0.2%, rideshare=0.1%
2026-09-28 16:53:56 - [ForkPoolWorker-19] models.mode_choice - DEBUG -   Mode rates for 'Work': car=92.5%, walk=2.3%, rail=1.6%, bus=1.2%, bike=1.0%, school_bus=0.6%, rideshare=0.5%, other=0.2%
2026-09-28 16:53:56 - [ForkPoolWorker-19] models.mode_choice - DEBUG -   Mode rates for 'School': car=65.5%, school_bus=22.9%, walk=7.7%, bike=2.3%, bus=0.9%, other=0.4%, rail=0.2%, rideshare=0.1%
2026-09-28 16:53:56 - [ForkPoolWorker-19] models.mode_choice - DEBUG -   Mode rates for 'Home': car=88.1%, walk=5.0%, school_bus=3.8%, bike=1.1%, bus=0.7%, rideshare=0.5%, rail=0.5%, other=0.3%
2026-09-28 16:53:56 - [ForkPoolWorker-19] models.mode_choice - DEBUG -   Mode rates for 'Dining': car=91.1%, walk=6.8%, bike=1.2%, rail=0.3%, other=0.3%, rideshare=0.3%, bus=0.1%
2026-09-28 16:53:56 - [ForkPoolWorker-19] models.mode_choice - DEBUG -   Mode rates for 'Other': car=88.3%, walk=4.6%, bus=3.1%, rideshare=1.7%, school_bus=1.0%, rail=0.6%, bike=0.6%, other=0.2%
2026-09-28 16:53:56 - [ForkPoolWorker-19] models.mode_choice - DEBUG -   Mode rates for 'Social': car=73.8%, walk=19.5%, bike=3.5%, other=1.0%, rail=0.6%, rideshare=0.6%, bus=0.6%, school_bus=0.4%
2026-09-28 16:53:56 - [ForkPoolWorker-19] models.mode_choice - DEBUG -   Mode rates for 'all': car=87.2%, walk=6.3%, school_bus=3.2%, bike=1.2%, bus=0.8%, rail=0.6%, rideshare=0.5%, other=0.3%
2026-09-28 16:53:56 - [ForkPoolWorker-19] models.mode_choice - INFO - Computed mode rates for 8 purposes
2026-09-28 16:53:56 - [ForkPoolWorker-19] models.mode_choice - INFO -   Overall mode distribution: car=87.2%, walk=6.3%, school_bus=3.2%, bike=1.2%, bus=0.8%, rail=0.6%, rideshare=0.5%, other=0.3%
2026-09-28 16:53:56 - [ForkPoolWorker-19] models.mode_choice - INFO - ModeChoiceModel initialized with 3 modes: ['car', 'bus', 'walk']
2026-09-28 16:53:56 - [ForkPoolWorker-27] models.plan_generator - INFO - Worker ForkPoolWorker-27 started - processing 874 OD pairs
2026-09-28 16:53:56 - [ForkPoolWorker-12] models.plan_generator - INFO - Worker ForkPoolWorker-12 completed: generated 1191 plans
2026-09-28 16:53:56 - [ForkPoolWorker-27] models.time - INFO - Fitted models for 49 activity pairs
2026-09-28 16:53:56 - [ForkPoolWorker-27] models.time - INFO - Mean trip durations: global=20.0min, per-pair=49 pairs
2026-09-28 16:53:56 - [ForkPoolWorker-20] models.mode_availability - DEBUG - Registered availability checker for car: UniversalAvailability
2026-09-28 16:53:56 - [ForkPoolWorker-20] models.mode_availability - DEBUG - Registered availability checker for bus: GTFSTransitAvailability
2026-09-28 16:53:56 - [ForkPoolWorker-20] models.mode_availability - DEBUG - Registered availability checker for walk: DistanceBasedAvailability
2026-09-28 16:53:56 - [ForkPoolWorker-20] models.mode_choice - INFO - Computing mode shares from survey data...
2026-09-28 16:53:56 - [ForkPoolWorker-20] models.mode_choice - DEBUG -   Survey weights (normalized): {'default': 1.0}
2026-09-28 16:53:56 - [ForkPoolWorker-20] models.mode_choice - DEBUG -   Computing rates for purposes: ['Shopping', 'Work', 'School', 'Home', 'Dining', 'Other', 'Social', 'all']
2026-09-28 16:53:56 - [ForkPoolWorker-20] models.mode_choice - DEBUG -   Mode rates for 'Shopping': car=93.6%, walk=5.1%, bike=0.4%, bus=0.4%, rail=0.2%, school_bus=0.2%, rideshare=0.1%
2026-09-28 16:53:56 - [ForkPoolWorker-20] models.mode_choice - DEBUG -   Mode rates for 'Work': car=92.5%, walk=2.3%, rail=1.6%, bus=1.2%, bike=1.0%, school_bus=0.6%, rideshare=0.5%, other=0.2%
2026-09-28 16:53:56 - [ForkPoolWorker-20] models.mode_choice - DEBUG -   Mode rates for 'School': car=65.5%, school_bus=22.9%, walk=7.7%, bike=2.3%, bus=0.9%, other=0.4%, rail=0.2%, rideshare=0.1%
2026-09-28 16:53:56 - [ForkPoolWorker-20] models.mode_choice - DEBUG -   Mode rates for 'Home': car=88.1%, walk=5.0%, school_bus=3.8%, bike=1.1%, bus=0.7%, rideshare=0.5%, rail=0.5%, other=0.3%
2026-09-28 16:53:56 - [ForkPoolWorker-20] models.mode_choice - DEBUG -   Mode rates for 'Dining': car=91.1%, walk=6.8%, bike=1.2%, rail=0.3%, other=0.3%, rideshare=0.3%, bus=0.1%
2026-09-28 16:53:56 - [ForkPoolWorker-20] models.mode_choice - DEBUG -   Mode rates for 'Other': car=88.3%, walk=4.6%, bus=3.1%, rideshare=1.7%, school_bus=1.0%, rail=0.6%, bike=0.6%, other=0.2%
2026-09-28 16:53:56 - [ForkPoolWorker-20] models.mode_choice - DEBUG -   Mode rates for 'Social': car=73.8%, walk=19.5%, bike=3.5%, other=1.0%, rail=0.6%, rideshare=0.6%, bus=0.6%, school_bus=0.4%
2026-09-28 16:53:56 - [ForkPoolWorker-20] models.mode_choice - DEBUG -   Mode rates for 'all': car=87.2%, walk=6.3%, school_bus=3.2%, bike=1.2%, bus=0.8%, rail=0.6%, rideshare=0.5%, other=0.3%
2026-09-28 16:53:56 - [ForkPoolWorker-20] models.mode_choice - INFO - Computed mode rates for 8 purposes
2026-09-28 16:53:56 - [ForkPoolWorker-20] models.mode_choice - INFO -   Overall mode distribution: car=87.2%, walk=6.3%, school_bus=3.2%, bike=1.2%, bus=0.8%, rail=0.6%, rideshare=0.5%, other=0.3%
2026-09-28 16:53:56 - [ForkPoolWorker-20] models.mode_choice - INFO - ModeChoiceModel initialized with 3 modes: ['car', 'bus', 'walk']
2026-09-28 16:53:57 - [ForkPoolWorker-28] models.plan_generator - INFO - Worker ForkPoolWorker-28 started - processing 874 OD pairs
2026-09-28 16:53:57 - [ForkPoolWorker-21] models.mode_availability - DEBUG - Registered availability checker for car: UniversalAvailability
2026-09-28 16:53:57 - [ForkPoolWorker-21] models.mode_availability - DEBUG - Registered availability checker for bus: GTFSTransitAvailability
2026-09-28 16:53:57 - [ForkPoolWorker-21] models.mode_availability - DEBUG - Registered availability checker for walk: DistanceBasedAvailability
2026-09-28 16:53:57 - [ForkPoolWorker-21] models.mode_choice - INFO - Computing mode shares from survey data...
2026-09-28 16:53:57 - [ForkPoolWorker-21] models.mode_choice - DEBUG -   Survey weights (normalized): {'default': 1.0}
2026-09-28 16:53:57 - [ForkPoolWorker-21] models.mode_choice - DEBUG -   Computing rates for purposes: ['Shopping', 'Work', 'School', 'Home', 'Dining', 'Other', 'Social', 'all']
2026-09-28 16:53:57 - [ForkPoolWorker-21] models.mode_choice - DEBUG -   Mode rates for 'Shopping': car=93.6%, walk=5.1%, bike=0.4%, bus=0.4%, rail=0.2%, school_bus=0.2%, rideshare=0.1%
2026-09-28 16:53:57 - [ForkPoolWorker-21] models.mode_choice - DEBUG -   Mode rates for 'Work': car=92.5%, walk=2.3%, rail=1.6%, bus=1.2%, bike=1.0%, school_bus=0.6%, rideshare=0.5%, other=0.2%
2026-09-28 16:53:57 - [ForkPoolWorker-21] models.mode_choice - DEBUG -   Mode rates for 'School': car=65.5%, school_bus=22.9%, walk=7.7%, bike=2.3%, bus=0.9%, other=0.4%, rail=0.2%, rideshare=0.1%
2026-09-28 16:53:57 - [ForkPoolWorker-21] models.mode_choice - DEBUG -   Mode rates for 'Home': car=88.1%, walk=5.0%, school_bus=3.8%, bike=1.1%, bus=0.7%, rideshare=0.5%, rail=0.5%, other=0.3%
2026-09-28 16:53:57 - [ForkPoolWorker-21] models.mode_choice - DEBUG -   Mode rates for 'Dining': car=91.1%, walk=6.8%, bike=1.2%, rail=0.3%, other=0.3%, rideshare=0.3%, bus=0.1%
2026-09-28 16:53:57 - [ForkPoolWorker-21] models.mode_choice - DEBUG -   Mode rates for 'Other': car=88.3%, walk=4.6%, bus=3.1%, rideshare=1.7%, school_bus=1.0%, rail=0.6%, bike=0.6%, other=0.2%
2026-09-28 16:53:57 - [ForkPoolWorker-21] models.mode_choice - DEBUG -   Mode rates for 'Social': car=73.8%, walk=19.5%, bike=3.5%, other=1.0%, rail=0.6%, rideshare=0.6%, bus=0.6%, school_bus=0.4%
2026-09-28 16:53:57 - [ForkPoolWorker-21] models.mode_choice - DEBUG -   Mode rates for 'all': car=87.2%, walk=6.3%, school_bus=3.2%, bike=1.2%, bus=0.8%, rail=0.6%, rideshare=0.5%, other=0.3%
2026-09-28 16:53:57 - [ForkPoolWorker-21] models.mode_choice - INFO - Computed mode rates for 8 purposes
2026-09-28 16:53:57 - [ForkPoolWorker-21] models.mode_choice - INFO -   Overall mode distribution: car=87.2%, walk=6.3%, school_bus=3.2%, bike=1.2%, bus=0.8%, rail=0.6%, rideshare=0.5%, other=0.3%
2026-09-28 16:53:57 - [ForkPoolWorker-21] models.mode_choice - INFO - ModeChoiceModel initialized with 3 modes: ['car', 'bus', 'walk']
2026-09-28 16:53:57 - [ForkPoolWorker-28] models.time - INFO - Fitted models for 49 activity pairs
2026-09-28 16:53:57 - [ForkPoolWorker-28] models.time - INFO - Mean trip durations: global=20.0min, per-pair=49 pairs
2026-09-28 16:53:57 - [ForkPoolWorker-13] models.plan_generator - INFO - Worker ForkPoolWorker-13 completed: generated 1420 plans
2026-09-28 16:53:57 - [ForkPoolWorker-22] models.mode_availability - DEBUG - Registered availability checker for car: UniversalAvailability
2026-09-28 16:53:57 - [ForkPoolWorker-22] models.mode_availability - DEBUG - Registered availability checker for bus: GTFSTransitAvailability
2026-09-28 16:53:57 - [ForkPoolWorker-22] models.mode_availability - DEBUG - Registered availability checker for walk: DistanceBasedAvailability
2026-09-28 16:53:57 - [ForkPoolWorker-22] models.mode_choice - INFO - Computing mode shares from survey data...
2026-09-28 16:53:57 - [ForkPoolWorker-22] models.mode_choice - DEBUG -   Survey weights (normalized): {'default': 1.0}
2026-09-28 16:53:57 - [ForkPoolWorker-14] models.plan_generator - INFO - Worker ForkPoolWorker-14 completed: generated 1505 plans
2026-09-28 16:53:57 - [ForkPoolWorker-22] models.mode_choice - DEBUG -   Computing rates for purposes: ['Shopping', 'Work', 'School', 'Home', 'Dining', 'Other', 'Social', 'all']
2026-09-28 16:53:57 - [ForkPoolWorker-22] models.mode_choice - DEBUG -   Mode rates for 'Shopping': car=93.6%, walk=5.1%, bike=0.4%, bus=0.4%, rail=0.2%, school_bus=0.2%, rideshare=0.1%
2026-09-28 16:53:57 - [ForkPoolWorker-22] models.mode_choice - DEBUG -   Mode rates for 'Work': car=92.5%, walk=2.3%, rail=1.6%, bus=1.2%, bike=1.0%, school_bus=0.6%, rideshare=0.5%, other=0.2%
2026-09-28 16:53:57 - [ForkPoolWorker-22] models.mode_choice - DEBUG -   Mode rates for 'School': car=65.5%, school_bus=22.9%, walk=7.7%, bike=2.3%, bus=0.9%, other=0.4%, rail=0.2%, rideshare=0.1%
2026-09-28 16:53:57 - [ForkPoolWorker-22] models.mode_choice - DEBUG -   Mode rates for 'Home': car=88.1%, walk=5.0%, school_bus=3.8%, bike=1.1%, bus=0.7%, rideshare=0.5%, rail=0.5%, other=0.3%
2026-09-28 16:53:57 - [ForkPoolWorker-22] models.mode_choice - DEBUG -   Mode rates for 'Dining': car=91.1%, walk=6.8%, bike=1.2%, rail=0.3%, other=0.3%, rideshare=0.3%, bus=0.1%
2026-09-28 16:53:57 - [ForkPoolWorker-22] models.mode_choice - DEBUG -   Mode rates for 'Other': car=88.3%, walk=4.6%, bus=3.1%, rideshare=1.7%, school_bus=1.0%, rail=0.6%, bike=0.6%, other=0.2%
2026-09-28 16:53:57 - [ForkPoolWorker-22] models.mode_choice - DEBUG -   Mode rates for 'Social': car=73.8%, walk=19.5%, bike=3.5%, other=1.0%, rail=0.6%, rideshare=0.6%, bus=0.6%, school_bus=0.4%
2026-09-28 16:53:57 - [ForkPoolWorker-22] models.mode_choice - DEBUG -   Mode rates for 'all': car=87.2%, walk=6.3%, school_bus=3.2%, bike=1.2%, bus=0.8%, rail=0.6%, rideshare=0.5%, other=0.3%
2026-09-28 16:53:57 - [ForkPoolWorker-22] models.mode_choice - INFO - Computed mode rates for 8 purposes
2026-09-28 16:53:57 - [ForkPoolWorker-22] models.mode_choice - INFO -   Overall mode distribution: car=87.2%, walk=6.3%, school_bus=3.2%, bike=1.2%, bus=0.8%, rail=0.6%, rideshare=0.5%, other=0.3%
2026-09-28 16:53:57 - [ForkPoolWorker-22] models.mode_choice - INFO - ModeChoiceModel initialized with 3 modes: ['car', 'bus', 'walk']
2026-09-28 16:53:57 - [ForkPoolWorker-29] models.plan_generator - INFO - Worker ForkPoolWorker-29 started - processing 874 OD pairs
2026-09-28 16:53:58 - [ForkPoolWorker-23] models.mode_availability - DEBUG - Registered availability checker for car: UniversalAvailability
2026-09-28 16:53:58 - [ForkPoolWorker-23] models.mode_availability - DEBUG - Registered availability checker for bus: GTFSTransitAvailability
2026-09-28 16:53:58 - [ForkPoolWorker-23] models.mode_availability - DEBUG - Registered availability checker for walk: DistanceBasedAvailability
2026-09-28 16:53:58 - [ForkPoolWorker-23] models.mode_choice - INFO - Computing mode shares from survey data...
2026-09-28 16:53:58 - [ForkPoolWorker-23] models.mode_choice - DEBUG -   Survey weights (normalized): {'default': 1.0}
2026-09-28 16:53:58 - [ForkPoolWorker-23] models.mode_choice - DEBUG -   Computing rates for purposes: ['Shopping', 'Work', 'School', 'Home', 'Dining', 'Other', 'Social', 'all']
2026-09-28 16:53:58 - [ForkPoolWorker-23] models.mode_choice - DEBUG -   Mode rates for 'Shopping': car=93.6%, walk=5.1%, bike=0.4%, bus=0.4%, rail=0.2%, school_bus=0.2%, rideshare=0.1%
2026-09-28 16:53:58 - [ForkPoolWorker-23] models.mode_choice - DEBUG -   Mode rates for 'Work': car=92.5%, walk=2.3%, rail=1.6%, bus=1.2%, bike=1.0%, school_bus=0.6%, rideshare=0.5%, other=0.2%
2026-09-28 16:53:58 - [ForkPoolWorker-23] models.mode_choice - DEBUG -   Mode rates for 'School': car=65.5%, school_bus=22.9%, walk=7.7%, bike=2.3%, bus=0.9%, other=0.4%, rail=0.2%, rideshare=0.1%
2026-09-28 16:53:58 - [ForkPoolWorker-23] models.mode_choice - DEBUG -   Mode rates for 'Home': car=88.1%, walk=5.0%, school_bus=3.8%, bike=1.1%, bus=0.7%, rideshare=0.5%, rail=0.5%, other=0.3%
2026-09-28 16:53:58 - [ForkPoolWorker-23] models.mode_choice - DEBUG -   Mode rates for 'Dining': car=91.1%, walk=6.8%, bike=1.2%, rail=0.3%, other=0.3%, rideshare=0.3%, bus=0.1%
2026-09-28 16:53:58 - [ForkPoolWorker-23] models.mode_choice - DEBUG -   Mode rates for 'Other': car=88.3%, walk=4.6%, bus=3.1%, rideshare=1.7%, school_bus=1.0%, rail=0.6%, bike=0.6%, other=0.2%
2026-09-28 16:53:58 - [ForkPoolWorker-23] models.mode_choice - DEBUG -   Mode rates for 'Social': car=73.8%, walk=19.5%, bike=3.5%, other=1.0%, rail=0.6%, rideshare=0.6%, bus=0.6%, school_bus=0.4%
2026-09-28 16:53:58 - [ForkPoolWorker-23] models.mode_choice - DEBUG -   Mode rates for 'all': car=87.2%, walk=6.3%, school_bus=3.2%, bike=1.2%, bus=0.8%, rail=0.6%, rideshare=0.5%, other=0.3%
2026-09-28 16:53:58 - [ForkPoolWorker-23] models.mode_choice - INFO - Computed mode rates for 8 purposes
2026-09-28 16:53:58 - [ForkPoolWorker-23] models.mode_choice - INFO -   Overall mode distribution: car=87.2%, walk=6.3%, school_bus=3.2%, bike=1.2%, bus=0.8%, rail=0.6%, rideshare=0.5%, other=0.3%
2026-09-28 16:53:58 - [ForkPoolWorker-23] models.mode_choice - INFO - ModeChoiceModel initialized with 3 modes: ['car', 'bus', 'walk']
2026-09-28 16:53:58 - [ForkPoolWorker-30] models.plan_generator - INFO - Worker ForkPoolWorker-30 started - processing 874 OD pairs
2026-09-28 16:53:58 - [ForkPoolWorker-15] models.plan_generator - INFO - Worker ForkPoolWorker-15 completed: generated 1736 plans
2026-09-28 16:53:58 - [ForkPoolWorker-29] models.time - INFO - Fitted models for 49 activity pairs
2026-09-28 16:53:58 - [ForkPoolWorker-29] models.time - INFO - Mean trip durations: global=20.0min, per-pair=49 pairs
2026-09-28 16:53:58 - [ForkPoolWorker-30] models.time - INFO - Fitted models for 49 activity pairs
2026-09-28 16:53:58 - [ForkPoolWorker-30] models.time - INFO - Mean trip durations: global=20.0min, per-pair=49 pairs
2026-09-28 16:53:58 - [ForkPoolWorker-24] models.mode_availability - DEBUG - Registered availability checker for car: UniversalAvailability
2026-09-28 16:53:58 - [ForkPoolWorker-24] models.mode_availability - DEBUG - Registered availability checker for bus: GTFSTransitAvailability
2026-09-28 16:53:58 - [ForkPoolWorker-24] models.mode_availability - DEBUG - Registered availability checker for walk: DistanceBasedAvailability
2026-09-28 16:53:58 - [ForkPoolWorker-24] models.mode_choice - INFO - Computing mode shares from survey data...
2026-09-28 16:53:58 - [ForkPoolWorker-24] models.mode_choice - DEBUG -   Survey weights (normalized): {'default': 1.0}
2026-09-28 16:53:58 - [ForkPoolWorker-24] models.mode_choice - DEBUG -   Computing rates for purposes: ['Shopping', 'Work', 'School', 'Home', 'Dining', 'Other', 'Social', 'all']
2026-09-28 16:53:58 - [ForkPoolWorker-24] models.mode_choice - DEBUG -   Mode rates for 'Shopping': car=93.6%, walk=5.1%, bike=0.4%, bus=0.4%, rail=0.2%, school_bus=0.2%, rideshare=0.1%
2026-09-28 16:53:58 - [ForkPoolWorker-24] models.mode_choice - DEBUG -   Mode rates for 'Work': car=92.5%, walk=2.3%, rail=1.6%, bus=1.2%, bike=1.0%, school_bus=0.6%, rideshare=0.5%, other=0.2%
2026-09-28 16:53:58 - [ForkPoolWorker-24] models.mode_choice - DEBUG -   Mode rates for 'School': car=65.5%, school_bus=22.9%, walk=7.7%, bike=2.3%, bus=0.9%, other=0.4%, rail=0.2%, rideshare=0.1%
2026-09-28 16:53:58 - [ForkPoolWorker-24] models.mode_choice - DEBUG -   Mode rates for 'Home': car=88.1%, walk=5.0%, school_bus=3.8%, bike=1.1%, bus=0.7%, rideshare=0.5%, rail=0.5%, other=0.3%
2026-09-28 16:53:58 - [ForkPoolWorker-24] models.mode_choice - DEBUG -   Mode rates for 'Dining': car=91.1%, walk=6.8%, bike=1.2%, rail=0.3%, other=0.3%, rideshare=0.3%, bus=0.1%
2026-09-28 16:53:58 - [ForkPoolWorker-24] models.mode_choice - DEBUG -   Mode rates for 'Other': car=88.3%, walk=4.6%, bus=3.1%, rideshare=1.7%, school_bus=1.0%, rail=0.6%, bike=0.6%, other=0.2%
2026-09-28 16:53:58 - [ForkPoolWorker-24] models.mode_choice - DEBUG -   Mode rates for 'Social': car=73.8%, walk=19.5%, bike=3.5%, other=1.0%, rail=0.6%, rideshare=0.6%, bus=0.6%, school_bus=0.4%
2026-09-28 16:53:58 - [ForkPoolWorker-24] models.mode_choice - DEBUG -   Mode rates for 'all': car=87.2%, walk=6.3%, school_bus=3.2%, bike=1.2%, bus=0.8%, rail=0.6%, rideshare=0.5%, other=0.3%
2026-09-28 16:53:58 - [ForkPoolWorker-24] models.mode_choice - INFO - Computed mode rates for 8 purposes
2026-09-28 16:53:58 - [ForkPoolWorker-24] models.mode_choice - INFO -   Overall mode distribution: car=87.2%, walk=6.3%, school_bus=3.2%, bike=1.2%, bus=0.8%, rail=0.6%, rideshare=0.5%, other=0.3%
2026-09-28 16:53:58 - [ForkPoolWorker-24] models.mode_choice - INFO - ModeChoiceModel initialized with 3 modes: ['car', 'bus', 'walk']
2026-09-28 16:53:58 - [ForkPoolWorker-16] models.plan_generator - INFO - Worker ForkPoolWorker-16 completed: generated 1832 plans
2026-09-28 16:53:58 - [ForkPoolWorker-25] models.mode_availability - DEBUG - Registered availability checker for car: UniversalAvailability
2026-09-28 16:53:58 - [ForkPoolWorker-25] models.mode_availability - DEBUG - Registered availability checker for bus: GTFSTransitAvailability
2026-09-28 16:53:58 - [ForkPoolWorker-25] models.mode_availability - DEBUG - Registered availability checker for walk: DistanceBasedAvailability
2026-09-28 16:53:58 - [ForkPoolWorker-25] models.mode_choice - INFO - Computing mode shares from survey data...
2026-09-28 16:53:58 - [ForkPoolWorker-25] models.mode_choice - DEBUG -   Survey weights (normalized): {'default': 1.0}
2026-09-28 16:53:58 - [ForkPoolWorker-25] models.mode_choice - DEBUG -   Computing rates for purposes: ['Shopping', 'Work', 'School', 'Home', 'Dining', 'Other', 'Social', 'all']
2026-09-28 16:53:58 - [ForkPoolWorker-25] models.mode_choice - DEBUG -   Mode rates for 'Shopping': car=93.6%, walk=5.1%, bike=0.4%, bus=0.4%, rail=0.2%, school_bus=0.2%, rideshare=0.1%
2026-09-28 16:53:58 - [ForkPoolWorker-25] models.mode_choice - DEBUG -   Mode rates for 'Work': car=92.5%, walk=2.3%, rail=1.6%, bus=1.2%, bike=1.0%, school_bus=0.6%, rideshare=0.5%, other=0.2%
2026-09-28 16:53:58 - [ForkPoolWorker-25] models.mode_choice - DEBUG -   Mode rates for 'School': car=65.5%, school_bus=22.9%, walk=7.7%, bike=2.3%, bus=0.9%, other=0.4%, rail=0.2%, rideshare=0.1%
2026-09-28 16:53:58 - [ForkPoolWorker-25] models.mode_choice - DEBUG -   Mode rates for 'Home': car=88.1%, walk=5.0%, school_bus=3.8%, bike=1.1%, bus=0.7%, rideshare=0.5%, rail=0.5%, other=0.3%
2026-09-28 16:53:58 - [ForkPoolWorker-25] models.mode_choice - DEBUG -   Mode rates for 'Dining': car=91.1%, walk=6.8%, bike=1.2%, rail=0.3%, other=0.3%, rideshare=0.3%, bus=0.1%
2026-09-28 16:53:58 - [ForkPoolWorker-25] models.mode_choice - DEBUG -   Mode rates for 'Other': car=88.3%, walk=4.6%, bus=3.1%, rideshare=1.7%, school_bus=1.0%, rail=0.6%, bike=0.6%, other=0.2%
2026-09-28 16:53:58 - [ForkPoolWorker-25] models.mode_choice - DEBUG -   Mode rates for 'Social': car=73.8%, walk=19.5%, bike=3.5%, other=1.0%, rail=0.6%, rideshare=0.6%, bus=0.6%, school_bus=0.4%
2026-09-28 16:53:58 - [ForkPoolWorker-25] models.mode_choice - DEBUG -   Mode rates for 'all': car=87.2%, walk=6.3%, school_bus=3.2%, bike=1.2%, bus=0.8%, rail=0.6%, rideshare=0.5%, other=0.3%
2026-09-28 16:53:58 - [ForkPoolWorker-25] models.mode_choice - INFO - Computed mode rates for 8 purposes
2026-09-28 16:53:58 - [ForkPoolWorker-25] models.mode_choice - INFO -   Overall mode distribution: car=87.2%, walk=6.3%, school_bus=3.2%, bike=1.2%, bus=0.8%, rail=0.6%, rideshare=0.5%, other=0.3%
2026-09-28 16:53:58 - [ForkPoolWorker-25] models.mode_choice - INFO - ModeChoiceModel initialized with 3 modes: ['car', 'bus', 'walk']
2026-09-28 16:53:58 - [ForkPoolWorker-1] models.plan_generator - INFO - Worker ForkPoolWorker-1 started - processing 19 OD pairs
2026-09-28 16:53:58 - [ForkPoolWorker-18] models.plan_generator - INFO - Worker ForkPoolWorker-18 completed: generated 1667 plans
2026-09-28 16:53:58 - [ForkPoolWorker-17] models.plan_generator - INFO - Worker ForkPoolWorker-17 completed: generated 1814 plans
2026-09-28 16:53:59 - [ForkPoolWorker-1] models.time - INFO - Fitted models for 49 activity pairs
2026-09-28 16:53:59 - [ForkPoolWorker-1] models.time - INFO - Mean trip durations: global=20.0min, per-pair=49 pairs
2026-09-28 16:53:59 - [ForkPoolWorker-26] models.mode_availability - DEBUG - Registered availability checker for car: UniversalAvailability
2026-09-28 16:53:59 - [ForkPoolWorker-26] models.mode_availability - DEBUG - Registered availability checker for bus: GTFSTransitAvailability
2026-09-28 16:53:59 - [ForkPoolWorker-26] models.mode_availability - DEBUG - Registered availability checker for walk: DistanceBasedAvailability
2026-09-28 16:53:59 - [ForkPoolWorker-26] models.mode_choice - INFO - Computing mode shares from survey data...
2026-09-28 16:53:59 - [ForkPoolWorker-26] models.mode_choice - DEBUG -   Survey weights (normalized): {'default': 1.0}
2026-09-28 16:53:59 - [ForkPoolWorker-26] models.mode_choice - DEBUG -   Computing rates for purposes: ['Shopping', 'Work', 'School', 'Home', 'Dining', 'Other', 'Social', 'all']
2026-09-28 16:53:59 - [ForkPoolWorker-26] models.mode_choice - DEBUG -   Mode rates for 'Shopping': car=93.6%, walk=5.1%, bike=0.4%, bus=0.4%, rail=0.2%, school_bus=0.2%, rideshare=0.1%
2026-09-28 16:53:59 - [ForkPoolWorker-26] models.mode_choice - DEBUG -   Mode rates for 'Work': car=92.5%, walk=2.3%, rail=1.6%, bus=1.2%, bike=1.0%, school_bus=0.6%, rideshare=0.5%, other=0.2%
2026-09-28 16:53:59 - [ForkPoolWorker-26] models.mode_choice - DEBUG -   Mode rates for 'School': car=65.5%, school_bus=22.9%, walk=7.7%, bike=2.3%, bus=0.9%, other=0.4%, rail=0.2%, rideshare=0.1%
2026-09-28 16:53:59 - [ForkPoolWorker-26] models.mode_choice - DEBUG -   Mode rates for 'Home': car=88.1%, walk=5.0%, school_bus=3.8%, bike=1.1%, bus=0.7%, rideshare=0.5%, rail=0.5%, other=0.3%
2026-09-28 16:53:59 - [ForkPoolWorker-26] models.mode_choice - DEBUG -   Mode rates for 'Dining': car=91.1%, walk=6.8%, bike=1.2%, rail=0.3%, other=0.3%, rideshare=0.3%, bus=0.1%
2026-09-28 16:53:59 - [ForkPoolWorker-26] models.mode_choice - DEBUG -   Mode rates for 'Other': car=88.3%, walk=4.6%, bus=3.1%, rideshare=1.7%, school_bus=1.0%, rail=0.6%, bike=0.6%, other=0.2%
2026-09-28 16:53:59 - [ForkPoolWorker-26] models.mode_choice - DEBUG -   Mode rates for 'Social': car=73.8%, walk=19.5%, bike=3.5%, other=1.0%, rail=0.6%, rideshare=0.6%, bus=0.6%, school_bus=0.4%
2026-09-28 16:53:59 - [ForkPoolWorker-26] models.mode_choice - DEBUG -   Mode rates for 'all': car=87.2%, walk=6.3%, school_bus=3.2%, bike=1.2%, bus=0.8%, rail=0.6%, rideshare=0.5%, other=0.3%
2026-09-28 16:53:59 - [ForkPoolWorker-26] models.mode_choice - INFO - Computed mode rates for 8 purposes
2026-09-28 16:53:59 - [ForkPoolWorker-26] models.mode_choice - INFO -   Overall mode distribution: car=87.2%, walk=6.3%, school_bus=3.2%, bike=1.2%, bus=0.8%, rail=0.6%, rideshare=0.5%, other=0.3%
2026-09-28 16:53:59 - [ForkPoolWorker-26] models.mode_choice - INFO - ModeChoiceModel initialized with 3 modes: ['car', 'bus', 'walk']
2026-09-28 16:53:59 - [ForkPoolWorker-19] models.plan_generator - INFO - Worker ForkPoolWorker-19 completed: generated 1556 plans
2026-09-28 16:53:59 - [ForkPoolWorker-27] models.mode_availability - DEBUG - Registered availability checker for car: UniversalAvailability
2026-09-28 16:53:59 - [ForkPoolWorker-27] models.mode_availability - DEBUG - Registered availability checker for bus: GTFSTransitAvailability
2026-09-28 16:53:59 - [ForkPoolWorker-27] models.mode_availability - DEBUG - Registered availability checker for walk: DistanceBasedAvailability
2026-09-28 16:53:59 - [ForkPoolWorker-27] models.mode_choice - INFO - Computing mode shares from survey data...
2026-09-28 16:53:59 - [ForkPoolWorker-27] models.mode_choice - DEBUG -   Survey weights (normalized): {'default': 1.0}
2026-09-28 16:53:59 - [ForkPoolWorker-27] models.mode_choice - DEBUG -   Computing rates for purposes: ['Shopping', 'Work', 'School', 'Home', 'Dining', 'Other', 'Social', 'all']
2026-09-28 16:53:59 - [ForkPoolWorker-27] models.mode_choice - DEBUG -   Mode rates for 'Shopping': car=93.6%, walk=5.1%, bike=0.4%, bus=0.4%, rail=0.2%, school_bus=0.2%, rideshare=0.1%
2026-09-28 16:53:59 - [ForkPoolWorker-27] models.mode_choice - DEBUG -   Mode rates for 'Work': car=92.5%, walk=2.3%, rail=1.6%, bus=1.2%, bike=1.0%, school_bus=0.6%, rideshare=0.5%, other=0.2%
2026-09-28 16:53:59 - [ForkPoolWorker-27] models.mode_choice - DEBUG -   Mode rates for 'School': car=65.5%, school_bus=22.9%, walk=7.7%, bike=2.3%, bus=0.9%, other=0.4%, rail=0.2%, rideshare=0.1%
2026-09-28 16:53:59 - [ForkPoolWorker-27] models.mode_choice - DEBUG -   Mode rates for 'Home': car=88.1%, walk=5.0%, school_bus=3.8%, bike=1.1%, bus=0.7%, rideshare=0.5%, rail=0.5%, other=0.3%
2026-09-28 16:53:59 - [ForkPoolWorker-27] models.mode_choice - DEBUG -   Mode rates for 'Dining': car=91.1%, walk=6.8%, bike=1.2%, rail=0.3%, other=0.3%, rideshare=0.3%, bus=0.1%
2026-09-28 16:53:59 - [ForkPoolWorker-27] models.mode_choice - DEBUG -   Mode rates for 'Other': car=88.3%, walk=4.6%, bus=3.1%, rideshare=1.7%, school_bus=1.0%, rail=0.6%, bike=0.6%, other=0.2%
2026-09-28 16:53:59 - [ForkPoolWorker-27] models.mode_choice - DEBUG -   Mode rates for 'Social': car=73.8%, walk=19.5%, bike=3.5%, other=1.0%, rail=0.6%, rideshare=0.6%, bus=0.6%, school_bus=0.4%
2026-09-28 16:53:59 - [ForkPoolWorker-27] models.mode_choice - DEBUG -   Mode rates for 'all': car=87.2%, walk=6.3%, school_bus=3.2%, bike=1.2%, bus=0.8%, rail=0.6%, rideshare=0.5%, other=0.3%
2026-09-28 16:53:59 - [ForkPoolWorker-27] models.mode_choice - INFO - Computed mode rates for 8 purposes
2026-09-28 16:53:59 - [ForkPoolWorker-27] models.mode_choice - INFO -   Overall mode distribution: car=87.2%, walk=6.3%, school_bus=3.2%, bike=1.2%, bus=0.8%, rail=0.6%, rideshare=0.5%, other=0.3%
2026-09-28 16:53:59 - [ForkPoolWorker-27] models.mode_choice - INFO - ModeChoiceModel initialized with 3 modes: ['car', 'bus', 'walk']
2026-09-28 16:53:59 - [ForkPoolWorker-28] models.mode_availability - DEBUG - Registered availability checker for car: UniversalAvailability
2026-09-28 16:53:59 - [ForkPoolWorker-28] models.mode_availability - DEBUG - Registered availability checker for bus: GTFSTransitAvailability
2026-09-28 16:53:59 - [ForkPoolWorker-28] models.mode_availability - DEBUG - Registered availability checker for walk: DistanceBasedAvailability
2026-09-28 16:53:59 - [ForkPoolWorker-28] models.mode_choice - INFO - Computing mode shares from survey data...
2026-09-28 16:53:59 - [ForkPoolWorker-28] models.mode_choice - DEBUG -   Survey weights (normalized): {'default': 1.0}
2026-09-28 16:53:59 - [ForkPoolWorker-28] models.mode_choice - DEBUG -   Computing rates for purposes: ['Shopping', 'Work', 'School', 'Home', 'Dining', 'Other', 'Social', 'all']
2026-09-28 16:53:59 - [ForkPoolWorker-28] models.mode_choice - DEBUG -   Mode rates for 'Shopping': car=93.6%, walk=5.1%, bike=0.4%, bus=0.4%, rail=0.2%, school_bus=0.2%, rideshare=0.1%
2026-09-28 16:53:59 - [ForkPoolWorker-28] models.mode_choice - DEBUG -   Mode rates for 'Work': car=92.5%, walk=2.3%, rail=1.6%, bus=1.2%, bike=1.0%, school_bus=0.6%, rideshare=0.5%, other=0.2%
2026-09-28 16:53:59 - [ForkPoolWorker-28] models.mode_choice - DEBUG -   Mode rates for 'School': car=65.5%, school_bus=22.9%, walk=7.7%, bike=2.3%, bus=0.9%, other=0.4%, rail=0.2%, rideshare=0.1%
2026-09-28 16:53:59 - [ForkPoolWorker-28] models.mode_choice - DEBUG -   Mode rates for 'Home': car=88.1%, walk=5.0%, school_bus=3.8%, bike=1.1%, bus=0.7%, rideshare=0.5%, rail=0.5%, other=0.3%
2026-09-28 16:53:59 - [ForkPoolWorker-28] models.mode_choice - DEBUG -   Mode rates for 'Dining': car=91.1%, walk=6.8%, bike=1.2%, rail=0.3%, other=0.3%, rideshare=0.3%, bus=0.1%
2026-09-28 16:53:59 - [ForkPoolWorker-28] models.mode_choice - DEBUG -   Mode rates for 'Other': car=88.3%, walk=4.6%, bus=3.1%, rideshare=1.7%, school_bus=1.0%, rail=0.6%, bike=0.6%, other=0.2%
2026-09-28 16:53:59 - [ForkPoolWorker-28] models.mode_choice - DEBUG -   Mode rates for 'Social': car=73.8%, walk=19.5%, bike=3.5%, other=1.0%, rail=0.6%, rideshare=0.6%, bus=0.6%, school_bus=0.4%
2026-09-28 16:53:59 - [ForkPoolWorker-28] models.mode_choice - DEBUG -   Mode rates for 'all': car=87.2%, walk=6.3%, school_bus=3.2%, bike=1.2%, bus=0.8%, rail=0.6%, rideshare=0.5%, other=0.3%
2026-09-28 16:53:59 - [ForkPoolWorker-28] models.mode_choice - INFO - Computed mode rates for 8 purposes
2026-09-28 16:53:59 - [ForkPoolWorker-28] models.mode_choice - INFO -   Overall mode distribution: car=87.2%, walk=6.3%, school_bus=3.2%, bike=1.2%, bus=0.8%, rail=0.6%, rideshare=0.5%, other=0.3%
2026-09-28 16:53:59 - [ForkPoolWorker-28] models.mode_choice - INFO - ModeChoiceModel initialized with 3 modes: ['car', 'bus', 'walk']
2026-09-28 16:54:00 - [ForkPoolWorker-20] models.plan_generator - INFO - Worker ForkPoolWorker-20 completed: generated 1577 plans
2026-09-28 16:54:00 - [ForkPoolWorker-21] models.plan_generator - INFO - Worker ForkPoolWorker-21 completed: generated 1653 plans
2026-09-28 16:54:00 - [ForkPoolWorker-30] models.mode_availability - DEBUG - Registered availability checker for car: UniversalAvailability
2026-09-28 16:54:00 - [ForkPoolWorker-30] models.mode_availability - DEBUG - Registered availability checker for bus: GTFSTransitAvailability
2026-09-28 16:54:00 - [ForkPoolWorker-30] models.mode_availability - DEBUG - Registered availability checker for walk: DistanceBasedAvailability
2026-09-28 16:54:00 - [ForkPoolWorker-30] models.mode_choice - INFO - Computing mode shares from survey data...
2026-09-28 16:54:00 - [ForkPoolWorker-30] models.mode_choice - DEBUG -   Survey weights (normalized): {'default': 1.0}
2026-09-28 16:54:00 - [ForkPoolWorker-30] models.mode_choice - DEBUG -   Computing rates for purposes: ['Shopping', 'Work', 'School', 'Home', 'Dining', 'Other', 'Social', 'all']
2026-09-28 16:54:01 - [ForkPoolWorker-30] models.mode_choice - DEBUG -   Mode rates for 'Shopping': car=93.6%, walk=5.1%, bike=0.4%, bus=0.4%, rail=0.2%, school_bus=0.2%, rideshare=0.1%
2026-09-28 16:54:01 - [ForkPoolWorker-30] models.mode_choice - DEBUG -   Mode rates for 'Work': car=92.5%, walk=2.3%, rail=1.6%, bus=1.2%, bike=1.0%, school_bus=0.6%, rideshare=0.5%, other=0.2%
2026-09-28 16:54:01 - [ForkPoolWorker-30] models.mode_choice - DEBUG -   Mode rates for 'School': car=65.5%, school_bus=22.9%, walk=7.7%, bike=2.3%, bus=0.9%, other=0.4%, rail=0.2%, rideshare=0.1%
2026-09-28 16:54:01 - [ForkPoolWorker-30] models.mode_choice - DEBUG -   Mode rates for 'Home': car=88.1%, walk=5.0%, school_bus=3.8%, bike=1.1%, bus=0.7%, rideshare=0.5%, rail=0.5%, other=0.3%
2026-09-28 16:54:01 - [ForkPoolWorker-30] models.mode_choice - DEBUG -   Mode rates for 'Dining': car=91.1%, walk=6.8%, bike=1.2%, rail=0.3%, other=0.3%, rideshare=0.3%, bus=0.1%
2026-09-28 16:54:01 - [ForkPoolWorker-30] models.mode_choice - DEBUG -   Mode rates for 'Other': car=88.3%, walk=4.6%, bus=3.1%, rideshare=1.7%, school_bus=1.0%, rail=0.6%, bike=0.6%, other=0.2%
2026-09-28 16:54:01 - [ForkPoolWorker-30] models.mode_choice - DEBUG -   Mode rates for 'Social': car=73.8%, walk=19.5%, bike=3.5%, other=1.0%, rail=0.6%, rideshare=0.6%, bus=0.6%, school_bus=0.4%
2026-09-28 16:54:01 - [ForkPoolWorker-30] models.mode_choice - DEBUG -   Mode rates for 'all': car=87.2%, walk=6.3%, school_bus=3.2%, bike=1.2%, bus=0.8%, rail=0.6%, rideshare=0.5%, other=0.3%
2026-09-28 16:54:01 - [ForkPoolWorker-30] models.mode_choice - INFO - Computed mode rates for 8 purposes
2026-09-28 16:54:01 - [ForkPoolWorker-30] models.mode_choice - INFO -   Overall mode distribution: car=87.2%, walk=6.3%, school_bus=3.2%, bike=1.2%, bus=0.8%, rail=0.6%, rideshare=0.5%, other=0.3%
2026-09-28 16:54:01 - [ForkPoolWorker-30] models.mode_choice - INFO - ModeChoiceModel initialized with 3 modes: ['car', 'bus', 'walk']
2026-09-28 16:54:01 - [ForkPoolWorker-29] models.mode_availability - DEBUG - Registered availability checker for car: UniversalAvailability
2026-09-28 16:54:01 - [ForkPoolWorker-29] models.mode_availability - DEBUG - Registered availability checker for bus: GTFSTransitAvailability
2026-09-28 16:54:01 - [ForkPoolWorker-29] models.mode_availability - DEBUG - Registered availability checker for walk: DistanceBasedAvailability
2026-09-28 16:54:01 - [ForkPoolWorker-29] models.mode_choice - INFO - Computing mode shares from survey data...
2026-09-28 16:54:01 - [ForkPoolWorker-29] models.mode_choice - DEBUG -   Survey weights (normalized): {'default': 1.0}
2026-09-28 16:54:01 - [ForkPoolWorker-29] models.mode_choice - DEBUG -   Computing rates for purposes: ['Shopping', 'Work', 'School', 'Home', 'Dining', 'Other', 'Social', 'all']
2026-09-28 16:54:01 - [ForkPoolWorker-29] models.mode_choice - DEBUG -   Mode rates for 'Shopping': car=93.6%, walk=5.1%, bike=0.4%, bus=0.4%, rail=0.2%, school_bus=0.2%, rideshare=0.1%
2026-09-28 16:54:01 - [ForkPoolWorker-29] models.mode_choice - DEBUG -   Mode rates for 'Work': car=92.5%, walk=2.3%, rail=1.6%, bus=1.2%, bike=1.0%, school_bus=0.6%, rideshare=0.5%, other=0.2%
2026-09-28 16:54:01 - [ForkPoolWorker-29] models.mode_choice - DEBUG -   Mode rates for 'School': car=65.5%, school_bus=22.9%, walk=7.7%, bike=2.3%, bus=0.9%, other=0.4%, rail=0.2%, rideshare=0.1%
2026-09-28 16:54:01 - [ForkPoolWorker-29] models.mode_choice - DEBUG -   Mode rates for 'Home': car=88.1%, walk=5.0%, school_bus=3.8%, bike=1.1%, bus=0.7%, rideshare=0.5%, rail=0.5%, other=0.3%
2026-09-28 16:54:01 - [ForkPoolWorker-29] models.mode_choice - DEBUG -   Mode rates for 'Dining': car=91.1%, walk=6.8%, bike=1.2%, rail=0.3%, other=0.3%, rideshare=0.3%, bus=0.1%
2026-09-28 16:54:01 - [ForkPoolWorker-29] models.mode_choice - DEBUG -   Mode rates for 'Other': car=88.3%, walk=4.6%, bus=3.1%, rideshare=1.7%, school_bus=1.0%, rail=0.6%, bike=0.6%, other=0.2%
2026-09-28 16:54:01 - [ForkPoolWorker-29] models.mode_choice - DEBUG -   Mode rates for 'Social': car=73.8%, walk=19.5%, bike=3.5%, other=1.0%, rail=0.6%, rideshare=0.6%, bus=0.6%, school_bus=0.4%
2026-09-28 16:54:01 - [ForkPoolWorker-29] models.mode_choice - DEBUG -   Mode rates for 'all': car=87.2%, walk=6.3%, school_bus=3.2%, bike=1.2%, bus=0.8%, rail=0.6%, rideshare=0.5%, other=0.3%
2026-09-28 16:54:01 - [ForkPoolWorker-29] models.mode_choice - INFO - Computed mode rates for 8 purposes
2026-09-28 16:54:01 - [ForkPoolWorker-29] models.mode_choice - INFO -   Overall mode distribution: car=87.2%, walk=6.3%, school_bus=3.2%, bike=1.2%, bus=0.8%, rail=0.6%, rideshare=0.5%, other=0.3%
2026-09-28 16:54:01 - [ForkPoolWorker-29] models.mode_choice - INFO - ModeChoiceModel initialized with 3 modes: ['car', 'bus', 'walk']
2026-09-28 16:54:01 - [ForkPoolWorker-1] models.mode_availability - DEBUG - Registered availability checker for car: UniversalAvailability
2026-09-28 16:54:01 - [ForkPoolWorker-1] models.mode_availability - DEBUG - Registered availability checker for bus: GTFSTransitAvailability
2026-09-28 16:54:01 - [ForkPoolWorker-1] models.mode_availability - DEBUG - Registered availability checker for walk: DistanceBasedAvailability
2026-09-28 16:54:01 - [ForkPoolWorker-1] models.mode_choice - INFO - Computing mode shares from survey data...
2026-09-28 16:54:01 - [ForkPoolWorker-1] models.mode_choice - DEBUG -   Survey weights (normalized): {'default': 1.0}
2026-09-28 16:54:01 - [ForkPoolWorker-1] models.mode_choice - DEBUG -   Computing rates for purposes: ['Shopping', 'Work', 'School', 'Home', 'Dining', 'Other', 'Social', 'all']
2026-09-28 16:54:01 - [ForkPoolWorker-1] models.mode_choice - DEBUG -   Mode rates for 'Shopping': car=93.6%, walk=5.1%, bike=0.4%, bus=0.4%, rail=0.2%, school_bus=0.2%, rideshare=0.1%
2026-09-28 16:54:01 - [ForkPoolWorker-1] models.mode_choice - DEBUG -   Mode rates for 'Work': car=92.5%, walk=2.3%, rail=1.6%, bus=1.2%, bike=1.0%, school_bus=0.6%, rideshare=0.5%, other=0.2%
2026-09-28 16:54:01 - [ForkPoolWorker-1] models.mode_choice - DEBUG -   Mode rates for 'School': car=65.5%, school_bus=22.9%, walk=7.7%, bike=2.3%, bus=0.9%, other=0.4%, rail=0.2%, rideshare=0.1%
2026-09-28 16:54:01 - [ForkPoolWorker-1] models.mode_choice - DEBUG -   Mode rates for 'Home': car=88.1%, walk=5.0%, school_bus=3.8%, bike=1.1%, bus=0.7%, rideshare=0.5%, rail=0.5%, other=0.3%
2026-09-28 16:54:01 - [ForkPoolWorker-1] models.mode_choice - DEBUG -   Mode rates for 'Dining': car=91.1%, walk=6.8%, bike=1.2%, rail=0.3%, other=0.3%, rideshare=0.3%, bus=0.1%
2026-09-28 16:54:01 - [ForkPoolWorker-1] models.mode_choice - DEBUG -   Mode rates for 'Other': car=88.3%, walk=4.6%, bus=3.1%, rideshare=1.7%, school_bus=1.0%, rail=0.6%, bike=0.6%, other=0.2%
2026-09-28 16:54:01 - [ForkPoolWorker-1] models.mode_choice - DEBUG -   Mode rates for 'Social': car=73.8%, walk=19.5%, bike=3.5%, other=1.0%, rail=0.6%, rideshare=0.6%, bus=0.6%, school_bus=0.4%
2026-09-28 16:54:01 - [ForkPoolWorker-1] models.mode_choice - DEBUG -   Mode rates for 'all': car=87.2%, walk=6.3%, school_bus=3.2%, bike=1.2%, bus=0.8%, rail=0.6%, rideshare=0.5%, other=0.3%
2026-09-28 16:54:01 - [ForkPoolWorker-1] models.mode_choice - INFO - Computed mode rates for 8 purposes
2026-09-28 16:54:01 - [ForkPoolWorker-1] models.mode_choice - INFO -   Overall mode distribution: car=87.2%, walk=6.3%, school_bus=3.2%, bike=1.2%, bus=0.8%, rail=0.6%, rideshare=0.5%, other=0.3%
2026-09-28 16:54:01 - [ForkPoolWorker-1] models.mode_choice - INFO - ModeChoiceModel initialized with 3 modes: ['car', 'bus', 'walk']
2026-09-28 16:54:01 - [ForkPoolWorker-1] models.plan_generator - INFO - Worker ForkPoolWorker-1 completed: generated 38 plans
2026-09-28 16:54:01 - [ForkPoolWorker-22] models.plan_generator - INFO - Worker ForkPoolWorker-22 completed: generated 2951 plans
2026-09-28 16:54:02 - [ForkPoolWorker-24] models.plan_generator - INFO - Worker ForkPoolWorker-24 completed: generated 2509 plans
2026-09-28 16:54:02 - [ForkPoolWorker-26] models.plan_generator - INFO - Worker ForkPoolWorker-26 completed: generated 1703 plans
2026-09-28 16:54:03 - [ForkPoolWorker-25] models.plan_generator - INFO - Worker ForkPoolWorker-25 completed: generated 3801 plans
2026-09-28 16:54:03 - [ForkPoolWorker-28] models.plan_generator - INFO - Worker ForkPoolWorker-28 completed: generated 3003 plans
2026-09-28 16:54:04 - [ForkPoolWorker-27] models.plan_generator - INFO - Worker ForkPoolWorker-27 completed: generated 3215 plans
2026-09-28 16:54:04 - [ForkPoolWorker-29] models.plan_generator - INFO - Worker ForkPoolWorker-29 completed: generated 2690 plans
2026-09-28 16:54:05 - [ForkPoolWorker-23] models.plan_generator - INFO - Worker ForkPoolWorker-23 completed: generated 5641 plans
2026-09-28 16:54:05 - [ForkPoolWorker-30] models.plan_generator - INFO - Worker ForkPoolWorker-30 completed: generated 3352 plans
2026-09-28 16:54:06 - models.plan_generator - INFO - ======================================================================
2026-09-28 16:54:06 - models.plan_generator - INFO - GENERATION COMPLETE
2026-09-28 16:54:06 - models.plan_generator - INFO -   Plans requested: 60,442
2026-09-28 16:54:06 - models.plan_generator - INFO -   Plans generated: 60,442
2026-09-28 16:54:06 - models.plan_generator - INFO -   Failed plans: 0
2026-09-28 16:54:06 - models.plan_generator - INFO -   Success rate: 100.00%
2026-09-28 16:54:06 - models.plan_generator - INFO -   Chain retries: 2,813 / 64,582 attempts
2026-09-28 16:54:06 - models.plan_generator - INFO -     Too short: 0
2026-09-28 16:54:06 - models.plan_generator - INFO -     Bad structure (not Home-...-Home): 0
2026-09-28 16:54:06 - models.plan_generator - INFO -     Missing Work: 0
2026-09-28 16:54:06 - models.plan_generator - INFO -     Too many Work: 2,813
2026-09-28 16:54:06 - models.plan_generator - INFO -   POI retries: 22,347
2026-09-28 16:54:06 - models.plan_generator - INFO -   Time retries: 0
2026-09-28 16:54:06 - models.plan_generator - INFO -   Schedules built: 65,845
2026-09-28 16:54:06 - models.plan_generator - INFO -     Trimmed to fit 24h: 125 (0.19%)
2026-09-28 16:54:06 - models.plan_generator - INFO -     Dropped, over budget: 0 (0.00%)
2026-09-28 16:54:06 - models.plan_generator - INFO -     Resampled, over budget (over_budget=resample): 5,403
2026-09-28 16:54:06 - models.plan_generator - INFO -     Excess per trimmed schedule: mean 409.9 min, max 1370.2 min
2026-09-28 16:54:06 - models.plan_generator - INFO -     Minutes actually removed: 49,325 total, mean 394.6 min
2026-09-28 16:54:06 - models.plan_generator - INFO -   Experiment directory: /media/volume/Tareek-instance_vol-1/Tareek-work/Tareek/experiments/madison_pf_hermes_w11_nw18_fr03_10iter
2026-09-28 16:54:06 - models.plan_generator - INFO -   Full logs saved to: /media/volume/Tareek-instance_vol-1/Tareek-work/Tareek/experiments/madison_pf_hermes_w11_nw18_fr03_10iter/experiment_20260928_165226.log
2026-09-28 16:54:06 - models.plan_generator - INFO - ======================================================================
2026-09-28 16:54:06 - models.mode_choice - INFO - ==================================================
2026-09-28 16:54:06 - models.mode_choice - INFO - MODE CHOICE STATISTICS
2026-09-28 16:54:06 - models.mode_choice - INFO - ==================================================
2026-09-28 16:54:06 - models.mode_choice - INFO -   Total mode choices: 166514
2026-09-28 16:54:06 - models.mode_choice - INFO -   Fallback mode used: 0 times
2026-09-28 16:54:06 - models.mode_choice - INFO -   Chain retries: 0
2026-09-28 16:54:06 - models.mode_choice - INFO -   Mode distribution in generated plans:
2026-09-28 16:54:06 - models.mode_choice - INFO -     car: 91.1%
2026-09-28 16:54:06 - models.mode_choice - INFO -     walk: 7.4%
2026-09-28 16:54:06 - models.mode_choice - INFO -     bus: 1.5%
2026-09-28 16:54:06 - models.mode_choice - INFO - ==================================================
2026-09-28 16:54:06 - models.plan_generator - INFO - Plan generation complete!
2026-09-28 16:54:06 - models.plan_generator - INFO -   Generated: 60,442 plans (100.00% success rate)
2026-09-28 16:54:06 - models.plan_generator - INFO -   Failed: 0 plans
2026-09-28 16:54:06 - models.plan_generator - INFO -   Experiment directory: /media/volume/Tareek-instance_vol-1/Tareek-work/Tareek/experiments/madison_pf_hermes_w11_nw18_fr03_10iter
2026-09-28 16:54:06 - models.plan_generator - INFO -   Detailed logs: /media/volume/Tareek-instance_vol-1/Tareek-work/Tareek/experiments/madison_pf_hermes_w11_nw18_fr03_10iter/experiment_20260928_165226.log
2026-09-28 16:54:06 - __main__ - INFO - Generated 60,442 work plans
2026-09-28 16:54:06 - __main__ - INFO - 
2026-09-28 16:54:06 - models.plan_generator - INFO -   Serialized GTFS stop data for workers: bus=12113 stops
2026-09-28 16:54:06 - __main__ - INFO - Sharing GTFS stop data with non-work generators
2026-09-28 16:54:06 - __main__ - INFO - Population stats: 561,335 total (297,589 employees, 263,746 non-employees)
2026-09-28 16:54:06 - __main__ - INFO - ------------------------------------------------------------
2026-09-28 16:54:06 - __main__ - INFO - GENERATING SHOPPING PLANS
2026-09-28 16:54:06 - __main__ - INFO - ------------------------------------------------------------
2026-09-28 16:54:06 - models.plan_generator_nonwork - INFO - Initialized NonWorkPlanGenerator for Shopping
2026-09-28 16:54:06 - utils.coordinates - INFO - Initialized coordinate converter: EPSG:4326 <-> EPSG:26916
2026-09-28 16:54:06 - models.plan_generator_nonwork - INFO -   Coordinate system: WGS84 -> EPSG:26916
2026-09-28 16:54:06 - models.plan_generator_nonwork - INFO - Using pre-loaded shared data...
2026-09-28 16:54:06 - models.plan_generator_nonwork - INFO -   Using 8,087 home blocks (pre-loaded)
2026-09-28 16:54:06 - models.plan_generator_nonwork - INFO -   Using 9,393 POIs (pre-loaded)
2026-09-28 16:54:06 - models.plan_generator_nonwork - INFO -   Using 12,403 survey trips (pre-loaded)
2026-09-28 16:54:06 - models.plan_generator_nonwork - INFO -   Using 4,172 persons (pre-loaded)
2026-09-28 16:54:06 - models.plan_generator_nonwork - INFO -   Using 787 trip chains (pre-loaded)
2026-09-28 16:54:06 - models.plan_generator_nonwork - INFO -   Using 9,393 POI-to-block mappings (pre-computed)
2026-09-28 16:54:06 - models.plan_generator_nonwork - INFO -   Using shared trip duration model (pre-initialized)
2026-09-28 16:54:06 - models.plan_generator_nonwork - INFO -   Using shared activity duration model (pre-initialized)
2026-09-28 16:54:06 - models.plan_generator_nonwork - INFO -   Using shared POI spatial index (pre-built)
2026-09-28 16:54:06 - models.plan_generator_nonwork - INFO - Initializing time models...
2026-09-28 16:54:06 - models.plan_generator_nonwork - INFO -   Using shared trip duration model
2026-09-28 16:54:06 - models.plan_generator_nonwork - INFO -   Using shared activity duration model
2026-09-28 16:54:06 - models.plan_generator_nonwork - INFO -   Time models initialized
2026-09-28 16:54:06 - models.plan_generator_nonwork - INFO -   Average trip duration: 20.4 minutes
2026-09-28 16:54:06 - models.plan_generator_nonwork - INFO - Initializing POI components...
2026-09-28 16:54:06 - models.plan_generator_nonwork - INFO -   Using shared POI spatial index: 6 activity types, 9,393 POIs
2026-09-28 16:54:06 - models.plan_generator_nonwork - INFO -   POI weighting enabled: True
2026-09-28 16:54:06 - models.plan_generator_nonwork - INFO - Initializing chain model...
2026-09-28 16:54:06 - models.plan_generator_nonwork - INFO -   Shopping: budget chain model, 160 main-purpose patterns
2026-09-28 16:54:06 - models.plan_generator_nonwork - INFO - Initializing GTFS transit availability...
2026-09-28 16:54:06 - models.plan_generator_nonwork - INFO -   GTFS availability rebuilt from shared data: bus=12113 stops
2026-09-28 16:54:06 - models.plan_generator_nonwork - INFO - Initializing mode choice model...
2026-09-28 16:54:06 - models.mode_choice - INFO - Computing mode shares from survey data...
2026-09-28 16:54:06 - models.mode_choice - INFO - Computed mode rates for 8 purposes
2026-09-28 16:54:06 - models.mode_choice - INFO -   Overall mode distribution: car=87.2%, walk=6.3%, school_bus=3.2%, bike=1.2%, bus=0.8%, rail=0.6%, rideshare=0.5%, other=0.3%
2026-09-28 16:54:06 - models.mode_choice - INFO - ModeChoiceModel initialized with 3 modes: ['car', 'bus', 'walk']
2026-09-28 16:54:06 - models.plan_generator_nonwork - INFO - Creating Shopping OD matrix...
2026-09-28 16:54:06 - models.plan_generator_nonwork - INFO -   Using pre-computed POI-to-block mapping
2026-09-28 16:54:06 - models.od_matrix_nonwork - INFO - ======================================================================
2026-09-28 16:54:06 - models.od_matrix_nonwork - INFO - CREATING NON-WORK OD MATRIX - SHOPPING
2026-09-28 16:54:06 - models.od_matrix_nonwork - INFO - ======================================================================
2026-09-28 16:54:06 - models.od_matrix_nonwork - INFO - Configuration:
2026-09-28 16:54:06 - models.od_matrix_nonwork - INFO -   Beta (distance decay): 2
2026-09-28 16:54:06 - models.od_matrix_nonwork - INFO -   Alpha (survey weight): 0.1
2026-09-28 16:54:06 - models.od_matrix_nonwork - INFO -   Distance mode: cosine_km
2026-09-28 16:54:06 - models.od_matrix_nonwork - INFO - Calculating POI density for Shopping...
2026-09-28 16:54:06 - models.od_matrix_nonwork - INFO -   Total POIs to process: 9,393
2026-09-28 16:54:06 - models.od_matrix_nonwork - INFO -   Filtered to 484 Shopping POIs
2026-09-28 16:54:06 - models.od_matrix_nonwork - INFO -   Using pre-computed POI-to-block mapping (fast path)
2026-09-28 16:54:06 - models.od_matrix_nonwork - INFO -   POI assignment complete:
2026-09-28 16:54:06 - models.od_matrix_nonwork - INFO -     Blocks with POIs: 280
2026-09-28 16:54:06 - models.od_matrix_nonwork - INFO -     Total POIs assigned: 484
2026-09-28 16:54:06 - models.od_matrix_nonwork - INFO -     Avg POIs per block (non-zero): 1.7
2026-09-28 16:54:06 - models.od_matrix_nonwork - INFO - Creating survey OD matrix for Shopping...
2026-09-28 16:54:06 - models.od_matrix_nonwork - INFO -   Filtered to 2,684 trips (from 12,403 total)
2026-09-28 16:54:06 - models.od_matrix_nonwork - INFO -   Survey OD matrix created: (1, 1)
2026-09-28 16:54:06 - models.od_matrix_nonwork - INFO -   Total trips in survey matrix: 2,684
2026-09-28 16:54:06 - models.od_matrix_nonwork - INFO - ======================================================================
2026-09-28 16:54:06 - models.od_matrix_nonwork - INFO - SINGLY-CONSTRAINED GRAVITY MODEL - SHOPPING
2026-09-28 16:54:06 - models.od_matrix_nonwork - INFO - ======================================================================
2026-09-28 16:54:06 - models.od_matrix_nonwork - INFO - Origins from the demand budget ('nw_origin_Shopping' per home block)
2026-09-28 16:54:06 - models.od_matrix_nonwork - INFO -   Pre-aggregated 8,087 blocks -> 351 block_groups (home)
2026-09-28 16:54:06 - models.od_matrix_nonwork - INFO -   Pre-aggregated POI blocks -> 157 block_groups with POIs
2026-09-28 16:54:06 - models.od_matrix_nonwork - INFO - Number of home block_groups: 351
2026-09-28 16:54:06 - models.od_matrix_nonwork - INFO - Number of destination block_groups (with POIs): 157
2026-09-28 16:54:06 - models.od_matrix_nonwork - INFO - Distance decay beta: 2
2026-09-28 16:54:06 - models.od_matrix_nonwork - INFO - Total non-employees (base): 263,746
2026-09-28 16:54:06 - models.od_matrix_nonwork - INFO - Total travelers (demand budget): 138,540
2026-09-28 16:54:06 - models.od_matrix_nonwork - INFO - Total POIs (destination): 484
2026-09-28 16:54:06 - models.od_matrix_nonwork - INFO - Extracting coordinates...
2026-09-28 16:54:06 - models.od_matrix_nonwork - INFO - Calculating distances and friction factors (mode: cosine_km)...
2026-09-28 16:54:06 - models.od_matrix_v3 - INFO -   Intrazonal distance set from zone area on 157 diagonal cells (factor 0.5): median 0 m -> 282 m
2026-09-28 16:54:06 - models.od_matrix_nonwork - INFO -   Distances in km: median 13.97, min 0.050, max 66.7
2026-09-28 16:54:06 - models.od_matrix_nonwork - INFO - Initial gravity model total trips: 138,540
2026-09-28 16:54:06 - models.od_matrix_nonwork - INFO - 
Running IPF iterations (max 50)...
2026-09-28 16:54:06 - models.od_matrix_nonwork - INFO -   Iteration 1: Max relative difference = 3.92e-16
2026-09-28 16:54:06 - models.od_matrix_nonwork - INFO - Converged after 1 iterations
2026-09-28 16:54:06 - models.od_matrix_nonwork - INFO - ======================================================================
2026-09-28 16:54:06 - models.od_matrix_nonwork - INFO - VERIFICATION
2026-09-28 16:54:06 - models.od_matrix_nonwork - INFO - ======================================================================
2026-09-28 16:54:06 - models.od_matrix_nonwork - INFO - Origin total: 138,540 | Matrix row sum: 138,540
2026-09-28 16:54:06 - models.od_matrix_nonwork - INFO - Max row constraint error: 2.27e-13
2026-09-28 16:54:06 - models.od_matrix_nonwork - INFO - Total trips in gravity model: 138,540
2026-09-28 16:54:06 - models.od_matrix_nonwork - INFO - 
2026-09-28 16:54:06 - models.od_matrix_nonwork - INFO -   Gravity model (block-group level): (351, 157)
2026-09-28 16:54:06 - models.od_matrix_nonwork - INFO -   Survey matrix: (1, 1)
2026-09-28 16:54:06 - models.od_matrix_nonwork - INFO - 
Combining survey and gravity models...
2026-09-28 16:54:06 - models.od_matrix_v3 - INFO - ======================================================================
2026-09-28 16:54:06 - models.od_matrix_v3 - INFO - COMBINING OD MATRICES
2026-09-28 16:54:06 - models.od_matrix_v3 - INFO - ======================================================================
2026-09-28 16:54:06 - models.od_matrix_v3 - INFO - Survey matrix shape: (1, 1)
2026-09-28 16:54:06 - models.od_matrix_v3 - INFO - Local matrix shape: (351, 157)
2026-09-28 16:54:06 - models.od_matrix_v3 - INFO - Alpha (survey weight): 0.10
2026-09-28 16:54:06 - models.od_matrix_v3 - INFO - Local weight: 0.90
2026-09-28 16:54:06 - models.od_matrix_v3 - INFO - Aligning survey to local matrix structure...
2026-09-28 16:54:06 - models.od_matrix_v3 - INFO - Combining matrices (alpha blend where survey exists, local only where survey is empty)...
2026-09-28 16:54:06 - models.od_matrix_v3 - INFO - No scaling target specified. Using local matrix total: 138,540
2026-09-28 16:54:06 - models.od_matrix_v3 - INFO - Matrix total before scaling: 138,540
2026-09-28 16:54:06 - models.od_matrix_v3 - INFO - Scale factor: 0.999999
2026-09-28 16:54:06 - models.od_matrix_v3 - INFO - Applying robust rounding to guarantee target total...
2026-09-28 16:54:06 - models.od_matrix_v3 - INFO - Total after flooring: 122,045
2026-09-28 16:54:06 - models.od_matrix_v3 - INFO - Remainder to distribute: 16,495
2026-09-28 16:54:06 - models.od_matrix_v3 - INFO - ======================================================================
2026-09-28 16:54:06 - models.od_matrix_v3 - INFO - VERIFICATION
2026-09-28 16:54:06 - models.od_matrix_v3 - INFO - ======================================================================
2026-09-28 16:54:06 - models.od_matrix_v3 - INFO - Survey total trips: 2,684
2026-09-28 16:54:06 - models.od_matrix_v3 - INFO - Local total trips: 138,540
2026-09-28 16:54:06 - models.od_matrix_v3 - INFO - Combined total trips (before scaling): 138,540
2026-09-28 16:54:06 - models.od_matrix_v3 - INFO - Combined total trips (after scaling & rounding): 138,540
2026-09-28 16:54:06 - models.od_matrix_v3 - INFO - Target total: 138,540
2026-09-28 16:54:06 - models.od_matrix_v3 - INFO - Difference: 0
2026-09-28 16:54:06 - models.od_matrix_v3 - INFO - Combined matrix shape: (351, 157)
2026-09-28 16:54:06 - models.od_matrix_nonwork - INFO - ======================================================================
2026-09-28 16:54:06 - models.od_matrix_nonwork - INFO - NONWORK OD MATRIX CREATION COMPLETE - SHOPPING
2026-09-28 16:54:06 - models.od_matrix_nonwork - INFO - ======================================================================
2026-09-28 16:54:06 - models.plan_generator_nonwork - INFO -   OD matrix shape: (351, 157)
2026-09-28 16:54:06 - models.plan_generator_nonwork - INFO -   Unscaled total trips: 138,540
2026-09-28 16:54:06 - models.plan_generator_nonwork - INFO -   Scaling factor: 0.25
2026-09-28 16:54:06 - models.plan_generator_nonwork - INFO -   Scaled total trips: 34,731
2026-09-28 16:54:06 - models.plan_generator_nonwork - INFO - NonWorkPlanGenerator initialization complete
2026-09-28 16:54:06 - models.plan_generator_nonwork - INFO - ============================================================
2026-09-28 16:54:06 - models.plan_generator_nonwork - INFO - SHOPPING PLAN GENERATION
2026-09-28 16:54:06 - models.plan_generator_nonwork - INFO - ============================================================
2026-09-28 16:54:06 - models.plan_generator_nonwork - INFO -   Population base (non-employees in region): 263,746
2026-09-28 16:54:06 - models.plan_generator_nonwork - INFO -   Unscaled Shopping trips: 138,540
2026-09-28 16:54:06 - models.plan_generator_nonwork - INFO -   Scaling factor: 0.25
2026-09-28 16:54:06 - models.plan_generator_nonwork - INFO -   Scaled Shopping trips: 34,731
2026-09-28 16:54:06 - models.plan_generator_nonwork - INFO -   Expected scaled trips: 34,635
2026-09-28 16:54:06 - models.plan_generator_nonwork - INFO -   Scaling accuracy: 100.3%
2026-09-28 16:54:06 - models.plan_generator_nonwork - INFO - 
2026-09-28 16:54:06 - models.plan_generator_nonwork - INFO - Generating all Shopping plans using multiprocessing...
2026-09-28 16:54:07 - models.plan_generator_nonwork - INFO -   Using all 34,731 trips from scaled OD matrix
2026-09-28 16:54:07 - models.plan_generator_nonwork - INFO - Using 30 processes for Shopping plan generation
2026-09-28 16:54:07 - models.plan_generator_nonwork - INFO - Pre-loading data for Shopping multiprocessing...
2026-09-28 16:54:07 - models.plan_generator_nonwork - INFO -   Serialized GTFS stop data for workers: bus=12113 stops
2026-09-28 16:54:07 - models.plan_generator_nonwork - INFO -   Prepared shared data with 8,087 home blocks
2026-09-28 16:54:07 - models.plan_generator_nonwork - INFO -   POI categories: 6
2026-09-28 16:54:07 - models.plan_generator_nonwork - INFO -   Chain patterns: 160
2026-09-28 16:54:07 - models.plan_generator_nonwork - INFO - Split 11422 OD pairs into 31 chunks
2026-09-28 16:54:47 - models.plan_generator_nonwork - INFO - 
2026-09-28 16:54:47 - models.plan_generator_nonwork - INFO - Shopping GENERATION COMPLETE
2026-09-28 16:54:47 - models.plan_generator_nonwork - INFO -   Plans generated: 34,731
2026-09-28 16:54:47 - models.plan_generator_nonwork - INFO -   Failed plans: 0
2026-09-28 16:54:47 - models.plan_generator_nonwork - INFO -   Chain retries: 1,622 / 36,422 attempts
2026-09-28 16:54:47 - models.plan_generator_nonwork - INFO -     Too short: 1,622
2026-09-28 16:54:47 - models.plan_generator_nonwork - INFO -     Bad structure (not Home-...-Home): 0
2026-09-28 16:54:47 - models.plan_generator_nonwork - INFO -     Missing purpose: 0
2026-09-28 16:54:47 - models.plan_generator_nonwork - INFO -     Contains Work: 0
2026-09-28 16:54:47 - models.plan_generator_nonwork - INFO -   POI retries: 3,107
2026-09-28 16:54:47 - models.plan_generator_nonwork - INFO -   Time retries: 0
2026-09-28 16:54:47 - models.plan_generator_nonwork - INFO -   Schedules built: 36,057
2026-09-28 16:54:47 - models.plan_generator_nonwork - INFO -     Trimmed to fit 24h: 13 (0.04%)
2026-09-28 16:54:47 - models.plan_generator_nonwork - INFO -     Dropped, over budget: 0 (0.00%)
2026-09-28 16:54:47 - models.plan_generator_nonwork - INFO -     Resampled, over budget (over_budget=resample): 1,326
2026-09-28 16:54:47 - models.plan_generator_nonwork - INFO -     Excess per trimmed schedule: mean 438.9 min, max 1237.6 min
2026-09-28 16:54:47 - models.plan_generator_nonwork - INFO -     Minutes actually removed: 5,657 total, mean 435.2 min
2026-09-28 16:54:47 - models.plan_generator_nonwork - INFO - ============================================================
2026-09-28 16:54:47 - models.mode_choice - INFO - ==================================================
2026-09-28 16:54:47 - models.mode_choice - INFO - MODE CHOICE STATISTICS
2026-09-28 16:54:47 - models.mode_choice - INFO - ==================================================
2026-09-28 16:54:47 - models.mode_choice - INFO -   Total mode choices: 105683
2026-09-28 16:54:47 - models.mode_choice - INFO -   Fallback mode used: 0 times
2026-09-28 16:54:47 - models.mode_choice - INFO -   Chain retries: 0
2026-09-28 16:54:47 - models.mode_choice - INFO -   Mode distribution in generated plans:
2026-09-28 16:54:47 - models.mode_choice - INFO -     car: 91.6%
2026-09-28 16:54:47 - models.mode_choice - INFO -     walk: 5.5%
2026-09-28 16:54:47 - models.mode_choice - INFO -     bus: 2.9%
2026-09-28 16:54:47 - models.mode_choice - INFO - ==================================================
2026-09-28 16:54:47 - __main__ - INFO - Generated 34,731 Shopping plans
2026-09-28 16:54:47 - __main__ - INFO - 
2026-09-28 16:54:47 - __main__ - INFO - ------------------------------------------------------------
2026-09-28 16:54:47 - __main__ - INFO - GENERATING SCHOOL PLANS
2026-09-28 16:54:47 - __main__ - INFO - ------------------------------------------------------------
2026-09-28 16:54:47 - models.plan_generator_nonwork - INFO - Initialized NonWorkPlanGenerator for School
2026-09-28 16:54:47 - utils.coordinates - INFO - Initialized coordinate converter: EPSG:4326 <-> EPSG:26916
2026-09-28 16:54:47 - models.plan_generator_nonwork - INFO -   Coordinate system: WGS84 -> EPSG:26916
2026-09-28 16:54:47 - models.plan_generator_nonwork - INFO - Using pre-loaded shared data...
2026-09-28 16:54:47 - models.plan_generator_nonwork - INFO -   Using 8,087 home blocks (pre-loaded)
2026-09-28 16:54:47 - models.plan_generator_nonwork - INFO -   Using 9,393 POIs (pre-loaded)
2026-09-28 16:54:47 - models.plan_generator_nonwork - INFO -   Using 12,403 survey trips (pre-loaded)
2026-09-28 16:54:47 - models.plan_generator_nonwork - INFO -   Using 4,172 persons (pre-loaded)
2026-09-28 16:54:47 - models.plan_generator_nonwork - INFO -   Using 787 trip chains (pre-loaded)
2026-09-28 16:54:47 - models.plan_generator_nonwork - INFO -   Using 9,393 POI-to-block mappings (pre-computed)
2026-09-28 16:54:47 - models.plan_generator_nonwork - INFO -   Using shared trip duration model (pre-initialized)
2026-09-28 16:54:47 - models.plan_generator_nonwork - INFO -   Using shared activity duration model (pre-initialized)
2026-09-28 16:54:47 - models.plan_generator_nonwork - INFO -   Using shared POI spatial index (pre-built)
2026-09-28 16:54:47 - models.plan_generator_nonwork - INFO - Initializing time models...
2026-09-28 16:54:47 - models.plan_generator_nonwork - INFO -   Using shared trip duration model
2026-09-28 16:54:47 - models.plan_generator_nonwork - INFO -   Using shared activity duration model
2026-09-28 16:54:47 - models.plan_generator_nonwork - INFO -   Time models initialized
2026-09-28 16:54:47 - models.plan_generator_nonwork - INFO -   Average trip duration: 20.4 minutes
2026-09-28 16:54:47 - models.plan_generator_nonwork - INFO - Initializing POI components...
2026-09-28 16:54:47 - models.plan_generator_nonwork - INFO -   Using shared POI spatial index: 6 activity types, 9,393 POIs
2026-09-28 16:54:47 - models.plan_generator_nonwork - INFO -   POI weighting enabled: True
2026-09-28 16:54:47 - models.plan_generator_nonwork - INFO - Initializing chain model...
2026-09-28 16:54:47 - models.plan_generator_nonwork - INFO -   School: budget chain model, 96 main-purpose patterns
2026-09-28 16:54:47 - models.plan_generator_nonwork - INFO - Initializing GTFS transit availability...
2026-09-28 16:54:47 - models.plan_generator_nonwork - INFO -   GTFS availability rebuilt from shared data: bus=12113 stops
2026-09-28 16:54:47 - models.plan_generator_nonwork - INFO - Initializing mode choice model...
2026-09-28 16:54:47 - models.mode_choice - INFO - Computing mode shares from survey data...
2026-09-28 16:54:47 - models.mode_choice - INFO - Computed mode rates for 8 purposes
2026-09-28 16:54:47 - models.mode_choice - INFO -   Overall mode distribution: car=87.2%, walk=6.3%, school_bus=3.2%, bike=1.2%, bus=0.8%, rail=0.6%, rideshare=0.5%, other=0.3%
2026-09-28 16:54:47 - models.mode_choice - INFO - ModeChoiceModel initialized with 3 modes: ['car', 'bus', 'walk']
2026-09-28 16:54:47 - models.plan_generator_nonwork - INFO - Creating School OD matrix...
2026-09-28 16:54:47 - models.plan_generator_nonwork - INFO -   Using pre-computed POI-to-block mapping
2026-09-28 16:54:47 - models.od_matrix_nonwork - INFO - ======================================================================
2026-09-28 16:54:47 - models.od_matrix_nonwork - INFO - CREATING NON-WORK OD MATRIX - SCHOOL
2026-09-28 16:54:47 - models.od_matrix_nonwork - INFO - ======================================================================
2026-09-28 16:54:47 - models.od_matrix_nonwork - INFO - Configuration:
2026-09-28 16:54:47 - models.od_matrix_nonwork - INFO -   Beta (distance decay): 1.8
2026-09-28 16:54:47 - models.od_matrix_nonwork - INFO -   Alpha (survey weight): 0.1
2026-09-28 16:54:47 - models.od_matrix_nonwork - INFO -   Distance mode: cosine_km
2026-09-28 16:54:47 - models.od_matrix_nonwork - INFO - Calculating POI density for School...
2026-09-28 16:54:47 - models.od_matrix_nonwork - INFO -   Total POIs to process: 9,393
2026-09-28 16:54:47 - models.od_matrix_nonwork - INFO -   Filtered to 336 School POIs
2026-09-28 16:54:47 - models.od_matrix_nonwork - INFO -   Using pre-computed POI-to-block mapping (fast path)
2026-09-28 16:54:47 - models.od_matrix_nonwork - INFO -   POI assignment complete:
2026-09-28 16:54:47 - models.od_matrix_nonwork - INFO -     Blocks with POIs: 223
2026-09-28 16:54:47 - models.od_matrix_nonwork - INFO -     Total POIs assigned: 336
2026-09-28 16:54:47 - models.od_matrix_nonwork - INFO -     Avg POIs per block (non-zero): 1.5
2026-09-28 16:54:47 - models.od_matrix_nonwork - INFO - Creating survey OD matrix for School...
2026-09-28 16:54:47 - models.od_matrix_nonwork - INFO -   Filtered to 821 trips (from 12,403 total)
2026-09-28 16:54:47 - models.od_matrix_nonwork - INFO -   Survey OD matrix created: (1, 1)
2026-09-28 16:54:47 - models.od_matrix_nonwork - INFO -   Total trips in survey matrix: 821
2026-09-28 16:54:47 - models.od_matrix_nonwork - INFO - ======================================================================
2026-09-28 16:54:47 - models.od_matrix_nonwork - INFO - SINGLY-CONSTRAINED GRAVITY MODEL - SCHOOL
2026-09-28 16:54:47 - models.od_matrix_nonwork - INFO - ======================================================================
2026-09-28 16:54:47 - models.od_matrix_nonwork - INFO - Origins from the demand budget ('nw_origin_School' per home block)
2026-09-28 16:54:47 - models.od_matrix_nonwork - INFO -   Pre-aggregated 8,087 blocks -> 351 block_groups (home)
2026-09-28 16:54:47 - models.od_matrix_nonwork - INFO -   Pre-aggregated POI blocks -> 150 block_groups with POIs
2026-09-28 16:54:47 - models.od_matrix_nonwork - INFO - Number of home block_groups: 351
2026-09-28 16:54:47 - models.od_matrix_nonwork - INFO - Number of destination block_groups (with POIs): 150
2026-09-28 16:54:47 - models.od_matrix_nonwork - INFO - Distance decay beta: 1.8
2026-09-28 16:54:47 - models.od_matrix_nonwork - INFO - Total non-employees (base): 263,746
2026-09-28 16:54:47 - models.od_matrix_nonwork - INFO - Total travelers (demand budget): 130,756
2026-09-28 16:54:47 - models.od_matrix_nonwork - INFO - Total POIs (destination): 336
2026-09-28 16:54:47 - models.od_matrix_nonwork - INFO - Extracting coordinates...
2026-09-28 16:54:47 - models.od_matrix_nonwork - INFO - Calculating distances and friction factors (mode: cosine_km)...
2026-09-28 16:54:47 - models.od_matrix_v3 - INFO -   Intrazonal distance set from zone area on 150 diagonal cells (factor 0.5): median 0 m -> 366 m
2026-09-28 16:54:47 - models.od_matrix_nonwork - INFO -   Distances in km: median 16.01, min 0.075, max 71.4
2026-09-28 16:54:47 - models.od_matrix_nonwork - INFO - Initial gravity model total trips: 130,756
2026-09-28 16:54:47 - models.od_matrix_nonwork - INFO - 
Running IPF iterations (max 50)...
2026-09-28 16:54:47 - models.od_matrix_nonwork - INFO -   Iteration 1: Max relative difference = 4.18e-16
2026-09-28 16:54:47 - models.od_matrix_nonwork - INFO - Converged after 1 iterations
2026-09-28 16:54:47 - models.od_matrix_nonwork - INFO - ======================================================================
2026-09-28 16:54:47 - models.od_matrix_nonwork - INFO - VERIFICATION
2026-09-28 16:54:47 - models.od_matrix_nonwork - INFO - ======================================================================
2026-09-28 16:54:47 - models.od_matrix_nonwork - INFO - Origin total: 130,756 | Matrix row sum: 130,756
2026-09-28 16:54:47 - models.od_matrix_nonwork - INFO - Max row constraint error: 2.27e-13
2026-09-28 16:54:47 - models.od_matrix_nonwork - INFO - Total trips in gravity model: 130,756
2026-09-28 16:54:47 - models.od_matrix_nonwork - INFO - 
2026-09-28 16:54:47 - models.od_matrix_nonwork - INFO -   Gravity model (block-group level): (351, 150)
2026-09-28 16:54:47 - models.od_matrix_nonwork - INFO -   Survey matrix: (1, 1)
2026-09-28 16:54:47 - models.od_matrix_nonwork - INFO - 
Combining survey and gravity models...
2026-09-28 16:54:47 - models.od_matrix_v3 - INFO - ======================================================================
2026-09-28 16:54:47 - models.od_matrix_v3 - INFO - COMBINING OD MATRICES
2026-09-28 16:54:47 - models.od_matrix_v3 - INFO - ======================================================================
2026-09-28 16:54:47 - models.od_matrix_v3 - INFO - Survey matrix shape: (1, 1)
2026-09-28 16:54:47 - models.od_matrix_v3 - INFO - Local matrix shape: (351, 150)
2026-09-28 16:54:47 - models.od_matrix_v3 - INFO - Alpha (survey weight): 0.10
2026-09-28 16:54:47 - models.od_matrix_v3 - INFO - Local weight: 0.90
2026-09-28 16:54:47 - models.od_matrix_v3 - INFO - Aligning survey to local matrix structure...
2026-09-28 16:54:47 - models.od_matrix_v3 - INFO - Combining matrices (alpha blend where survey exists, local only where survey is empty)...
2026-09-28 16:54:47 - models.od_matrix_v3 - INFO - No scaling target specified. Using local matrix total: 130,756
2026-09-28 16:54:47 - models.od_matrix_v3 - INFO - Matrix total before scaling: 130,756
2026-09-28 16:54:47 - models.od_matrix_v3 - INFO - Scale factor: 0.999998
2026-09-28 16:54:47 - models.od_matrix_v3 - INFO - Applying robust rounding to guarantee target total...
2026-09-28 16:54:47 - models.od_matrix_v3 - INFO - Total after flooring: 111,633
2026-09-28 16:54:47 - models.od_matrix_v3 - INFO - Remainder to distribute: 19,123
2026-09-28 16:54:47 - models.od_matrix_v3 - INFO - ======================================================================
2026-09-28 16:54:47 - models.od_matrix_v3 - INFO - VERIFICATION
2026-09-28 16:54:47 - models.od_matrix_v3 - INFO - ======================================================================
2026-09-28 16:54:47 - models.od_matrix_v3 - INFO - Survey total trips: 821
2026-09-28 16:54:47 - models.od_matrix_v3 - INFO - Local total trips: 130,756
2026-09-28 16:54:47 - models.od_matrix_v3 - INFO - Combined total trips (before scaling): 130,756
2026-09-28 16:54:47 - models.od_matrix_v3 - INFO - Combined total trips (after scaling & rounding): 130,756
2026-09-28 16:54:47 - models.od_matrix_v3 - INFO - Target total: 130,756
2026-09-28 16:54:47 - models.od_matrix_v3 - INFO - Difference: 0
2026-09-28 16:54:47 - models.od_matrix_v3 - INFO - Combined matrix shape: (351, 150)
2026-09-28 16:54:47 - models.od_matrix_nonwork - INFO - ======================================================================
2026-09-28 16:54:47 - models.od_matrix_nonwork - INFO - NONWORK OD MATRIX CREATION COMPLETE - SCHOOL
2026-09-28 16:54:47 - models.od_matrix_nonwork - INFO - ======================================================================
2026-09-28 16:54:47 - models.plan_generator_nonwork - INFO -   OD matrix shape: (351, 150)
2026-09-28 16:54:47 - models.plan_generator_nonwork - INFO -   Unscaled total trips: 130,756
2026-09-28 16:54:47 - models.plan_generator_nonwork - INFO -   Scaling factor: 0.25
2026-09-28 16:54:47 - models.plan_generator_nonwork - INFO -   Scaled total trips: 32,861
2026-09-28 16:54:47 - models.plan_generator_nonwork - INFO - NonWorkPlanGenerator initialization complete
2026-09-28 16:54:47 - models.plan_generator_nonwork - INFO - ============================================================
2026-09-28 16:54:47 - models.plan_generator_nonwork - INFO - SCHOOL PLAN GENERATION
2026-09-28 16:54:47 - models.plan_generator_nonwork - INFO - ============================================================
2026-09-28 16:54:47 - models.plan_generator_nonwork - INFO -   Population base (non-employees in region): 263,746
2026-09-28 16:54:47 - models.plan_generator_nonwork - INFO -   Unscaled School trips: 130,756
2026-09-28 16:54:47 - models.plan_generator_nonwork - INFO -   Scaling factor: 0.25
2026-09-28 16:54:47 - models.plan_generator_nonwork - INFO -   Scaled School trips: 32,861
2026-09-28 16:54:47 - models.plan_generator_nonwork - INFO -   Expected scaled trips: 32,689
2026-09-28 16:54:47 - models.plan_generator_nonwork - INFO -   Scaling accuracy: 100.5%
2026-09-28 16:54:47 - models.plan_generator_nonwork - INFO - 
2026-09-28 16:54:47 - models.plan_generator_nonwork - INFO - Generating all School plans using multiprocessing...
2026-09-28 16:54:47 - models.plan_generator_nonwork - INFO -   Using all 32,861 trips from scaled OD matrix
2026-09-28 16:54:47 - models.plan_generator_nonwork - INFO - Using 30 processes for School plan generation
2026-09-28 16:54:47 - models.plan_generator_nonwork - INFO - Pre-loading data for School multiprocessing...
2026-09-28 16:54:47 - models.plan_generator_nonwork - INFO -   Serialized GTFS stop data for workers: bus=12113 stops
2026-09-28 16:54:47 - models.plan_generator_nonwork - INFO -   Prepared shared data with 8,087 home blocks
2026-09-28 16:54:47 - models.plan_generator_nonwork - INFO -   POI categories: 6
2026-09-28 16:54:47 - models.plan_generator_nonwork - INFO -   Chain patterns: 96
2026-09-28 16:54:47 - models.plan_generator_nonwork - INFO - Split 12849 OD pairs into 31 chunks
2026-09-28 16:55:22 - models.plan_generator_nonwork - INFO - 
2026-09-28 16:55:22 - models.plan_generator_nonwork - INFO - School GENERATION COMPLETE
2026-09-28 16:55:22 - models.plan_generator_nonwork - INFO -   Plans generated: 32,861
2026-09-28 16:55:22 - models.plan_generator_nonwork - INFO -   Failed plans: 0
2026-09-28 16:55:22 - models.plan_generator_nonwork - INFO -   Chain retries: 218 / 33,117 attempts
2026-09-28 16:55:22 - models.plan_generator_nonwork - INFO -     Too short: 218
2026-09-28 16:55:22 - models.plan_generator_nonwork - INFO -     Bad structure (not Home-...-Home): 0
2026-09-28 16:55:22 - models.plan_generator_nonwork - INFO -     Missing purpose: 0
2026-09-28 16:55:22 - models.plan_generator_nonwork - INFO -     Contains Work: 0
2026-09-28 16:55:22 - models.plan_generator_nonwork - INFO -   POI retries: 1,923
2026-09-28 16:55:22 - models.plan_generator_nonwork - INFO -   Time retries: 0
2026-09-28 16:55:22 - models.plan_generator_nonwork - INFO -   Schedules built: 33,766
2026-09-28 16:55:22 - models.plan_generator_nonwork - INFO -     Trimmed to fit 24h: 7 (0.02%)
2026-09-28 16:55:22 - models.plan_generator_nonwork - INFO -     Dropped, over budget: 0 (0.00%)
2026-09-28 16:55:22 - models.plan_generator_nonwork - INFO -     Resampled, over budget (over_budget=resample): 905
2026-09-28 16:55:22 - models.plan_generator_nonwork - INFO -     Excess per trimmed schedule: mean 336.2 min, max 730.1 min
2026-09-28 16:55:22 - models.plan_generator_nonwork - INFO -     Minutes actually removed: 2,314 total, mean 330.6 min
2026-09-28 16:55:22 - models.plan_generator_nonwork - INFO - ============================================================
2026-09-28 16:55:22 - models.mode_choice - INFO - ==================================================
2026-09-28 16:55:22 - models.mode_choice - INFO - MODE CHOICE STATISTICS
2026-09-28 16:55:22 - models.mode_choice - INFO - ==================================================
2026-09-28 16:55:22 - models.mode_choice - INFO -   Total mode choices: 83778
2026-09-28 16:55:22 - models.mode_choice - INFO -   Fallback mode used: 0 times
2026-09-28 16:55:22 - models.mode_choice - INFO -   Chain retries: 0
2026-09-28 16:55:22 - models.mode_choice - INFO -   Mode distribution in generated plans:
2026-09-28 16:55:22 - models.mode_choice - INFO -     car: 91.4%
2026-09-28 16:55:22 - models.mode_choice - INFO -     walk: 5.0%
2026-09-28 16:55:22 - models.mode_choice - INFO -     bus: 3.5%
2026-09-28 16:55:22 - models.mode_choice - INFO - ==================================================
2026-09-28 16:55:22 - __main__ - INFO - Generated 32,861 School plans
2026-09-28 16:55:22 - __main__ - INFO - 
2026-09-28 16:55:22 - __main__ - INFO - ------------------------------------------------------------
2026-09-28 16:55:22 - __main__ - INFO - GENERATING SOCIAL PLANS
2026-09-28 16:55:22 - __main__ - INFO - ------------------------------------------------------------
2026-09-28 16:55:22 - models.plan_generator_nonwork - INFO - Initialized NonWorkPlanGenerator for Social
2026-09-28 16:55:22 - utils.coordinates - INFO - Initialized coordinate converter: EPSG:4326 <-> EPSG:26916
2026-09-28 16:55:22 - models.plan_generator_nonwork - INFO -   Coordinate system: WGS84 -> EPSG:26916
2026-09-28 16:55:22 - models.plan_generator_nonwork - INFO - Using pre-loaded shared data...
2026-09-28 16:55:22 - models.plan_generator_nonwork - INFO -   Using 8,087 home blocks (pre-loaded)
2026-09-28 16:55:22 - models.plan_generator_nonwork - INFO -   Using 9,393 POIs (pre-loaded)
2026-09-28 16:55:22 - models.plan_generator_nonwork - INFO -   Using 12,403 survey trips (pre-loaded)
2026-09-28 16:55:22 - models.plan_generator_nonwork - INFO -   Using 4,172 persons (pre-loaded)
2026-09-28 16:55:22 - models.plan_generator_nonwork - INFO -   Using 787 trip chains (pre-loaded)
2026-09-28 16:55:22 - models.plan_generator_nonwork - INFO -   Using 9,393 POI-to-block mappings (pre-computed)
2026-09-28 16:55:22 - models.plan_generator_nonwork - INFO -   Using shared trip duration model (pre-initialized)
2026-09-28 16:55:22 - models.plan_generator_nonwork - INFO -   Using shared activity duration model (pre-initialized)
2026-09-28 16:55:22 - models.plan_generator_nonwork - INFO -   Using shared POI spatial index (pre-built)
2026-09-28 16:55:22 - models.plan_generator_nonwork - INFO - Initializing time models...
2026-09-28 16:55:22 - models.plan_generator_nonwork - INFO -   Using shared trip duration model
2026-09-28 16:55:22 - models.plan_generator_nonwork - INFO -   Using shared activity duration model
2026-09-28 16:55:22 - models.plan_generator_nonwork - INFO -   Time models initialized
2026-09-28 16:55:22 - models.plan_generator_nonwork - INFO -   Average trip duration: 20.4 minutes
2026-09-28 16:55:22 - models.plan_generator_nonwork - INFO - Initializing POI components...
2026-09-28 16:55:22 - models.plan_generator_nonwork - INFO -   Using shared POI spatial index: 6 activity types, 9,393 POIs
2026-09-28 16:55:22 - models.plan_generator_nonwork - INFO -   POI weighting enabled: True
2026-09-28 16:55:22 - models.plan_generator_nonwork - INFO - Initializing chain model...
2026-09-28 16:55:22 - models.plan_generator_nonwork - INFO -   Social: budget chain model, 151 main-purpose patterns
2026-09-28 16:55:22 - models.plan_generator_nonwork - INFO - Initializing GTFS transit availability...
2026-09-28 16:55:23 - models.plan_generator_nonwork - INFO -   GTFS availability rebuilt from shared data: bus=12113 stops
2026-09-28 16:55:23 - models.plan_generator_nonwork - INFO - Initializing mode choice model...
2026-09-28 16:55:23 - models.mode_choice - INFO - Computing mode shares from survey data...
2026-09-28 16:55:23 - models.mode_choice - INFO - Computed mode rates for 8 purposes
2026-09-28 16:55:23 - models.mode_choice - INFO -   Overall mode distribution: car=87.2%, walk=6.3%, school_bus=3.2%, bike=1.2%, bus=0.8%, rail=0.6%, rideshare=0.5%, other=0.3%
2026-09-28 16:55:23 - models.mode_choice - INFO - ModeChoiceModel initialized with 3 modes: ['car', 'bus', 'walk']
2026-09-28 16:55:23 - models.plan_generator_nonwork - INFO - Creating Social OD matrix...
2026-09-28 16:55:23 - models.plan_generator_nonwork - INFO -   Using pre-computed POI-to-block mapping
2026-09-28 16:55:23 - models.od_matrix_nonwork - INFO - ======================================================================
2026-09-28 16:55:23 - models.od_matrix_nonwork - INFO - CREATING NON-WORK OD MATRIX - SOCIAL
2026-09-28 16:55:23 - models.od_matrix_nonwork - INFO - ======================================================================
2026-09-28 16:55:23 - models.od_matrix_nonwork - INFO - Configuration:
2026-09-28 16:55:23 - models.od_matrix_nonwork - INFO -   Beta (distance decay): 2
2026-09-28 16:55:23 - models.od_matrix_nonwork - INFO -   Alpha (survey weight): 0.1
2026-09-28 16:55:23 - models.od_matrix_nonwork - INFO -   Distance mode: cosine_km
2026-09-28 16:55:23 - models.od_matrix_nonwork - INFO - Calculating POI density for Social...
2026-09-28 16:55:23 - models.od_matrix_nonwork - INFO -   Total POIs to process: 9,393
2026-09-28 16:55:23 - models.od_matrix_nonwork - INFO -   Filtered to 2,525 Social POIs
2026-09-28 16:55:23 - models.od_matrix_nonwork - INFO -   Using pre-computed POI-to-block mapping (fast path)
2026-09-28 16:55:23 - models.od_matrix_nonwork - INFO -   POI assignment complete:
2026-09-28 16:55:23 - models.od_matrix_nonwork - INFO -     Blocks with POIs: 1,598
2026-09-28 16:55:23 - models.od_matrix_nonwork - INFO -     Total POIs assigned: 2,525
2026-09-28 16:55:23 - models.od_matrix_nonwork - INFO -     Avg POIs per block (non-zero): 1.6
2026-09-28 16:55:23 - models.od_matrix_nonwork - INFO - Creating survey OD matrix for Social...
2026-09-28 16:55:23 - models.od_matrix_nonwork - INFO -   Filtered to 1,155 trips (from 12,403 total)
2026-09-28 16:55:23 - models.od_matrix_nonwork - INFO -   Survey OD matrix created: (1, 1)
2026-09-28 16:55:23 - models.od_matrix_nonwork - INFO -   Total trips in survey matrix: 1,155
2026-09-28 16:55:23 - models.od_matrix_nonwork - INFO - ======================================================================
2026-09-28 16:55:23 - models.od_matrix_nonwork - INFO - SINGLY-CONSTRAINED GRAVITY MODEL - SOCIAL
2026-09-28 16:55:23 - models.od_matrix_nonwork - INFO - ======================================================================
2026-09-28 16:55:23 - models.od_matrix_nonwork - INFO - Origins from the demand budget ('nw_origin_Social' per home block)
2026-09-28 16:55:23 - models.od_matrix_nonwork - INFO -   Pre-aggregated 8,087 blocks -> 351 block_groups (home)
2026-09-28 16:55:23 - models.od_matrix_nonwork - INFO -   Pre-aggregated POI blocks -> 329 block_groups with POIs
2026-09-28 16:55:23 - models.od_matrix_nonwork - INFO - Number of home block_groups: 351
2026-09-28 16:55:23 - models.od_matrix_nonwork - INFO - Number of destination block_groups (with POIs): 329
2026-09-28 16:55:23 - models.od_matrix_nonwork - INFO - Distance decay beta: 2
2026-09-28 16:55:23 - models.od_matrix_nonwork - INFO - Total non-employees (base): 263,746
2026-09-28 16:55:23 - models.od_matrix_nonwork - INFO - Total travelers (demand budget): 96,859
2026-09-28 16:55:23 - models.od_matrix_nonwork - INFO - Total POIs (destination): 2,525
2026-09-28 16:55:23 - models.od_matrix_nonwork - INFO - Extracting coordinates...
2026-09-28 16:55:23 - models.od_matrix_nonwork - INFO - Calculating distances and friction factors (mode: cosine_km)...
2026-09-28 16:55:23 - models.od_matrix_v3 - INFO -   Intrazonal distance set from zone area on 329 diagonal cells (factor 0.5): median 0 m -> 286 m
2026-09-28 16:55:23 - models.od_matrix_nonwork - INFO -   Distances in km: median 14.41, min 0.050, max 71.3
2026-09-28 16:55:23 - models.od_matrix_nonwork - INFO - Initial gravity model total trips: 96,859
2026-09-28 16:55:23 - models.od_matrix_nonwork - INFO - 
Running IPF iterations (max 50)...
2026-09-28 16:55:23 - models.od_matrix_nonwork - INFO -   Iteration 1: Max relative difference = 3.98e-16
2026-09-28 16:55:23 - models.od_matrix_nonwork - INFO - Converged after 1 iterations
2026-09-28 16:55:23 - models.od_matrix_nonwork - INFO - ======================================================================
2026-09-28 16:55:23 - models.od_matrix_nonwork - INFO - VERIFICATION
2026-09-28 16:55:23 - models.od_matrix_nonwork - INFO - ======================================================================
2026-09-28 16:55:23 - models.od_matrix_nonwork - INFO - Origin total: 96,859 | Matrix row sum: 96,859
2026-09-28 16:55:23 - models.od_matrix_nonwork - INFO - Max row constraint error: 1.71e-13
2026-09-28 16:55:23 - models.od_matrix_nonwork - INFO - Total trips in gravity model: 96,859
2026-09-28 16:55:23 - models.od_matrix_nonwork - INFO - 
2026-09-28 16:55:23 - models.od_matrix_nonwork - INFO -   Gravity model (block-group level): (351, 329)
2026-09-28 16:55:23 - models.od_matrix_nonwork - INFO -   Survey matrix: (1, 1)
2026-09-28 16:55:23 - models.od_matrix_nonwork - INFO - 
Combining survey and gravity models...
2026-09-28 16:55:23 - models.od_matrix_v3 - INFO - ======================================================================
2026-09-28 16:55:23 - models.od_matrix_v3 - INFO - COMBINING OD MATRICES
2026-09-28 16:55:23 - models.od_matrix_v3 - INFO - ======================================================================
2026-09-28 16:55:23 - models.od_matrix_v3 - INFO - Survey matrix shape: (1, 1)
2026-09-28 16:55:23 - models.od_matrix_v3 - INFO - Local matrix shape: (351, 329)
2026-09-28 16:55:23 - models.od_matrix_v3 - INFO - Alpha (survey weight): 0.10
2026-09-28 16:55:23 - models.od_matrix_v3 - INFO - Local weight: 0.90
2026-09-28 16:55:23 - models.od_matrix_v3 - INFO - Aligning survey to local matrix structure...
2026-09-28 16:55:23 - models.od_matrix_v3 - INFO - Combining matrices (alpha blend where survey exists, local only where survey is empty)...
2026-09-28 16:55:23 - models.od_matrix_v3 - INFO - No scaling target specified. Using local matrix total: 96,858
2026-09-28 16:55:23 - models.od_matrix_v3 - INFO - Matrix total before scaling: 96,859
2026-09-28 16:55:23 - models.od_matrix_v3 - INFO - Scale factor: 0.999995
2026-09-28 16:55:23 - models.od_matrix_v3 - INFO - Applying robust rounding to guarantee target total...
2026-09-28 16:55:23 - models.od_matrix_v3 - INFO - Total after flooring: 77,461
2026-09-28 16:55:23 - models.od_matrix_v3 - INFO - Remainder to distribute: 19,397
2026-09-28 16:55:23 - models.od_matrix_v3 - INFO - ======================================================================
2026-09-28 16:55:23 - models.od_matrix_v3 - INFO - VERIFICATION
2026-09-28 16:55:23 - models.od_matrix_v3 - INFO - ======================================================================
2026-09-28 16:55:23 - models.od_matrix_v3 - INFO - Survey total trips: 1,155
2026-09-28 16:55:23 - models.od_matrix_v3 - INFO - Local total trips: 96,859
2026-09-28 16:55:23 - models.od_matrix_v3 - INFO - Combined total trips (before scaling): 96,859
2026-09-28 16:55:23 - models.od_matrix_v3 - INFO - Combined total trips (after scaling & rounding): 96,858
2026-09-28 16:55:23 - models.od_matrix_v3 - INFO - Target total: 96,858
2026-09-28 16:55:23 - models.od_matrix_v3 - INFO - Difference: 0
2026-09-28 16:55:23 - models.od_matrix_v3 - INFO - Combined matrix shape: (351, 329)
2026-09-28 16:55:23 - models.od_matrix_nonwork - INFO - ======================================================================
2026-09-28 16:55:23 - models.od_matrix_nonwork - INFO - NONWORK OD MATRIX CREATION COMPLETE - SOCIAL
2026-09-28 16:55:23 - models.od_matrix_nonwork - INFO - ======================================================================
2026-09-28 16:55:23 - models.plan_generator_nonwork - INFO -   OD matrix shape: (351, 329)
2026-09-28 16:55:23 - models.plan_generator_nonwork - INFO -   Unscaled total trips: 96,858
2026-09-28 16:55:23 - models.plan_generator_nonwork - INFO -   Scaling factor: 0.25
2026-09-28 16:55:23 - models.plan_generator_nonwork - INFO -   Scaled total trips: 24,330
2026-09-28 16:55:23 - models.plan_generator_nonwork - INFO - NonWorkPlanGenerator initialization complete
2026-09-28 16:55:23 - models.plan_generator_nonwork - INFO - ============================================================
2026-09-28 16:55:23 - models.plan_generator_nonwork - INFO - SOCIAL PLAN GENERATION
2026-09-28 16:55:23 - models.plan_generator_nonwork - INFO - ============================================================
2026-09-28 16:55:23 - models.plan_generator_nonwork - INFO -   Population base (non-employees in region): 263,746
2026-09-28 16:55:23 - models.plan_generator_nonwork - INFO -   Unscaled Social trips: 96,858
2026-09-28 16:55:23 - models.plan_generator_nonwork - INFO -   Scaling factor: 0.25
2026-09-28 16:55:23 - models.plan_generator_nonwork - INFO -   Scaled Social trips: 24,330
2026-09-28 16:55:23 - models.plan_generator_nonwork - INFO -   Expected scaled trips: 24,214
2026-09-28 16:55:23 - models.plan_generator_nonwork - INFO -   Scaling accuracy: 100.5%
2026-09-28 16:55:23 - models.plan_generator_nonwork - INFO - 
2026-09-28 16:55:23 - models.plan_generator_nonwork - INFO - Generating all Social plans using multiprocessing...
2026-09-28 16:55:23 - models.plan_generator_nonwork - INFO -   Using all 24,330 trips from scaled OD matrix
2026-09-28 16:55:23 - models.plan_generator_nonwork - INFO - Using 30 processes for Social plan generation
2026-09-28 16:55:23 - models.plan_generator_nonwork - INFO - Pre-loading data for Social multiprocessing...
2026-09-28 16:55:23 - models.plan_generator_nonwork - INFO -   Serialized GTFS stop data for workers: bus=12113 stops
2026-09-28 16:55:23 - models.plan_generator_nonwork - INFO -   Prepared shared data with 8,087 home blocks
2026-09-28 16:55:23 - models.plan_generator_nonwork - INFO -   POI categories: 6
2026-09-28 16:55:23 - models.plan_generator_nonwork - INFO -   Chain patterns: 151
2026-09-28 16:55:23 - models.plan_generator_nonwork - INFO - Split 9221 OD pairs into 31 chunks
2026-09-28 16:55:51 - models.plan_generator_nonwork - INFO - 
2026-09-28 16:55:51 - models.plan_generator_nonwork - INFO - Social GENERATION COMPLETE
2026-09-28 16:55:51 - models.plan_generator_nonwork - INFO -   Plans generated: 24,330
2026-09-28 16:55:51 - models.plan_generator_nonwork - INFO -   Failed plans: 0
2026-09-28 16:55:51 - models.plan_generator_nonwork - INFO -   Chain retries: 5,575 / 30,011 attempts
2026-09-28 16:55:51 - models.plan_generator_nonwork - INFO -     Too short: 5,575
2026-09-28 16:55:51 - models.plan_generator_nonwork - INFO -     Bad structure (not Home-...-Home): 0
2026-09-28 16:55:51 - models.plan_generator_nonwork - INFO -     Missing purpose: 0
2026-09-28 16:55:51 - models.plan_generator_nonwork - INFO -     Contains Work: 0
2026-09-28 16:55:51 - models.plan_generator_nonwork - INFO -   POI retries: 4,986
2026-09-28 16:55:51 - models.plan_generator_nonwork - INFO -   Time retries: 0
2026-09-28 16:55:51 - models.plan_generator_nonwork - INFO -   Schedules built: 28,765
2026-09-28 16:55:51 - models.plan_generator_nonwork - INFO -     Trimmed to fit 24h: 147 (0.51%)
2026-09-28 16:55:51 - models.plan_generator_nonwork - INFO -     Dropped, over budget: 0 (0.00%)
2026-09-28 16:55:51 - models.plan_generator_nonwork - INFO -     Resampled, over budget (over_budget=resample): 4,435
2026-09-28 16:55:51 - models.plan_generator_nonwork - INFO -     Excess per trimmed schedule: mean 553.2 min, max 1630.6 min
2026-09-28 16:55:51 - models.plan_generator_nonwork - INFO -     Minutes actually removed: 78,968 total, mean 537.2 min
2026-09-28 16:55:51 - models.plan_generator_nonwork - INFO - ============================================================
2026-09-28 16:55:51 - models.mode_choice - INFO - ==================================================
2026-09-28 16:55:51 - models.mode_choice - INFO - MODE CHOICE STATISTICS
2026-09-28 16:55:51 - models.mode_choice - INFO - ==================================================
2026-09-28 16:55:51 - models.mode_choice - INFO -   Total mode choices: 79921
2026-09-28 16:55:51 - models.mode_choice - INFO -   Fallback mode used: 0 times
2026-09-28 16:55:51 - models.mode_choice - INFO -   Chain retries: 0
2026-09-28 16:55:51 - models.mode_choice - INFO -   Mode distribution in generated plans:
2026-09-28 16:55:51 - models.mode_choice - INFO -     car: 89.4%
2026-09-28 16:55:51 - models.mode_choice - INFO -     walk: 7.8%
2026-09-28 16:55:51 - models.mode_choice - INFO -     bus: 2.8%
2026-09-28 16:55:51 - models.mode_choice - INFO - ==================================================
2026-09-28 16:55:51 - __main__ - INFO - Generated 24,330 Social plans
2026-09-28 16:55:51 - __main__ - INFO - 
2026-09-28 16:55:51 - __main__ - INFO - ------------------------------------------------------------
2026-09-28 16:55:51 - __main__ - INFO - GENERATING DINING PLANS
2026-09-28 16:55:51 - __main__ - INFO - ------------------------------------------------------------
2026-09-28 16:55:51 - models.plan_generator_nonwork - INFO - Initialized NonWorkPlanGenerator for Dining
2026-09-28 16:55:51 - utils.coordinates - INFO - Initialized coordinate converter: EPSG:4326 <-> EPSG:26916
2026-09-28 16:55:51 - models.plan_generator_nonwork - INFO -   Coordinate system: WGS84 -> EPSG:26916
2026-09-28 16:55:51 - models.plan_generator_nonwork - INFO - Using pre-loaded shared data...
2026-09-28 16:55:51 - models.plan_generator_nonwork - INFO -   Using 8,087 home blocks (pre-loaded)
2026-09-28 16:55:51 - models.plan_generator_nonwork - INFO -   Using 9,393 POIs (pre-loaded)
2026-09-28 16:55:51 - models.plan_generator_nonwork - INFO -   Using 12,403 survey trips (pre-loaded)
2026-09-28 16:55:51 - models.plan_generator_nonwork - INFO -   Using 4,172 persons (pre-loaded)
2026-09-28 16:55:51 - models.plan_generator_nonwork - INFO -   Using 787 trip chains (pre-loaded)
2026-09-28 16:55:51 - models.plan_generator_nonwork - INFO -   Using 9,393 POI-to-block mappings (pre-computed)
2026-09-28 16:55:51 - models.plan_generator_nonwork - INFO -   Using shared trip duration model (pre-initialized)
2026-09-28 16:55:51 - models.plan_generator_nonwork - INFO -   Using shared activity duration model (pre-initialized)
2026-09-28 16:55:51 - models.plan_generator_nonwork - INFO -   Using shared POI spatial index (pre-built)
2026-09-28 16:55:51 - models.plan_generator_nonwork - INFO - Initializing time models...
2026-09-28 16:55:51 - models.plan_generator_nonwork - INFO -   Using shared trip duration model
2026-09-28 16:55:51 - models.plan_generator_nonwork - INFO -   Using shared activity duration model
2026-09-28 16:55:51 - models.plan_generator_nonwork - INFO -   Time models initialized
2026-09-28 16:55:51 - models.plan_generator_nonwork - INFO -   Average trip duration: 20.4 minutes
2026-09-28 16:55:51 - models.plan_generator_nonwork - INFO - Initializing POI components...
2026-09-28 16:55:51 - models.plan_generator_nonwork - INFO -   Using shared POI spatial index: 6 activity types, 9,393 POIs
2026-09-28 16:55:51 - models.plan_generator_nonwork - INFO -   POI weighting enabled: True
2026-09-28 16:55:51 - models.plan_generator_nonwork - INFO - Initializing chain model...
2026-09-28 16:55:51 - models.plan_generator_nonwork - INFO -   Dining: budget chain model, 75 main-purpose patterns
2026-09-28 16:55:51 - models.plan_generator_nonwork - INFO - Initializing GTFS transit availability...
2026-09-28 16:55:52 - models.plan_generator_nonwork - INFO -   GTFS availability rebuilt from shared data: bus=12113 stops
2026-09-28 16:55:52 - models.plan_generator_nonwork - INFO - Initializing mode choice model...
2026-09-28 16:55:52 - models.mode_choice - INFO - Computing mode shares from survey data...
2026-09-28 16:55:52 - models.mode_choice - INFO - Computed mode rates for 8 purposes
2026-09-28 16:55:52 - models.mode_choice - INFO -   Overall mode distribution: car=87.2%, walk=6.3%, school_bus=3.2%, bike=1.2%, bus=0.8%, rail=0.6%, rideshare=0.5%, other=0.3%
2026-09-28 16:55:52 - models.mode_choice - INFO - ModeChoiceModel initialized with 3 modes: ['car', 'bus', 'walk']
2026-09-28 16:55:52 - models.plan_generator_nonwork - INFO - Creating Dining OD matrix...
2026-09-28 16:55:52 - models.plan_generator_nonwork - INFO -   Using pre-computed POI-to-block mapping
2026-09-28 16:55:52 - models.od_matrix_nonwork - INFO - ======================================================================
2026-09-28 16:55:52 - models.od_matrix_nonwork - INFO - CREATING NON-WORK OD MATRIX - DINING
2026-09-28 16:55:52 - models.od_matrix_nonwork - INFO - ======================================================================
2026-09-28 16:55:52 - models.od_matrix_nonwork - INFO - Configuration:
2026-09-28 16:55:52 - models.od_matrix_nonwork - INFO -   Beta (distance decay): 2
2026-09-28 16:55:52 - models.od_matrix_nonwork - INFO -   Alpha (survey weight): 0.1
2026-09-28 16:55:52 - models.od_matrix_nonwork - INFO -   Distance mode: cosine_km
2026-09-28 16:55:52 - models.od_matrix_nonwork - INFO - Calculating POI density for Dining...
2026-09-28 16:55:52 - models.od_matrix_nonwork - INFO -   Total POIs to process: 9,393
2026-09-28 16:55:52 - models.od_matrix_nonwork - INFO -   Filtered to 1,268 Dining POIs
2026-09-28 16:55:52 - models.od_matrix_nonwork - INFO -   Using pre-computed POI-to-block mapping (fast path)
2026-09-28 16:55:52 - models.od_matrix_nonwork - INFO -   POI assignment complete:
2026-09-28 16:55:52 - models.od_matrix_nonwork - INFO -     Blocks with POIs: 539
2026-09-28 16:55:52 - models.od_matrix_nonwork - INFO -     Total POIs assigned: 1,268
2026-09-28 16:55:52 - models.od_matrix_nonwork - INFO -     Avg POIs per block (non-zero): 2.4
2026-09-28 16:55:52 - models.od_matrix_nonwork - INFO - Creating survey OD matrix for Dining...
2026-09-28 16:55:52 - models.od_matrix_nonwork - INFO -   Filtered to 776 trips (from 12,403 total)
2026-09-28 16:55:52 - models.od_matrix_nonwork - INFO -   Survey OD matrix created: (1, 1)
2026-09-28 16:55:52 - models.od_matrix_nonwork - INFO -   Total trips in survey matrix: 776
2026-09-28 16:55:52 - models.od_matrix_nonwork - INFO - ======================================================================
2026-09-28 16:55:52 - models.od_matrix_nonwork - INFO - SINGLY-CONSTRAINED GRAVITY MODEL - DINING
2026-09-28 16:55:52 - models.od_matrix_nonwork - INFO - ======================================================================
2026-09-28 16:55:52 - models.od_matrix_nonwork - INFO - Origins from the demand budget ('nw_origin_Dining' per home block)
2026-09-28 16:55:52 - models.od_matrix_nonwork - INFO -   Pre-aggregated 8,087 blocks -> 351 block_groups (home)
2026-09-28 16:55:52 - models.od_matrix_nonwork - INFO -   Pre-aggregated POI blocks -> 238 block_groups with POIs
2026-09-28 16:55:52 - models.od_matrix_nonwork - INFO - Number of home block_groups: 351
2026-09-28 16:55:52 - models.od_matrix_nonwork - INFO - Number of destination block_groups (with POIs): 238
2026-09-28 16:55:52 - models.od_matrix_nonwork - INFO - Distance decay beta: 2
2026-09-28 16:55:52 - models.od_matrix_nonwork - INFO - Total non-employees (base): 263,746
2026-09-28 16:55:52 - models.od_matrix_nonwork - INFO - Total travelers (demand budget): 48,017
2026-09-28 16:55:52 - models.od_matrix_nonwork - INFO - Total POIs (destination): 1,268
2026-09-28 16:55:52 - models.od_matrix_nonwork - INFO - Extracting coordinates...
2026-09-28 16:55:52 - models.od_matrix_nonwork - INFO - Calculating distances and friction factors (mode: cosine_km)...
2026-09-28 16:55:52 - models.od_matrix_v3 - INFO -   Intrazonal distance set from zone area on 238 diagonal cells (factor 0.5): median 0 m -> 284 m
2026-09-28 16:55:52 - models.od_matrix_nonwork - INFO -   Distances in km: median 14.15, min 0.050, max 71.3
2026-09-28 16:55:52 - models.od_matrix_nonwork - INFO - Initial gravity model total trips: 48,017
2026-09-28 16:55:52 - models.od_matrix_nonwork - INFO - 
Running IPF iterations (max 50)...
2026-09-28 16:55:52 - models.od_matrix_nonwork - INFO -   Iteration 1: Max relative difference = 3.39e-16
2026-09-28 16:55:52 - models.od_matrix_nonwork - INFO - Converged after 1 iterations
2026-09-28 16:55:52 - models.od_matrix_nonwork - INFO - ======================================================================
2026-09-28 16:55:52 - models.od_matrix_nonwork - INFO - VERIFICATION
2026-09-28 16:55:52 - models.od_matrix_nonwork - INFO - ======================================================================
2026-09-28 16:55:52 - models.od_matrix_nonwork - INFO - Origin total: 48,017 | Matrix row sum: 48,017
2026-09-28 16:55:52 - models.od_matrix_nonwork - INFO - Max row constraint error: 5.68e-14
2026-09-28 16:55:52 - models.od_matrix_nonwork - INFO - Total trips in gravity model: 48,017
2026-09-28 16:55:52 - models.od_matrix_nonwork - INFO - 
2026-09-28 16:55:52 - models.od_matrix_nonwork - INFO -   Gravity model (block-group level): (351, 238)
2026-09-28 16:55:52 - models.od_matrix_nonwork - INFO -   Survey matrix: (1, 1)
2026-09-28 16:55:52 - models.od_matrix_nonwork - INFO - 
Combining survey and gravity models...
2026-09-28 16:55:52 - models.od_matrix_v3 - INFO - ======================================================================
2026-09-28 16:55:52 - models.od_matrix_v3 - INFO - COMBINING OD MATRICES
2026-09-28 16:55:52 - models.od_matrix_v3 - INFO - ======================================================================
2026-09-28 16:55:52 - models.od_matrix_v3 - INFO - Survey matrix shape: (1, 1)
2026-09-28 16:55:52 - models.od_matrix_v3 - INFO - Local matrix shape: (351, 238)
2026-09-28 16:55:52 - models.od_matrix_v3 - INFO - Alpha (survey weight): 0.10
2026-09-28 16:55:52 - models.od_matrix_v3 - INFO - Local weight: 0.90
2026-09-28 16:55:52 - models.od_matrix_v3 - INFO - Aligning survey to local matrix structure...
2026-09-28 16:55:52 - models.od_matrix_v3 - INFO - Combining matrices (alpha blend where survey exists, local only where survey is empty)...
2026-09-28 16:55:52 - models.od_matrix_v3 - INFO - No scaling target specified. Using local matrix total: 48,017
2026-09-28 16:55:52 - models.od_matrix_v3 - INFO - Matrix total before scaling: 48,017
2026-09-28 16:55:52 - models.od_matrix_v3 - INFO - Scale factor: 0.999991
2026-09-28 16:55:52 - models.od_matrix_v3 - INFO - Applying robust rounding to guarantee target total...
2026-09-28 16:55:52 - models.od_matrix_v3 - INFO - Total after flooring: 35,458
2026-09-28 16:55:52 - models.od_matrix_v3 - INFO - Remainder to distribute: 12,559
2026-09-28 16:55:52 - models.od_matrix_v3 - INFO - ======================================================================
2026-09-28 16:55:52 - models.od_matrix_v3 - INFO - VERIFICATION
2026-09-28 16:55:52 - models.od_matrix_v3 - INFO - ======================================================================
2026-09-28 16:55:52 - models.od_matrix_v3 - INFO - Survey total trips: 776
2026-09-28 16:55:52 - models.od_matrix_v3 - INFO - Local total trips: 48,017
2026-09-28 16:55:52 - models.od_matrix_v3 - INFO - Combined total trips (before scaling): 48,017
2026-09-28 16:55:52 - models.od_matrix_v3 - INFO - Combined total trips (after scaling & rounding): 48,017
2026-09-28 16:55:52 - models.od_matrix_v3 - INFO - Target total: 48,017
2026-09-28 16:55:52 - models.od_matrix_v3 - INFO - Difference: 0
2026-09-28 16:55:52 - models.od_matrix_v3 - INFO - Combined matrix shape: (351, 238)
2026-09-28 16:55:52 - models.od_matrix_nonwork - INFO - ======================================================================
2026-09-28 16:55:52 - models.od_matrix_nonwork - INFO - NONWORK OD MATRIX CREATION COMPLETE - DINING
2026-09-28 16:55:52 - models.od_matrix_nonwork - INFO - ======================================================================
2026-09-28 16:55:52 - models.plan_generator_nonwork - INFO -   OD matrix shape: (351, 238)
2026-09-28 16:55:52 - models.plan_generator_nonwork - INFO -   Unscaled total trips: 48,017
2026-09-28 16:55:52 - models.plan_generator_nonwork - INFO -   Scaling factor: 0.25
2026-09-28 16:55:52 - models.plan_generator_nonwork - INFO -   Scaled total trips: 11,967
2026-09-28 16:55:52 - models.plan_generator_nonwork - INFO - NonWorkPlanGenerator initialization complete
2026-09-28 16:55:52 - models.plan_generator_nonwork - INFO - ============================================================
2026-09-28 16:55:52 - models.plan_generator_nonwork - INFO - DINING PLAN GENERATION
2026-09-28 16:55:52 - models.plan_generator_nonwork - INFO - ============================================================
2026-09-28 16:55:52 - models.plan_generator_nonwork - INFO -   Population base (non-employees in region): 263,746
2026-09-28 16:55:52 - models.plan_generator_nonwork - INFO -   Unscaled Dining trips: 48,017
2026-09-28 16:55:52 - models.plan_generator_nonwork - INFO -   Scaling factor: 0.25
2026-09-28 16:55:52 - models.plan_generator_nonwork - INFO -   Scaled Dining trips: 11,967
2026-09-28 16:55:52 - models.plan_generator_nonwork - INFO -   Expected scaled trips: 12,004
2026-09-28 16:55:52 - models.plan_generator_nonwork - INFO -   Scaling accuracy: 99.7%
2026-09-28 16:55:52 - models.plan_generator_nonwork - INFO - 
2026-09-28 16:55:52 - models.plan_generator_nonwork - INFO - Generating all Dining plans using multiprocessing...
2026-09-28 16:55:52 - models.plan_generator_nonwork - INFO -   Using all 11,967 trips from scaled OD matrix
2026-09-28 16:55:52 - models.plan_generator_nonwork - INFO - Using 30 processes for Dining plan generation
2026-09-28 16:55:52 - models.plan_generator_nonwork - INFO - Pre-loading data for Dining multiprocessing...
2026-09-28 16:55:52 - models.plan_generator_nonwork - INFO -   Serialized GTFS stop data for workers: bus=12113 stops
2026-09-28 16:55:52 - models.plan_generator_nonwork - INFO -   Prepared shared data with 8,087 home blocks
2026-09-28 16:55:52 - models.plan_generator_nonwork - INFO -   POI categories: 6
2026-09-28 16:55:52 - models.plan_generator_nonwork - INFO -   Chain patterns: 75
2026-09-28 16:55:52 - models.plan_generator_nonwork - INFO - Split 6039 OD pairs into 31 chunks
2026-09-28 16:56:15 - models.plan_generator_nonwork - INFO - 
2026-09-28 16:56:15 - models.plan_generator_nonwork - INFO - Dining GENERATION COMPLETE
2026-09-28 16:56:15 - models.plan_generator_nonwork - INFO -   Plans generated: 11,967
2026-09-28 16:56:15 - models.plan_generator_nonwork - INFO -   Failed plans: 0
2026-09-28 16:56:15 - models.plan_generator_nonwork - INFO -   Chain retries: 247 / 12,263 attempts
2026-09-28 16:56:15 - models.plan_generator_nonwork - INFO -     Too short: 247
2026-09-28 16:56:15 - models.plan_generator_nonwork - INFO -     Bad structure (not Home-...-Home): 0
2026-09-28 16:56:15 - models.plan_generator_nonwork - INFO -     Missing purpose: 0
2026-09-28 16:56:15 - models.plan_generator_nonwork - INFO -     Contains Work: 0
2026-09-28 16:56:15 - models.plan_generator_nonwork - INFO -   POI retries: 1,764
2026-09-28 16:56:15 - models.plan_generator_nonwork - INFO -   Time retries: 0
2026-09-28 16:56:15 - models.plan_generator_nonwork - INFO -   Schedules built: 12,535
2026-09-28 16:56:15 - models.plan_generator_nonwork - INFO -     Trimmed to fit 24h: 2 (0.02%)
2026-09-28 16:56:15 - models.plan_generator_nonwork - INFO -     Dropped, over budget: 0 (0.00%)
2026-09-28 16:56:15 - models.plan_generator_nonwork - INFO -     Resampled, over budget (over_budget=resample): 568
2026-09-28 16:56:15 - models.plan_generator_nonwork - INFO -     Excess per trimmed schedule: mean 139.8 min, max 155.6 min
2026-09-28 16:56:15 - models.plan_generator_nonwork - INFO -     Minutes actually removed: 298 total, mean 148.9 min
2026-09-28 16:56:15 - models.plan_generator_nonwork - INFO - ============================================================
2026-09-28 16:56:15 - models.mode_choice - INFO - ==================================================
2026-09-28 16:56:15 - models.mode_choice - INFO - MODE CHOICE STATISTICS
2026-09-28 16:56:15 - models.mode_choice - INFO - ==================================================
2026-09-28 16:56:15 - models.mode_choice - INFO -   Total mode choices: 35410
2026-09-28 16:56:15 - models.mode_choice - INFO -   Fallback mode used: 0 times
2026-09-28 16:56:15 - models.mode_choice - INFO -   Chain retries: 0
2026-09-28 16:56:15 - models.mode_choice - INFO -   Mode distribution in generated plans:
2026-09-28 16:56:15 - models.mode_choice - INFO -     car: 92.5%
2026-09-28 16:56:15 - models.mode_choice - INFO -     walk: 5.1%
2026-09-28 16:56:15 - models.mode_choice - INFO -     bus: 2.4%
2026-09-28 16:56:15 - models.mode_choice - INFO - ==================================================
2026-09-28 16:56:15 - __main__ - INFO - Generated 11,967 Dining plans
2026-09-28 16:56:15 - __main__ - INFO - 
2026-09-28 16:56:15 - __main__ - INFO - ------------------------------------------------------------
2026-09-28 16:56:15 - __main__ - INFO - GENERATING OTHER PLANS
2026-09-28 16:56:15 - __main__ - INFO - ------------------------------------------------------------
2026-09-28 16:56:15 - models.plan_generator_nonwork - INFO - Initialized NonWorkPlanGenerator for Other
2026-09-28 16:56:15 - utils.coordinates - INFO - Initialized coordinate converter: EPSG:4326 <-> EPSG:26916
2026-09-28 16:56:15 - models.plan_generator_nonwork - INFO -   Coordinate system: WGS84 -> EPSG:26916
2026-09-28 16:56:15 - models.plan_generator_nonwork - INFO - Using pre-loaded shared data...
2026-09-28 16:56:15 - models.plan_generator_nonwork - INFO -   Using 8,087 home blocks (pre-loaded)
2026-09-28 16:56:15 - models.plan_generator_nonwork - INFO -   Using 9,393 POIs (pre-loaded)
2026-09-28 16:56:15 - models.plan_generator_nonwork - INFO -   Using 12,403 survey trips (pre-loaded)
2026-09-28 16:56:15 - models.plan_generator_nonwork - INFO -   Using 4,172 persons (pre-loaded)
2026-09-28 16:56:15 - models.plan_generator_nonwork - INFO -   Using 787 trip chains (pre-loaded)
2026-09-28 16:56:15 - models.plan_generator_nonwork - INFO -   Using 9,393 POI-to-block mappings (pre-computed)
2026-09-28 16:56:15 - models.plan_generator_nonwork - INFO -   Using shared trip duration model (pre-initialized)
2026-09-28 16:56:15 - models.plan_generator_nonwork - INFO -   Using shared activity duration model (pre-initialized)
2026-09-28 16:56:15 - models.plan_generator_nonwork - INFO -   Using shared POI spatial index (pre-built)
2026-09-28 16:56:15 - models.plan_generator_nonwork - INFO - Initializing time models...
2026-09-28 16:56:15 - models.plan_generator_nonwork - INFO -   Using shared trip duration model
2026-09-28 16:56:15 - models.plan_generator_nonwork - INFO -   Using shared activity duration model
2026-09-28 16:56:15 - models.plan_generator_nonwork - INFO -   Time models initialized
2026-09-28 16:56:15 - models.plan_generator_nonwork - INFO -   Average trip duration: 20.4 minutes
2026-09-28 16:56:15 - models.plan_generator_nonwork - INFO - Initializing POI components...
2026-09-28 16:56:15 - models.plan_generator_nonwork - INFO -   Using shared POI spatial index: 6 activity types, 9,393 POIs
2026-09-28 16:56:15 - models.plan_generator_nonwork - INFO -   POI weighting enabled: True
2026-09-28 16:56:15 - models.plan_generator_nonwork - INFO - Initializing chain model...
2026-09-28 16:56:15 - models.plan_generator_nonwork - INFO -   Other: budget chain model, 67 main-purpose patterns
2026-09-28 16:56:15 - models.plan_generator_nonwork - INFO - Initializing GTFS transit availability...
2026-09-28 16:56:15 - models.plan_generator_nonwork - INFO -   GTFS availability rebuilt from shared data: bus=12113 stops
2026-09-28 16:56:15 - models.plan_generator_nonwork - INFO - Initializing mode choice model...
2026-09-28 16:56:15 - models.mode_choice - INFO - Computing mode shares from survey data...
2026-09-28 16:56:15 - models.mode_choice - INFO - Computed mode rates for 8 purposes
2026-09-28 16:56:15 - models.mode_choice - INFO -   Overall mode distribution: car=87.2%, walk=6.3%, school_bus=3.2%, bike=1.2%, bus=0.8%, rail=0.6%, rideshare=0.5%, other=0.3%
2026-09-28 16:56:15 - models.mode_choice - INFO - ModeChoiceModel initialized with 3 modes: ['car', 'bus', 'walk']
2026-09-28 16:56:15 - models.plan_generator_nonwork - INFO - Creating Other OD matrix...
2026-09-28 16:56:15 - models.plan_generator_nonwork - INFO -   Using pre-computed POI-to-block mapping
2026-09-28 16:56:15 - models.od_matrix_nonwork - INFO - ======================================================================
2026-09-28 16:56:15 - models.od_matrix_nonwork - INFO - CREATING NON-WORK OD MATRIX - OTHER
2026-09-28 16:56:15 - models.od_matrix_nonwork - INFO - ======================================================================
2026-09-28 16:56:15 - models.od_matrix_nonwork - INFO - Configuration:
2026-09-28 16:56:15 - models.od_matrix_nonwork - INFO -   Beta (distance decay): 2
2026-09-28 16:56:15 - models.od_matrix_nonwork - INFO -   Alpha (survey weight): 0.1
2026-09-28 16:56:15 - models.od_matrix_nonwork - INFO -   Distance mode: cosine_km
2026-09-28 16:56:15 - models.od_matrix_nonwork - INFO - Calculating POI density for Other...
2026-09-28 16:56:15 - models.od_matrix_nonwork - INFO -   Total POIs to process: 9,393
2026-09-28 16:56:15 - models.od_matrix_nonwork - INFO -   Filtered to 4,677 Other POIs
2026-09-28 16:56:15 - models.od_matrix_nonwork - INFO -   Using pre-computed POI-to-block mapping (fast path)
2026-09-28 16:56:15 - models.od_matrix_nonwork - INFO -   POI assignment complete:
2026-09-28 16:56:15 - models.od_matrix_nonwork - INFO -     Blocks with POIs: 1,609
2026-09-28 16:56:15 - models.od_matrix_nonwork - INFO -     Total POIs assigned: 4,677
2026-09-28 16:56:15 - models.od_matrix_nonwork - INFO -     Avg POIs per block (non-zero): 2.9
2026-09-28 16:56:15 - models.od_matrix_nonwork - INFO - Creating survey OD matrix for Other...
2026-09-28 16:56:15 - models.od_matrix_nonwork - INFO -   Filtered to 522 trips (from 12,403 total)
2026-09-28 16:56:15 - models.od_matrix_nonwork - INFO -   Survey OD matrix created: (1, 1)
2026-09-28 16:56:15 - models.od_matrix_nonwork - INFO -   Total trips in survey matrix: 522
2026-09-28 16:56:15 - models.od_matrix_nonwork - INFO - ======================================================================
2026-09-28 16:56:15 - models.od_matrix_nonwork - INFO - SINGLY-CONSTRAINED GRAVITY MODEL - OTHER
2026-09-28 16:56:15 - models.od_matrix_nonwork - INFO - ======================================================================
2026-09-28 16:56:15 - models.od_matrix_nonwork - INFO - Origins from the demand budget ('nw_origin_Other' per home block)
2026-09-28 16:56:15 - models.od_matrix_nonwork - INFO -   Pre-aggregated 8,087 blocks -> 351 block_groups (home)
2026-09-28 16:56:15 - models.od_matrix_nonwork - INFO -   Pre-aggregated POI blocks -> 339 block_groups with POIs
2026-09-28 16:56:15 - models.od_matrix_nonwork - INFO - Number of home block_groups: 351
2026-09-28 16:56:15 - models.od_matrix_nonwork - INFO - Number of destination block_groups (with POIs): 339
2026-09-28 16:56:15 - models.od_matrix_nonwork - INFO - Distance decay beta: 2
2026-09-28 16:56:15 - models.od_matrix_nonwork - INFO - Total non-employees (base): 263,746
2026-09-28 16:56:15 - models.od_matrix_nonwork - INFO - Total travelers (demand budget): 42,309
2026-09-28 16:56:15 - models.od_matrix_nonwork - INFO - Total POIs (destination): 4,677
2026-09-28 16:56:15 - models.od_matrix_nonwork - INFO - Extracting coordinates...
2026-09-28 16:56:15 - models.od_matrix_nonwork - INFO - Calculating distances and friction factors (mode: cosine_km)...
2026-09-28 16:56:15 - models.od_matrix_v3 - INFO -   Intrazonal distance set from zone area on 339 diagonal cells (factor 0.5): median 0 m -> 286 m
2026-09-28 16:56:15 - models.od_matrix_nonwork - INFO -   Distances in km: median 14.36, min 0.050, max 71.4
2026-09-28 16:56:15 - models.od_matrix_nonwork - INFO - Initial gravity model total trips: 42,309
2026-09-28 16:56:15 - models.od_matrix_nonwork - INFO - 
Running IPF iterations (max 50)...
2026-09-28 16:56:15 - models.od_matrix_nonwork - INFO -   Iteration 1: Max relative difference = 4.41e-16
2026-09-28 16:56:15 - models.od_matrix_nonwork - INFO - Converged after 1 iterations
2026-09-28 16:56:15 - models.od_matrix_nonwork - INFO - ======================================================================
2026-09-28 16:56:15 - models.od_matrix_nonwork - INFO - VERIFICATION
2026-09-28 16:56:15 - models.od_matrix_nonwork - INFO - ======================================================================
2026-09-28 16:56:15 - models.od_matrix_nonwork - INFO - Origin total: 42,309 | Matrix row sum: 42,309
2026-09-28 16:56:15 - models.od_matrix_nonwork - INFO - Max row constraint error: 1.14e-13
2026-09-28 16:56:15 - models.od_matrix_nonwork - INFO - Total trips in gravity model: 42,309
2026-09-28 16:56:15 - models.od_matrix_nonwork - INFO - 
2026-09-28 16:56:15 - models.od_matrix_nonwork - INFO -   Gravity model (block-group level): (351, 339)
2026-09-28 16:56:15 - models.od_matrix_nonwork - INFO -   Survey matrix: (1, 1)
2026-09-28 16:56:15 - models.od_matrix_nonwork - INFO - 
Combining survey and gravity models...
2026-09-28 16:56:15 - models.od_matrix_v3 - INFO - ======================================================================
2026-09-28 16:56:15 - models.od_matrix_v3 - INFO - COMBINING OD MATRICES
2026-09-28 16:56:15 - models.od_matrix_v3 - INFO - ======================================================================
2026-09-28 16:56:15 - models.od_matrix_v3 - INFO - Survey matrix shape: (1, 1)
2026-09-28 16:56:15 - models.od_matrix_v3 - INFO - Local matrix shape: (351, 339)
2026-09-28 16:56:15 - models.od_matrix_v3 - INFO - Alpha (survey weight): 0.10
2026-09-28 16:56:15 - models.od_matrix_v3 - INFO - Local weight: 0.90
2026-09-28 16:56:15 - models.od_matrix_v3 - INFO - Aligning survey to local matrix structure...
2026-09-28 16:56:15 - models.od_matrix_v3 - INFO - Combining matrices (alpha blend where survey exists, local only where survey is empty)...
2026-09-28 16:56:15 - models.od_matrix_v3 - INFO - No scaling target specified. Using local matrix total: 42,309
2026-09-28 16:56:15 - models.od_matrix_v3 - INFO - Matrix total before scaling: 42,309
2026-09-28 16:56:15 - models.od_matrix_v3 - INFO - Scale factor: 0.999994
2026-09-28 16:56:15 - models.od_matrix_v3 - INFO - Applying robust rounding to guarantee target total...
2026-09-28 16:56:15 - models.od_matrix_v3 - INFO - Total after flooring: 29,645
2026-09-28 16:56:15 - models.od_matrix_v3 - INFO - Remainder to distribute: 12,664
2026-09-28 16:56:15 - models.od_matrix_v3 - INFO - ======================================================================
2026-09-28 16:56:15 - models.od_matrix_v3 - INFO - VERIFICATION
2026-09-28 16:56:15 - models.od_matrix_v3 - INFO - ======================================================================
2026-09-28 16:56:15 - models.od_matrix_v3 - INFO - Survey total trips: 522
2026-09-28 16:56:15 - models.od_matrix_v3 - INFO - Local total trips: 42,309
2026-09-28 16:56:15 - models.od_matrix_v3 - INFO - Combined total trips (before scaling): 42,309
2026-09-28 16:56:15 - models.od_matrix_v3 - INFO - Combined total trips (after scaling & rounding): 42,309
2026-09-28 16:56:15 - models.od_matrix_v3 - INFO - Target total: 42,309
2026-09-28 16:56:15 - models.od_matrix_v3 - INFO - Difference: 0
2026-09-28 16:56:15 - models.od_matrix_v3 - INFO - Combined matrix shape: (351, 339)
2026-09-28 16:56:15 - models.od_matrix_nonwork - INFO - ======================================================================
2026-09-28 16:56:15 - models.od_matrix_nonwork - INFO - NONWORK OD MATRIX CREATION COMPLETE - OTHER
2026-09-28 16:56:15 - models.od_matrix_nonwork - INFO - ======================================================================
2026-09-28 16:56:15 - models.plan_generator_nonwork - INFO -   OD matrix shape: (351, 339)
2026-09-28 16:56:15 - models.plan_generator_nonwork - INFO -   Unscaled total trips: 42,309
2026-09-28 16:56:15 - models.plan_generator_nonwork - INFO -   Scaling factor: 0.25
2026-09-28 16:56:15 - models.plan_generator_nonwork - INFO -   Scaled total trips: 10,581
2026-09-28 16:56:15 - models.plan_generator_nonwork - INFO - NonWorkPlanGenerator initialization complete
2026-09-28 16:56:15 - models.plan_generator_nonwork - INFO - ============================================================
2026-09-28 16:56:15 - models.plan_generator_nonwork - INFO - OTHER PLAN GENERATION
2026-09-28 16:56:15 - models.plan_generator_nonwork - INFO - ============================================================
2026-09-28 16:56:15 - models.plan_generator_nonwork - INFO -   Population base (non-employees in region): 263,746
2026-09-28 16:56:15 - models.plan_generator_nonwork - INFO -   Unscaled Other trips: 42,309
2026-09-28 16:56:15 - models.plan_generator_nonwork - INFO -   Scaling factor: 0.25
2026-09-28 16:56:15 - models.plan_generator_nonwork - INFO -   Scaled Other trips: 10,581
2026-09-28 16:56:15 - models.plan_generator_nonwork - INFO -   Expected scaled trips: 10,577
2026-09-28 16:56:15 - models.plan_generator_nonwork - INFO -   Scaling accuracy: 100.0%
2026-09-28 16:56:15 - models.plan_generator_nonwork - INFO - 
2026-09-28 16:56:15 - models.plan_generator_nonwork - INFO - Generating all Other plans using multiprocessing...
2026-09-28 16:56:15 - models.plan_generator_nonwork - INFO -   Using all 10,581 trips from scaled OD matrix
2026-09-28 16:56:15 - models.plan_generator_nonwork - INFO - Using 30 processes for Other plan generation
2026-09-28 16:56:15 - models.plan_generator_nonwork - INFO - Pre-loading data for Other multiprocessing...
2026-09-28 16:56:15 - models.plan_generator_nonwork - INFO -   Serialized GTFS stop data for workers: bus=12113 stops
2026-09-28 16:56:15 - models.plan_generator_nonwork - INFO -   Prepared shared data with 8,087 home blocks
2026-09-28 16:56:15 - models.plan_generator_nonwork - INFO -   POI categories: 6
2026-09-28 16:56:15 - models.plan_generator_nonwork - INFO -   Chain patterns: 67
2026-09-28 16:56:15 - models.plan_generator_nonwork - INFO - Split 5304 OD pairs into 31 chunks
2026-09-28 16:56:38 - models.plan_generator_nonwork - INFO - 
2026-09-28 16:56:38 - models.plan_generator_nonwork - INFO - Other GENERATION COMPLETE
2026-09-28 16:56:38 - models.plan_generator_nonwork - INFO -   Plans generated: 10,581
2026-09-28 16:56:38 - models.plan_generator_nonwork - INFO -   Failed plans: 0
2026-09-28 16:56:38 - models.plan_generator_nonwork - INFO -   Chain retries: 1,037 / 11,652 attempts
2026-09-28 16:56:38 - models.plan_generator_nonwork - INFO -     Too short: 1,037
2026-09-28 16:56:38 - models.plan_generator_nonwork - INFO -     Bad structure (not Home-...-Home): 0
2026-09-28 16:56:38 - models.plan_generator_nonwork - INFO -     Missing purpose: 0
2026-09-28 16:56:38 - models.plan_generator_nonwork - INFO -     Contains Work: 0
2026-09-28 16:56:38 - models.plan_generator_nonwork - INFO -   POI retries: 1,426
2026-09-28 16:56:38 - models.plan_generator_nonwork - INFO -   Time retries: 1
2026-09-28 16:56:38 - models.plan_generator_nonwork - INFO -   Schedules built: 11,160
2026-09-28 16:56:38 - models.plan_generator_nonwork - INFO -     Trimmed to fit 24h: 4 (0.04%)
2026-09-28 16:56:38 - models.plan_generator_nonwork - INFO -     Dropped, over budget: 1 (0.01%)
2026-09-28 16:56:38 - models.plan_generator_nonwork - INFO -     Resampled, over budget (over_budget=resample): 578
2026-09-28 16:56:38 - models.plan_generator_nonwork - INFO -     Excess per trimmed schedule: mean 360.1 min, max 656.8 min
2026-09-28 16:56:38 - models.plan_generator_nonwork - INFO -     Minutes actually removed: 1,461 total, mean 365.2 min
2026-09-28 16:56:38 - models.plan_generator_nonwork - INFO - ============================================================
2026-09-28 16:56:38 - models.mode_choice - INFO - ==================================================
2026-09-28 16:56:38 - models.mode_choice - INFO - MODE CHOICE STATISTICS
2026-09-28 16:56:38 - models.mode_choice - INFO - ==================================================
2026-09-28 16:56:38 - models.mode_choice - INFO -   Total mode choices: 29384
2026-09-28 16:56:38 - models.mode_choice - INFO -   Fallback mode used: 0 times
2026-09-28 16:56:38 - models.mode_choice - INFO -   Chain retries: 0
2026-09-28 16:56:38 - models.mode_choice - INFO -   Mode distribution in generated plans:
2026-09-28 16:56:38 - models.mode_choice - INFO -     car: 93.0%
2026-09-28 16:56:38 - models.mode_choice - INFO -     bus: 3.5%
2026-09-28 16:56:38 - models.mode_choice - INFO -     walk: 3.4%
2026-09-28 16:56:38 - models.mode_choice - INFO - ==================================================
2026-09-28 16:56:38 - __main__ - INFO - Generated 10,581 Other plans
2026-09-28 16:56:38 - __main__ - INFO - 
2026-09-28 16:56:38 - models.freight.plans - INFO - ============================================================
2026-09-28 16:56:38 - models.freight.plans - INFO - GENERATING BOUNDARY FREIGHT
2026-09-28 16:56:38 - models.freight.plans - INFO - ============================================================
2026-09-28 16:56:38 - utils.coordinates - INFO - Initialized coordinate converter: EPSG:4326 <-> EPSG:26916
2026-09-28 16:56:40 - models.freight.cordons - INFO - Network: 36,066 nodes, 81,752 links; reach 25.5-42.7 km by direction
2026-09-28 16:56:40 - models.freight.cordons - INFO - Motorway termini past peripherality 0.6: 49 inbound, 55 outbound
2026-09-28 16:56:40 - models.freight.cordons - INFO - Cordons after deduplication: 63
2026-09-28 16:56:41 - models.work_locs_v2 - INFO - Loading work locations for 1 counties from config...
2026-09-28 16:56:42 - models.work_locs_v2 - INFO - Loaded 4,368 work location blocks for 1 counties
2026-09-28 16:56:42 - models.freight.plans - INFO - Loaded 4,368 freight zones, total attractor 98,589 (freight_employment)
2026-09-28 16:56:42 - models.freight.generator - INFO - Anchored 63 cordons to zones: median 812 m, max 4806 m
2026-09-28 16:56:42 - models.freight.truck_share - INFO - TMAS f_system for WI ['025']: 3U (10/22 station-directions)
2026-09-28 16:56:42 - models.freight.truck_share - INFO - Truck share from HPMS cache: 6.96%
2026-09-28 16:56:42 - models.freight.hpms_match - INFO - HPMS geometry from cache: 13,200 segments (0.6 days old)
2026-09-28 16:56:42 - models.freight.hpms_match - INFO - Parsed 13,200 HPMS segments carrying truck traffic
2026-09-28 16:56:53 - models.freight.hpms_match - INFO - HPMS match: 36/63 cordons matched an observed truck volume (53 links)
2026-09-28 16:56:53 - models.freight.demand - INFO - Cordon weights (hpms_truck_aadt): 36 from observed truck AADT, 27 from capacity x 8.0 x truck share
2026-09-28 16:56:53 - models.freight.demand - INFO - Freight demand: 5,500 trips (E->I 1,925, I->E 1,925, E->E 1,650)
2026-09-28 16:56:53 - models.freight.demand - INFO -   73,329 unscaled x demand_scale 0.3 x scaling_factor 0.25 = 5,499.7
2026-09-28 16:56:54 - models.freight.generator - INFO - Generated 5,500 freight trips
2026-09-28 16:56:54 - models.freight.plans - INFO - Built 5,500 freight plans (subpopulation=freight)
2026-09-28 16:56:54 - models.freight.validation - INFO -   [PASS] trip_count_matches_demand: generated 5,500, demand resolved 5,500
2026-09-28 16:56:54 - models.freight.validation - INFO -   [PASS] class_count_external_to_internal: 1,925 generated vs 1,925 demanded
2026-09-28 16:56:54 - models.freight.validation - INFO -   [PASS] class_count_internal_to_external: 1,925 generated vs 1,925 demanded
2026-09-28 16:56:54 - models.freight.validation - INFO -   [PASS] class_count_through: 1,650 generated vs 1,650 demanded
2026-09-28 16:56:54 - models.freight.validation - INFO -   [PASS] class_share_external_to_internal: realised 0.350 vs configured 0.350
2026-09-28 16:56:54 - models.freight.validation - INFO -   [PASS] class_share_internal_to_external: realised 0.350 vs configured 0.350
2026-09-28 16:56:54 - models.freight.validation - INFO -   [PASS] class_share_through: realised 0.300 vs configured 0.300
2026-09-28 16:56:54 - models.freight.validation - INFO -   [PASS] departure_profile_external_to_internal: max hourly deviation 0.0061 over 1,925 trips
2026-09-28 16:56:54 - models.freight.validation - INFO -   [PASS] departure_profile_internal_to_external: max hourly deviation 0.0092 over 1,925 trips
2026-09-28 16:56:54 - models.freight.validation - INFO -   [PASS] departure_profile_through: max hourly deviation 0.0070 over 1,650 trips
2026-09-28 16:56:54 - models.freight.validation - INFO -   [PASS] cordon_ids_valid: 0 trip ends reference an unknown cordon
2026-09-28 16:56:54 - models.freight.validation - INFO -   [PASS] cordon_direction_respected: 0 trips enter on an outbound cordon or leave on an inbound one
2026-09-28 16:56:54 - models.freight.validation - INFO -   [PASS] through_trips_use_distinct_cordons: 0 through trips start and end at the same cordon
2026-09-28 16:56:54 - models.freight.validation - INFO -   [PASS] departure_times_in_range: 0 departures outside 00:00-30:00
2026-09-28 16:56:54 - models.freight.plans - INFO - Freight summary written to /media/volume/Tareek-instance_vol-1/Tareek-work/Tareek/experiments/madison_pf_hermes_w11_nw18_fr03_10iter/freight_summary.json
2026-09-28 16:56:54 - __main__ - INFO - ============================================================
2026-09-28 16:56:54 - __main__ - INFO - COMBINING WORK + NON-WORK + FREIGHT PLANS
2026-09-28 16:56:54 - __main__ - INFO - ============================================================
2026-09-28 16:56:54 - __main__ - INFO - Plan generation summary (scaling_factor=0.25):
2026-09-28 16:56:54 - __main__ - INFO -   Work plans: 60,442
2026-09-28 16:56:54 - __main__ - INFO -   Non-work plans: 114,470
2026-09-28 16:56:54 - __main__ - INFO -   Freight plans: 5,500 (3.0% of total)
2026-09-28 16:56:54 - __main__ - INFO -   Combined total (scaled): 180,412
2026-09-28 16:56:54 - __main__ - INFO -   Represents full population of: ~721,648 travelers
2026-09-28 16:56:54 - __main__ - INFO - 
2026-09-28 16:56:54 - __main__ - INFO - Assigning unique person IDs...
2026-09-28 16:56:54 - __main__ - INFO - Writing combined plans to XML...
2026-09-28 16:56:54 - models.plan_generator - INFO - Writing 180412 plans to /media/volume/Tareek-instance_vol-1/Tareek-work/Tareek/experiments/madison_pf_hermes_w11_nw18_fr03_10iter/plans.xml
2026-09-28 16:56:54 - utils.coordinates - INFO - Initialized coordinate converter: EPSG:4326 <-> EPSG:26916
2026-09-28 16:56:54 - models.plan_generator - INFO - Converting coordinates from lat/lon to EPSG:26916
2026-09-28 16:57:30 - models.plan_generator - INFO - Successfully wrote plans to /media/volume/Tareek-instance_vol-1/Tareek-work/Tareek/experiments/madison_pf_hermes_w11_nw18_fr03_10iter/plans.xml (coordinates in EPSG:26916)
2026-09-28 16:57:30 - models.plan_generator - INFO - Plans XML saved to experiment directory: /media/volume/Tareek-instance_vol-1/Tareek-work/Tareek/experiments/madison_pf_hermes_w11_nw18_fr03_10iter/plans.xml
2026-09-28 16:57:30 - models.plan_generator - INFO -   Coordinate system: EPSG:26916
2026-09-28 16:57:31 - __main__ - INFO - Plans XML ready: /media/volume/Tareek-instance_vol-1/Tareek-work/Tareek/experiments/madison_pf_hermes_w11_nw18_fr03_10iter/plans.xml
2026-09-28 16:57:31 - __main__ - INFO -   File size: 83.59 MB
2026-09-28 16:57:31 - __main__ - INFO -   Total persons: 180,412
2026-09-28 16:57:31 - __main__ - INFO - 
2026-09-28 16:57:31 - __main__ - INFO - ============================================================
2026-09-28 16:57:31 - __main__ - INFO - STEP 5: RUNNING MATSIM SIMULATION
2026-09-28 16:57:31 - __main__ - INFO - ============================================================
2026-09-28 16:57:37 - __main__ - INFO - Released plan-generation memory before MATSim: 3.6 GB -> 1.0 GB RSS (freed 2.6 GB)
2026-09-28 16:57:37 - matsim.osm_downloader - INFO - OSM cache directory: /media/volume/Tareek-instance_vol-1/Tareek-work/Tareek/data/osm_cache
2026-09-28 16:57:37 - matsim.orchestrator - INFO - MATSim Orchestrator initialized
2026-09-28 16:57:37 - __main__ - INFO - MATSim mode: basic
2026-09-28 16:57:37 - __main__ - INFO - Custom parameters: {'coordinateSystem': 'auto', 'lastIteration': 10, 'outputDirectory': 'output', 'controller.mobsim': 'hermes', '_controller.mobsim_help': 'qsim | hermes. hermes is faster but is a simplified queue model that ignores trafficDynamics, linkDynamics and full stuckTime semantics. Use qsim for any congestion- or mode-choice-sensitive experiment.', 'global.numberOfThreads': 30, 'qsim.numberOfThreads': 30, 'qsim.flowCapacityFactor': 0.25, 'qsim.storageCapacityFactor': 0.3, 'qsim.stuckTime': 10.0, '_qsim.stuckTime_help': 'Seconds the frontmost vehicle on a link may fail to move before it is pushed onto the next link. Gridlock escape valve: HIGHER = waits LONGER. 10.0 is MATSim own default. Kept equal to Birmingham bham_stage2e_c2chains so the two cities are comparable. Only qsim honours this; hermes ignores it.', 'linkStats.averageLinkStatsOverIterations': 5, '_qsim.storageCapacityFactor_help': "Deliberately ABOVE flowCapacityFactor (1.2x, matching the basic template's own 0.1/0.12 ratio). Storage must be scaled superlinearly at reduced samples (Nagel & Floetteroed 2012): scaling it down linearly leaves short links holding too few vehicles to form a realistic queue, producing artificial gridlock. flowCapacityFactor must stay equal to scaling_factor because countsScaleFactor is derived as 1/flowCapacityFactor.", 'scoring.waitingPt': -3.0, '_estimator_scoring.waitingPt': 'Cold start (no prior experiment). Seeding waitingPt=-3.0 util/hr for transit density 3.11% (low-transit (1%-5%)).', 'scoring.modeParams.walk.constant': -1.0, '_estimator_scoring.modeParams.walk.constant': 'Cold start (no prior experiment). ACS walk share 5.22%. Seeding walk.constant=-1.0; subsequent runs will correct toward ACS using the clamped log-ratio update.', 'transitRouter.maxBeelineWalkConnectionDistance': 250.0, '_estimator_transitRouter.maxBeelineWalkConnectionDistance': 'Cold start (no prior experiment). ACS transit share 3.11% (low transit (<5%)). Seeding transit-router params from tier table; subsequent runs with --experiment-dir adjust by one tier when realised PT share is outside [70%, 130%] of the ACS target. Setting maxBeelineWalkConnectionDistance=250.0.', 'transitRouter.directWalkFactor': 1.3, '_estimator_transitRouter.directWalkFactor': 'Cold start (no prior experiment). ACS transit share 3.11% (low transit (<5%)). Seeding transit-router params from tier table; subsequent runs with --experiment-dir adjust by one tier when realised PT share is outside [70%, 130%] of the ACS target. Setting directWalkFactor=1.3.', 'hermes.endTime': '36:00:00'}
2026-09-28 16:57:37 - __main__ - INFO - 
2026-09-28 16:57:37 - matsim.orchestrator - INFO - Setting up experiment: madison_pf_hermes_w11_nw18_fr03_10iter
2026-09-28 16:57:37 - matsim.orchestrator - INFO - Created experiment directory: /media/volume/Tareek-instance_vol-1/Tareek-work/Tareek/experiments/madison_pf_hermes_w11_nw18_fr03_10iter
2026-09-28 16:57:37 - matsim.orchestrator - INFO - Plans file already exists at destination: /media/volume/Tareek-instance_vol-1/Tareek-work/Tareek/experiments/madison_pf_hermes_w11_nw18_fr03_10iter/plans.xml
2026-09-28 16:57:37 - matsim.config_manager - INFO - Generating MATSim config for mode: basic
2026-09-28 16:57:37 - matsim.config_manager - INFO - Using config template: /media/volume/Tareek-instance_vol-1/Tareek-work/Tareek/matsim/configs/basic/config.xml
2026-09-28 16:57:37 - matsim.config_manager - INFO - Auto-set writeLinkStatsInterval = 10 (matches lastIteration)
2026-09-28 16:57:37 - matsim.config_manager - INFO - Auto-set write*Interval = 10 (bulky per-iteration output written only at the final iteration; set matsim.write_intermediate_output=true to write every iteration)
2026-09-28 16:57:37 - matsim.config_manager - INFO - Auto-set counts.countsScaleFactor = 4.0 (1/0.25 flowCapacityFactor)
2026-09-28 16:57:37 - matsim.config_manager - INFO - Auto-set counts.writeCountsInterval = 10 (matches lastIteration)
2026-09-28 16:57:37 - matsim.config_manager - INFO - Applied configurable param: controller.mobsim = hermes
2026-09-28 16:57:37 - matsim.config_manager - INFO - Applied configurable param: global.numberOfThreads = 30
2026-09-28 16:57:37 - matsim.config_manager - INFO - Applied configurable param: qsim.numberOfThreads = 30
2026-09-28 16:57:37 - matsim.config_manager - INFO - Applied configurable param: qsim.flowCapacityFactor = 0.25
2026-09-28 16:57:37 - matsim.config_manager - INFO - Mirrored qsim.flowCapacityFactor -> hermes.flowCapacityFactor = 0.25
2026-09-28 16:57:37 - matsim.config_manager - INFO - Applied configurable param: qsim.storageCapacityFactor = 0.3
2026-09-28 16:57:37 - matsim.config_manager - INFO - Mirrored qsim.storageCapacityFactor -> hermes.storageCapacityFactor = 0.3
2026-09-28 16:57:37 - matsim.config_manager - INFO - Applied configurable param: qsim.stuckTime = 10.0
2026-09-28 16:57:37 - matsim.config_manager - INFO - Applied configurable param: linkStats.averageLinkStatsOverIterations = 5
2026-09-28 16:57:37 - matsim.config_manager - INFO - Applied scoring.waitingPt = -3.0
2026-09-28 16:57:37 - matsim.config_manager - INFO - Applied scoring.modeParams.walk.constant = -1.0
2026-09-28 16:57:37 - matsim.config_manager - INFO - Applied configurable param: transitRouter.maxBeelineWalkConnectionDistance = 250.0
2026-09-28 16:57:37 - matsim.config_manager - INFO - Applied configurable param: transitRouter.directWalkFactor = 1.3
2026-09-28 16:57:37 - matsim.config_manager - INFO - Applied configurable param: hermes.endTime = 36:00:00
2026-09-28 16:57:37 - matsim.config_manager - INFO - Mirrored qsim.flowCapacityFactor -> hermes.flowCapacityFactor = 0.25
2026-09-28 16:57:37 - matsim.config_manager - INFO - Mirrored qsim.storageCapacityFactor -> hermes.storageCapacityFactor = 0.3
2026-09-28 16:57:37 - matsim.config_manager - INFO - Applied scoring.waitingPt = -3.0
2026-09-28 16:57:37 - matsim.config_manager - INFO - Applied scoring.modeParams.walk.constant = -1.0
2026-09-28 16:57:37 - matsim.config_manager - INFO - Enabled transit module with transitModes=pt (from enabled modes: ['bus']) (preserved existing params on: transitRouter)
2026-09-28 16:57:37 - matsim.config_manager - INFO - Registered scoring activityParams for 'Dining'
2026-09-28 16:57:37 - matsim.config_manager - INFO - Registered scoring activityParams for 'Home'
2026-09-28 16:57:37 - matsim.config_manager - INFO - Registered scoring activityParams for 'Other'
2026-09-28 16:57:37 - matsim.config_manager - INFO - Registered scoring activityParams for 'School'
2026-09-28 16:57:37 - matsim.config_manager - INFO - Registered scoring activityParams for 'Shopping'
2026-09-28 16:57:37 - matsim.config_manager - INFO - Registered scoring activityParams for 'Social'
2026-09-28 16:57:37 - matsim.config_manager - INFO - Registered scoring activityParams for 'Work'
2026-09-28 16:57:37 - matsim.config_manager - INFO - Activity typicalDuration from survey: Dining=30min, Home=720min, Other=60min, School=420min, Shopping=25min, Social=95min, Work=450min
2026-09-28 16:57:37 - matsim.config_manager - INFO - Activity scoring windows from survey: Dining=9.00-21.00h/min5m, Other=7.42-20.92h/min5m, School=7.08-18.75h/min60m, Shopping=7.92-19.50h/min5m, Social=7.00-21.50h/min20m, Work=6.00-21.25h/min30m
2026-09-28 16:57:37 - matsim.config_manager - INFO - Registered scoring activityParams for 'freight_origin'
2026-09-28 16:57:37 - matsim.config_manager - INFO - Registered scoring activityParams for 'freight_destination'
2026-09-28 16:57:37 - matsim.config_manager - INFO - Set replanning strategies for freight: ChangeExpBeta=0.8, ReRoute=0.2
2026-09-28 16:57:37 - matsim.config_manager - INFO - Freight: writeEventsInterval = 10 so the final iteration emits events (needed to isolate the truck stream)
2026-09-28 16:57:40 - matsim.config_manager - INFO - Activity params cover all 9 activity types in plans.xml: ['Dining', 'Home', 'Other', 'School', 'Shopping', 'Social', 'Work', 'freight_destination', 'freight_origin']
2026-09-28 16:57:40 - matsim.config_manager - INFO - Config saved to: /media/volume/Tareek-instance_vol-1/Tareek-work/Tareek/experiments/madison_pf_hermes_w11_nw18_fr03_10iter/config.xml
2026-09-28 16:57:40 - matsim.orchestrator - INFO - Experiment setup complete: /media/volume/Tareek-instance_vol-1/Tareek-work/Tareek/experiments/madison_pf_hermes_w11_nw18_fr03_10iter
2026-09-28 16:57:40 - matsim.orchestrator - INFO - Validating MATSim setup...
2026-09-28 16:57:40 - matsim.runner - INFO - Validating MATSim setup...
2026-09-28 16:57:40 - matsim.runner - INFO - Java version: openjdk
2026-09-28 16:57:40 - matsim.runner - INFO - Using JAR file: /media/volume/Tareek-instance_vol-1/Tareek-work/Tareek/matsim/matsim_25/matsim_25.jar
2026-09-28 16:57:40 - matsim.runner - INFO - No lib directory found in /media/volume/Tareek-instance_vol-1/Tareek-work/Tareek/matsim/matsim_25 (may not be needed)
2026-09-28 16:57:40 - matsim.runner - INFO - MATSim setup validation passed
2026-09-28 16:57:40 - matsim.orchestrator - INFO - Validating experiment configuration...
2026-09-28 16:57:40 - matsim.config_manager - INFO - Found network.xml: /media/volume/Tareek-instance_vol-1/Tareek-work/Tareek/experiments/madison_pf_hermes_w11_nw18_fr03_10iter/network.xml
2026-09-28 16:57:40 - matsim.config_manager - INFO - Found plans.xml: /media/volume/Tareek-instance_vol-1/Tareek-work/Tareek/experiments/madison_pf_hermes_w11_nw18_fr03_10iter/plans.xml
2026-09-28 16:57:40 - matsim.config_manager - INFO - Found transitScheduleFile: /media/volume/Tareek-instance_vol-1/Tareek-work/Tareek/experiments/madison_pf_hermes_w11_nw18_fr03_10iter/transitSchedule.xml
2026-09-28 16:57:40 - matsim.config_manager - INFO - Found vehiclesFile: /media/volume/Tareek-instance_vol-1/Tareek-work/Tareek/experiments/madison_pf_hermes_w11_nw18_fr03_10iter/transitVehicles.xml
2026-09-28 16:57:40 - matsim.orchestrator - INFO - Starting MATSim simulation. Log file: /media/volume/Tareek-instance_vol-1/Tareek-work/Tareek/experiments/madison_pf_hermes_w11_nw18_fr03_10iter/matsim_output.log
2026-09-28 16:57:40 - matsim.runner - INFO - Starting MATSim simulation with config: /media/volume/Tareek-instance_vol-1/Tareek-work/Tareek/experiments/madison_pf_hermes_w11_nw18_fr03_10iter/config.xml
2026-09-28 16:57:40 - matsim.runner - INFO - Using JAR file: /media/volume/Tareek-instance_vol-1/Tareek-work/Tareek/matsim/matsim_25/matsim_25.jar
2026-09-28 16:57:40 - matsim.runner - INFO - No lib directory found in /media/volume/Tareek-instance_vol-1/Tareek-work/Tareek/matsim/matsim_25 (may not be needed)
2026-09-28 16:57:40 - matsim.runner - INFO - Command: java -Xmx70g -Xms70g -XX:+UseG1GC -XX:+ParallelRefProcEnabled -XX:MaxGCPauseMillis=200 -XX:+HeapDumpOnOutOfMemoryError -XX:HeapDumpPath=./heap_dumps -cp /media/volume/Tareek-instance_vol-1/Tareek-work/Tareek/matsim/matsim_25/matsim_25.jar org.matsim.core.controler.Controler /media/volume/Tareek-instance_vol-1/Tareek-work/Tareek/experiments/madison_pf_hermes_w11_nw18_fr03_10iter/config.xml
2026-09-28 16:57:40 - matsim.runner - INFO - Waiting for simulation to complete...
2026-09-28 17:12:59 - matsim.runner - INFO - Simulation completed in 918.52 seconds
2026-09-28 17:12:59 - matsim.runner - INFO - Simulation completed successfully
2026-09-28 17:12:59 - matsim.orchestrator - INFO - Simulation completed
2026-09-28 17:12:59 - __main__ - INFO - 
2026-09-28 17:12:59 - __main__ - INFO - Simulation status: completed
2026-09-28 17:12:59 - __main__ - INFO - 
2026-09-28 17:12:59 - __main__ - INFO - ============================================================
2026-09-28 17:12:59 - __main__ - INFO - STEP 6: EVALUATING SIMULATION
2026-09-28 17:12:59 - __main__ - INFO - ============================================================
2026-09-28 17:12:59 - __main__ - INFO - Initializing evaluator with ground truth data from: data/evaluation
2026-09-28 17:12:59 - __main__ - INFO - Running evaluation...
2026-09-28 17:12:59 - __main__ - INFO - 
2026-09-28 17:12:59 - matsim.trip_timing - INFO - Trip timing figures: planned schedule (output/ITERS/it.0/0.plans.xml.gz) against iteration 10
2026-09-28 17:13:16 - matsim.trip_timing - INFO - Saved dep_arr_by_activity_demand.png
2026-09-28 17:13:17 - matsim.trip_timing - INFO - Saved dep_arr_by_activity_sim.png
2026-09-28 17:13:19 - matsim.trip_timing - INFO - Saved trip_duration_by_hour_demand.png
2026-09-28 17:13:21 - matsim.trip_timing - INFO - Saved trip_duration_by_hour_sim.png
2026-09-28 17:13:21 - matsim.trip_timing - INFO -   it.10 activity durations: left out 48548 open-ended rows that are not a Home-to-Home overnight stay, and 0 all-day stays
2026-09-28 17:13:23 - matsim.trip_timing - INFO - Saved activity_duration_by_type.png
2026-09-28 17:13:23 - matsim.evaluator - INFO - Loading matched devices from: /media/volume/Tareek-instance_vol-1/Tareek-work/Tareek/experiments/madison_pf_hermes_w11_nw18_fr03_10iter/matched_devices.csv
2026-09-28 17:13:23 - matsim.evaluator - INFO - Loaded 10 devices matched to network links
2026-09-28 17:13:23 - matsim.evaluator - INFO - Using MATSim countscompare file: output/ITERS/it.10/10.countscompare.txt
2026-09-28 17:13:23 - matsim.evaluator - INFO - Auto-detected network file: output/output_network.xml.gz
2026-09-28 17:13:23 - matsim.evaluator - INFO - Auto-detected linkstats file: output/ITERS/it.10/10.linkstats.txt.gz
2026-09-28 17:13:23 - matsim.evaluator - INFO - Loading scaling factors from experiment config...
2026-09-28 17:13:23 - matsim.evaluator - INFO - Loaded scaling factors: population=0.25, flow=0.25, storage=0.3
2026-09-28 17:13:23 - matsim.evaluator - INFO - Loading network for spatial visualization...
2026-09-28 17:13:29 - matsim.evaluator - INFO - Loaded 81,752 links
2026-09-28 17:13:29 - matsim.evaluator - INFO - Loading linkstats...
2026-09-28 17:13:30 - matsim.evaluator - INFO - Scaled simulated volumes by 4.00x (1/0.25 population scaling)
2026-09-28 17:13:30 - matsim.evaluator - INFO - Loaded 81,752 links from linkstats
2026-09-28 17:13:30 - matsim.evaluator - INFO - Comparing volumes from MATSim countscompare.txt...
2026-09-28 17:13:30 - matsim.evaluator - INFO - Found 4 hourly observations with zero observed volume (pct_error set to NaN)
2026-09-28 17:13:30 - matsim.evaluator - INFO - Read 240 station-hour comparisons from 10.countscompare.txt (10 stations)
2026-09-28 17:13:30 - matsim.evaluator - INFO - Generated 240 station-hour comparisons
2026-09-28 17:13:30 - matsim.evaluator - INFO - Calculating summary metrics...
2026-09-28 17:13:30 - matsim.evaluator - INFO - Saved comparison results to /media/volume/Tareek-instance_vol-1/Tareek-work/Tareek/experiments/madison_pf_hermes_w11_nw18_fr03_10iter/evaluation/volume_comparison.csv
2026-09-28 17:13:31 - matsim.evaluator - INFO - Saved hourly relative-error box plot to /media/volume/Tareek-instance_vol-1/Tareek-work/Tareek/experiments/madison_pf_hermes_w11_nw18_fr03_10iter/evaluation/hourly_relative_error_box.png
2026-09-28 17:13:31 - matsim.evaluator - INFO - Saved hourly bias plot to /media/volume/Tareek-instance_vol-1/Tareek-work/Tareek/experiments/madison_pf_hermes_w11_nw18_fr03_10iter/evaluation/hourly_bias.png
2026-09-28 17:13:31 - matsim.evaluator - INFO - Saved station ratio dot plot to /media/volume/Tareek-instance_vol-1/Tareek-work/Tareek/experiments/madison_pf_hermes_w11_nw18_fr03_10iter/evaluation/station_ratio_dotplot.png
2026-09-28 17:13:31 - matsim.evaluator - INFO - Generating spatial overview maps...
2026-09-28 17:13:32 - utils.region_utils - INFO - Loaded 1 county boundary polygons
2026-09-28 17:13:33 - matsim.evaluator - INFO - Saved spatial overview to /media/volume/Tareek-instance_vol-1/Tareek-work/Tareek/experiments/madison_pf_hermes_w11_nw18_fr03_10iter/evaluation/spatial_overview.png
2026-09-28 17:13:34 - matsim.evaluator - INFO - Saved hourly pct-error map to /media/volume/Tareek-instance_vol-1/Tareek-work/Tareek/experiments/madison_pf_hermes_w11_nw18_fr03_10iter/evaluation/count_error_h00.png
2026-09-28 17:13:36 - matsim.evaluator - INFO - Saved hourly pct-error map to /media/volume/Tareek-instance_vol-1/Tareek-work/Tareek/experiments/madison_pf_hermes_w11_nw18_fr03_10iter/evaluation/count_error_h01.png
2026-09-28 17:13:37 - matsim.evaluator - INFO - Saved hourly pct-error map to /media/volume/Tareek-instance_vol-1/Tareek-work/Tareek/experiments/madison_pf_hermes_w11_nw18_fr03_10iter/evaluation/count_error_h02.png
2026-09-28 17:13:38 - matsim.evaluator - INFO - Saved hourly pct-error map to /media/volume/Tareek-instance_vol-1/Tareek-work/Tareek/experiments/madison_pf_hermes_w11_nw18_fr03_10iter/evaluation/count_error_h03.png
2026-09-28 17:13:39 - matsim.evaluator - INFO - Saved hourly pct-error map to /media/volume/Tareek-instance_vol-1/Tareek-work/Tareek/experiments/madison_pf_hermes_w11_nw18_fr03_10iter/evaluation/count_error_h04.png
2026-09-28 17:13:40 - matsim.evaluator - INFO - Saved hourly pct-error map to /media/volume/Tareek-instance_vol-1/Tareek-work/Tareek/experiments/madison_pf_hermes_w11_nw18_fr03_10iter/evaluation/count_error_h05.png
2026-09-28 17:13:41 - matsim.evaluator - INFO - Saved hourly pct-error map to /media/volume/Tareek-instance_vol-1/Tareek-work/Tareek/experiments/madison_pf_hermes_w11_nw18_fr03_10iter/evaluation/count_error_h06.png
2026-09-28 17:13:42 - matsim.evaluator - INFO - Saved hourly pct-error map to /media/volume/Tareek-instance_vol-1/Tareek-work/Tareek/experiments/madison_pf_hermes_w11_nw18_fr03_10iter/evaluation/count_error_h07.png
2026-09-28 17:13:44 - matsim.evaluator - INFO - Saved hourly pct-error map to /media/volume/Tareek-instance_vol-1/Tareek-work/Tareek/experiments/madison_pf_hermes_w11_nw18_fr03_10iter/evaluation/count_error_h08.png
2026-09-28 17:13:45 - matsim.evaluator - INFO - Saved hourly pct-error map to /media/volume/Tareek-instance_vol-1/Tareek-work/Tareek/experiments/madison_pf_hermes_w11_nw18_fr03_10iter/evaluation/count_error_h09.png
2026-09-28 17:13:46 - matsim.evaluator - INFO - Saved hourly pct-error map to /media/volume/Tareek-instance_vol-1/Tareek-work/Tareek/experiments/madison_pf_hermes_w11_nw18_fr03_10iter/evaluation/count_error_h10.png
2026-09-28 17:13:47 - matsim.evaluator - INFO - Saved hourly pct-error map to /media/volume/Tareek-instance_vol-1/Tareek-work/Tareek/experiments/madison_pf_hermes_w11_nw18_fr03_10iter/evaluation/count_error_h11.png
2026-09-28 17:13:48 - matsim.evaluator - INFO - Saved hourly pct-error map to /media/volume/Tareek-instance_vol-1/Tareek-work/Tareek/experiments/madison_pf_hermes_w11_nw18_fr03_10iter/evaluation/count_error_h12.png
2026-09-28 17:13:49 - matsim.evaluator - INFO - Saved hourly pct-error map to /media/volume/Tareek-instance_vol-1/Tareek-work/Tareek/experiments/madison_pf_hermes_w11_nw18_fr03_10iter/evaluation/count_error_h13.png
2026-09-28 17:13:51 - matsim.evaluator - INFO - Saved hourly pct-error map to /media/volume/Tareek-instance_vol-1/Tareek-work/Tareek/experiments/madison_pf_hermes_w11_nw18_fr03_10iter/evaluation/count_error_h14.png
2026-09-28 17:13:52 - matsim.evaluator - INFO - Saved hourly pct-error map to /media/volume/Tareek-instance_vol-1/Tareek-work/Tareek/experiments/madison_pf_hermes_w11_nw18_fr03_10iter/evaluation/count_error_h15.png
2026-09-28 17:13:53 - matsim.evaluator - INFO - Saved hourly pct-error map to /media/volume/Tareek-instance_vol-1/Tareek-work/Tareek/experiments/madison_pf_hermes_w11_nw18_fr03_10iter/evaluation/count_error_h16.png
2026-09-28 17:13:54 - matsim.evaluator - INFO - Saved hourly pct-error map to /media/volume/Tareek-instance_vol-1/Tareek-work/Tareek/experiments/madison_pf_hermes_w11_nw18_fr03_10iter/evaluation/count_error_h17.png
2026-09-28 17:13:55 - matsim.evaluator - INFO - Saved hourly pct-error map to /media/volume/Tareek-instance_vol-1/Tareek-work/Tareek/experiments/madison_pf_hermes_w11_nw18_fr03_10iter/evaluation/count_error_h18.png
2026-09-28 17:13:56 - matsim.evaluator - INFO - Saved hourly pct-error map to /media/volume/Tareek-instance_vol-1/Tareek-work/Tareek/experiments/madison_pf_hermes_w11_nw18_fr03_10iter/evaluation/count_error_h19.png
2026-09-28 17:13:58 - matsim.evaluator - INFO - Saved hourly pct-error map to /media/volume/Tareek-instance_vol-1/Tareek-work/Tareek/experiments/madison_pf_hermes_w11_nw18_fr03_10iter/evaluation/count_error_h20.png
2026-09-28 17:13:59 - matsim.evaluator - INFO - Saved hourly pct-error map to /media/volume/Tareek-instance_vol-1/Tareek-work/Tareek/experiments/madison_pf_hermes_w11_nw18_fr03_10iter/evaluation/count_error_h21.png
2026-09-28 17:14:00 - matsim.evaluator - INFO - Saved hourly pct-error map to /media/volume/Tareek-instance_vol-1/Tareek-work/Tareek/experiments/madison_pf_hermes_w11_nw18_fr03_10iter/evaluation/count_error_h22.png
2026-09-28 17:14:01 - matsim.evaluator - INFO - Saved hourly pct-error map to /media/volume/Tareek-instance_vol-1/Tareek-work/Tareek/experiments/madison_pf_hermes_w11_nw18_fr03_10iter/evaluation/count_error_h23.png
2026-09-28 17:14:01 - matsim.evaluator - INFO - Generating heatmap-only map...
2026-09-28 17:14:03 - matsim.evaluator - INFO - Saved heatmap to /media/volume/Tareek-instance_vol-1/Tareek-work/Tareek/experiments/madison_pf_hermes_w11_nw18_fr03_10iter/evaluation/heatmap_daily.png
2026-09-28 17:14:03 - matsim.evaluator - INFO - Generating highway congestion heatmaps for 24 hour(s)...
2026-09-28 17:14:04 - matsim.evaluator - INFO -   Highway links for peak heatmaps: 6,156 (of 81,752 total)
2026-09-28 17:14:08 - matsim.evaluator - INFO -   12 AM congestion — Severe (44), Congested (946), Moderate (2,174), Free flow (2,171), no traffic: 821
2026-09-28 17:14:09 - matsim.evaluator - INFO - Saved congestion heatmap to /media/volume/Tareek-instance_vol-1/Tareek-work/Tareek/experiments/madison_pf_hermes_w11_nw18_fr03_10iter/evaluation/heatmap_h00_highways.png
2026-09-28 17:14:12 - matsim.evaluator - INFO -   1 AM congestion — Severe (24), Congested (507), Moderate (1,560), Free flow (2,343), no traffic: 1,722
2026-09-28 17:14:13 - matsim.evaluator - INFO - Saved congestion heatmap to /media/volume/Tareek-instance_vol-1/Tareek-work/Tareek/experiments/madison_pf_hermes_w11_nw18_fr03_10iter/evaluation/heatmap_h01_highways.png
2026-09-28 17:14:16 - matsim.evaluator - INFO -   2 AM congestion — Severe (25), Congested (528), Moderate (2,151), Free flow (2,606), no traffic: 846
2026-09-28 17:14:17 - matsim.evaluator - INFO - Saved congestion heatmap to /media/volume/Tareek-instance_vol-1/Tareek-work/Tareek/experiments/madison_pf_hermes_w11_nw18_fr03_10iter/evaluation/heatmap_h02_highways.png
2026-09-28 17:14:21 - matsim.evaluator - INFO -   3 AM congestion — Severe (30), Congested (781), Moderate (2,066), Free flow (2,258), no traffic: 1,021
2026-09-28 17:14:22 - matsim.evaluator - INFO - Saved congestion heatmap to /media/volume/Tareek-instance_vol-1/Tareek-work/Tareek/experiments/madison_pf_hermes_w11_nw18_fr03_10iter/evaluation/heatmap_h03_highways.png
2026-09-28 17:14:25 - matsim.evaluator - INFO -   4 AM congestion — Severe (7), Congested (658), Moderate (2,597), Free flow (2,495), no traffic: 399
2026-09-28 17:14:26 - matsim.evaluator - INFO - Saved congestion heatmap to /media/volume/Tareek-instance_vol-1/Tareek-work/Tareek/experiments/madison_pf_hermes_w11_nw18_fr03_10iter/evaluation/heatmap_h04_highways.png
2026-09-28 17:14:30 - matsim.evaluator - INFO -   5 AM congestion — Severe (69), Congested (1,646), Moderate (2,473), Free flow (1,806), no traffic: 162
2026-09-28 17:14:30 - matsim.evaluator - INFO - Saved congestion heatmap to /media/volume/Tareek-instance_vol-1/Tareek-work/Tareek/experiments/madison_pf_hermes_w11_nw18_fr03_10iter/evaluation/heatmap_h05_highways.png
2026-09-28 17:14:34 - matsim.evaluator - INFO -   6 AM congestion — Severe (118), Congested (1,912), Moderate (2,417), Free flow (1,605), no traffic: 104
2026-09-28 17:14:35 - matsim.evaluator - INFO - Saved congestion heatmap to /media/volume/Tareek-instance_vol-1/Tareek-work/Tareek/experiments/madison_pf_hermes_w11_nw18_fr03_10iter/evaluation/heatmap_h06_highways.png
2026-09-28 17:14:39 - matsim.evaluator - INFO -   7 AM congestion — Severe (195), Congested (2,406), Moderate (2,030), Free flow (1,466), no traffic: 59
2026-09-28 17:14:40 - matsim.evaluator - INFO - Saved congestion heatmap to /media/volume/Tareek-instance_vol-1/Tareek-work/Tareek/experiments/madison_pf_hermes_w11_nw18_fr03_10iter/evaluation/heatmap_h07_highways.png
2026-09-28 17:14:43 - matsim.evaluator - INFO -   8 AM congestion — Severe (287), Congested (2,555), Moderate (1,862), Free flow (1,378), no traffic: 74
2026-09-28 17:14:44 - matsim.evaluator - INFO - Saved congestion heatmap to /media/volume/Tareek-instance_vol-1/Tareek-work/Tareek/experiments/madison_pf_hermes_w11_nw18_fr03_10iter/evaluation/heatmap_8am_highways.png
2026-09-28 17:14:48 - matsim.evaluator - INFO -   9 AM congestion — Severe (220), Congested (2,337), Moderate (2,048), Free flow (1,441), no traffic: 110
2026-09-28 17:14:48 - matsim.evaluator - INFO - Saved congestion heatmap to /media/volume/Tareek-instance_vol-1/Tareek-work/Tareek/experiments/madison_pf_hermes_w11_nw18_fr03_10iter/evaluation/heatmap_h09_highways.png
2026-09-28 17:14:52 - matsim.evaluator - INFO -   10 AM congestion — Severe (128), Congested (2,273), Moderate (2,173), Free flow (1,502), no traffic: 80
2026-09-28 17:14:53 - matsim.evaluator - INFO - Saved congestion heatmap to /media/volume/Tareek-instance_vol-1/Tareek-work/Tareek/experiments/madison_pf_hermes_w11_nw18_fr03_10iter/evaluation/heatmap_h10_highways.png
2026-09-28 17:14:57 - matsim.evaluator - INFO -   11 AM congestion — Severe (114), Congested (2,204), Moderate (2,200), Free flow (1,543), no traffic: 95
2026-09-28 17:14:57 - matsim.evaluator - INFO - Saved congestion heatmap to /media/volume/Tareek-instance_vol-1/Tareek-work/Tareek/experiments/madison_pf_hermes_w11_nw18_fr03_10iter/evaluation/heatmap_h11_highways.png
2026-09-28 17:15:01 - matsim.evaluator - INFO -   12 PM congestion — Severe (103), Congested (2,146), Moderate (2,303), Free flow (1,520), no traffic: 84
2026-09-28 17:15:02 - matsim.evaluator - INFO - Saved congestion heatmap to /media/volume/Tareek-instance_vol-1/Tareek-work/Tareek/experiments/madison_pf_hermes_w11_nw18_fr03_10iter/evaluation/heatmap_h12_highways.png
2026-09-28 17:15:05 - matsim.evaluator - INFO -   1 PM congestion — Severe (103), Congested (2,142), Moderate (2,306), Free flow (1,535), no traffic: 70
2026-09-28 17:15:06 - matsim.evaluator - INFO - Saved congestion heatmap to /media/volume/Tareek-instance_vol-1/Tareek-work/Tareek/experiments/madison_pf_hermes_w11_nw18_fr03_10iter/evaluation/heatmap_h13_highways.png
2026-09-28 17:15:10 - matsim.evaluator - INFO -   2 PM congestion — Severe (99), Congested (2,201), Moderate (2,240), Free flow (1,545), no traffic: 71
2026-09-28 17:15:11 - matsim.evaluator - INFO - Saved congestion heatmap to /media/volume/Tareek-instance_vol-1/Tareek-work/Tareek/experiments/madison_pf_hermes_w11_nw18_fr03_10iter/evaluation/heatmap_h14_highways.png
2026-09-28 17:15:14 - matsim.evaluator - INFO -   3 PM congestion — Severe (139), Congested (2,240), Moderate (2,188), Free flow (1,509), no traffic: 80
2026-09-28 17:15:15 - matsim.evaluator - INFO - Saved congestion heatmap to /media/volume/Tareek-instance_vol-1/Tareek-work/Tareek/experiments/madison_pf_hermes_w11_nw18_fr03_10iter/evaluation/heatmap_h15_highways.png
2026-09-28 17:15:19 - matsim.evaluator - INFO -   4 PM congestion — Severe (150), Congested (2,329), Moderate (2,071), Free flow (1,524), no traffic: 82
2026-09-28 17:15:20 - matsim.evaluator - INFO - Saved congestion heatmap to /media/volume/Tareek-instance_vol-1/Tareek-work/Tareek/experiments/madison_pf_hermes_w11_nw18_fr03_10iter/evaluation/heatmap_h16_highways.png
2026-09-28 17:15:23 - matsim.evaluator - INFO -   5 PM congestion — Severe (140), Congested (2,227), Moderate (2,179), Free flow (1,536), no traffic: 74
2026-09-28 17:15:24 - matsim.evaluator - INFO - Saved congestion heatmap to /media/volume/Tareek-instance_vol-1/Tareek-work/Tareek/experiments/madison_pf_hermes_w11_nw18_fr03_10iter/evaluation/heatmap_5pm_highways.png
2026-09-28 17:15:28 - matsim.evaluator - INFO -   6 PM congestion — Severe (135), Congested (2,139), Moderate (2,220), Free flow (1,571), no traffic: 91
2026-09-28 17:15:28 - matsim.evaluator - INFO - Saved congestion heatmap to /media/volume/Tareek-instance_vol-1/Tareek-work/Tareek/experiments/madison_pf_hermes_w11_nw18_fr03_10iter/evaluation/heatmap_h18_highways.png
2026-09-28 17:15:32 - matsim.evaluator - INFO -   7 PM congestion — Severe (93), Congested (2,021), Moderate (2,344), Free flow (1,580), no traffic: 118
2026-09-28 17:15:33 - matsim.evaluator - INFO - Saved congestion heatmap to /media/volume/Tareek-instance_vol-1/Tareek-work/Tareek/experiments/madison_pf_hermes_w11_nw18_fr03_10iter/evaluation/heatmap_h19_highways.png
2026-09-28 17:15:37 - matsim.evaluator - INFO -   8 PM congestion — Severe (108), Congested (1,850), Moderate (2,434), Free flow (1,588), no traffic: 176
2026-09-28 17:15:38 - matsim.evaluator - INFO - Saved congestion heatmap to /media/volume/Tareek-instance_vol-1/Tareek-work/Tareek/experiments/madison_pf_hermes_w11_nw18_fr03_10iter/evaluation/heatmap_h20_highways.png
2026-09-28 17:15:41 - matsim.evaluator - INFO -   9 PM congestion — Severe (85), Congested (1,792), Moderate (2,443), Free flow (1,646), no traffic: 190
2026-09-28 17:15:42 - matsim.evaluator - INFO - Saved congestion heatmap to /media/volume/Tareek-instance_vol-1/Tareek-work/Tareek/experiments/madison_pf_hermes_w11_nw18_fr03_10iter/evaluation/heatmap_h21_highways.png
2026-09-28 17:15:46 - matsim.evaluator - INFO -   10 PM congestion — Severe (58), Congested (1,589), Moderate (2,546), Free flow (1,697), no traffic: 266
2026-09-28 17:15:46 - matsim.evaluator - INFO - Saved congestion heatmap to /media/volume/Tareek-instance_vol-1/Tareek-work/Tareek/experiments/madison_pf_hermes_w11_nw18_fr03_10iter/evaluation/heatmap_h22_highways.png
2026-09-28 17:15:50 - matsim.evaluator - INFO -   11 PM congestion — Severe (46), Congested (1,197), Moderate (2,515), Free flow (1,964), no traffic: 434
2026-09-28 17:15:51 - matsim.evaluator - INFO - Saved congestion heatmap to /media/volume/Tareek-instance_vol-1/Tareek-work/Tareek/experiments/madison_pf_hermes_w11_nw18_fr03_10iter/evaluation/heatmap_h23_highways.png
2026-09-28 17:15:58 - matsim.evaluator - INFO - Saved 24 log-log scatter plot(s) to /media/volume/Tareek-instance_vol-1/Tareek-work/Tareek/experiments/madison_pf_hermes_w11_nw18_fr03_10iter/evaluation
2026-09-28 17:15:58 - matsim.evaluator - INFO - Generating per-device reports...
2026-09-28 17:15:58 - matsim.evaluator - INFO - Generating per-device reports for 10 devices...
2026-09-28 17:16:05 - matsim.evaluator - INFO - Per-device reports saved to /media/volume/Tareek-instance_vol-1/Tareek-work/Tareek/experiments/madison_pf_hermes_w11_nw18_fr03_10iter/evaluation/device_reports
2026-09-28 17:16:05 - __main__ - INFO - 
2026-09-28 17:16:05 - __main__ - INFO - ============================================================
2026-09-28 17:16:05 - __main__ - INFO - EVALUATION RESULTS
2026-09-28 17:16:05 - __main__ - INFO - ============================================================
2026-09-28 17:16:05 - __main__ - INFO - Devices validated: 5
2026-09-28 17:16:05 - __main__ - INFO - Total comparisons: 240
2026-09-28 17:16:05 - __main__ - INFO - Mean Absolute Error (MAE): 244.74 vehicles
2026-09-28 17:16:05 - __main__ - INFO - Root Mean Square Error (RMSE): 399.31 vehicles
2026-09-28 17:16:05 - __main__ - INFO - GEH < 5 (hourly counts, target >=85%): 41.9%
2026-09-28 17:16:05 - __main__ - INFO - GEH < 5 (station daily totals): 0.0%
2026-09-28 17:16:05 - __main__ - INFO - Correlation: 0.972
2026-09-28 17:16:05 - __main__ - INFO - Peak-hour correlation (6-9,15-18): 0.975
2026-09-28 17:16:05 - __main__ - INFO - 
2026-09-28 17:16:05 - __main__ - INFO - Results saved to: /media/volume/Tareek-instance_vol-1/Tareek-work/Tareek/experiments/madison_pf_hermes_w11_nw18_fr03_10iter/evaluation
2026-09-28 17:16:05 - __main__ - INFO - ============================================================
2026-09-28 17:16:05 - __main__ - INFO - 
2026-09-28 17:16:36 - validate_demand - INFO - Survey sources in DB: {('nhts', '2022'): np.int64(30462)}
2026-09-28 17:16:36 - validate_demand - INFO - No local survey for this region — comparing against national NHTS only. A metro-specific household travel survey is the better reference; add one to config data.surveys with weight > 0.
2026-09-28 17:16:36 - validate_demand - INFO - Simulated trips: /media/volume/Tareek-instance_vol-1/Tareek-work/Tareek/experiments/madison_pf_hermes_w11_nw18_fr03_10iter/output/ITERS/it.10/10.trips.csv.gz
2026-09-28 17:16:46 - __main__ - INFO -   Demand validation vs survey added to summary
2026-09-28 17:16:46 - __main__ - INFO - Experiment summary saved to: /media/volume/Tareek-instance_vol-1/Tareek-work/Tareek/experiments/madison_pf_hermes_w11_nw18_fr03_10iter/experiment_summary.json
2026-09-28 17:16:51 - __main__ - INFO - Experiment report saved to: /media/volume/Tareek-instance_vol-1/Tareek-work/Tareek/experiments/madison_pf_hermes_w11_nw18_fr03_10iter/report.html
2026-09-28 17:16:51 - __main__ - INFO -   For a PDF: python scripts/experiment_report.py --html-to-pdf <that file>  (needs a browser)
2026-09-28 17:16:51 - __main__ - INFO - Experiment tracked in: /media/volume/Tareek-instance_vol-1/Tareek-work/Tareek/experiments/experiment_comparison.csv
2026-09-28 17:16:51 - __main__ - INFO - Suggestion: Approaching acceptable. Fine-tune trip generation rates or time distributions.
2026-09-28 17:16:51 - __main__ - INFO - ============================================================
2026-09-28 17:16:51 - __main__ - INFO - EXPERIMENT COMPLETE
2026-09-28 17:16:51 - __main__ - INFO - ============================================================
2026-09-28 17:16:51 - __main__ - INFO - Experiment ID: madison_pf_hermes_w11_nw18_fr03_10iter
2026-09-28 17:16:51 - __main__ - INFO - Experiment directory: /media/volume/Tareek-instance_vol-1/Tareek-work/Tareek/experiments/madison_pf_hermes_w11_nw18_fr03_10iter
2026-09-28 17:16:51 - __main__ - INFO - Status: completed
2026-09-28 17:16:51 - __main__ - INFO - 
2026-09-28 17:16:51 - __main__ - INFO - Results available at:
2026-09-28 17:16:51 - __main__ - INFO -   Network: network.xml
2026-09-28 17:16:51 - __main__ - INFO -   Plans: plans.xml
2026-09-28 17:16:51 - __main__ - INFO -   Output: output/
2026-09-28 17:16:51 - __main__ - INFO -   Evaluation: evaluation/
2026-09-28 17:16:51 - __main__ - INFO - ============================================================
