Link Id	Count Station Id	Hour	MATSIM volumes	Count volumes	Relative Error	Normalized Relative Error	GEH
102956	FHA_27_011283_3	1	102	353	-0.711	0.711	16.641
102956	FHA_27_011283_3	2	97.333	264	-0.631	0.631	12.4
102956	FHA_27_011283_3	3	126.667	294	-0.569	0.569	11.538
102956	FHA_27_011283_3	4	85.333	377	-0.774	0.774	19.183
102956	FHA_27_011283_3	5	424	808	-0.475	0.475	15.472
102956	FHA_27_011283_3	6	1172.667	1843	-0.364	0.364	17.263
102956	FHA_27_011283_3	7	2296.667	2753	-0.166	0.166	9.082
102956	FHA_27_011283_3	8	4038	3669	0.101	0.091	5.944
102956	FHA_27_011283_3	9	4134.667	3665	0.128	0.114	7.521
102956	FHA_27_011283_3	10	3450	3295	0.047	0.045	2.669
102956	FHA_27_011283_3	11	3266	3208	0.018	0.018	1.019
102956	FHA_27_011283_3	12	2987.333	3524	-0.152	0.152	9.406
102956	FHA_27_011283_3	13	2700	3774	-0.285	0.285	18.877
102956	FHA_27_011283_3	14	2818.667	3952	-0.287	0.287	19.479
102956	FHA_27_011283_3	15	3242.667	4275	-0.241	0.241	16.838
102956	FHA_27_011283_3	16	3650	4883	-0.253	0.253	18.877
102956	FHA_27_011283_3	17	3732	5086	-0.266	0.266	20.391
102956	FHA_27_011283_3	18	3353.333	4776	-0.298	0.298	22.315
102956	FHA_27_011283_3	19	2738.667	3776	-0.275	0.275	18.176
102956	FHA_27_011283_3	20	2072.667	2531	-0.181	0.181	9.553
102956	FHA_27_011283_3	21	1392.667	1957	-0.288	0.288	13.79
102956	FHA_27_011283_3	22	1052	1432	-0.265	0.265	10.783
102956	FHA_27_011283_3	23	730	998	-0.269	0.269	9.118
102956	FHA_27_011283_3	24	360.667	654	-0.449	0.449	13.023
103381	FHA_55_550880_1	1	51.333	49	0.048	0.045	0.329
103381	FHA_55_550880_1	2	70.667	37	0.91	0.476	4.589
103381	FHA_55_550880_1	3	58	20	1.9	0.655	6.085
103381	FHA_55_550880_1	4	43.333	21	1.063	0.515	3.938
103381	FHA_55_550880_1	5	64.667	42	0.54	0.351	3.104
103381	FHA_55_550880_1	6	368	106	2.472	0.712	17.019
103381	FHA_55_550880_1	7	854.667	268	2.189	0.686	24.762
103381	FHA_55_550880_1	8	2155.333	378	4.702	0.825	49.939
103381	FHA_55_550880_1	9	1766.667	388	3.553	0.78	42.003
103381	FHA_55_550880_1	10	872.667	426	1.049	0.512	17.529
103381	FHA_55_550880_1	11	724.667	437	0.658	0.397	11.936
103381	FHA_55_550880_1	12	568.667	478	0.19	0.159	3.963
103381	FHA_55_550880_1	13	484	538	-0.1	0.1	2.389
103381	FHA_55_550880_1	14	596	611	-0.025	0.025	0.611
103381	FHA_55_550880_1	15	595.333	860	-0.308	0.308	9.811
103381	FHA_55_550880_1	16	508	1070	-0.525	0.525	20.008
103381	FHA_55_550880_1	17	464	1169	-0.603	0.603	24.672
103381	FHA_55_550880_1	18	394.667	977	-0.596	0.596	22.236
103381	FHA_55_550880_1	19	324.667	647	-0.498	0.498	14.624
103381	FHA_55_550880_1	20	253.333	434	-0.416	0.416	9.746
103381	FHA_55_550880_1	21	122.667	310	-0.604	0.604	12.737
103381	FHA_55_550880_1	22	145.333	220	-0.339	0.339	5.525
103381	FHA_55_550880_1	23	93.333	159	-0.413	0.413	5.846
103381	FHA_55_550880_1	24	56	99	-0.434	0.434	4.884
106635	FHA_27_011191_3	1	98.667	251	-0.607	0.607	11.521
106635	FHA_27_011191_3	2	19.333	174	-0.889	0.889	15.731
106635	FHA_27_011191_3	3	42.667	172	-0.752	0.752	12.484
106635	FHA_27_011191_3	4	77.333	190	-0.593	0.593	9.745
106635	FHA_27_011191_3	5	335.333	373	-0.101	0.101	2.001
106635	FHA_27_011191_3	6	1160.667	1058	0.097	0.088	3.082
106635	FHA_27_011191_3	7	2364.667	2681	-0.118	0.118	6.298
106635	FHA_27_011191_3	8	3595.333	2773	0.297	0.229	14.573
106635	FHA_27_011191_3	9	3401.333	2687	0.266	0.21	12.947
106635	FHA_27_011191_3	10	2766.667	2730	0.013	0.013	0.699
106635	FHA_27_011191_3	11	2556.667	2803	-0.088	0.088	4.758
106635	FHA_27_011191_3	12	1890.667	2857	-0.338	0.338	19.834
106635	FHA_27_011191_3	13	1858	2842	-0.346	0.346	20.298
106635	FHA_27_011191_3	14	2050	2779	-0.262	0.262	14.836
106635	FHA_27_011191_3	15	2152	2773	-0.224	0.224	12.514
106635	FHA_27_011191_3	16	2277.333	2681	-0.151	0.151	8.107
106635	FHA_27_011191_3	17	2301.333	2679	-0.141	0.141	7.568
106635	FHA_27_011191_3	18	2124	2590	-0.18	0.18	9.599
106635	FHA_27_011191_3	19	1694	2646	-0.36	0.36	20.437
106635	FHA_27_011191_3	20	1358.667	2062	-0.341	0.341	17.007
106635	FHA_27_011191_3	21	822	1663	-0.506	0.506	23.859
106635	FHA_27_011191_3	22	672	1250	-0.462	0.462	18.645
106635	FHA_27_011191_3	23	467.333	1000	-0.533	0.533	19.666
106635	FHA_27_011191_3	24	179.333	613	-0.707	0.707	21.788
109829	FHA_27_011517_5	1	118	192	-0.385	0.385	5.944
109829	FHA_27_011517_5	2	39.333	154	-0.745	0.745	11.663
109829	FHA_27_011517_5	3	115.333	151	-0.236	0.236	3.091
109829	FHA_27_011517_5	4	126	255	-0.506	0.506	9.346
109829	FHA_27_011517_5	5	372	680	-0.453	0.453	13.429
109829	FHA_27_011517_5	6	1310.667	1837	-0.287	0.287	13.267
109829	FHA_27_011517_5	7	2558.667	3409	-0.249	0.249	15.567
109829	FHA_27_011517_5	8	4266	4740	-0.1	0.1	7.064
109829	FHA_27_011517_5	9	4087.333	4357	-0.062	0.062	4.15
109829	FHA_27_011517_5	10	3335.333	3526	-0.054	0.054	3.255
109829	FHA_27_011517_5	11	2862.667	3073	-0.068	0.068	3.861
109829	FHA_27_011517_5	12	2532	3102	-0.184	0.184	10.739
109829	FHA_27_011517_5	13	2182.667	3033	-0.28	0.28	16.651
109829	FHA_27_011517_5	14	2040	3088	-0.339	0.339	20.697
109829	FHA_27_011517_5	15	2311.333	3450	-0.33	0.33	21.215
109829	FHA_27_011517_5	16	2556.667	3999	-0.361	0.361	25.193
109829	FHA_27_011517_5	17	2615.333	4393	-0.405	0.405	30.03
109829	FHA_27_011517_5	18	2148	3832	-0.439	0.439	30.797
109829	FHA_27_011517_5	19	1829.333	2824	-0.352	0.352	20.621
109829	FHA_27_011517_5	20	1462	1943	-0.248	0.248	11.657
109829	FHA_27_011517_5	21	998.667	1451	-0.312	0.312	12.925
109829	FHA_27_011517_5	22	615.333	1069	-0.424	0.424	15.633
109829	FHA_27_011517_5	23	491.333	690	-0.288	0.288	8.174
109829	FHA_27_011517_5	24	339.333	392	-0.134	0.134	2.754
114022	FHA_27_011205_3	1	64	111	-0.423	0.423	5.025
114022	FHA_27_011205_3	2	28.667	77	-0.628	0.628	6.65
114022	FHA_27_011205_3	3	26	88	-0.705	0.705	8.212
114022	FHA_27_011205_3	4	37.333	80	-0.533	0.533	5.57
114022	FHA_27_011205_3	5	290.667	159	0.828	0.453	8.781
114022	FHA_27_011205_3	6	1029.333	528	0.949	0.487	17.966
114022	FHA_27_011205_3	7	2516	1516	0.66	0.397	22.272
114022	FHA_27_011205_3	8	3566	2201	0.62	0.383	25.42
114022	FHA_27_011205_3	9	3378.667	1953	0.73	0.422	27.612
114022	FHA_27_011205_3	10	2994.667	1551	0.931	0.482	30.282
114022	FHA_27_011205_3	11	2620	1469	0.784	0.439	25.456
114022	FHA_27_011205_3	12	1926	1534	0.256	0.204	9.425
114022	FHA_27_011205_3	13	1825.333	1620	0.127	0.112	4.947
114022	FHA_27_011205_3	14	1830	1594	0.148	0.129	5.704
114022	FHA_27_011205_3	15	2062.667	1716	0.202	0.168	7.975
114022	FHA_27_011205_3	16	2361.333	1885	0.253	0.202	10.338
114022	FHA_27_011205_3	17	2181.333	2028	0.076	0.07	3.342
114022	FHA_27_011205_3	18	2154	1864	0.156	0.135	6.47
114022	FHA_27_011205_3	19	1710	1595	0.072	0.067	2.829
114022	FHA_27_011205_3	20	1085.333	1143	-0.05	0.05	1.728
114022	FHA_27_011205_3	21	672	917	-0.267	0.267	8.692
114022	FHA_27_011205_3	22	488.667	645	-0.242	0.242	6.566
114022	FHA_27_011205_3	23	410.667	551	-0.255	0.255	6.4
114022	FHA_27_011205_3	24	111.333	318	-0.65	0.65	14.105
117433	FHA_27_011236_7	1	69.333	153	-0.547	0.547	7.935
117433	FHA_27_011236_7	2	58.667	85	-0.31	0.31	3.107
117433	FHA_27_011236_7	3	68	58	0.172	0.147	1.26
117433	FHA_27_011236_7	4	48	82	-0.415	0.415	4.217
117433	FHA_27_011236_7	5	148	252	-0.413	0.413	7.354
117433	FHA_27_011236_7	6	461.333	549	-0.16	0.16	3.9
117433	FHA_27_011236_7	7	953.333	1466	-0.35	0.35	14.74
117433	FHA_27_011236_7	8	1684	2709	-0.378	0.378	21.87
117433	FHA_27_011236_7	9	1768.667	2785	-0.365	0.365	21.3
117433	FHA_27_011236_7	10	1674	2137	-0.217	0.217	10.607
117433	FHA_27_011236_7	11	1479.333	2048	-0.278	0.278	13.541
117433	FHA_27_011236_7	12	1388	2309	-0.399	0.399	21.422
117433	FHA_27_011236_7	13	1494.667	2538	-0.411	0.411	23.235
117433	FHA_27_011236_7	14	1712.667	2763	-0.38	0.38	22.203
117433	FHA_27_011236_7	15	2186	3389	-0.355	0.355	22.785
117433	FHA_27_011236_7	16	3060.667	4057	-0.246	0.246	16.701
117433	FHA_27_011236_7	17	3294	4210	-0.218	0.218	14.954
117433	FHA_27_011236_7	18	3003.333	3916	-0.233	0.233	15.517
117433	FHA_27_011236_7	19	2277.333	2554	-0.108	0.108	5.629
117433	FHA_27_011236_7	20	1445.333	1742	-0.17	0.17	7.431
117433	FHA_27_011236_7	21	1027.333	1434	-0.284	0.284	11.592
117433	FHA_27_011236_7	22	705.333	1145	-0.384	0.384	14.455
117433	FHA_27_011236_7	23	498.667	736	-0.322	0.322	9.552
117433	FHA_27_011236_7	24	215.333	403	-0.466	0.466	10.673
118544	FHA_27_010225_7	1	157.333	283	-0.444	0.444	8.469
118544	FHA_27_010225_7	2	182.667	200	-0.087	0.087	1.253
118544	FHA_27_010225_7	3	165.333	178	-0.071	0.071	0.967
118544	FHA_27_010225_7	4	270	250	0.08	0.074	1.24
118544	FHA_27_010225_7	5	320	416	-0.231	0.231	5.004
118544	FHA_27_010225_7	6	1236.667	796	0.554	0.356	13.823
118544	FHA_27_010225_7	7	2612.667	1298	1.013	0.503	29.731
118544	FHA_27_010225_7	8	5730	1798	2.187	0.686	64.09
118544	FHA_27_010225_7	9	5158.667	1872	1.756	0.637	55.434
118544	FHA_27_010225_7	10	3791.333	2011	0.885	0.47	33.053
118544	FHA_27_010225_7	11	2860	2056	0.391	0.281	16.217
118544	FHA_27_010225_7	12	2129.333	2169	-0.018	0.018	0.856
118544	FHA_27_010225_7	13	1956.667	2317	-0.156	0.156	7.795
118544	FHA_27_010225_7	14	2004	2485	-0.194	0.194	10.153
118544	FHA_27_010225_7	15	2238	2796	-0.2	0.2	11.122
118544	FHA_27_010225_7	16	2214.667	3327	-0.334	0.334	21.131
118544	FHA_27_010225_7	17	2265.333	3536	-0.359	0.359	23.593
118544	FHA_27_010225_7	18	1854	3053	-0.393	0.393	24.206
118544	FHA_27_010225_7	19	1582	2219	-0.287	0.287	14.612
118544	FHA_27_010225_7	20	1372.667	1583	-0.133	0.133	5.471
118544	FHA_27_010225_7	21	954	1252	-0.238	0.238	8.973
118544	FHA_27_010225_7	22	606.667	983	-0.383	0.383	13.349
118544	FHA_27_010225_7	23	466.667	701	-0.334	0.334	9.698
118544	FHA_27_010225_7	24	316	500	-0.368	0.368	9.109
120543	FHA_27_011228_5	1	102	167	-0.389	0.389	5.605
120543	FHA_27_011228_5	2	25.333	155	-0.837	0.837	13.655
120543	FHA_27_011228_5	3	39.333	138	-0.715	0.715	10.478
120543	FHA_27_011228_5	4	22	246	-0.911	0.911	19.351
120543	FHA_27_011228_5	5	212.667	686	-0.69	0.69	22.33
120543	FHA_27_011228_5	6	1173.333	1615	-0.273	0.273	11.829
120543	FHA_27_011228_5	7	2122	2669	-0.205	0.205	11.176
120543	FHA_27_011228_5	8	4126.667	3069	0.345	0.256	17.633
120543	FHA_27_011228_5	9	4132	2727	0.515	0.34	23.992
120543	FHA_27_011228_5	10	3021.333	2358	0.281	0.22	12.79
120543	FHA_27_011228_5	11	2182	2049	0.065	0.061	2.892
120543	FHA_27_011228_5	12	1814.667	2081	-0.128	0.128	6.035
120543	FHA_27_011228_5	13	1414.667	2195	-0.356	0.356	18.368
120543	FHA_27_011228_5	14	1367.333	2288	-0.402	0.402	21.535
120543	FHA_27_011228_5	15	1564.667	2522	-0.38	0.38	21.178
120543	FHA_27_011228_5	16	1893.333	2702	-0.299	0.299	16.87
120543	FHA_27_011228_5	17	1924.667	2577	-0.253	0.253	13.75
120543	FHA_27_011228_5	18	1388	2370	-0.414	0.414	22.654
120543	FHA_27_011228_5	19	1108	1970	-0.438	0.438	21.973
120543	FHA_27_011228_5	20	865.333	1410	-0.386	0.386	16.148
120543	FHA_27_011228_5	21	466	1153	-0.596	0.596	24.146
120543	FHA_27_011228_5	22	369.333	934	-0.605	0.605	22.12
120543	FHA_27_011228_5	23	190	614	-0.691	0.691	21.147
120543	FHA_27_011228_5	24	94.667	323	-0.707	0.707	15.8
124719	FHA_27_011228_1	1	79.333	235	-0.662	0.662	12.417
124719	FHA_27_011228_1	2	18	181	-0.901	0.901	16.341
124719	FHA_27_011228_1	3	66	199	-0.668	0.668	11.554
124719	FHA_27_011228_1	4	92	200	-0.54	0.54	8.938
124719	FHA_27_011228_1	5	112	329	-0.66	0.66	14.614
124719	FHA_27_011228_1	6	479.333	901	-0.468	0.468	16.051
124719	FHA_27_011228_1	7	1342	1740	-0.229	0.229	10.139
124719	FHA_27_011228_1	8	2368	2714	-0.127	0.127	6.864
124719	FHA_27_011228_1	9	2259.333	2494	-0.094	0.094	4.814
124719	FHA_27_011228_1	10	1851.333	2170	-0.147	0.147	7.107
124719	FHA_27_011228_1	11	1668	2069	-0.194	0.194	9.277
124719	FHA_27_011228_1	12	1514	2258	-0.329	0.329	17.132
124719	FHA_27_011228_1	13	1622	2503	-0.352	0.352	19.399
124719	FHA_27_011228_1	14	1768	2683	-0.341	0.341	19.396
124719	FHA_27_011228_1	15	2721.333	3006	-0.095	0.095	5.32
124719	FHA_27_011228_1	16	2999.333	2902	0.034	0.032	1.792
124719	FHA_27_011228_1	17	3067.333	3091	-0.008	0.008	0.427
124719	FHA_27_011228_1	18	3078.667	3041	0.012	0.012	0.681
124719	FHA_27_011228_1	19	2290	2497	-0.083	0.083	4.231
124719	FHA_27_011228_1	20	1674.667	1709	-0.02	0.02	0.835
124719	FHA_27_011228_1	21	1280.667	1327	-0.035	0.035	1.283
124719	FHA_27_011228_1	22	944	1091	-0.135	0.135	4.608
124719	FHA_27_011228_1	23	752	849	-0.114	0.114	3.428
124719	FHA_27_011228_1	24	350.667	505	-0.306	0.306	7.461
133075	FHA_27_010730_1	1	137.333	337	-0.592	0.592	12.965
133075	FHA_27_010730_1	2	38.667	227	-0.83	0.83	16.341
133075	FHA_27_010730_1	3	96.667	166	-0.418	0.418	6.05
133075	FHA_27_010730_1	4	120	165	-0.273	0.273	3.77
133075	FHA_27_010730_1	5	504	322	0.565	0.361	8.956
133075	FHA_27_010730_1	6	1988.667	864	1.302	0.566	29.779
133075	FHA_27_010730_1	7	3291.333	2421	0.359	0.264	16.285
133075	FHA_27_010730_1	8	4503.333	4645	-0.03	0.03	2.095
133075	FHA_27_010730_1	9	3904.667	4658	-0.162	0.162	11.513
133075	FHA_27_010730_1	10	3437.333	3645	-0.057	0.057	3.49
133075	FHA_27_010730_1	11	3027.333	3200	-0.054	0.054	3.094
133075	FHA_27_010730_1	12	2680.667	3405	-0.213	0.213	13.131
133075	FHA_27_010730_1	13	2712.667	3556	-0.237	0.237	15.064
133075	FHA_27_010730_1	14	2972.667	3635	-0.182	0.182	11.523
133075	FHA_27_010730_1	15	3742	4327	-0.135	0.135	9.21
133075	FHA_27_010730_1	16	4370	5091	-0.142	0.142	10.483
133075	FHA_27_010730_1	17	4470	5126	-0.128	0.128	9.471
133075	FHA_27_010730_1	18	4156.667	4832	-0.14	0.14	10.074
133075	FHA_27_010730_1	19	3425.333	3974	-0.138	0.138	9.02
133075	FHA_27_010730_1	20	2810.667	2771	0.014	0.014	0.751
133075	FHA_27_010730_1	21	1832.667	2177	-0.158	0.158	7.69
133075	FHA_27_010730_1	22	1447.333	1722	-0.16	0.16	6.9
133075	FHA_27_010730_1	23	1074.667	1275	-0.157	0.157	5.845
133075	FHA_27_010730_1	24	515.333	773	-0.333	0.333	10.152
137592	FHA_55_550006_7	1	183.333	308	-0.405	0.405	7.954
137592	FHA_55_550006_7	2	167.333	244	-0.314	0.314	5.346
137592	FHA_55_550006_7	3	174	259	-0.328	0.328	5.777
137592	FHA_55_550006_7	4	239.333	387	-0.382	0.382	8.344
137592	FHA_55_550006_7	5	320	797	-0.598	0.598	20.184
137592	FHA_55_550006_7	6	1354	1948	-0.305	0.305	14.619
137592	FHA_55_550006_7	7	2841.333	3231	-0.121	0.121	7.072
137592	FHA_55_550006_7	8	6196	3296	0.88	0.468	42.095
137592	FHA_55_550006_7	9	5972.667	2644	1.259	0.557	50.713
137592	FHA_55_550006_7	10	4104	2391	0.716	0.417	30.06
137592	FHA_55_550006_7	11	3203.333	2298	0.394	0.283	17.262
137592	FHA_55_550006_7	12	2468.667	2375	0.039	0.038	1.903
137592	FHA_55_550006_7	13	2256	2441	-0.076	0.076	3.817
137592	FHA_55_550006_7	14	2267.333	2495	-0.091	0.091	4.666
137592	FHA_55_550006_7	15	2461.333	2693	-0.086	0.086	4.563
137592	FHA_55_550006_7	16	2599.333	2944	-0.117	0.117	6.547
137592	FHA_55_550006_7	17	2635.333	3077	-0.144	0.144	8.264
137592	FHA_55_550006_7	18	2012	2772	-0.274	0.274	15.539
137592	FHA_55_550006_7	19	1828.667	2252	-0.188	0.188	9.372
137592	FHA_55_550006_7	20	1478	1675	-0.118	0.118	4.962
137592	FHA_55_550006_7	21	991.333	1307	-0.242	0.242	9.312
137592	FHA_55_550006_7	22	670.667	992	-0.324	0.324	11.145
137592	FHA_55_550006_7	23	448	702	-0.362	0.362	10.593
137592	FHA_55_550006_7	24	319.333	482	-0.337	0.337	8.127
149804	FHA_27_011759_1	1	84	191	-0.56	0.56	9.125
149804	FHA_27_011759_1	2	116	105	0.105	0.095	1.046
149804	FHA_27_011759_1	3	129.333	92	0.406	0.289	3.549
149804	FHA_27_011759_1	4	209.333	116	0.805	0.446	7.318
149804	FHA_27_011759_1	5	171.333	183	-0.064	0.064	0.877
149804	FHA_27_011759_1	6	271.333	437	-0.379	0.379	8.803
149804	FHA_27_011759_1	7	560.667	883	-0.365	0.365	11.997
149804	FHA_27_011759_1	8	1001.333	1299	-0.229	0.229	8.777
149804	FHA_27_011759_1	9	1240	1384	-0.104	0.104	3.976
149804	FHA_27_011759_1	10	1426	1606	-0.112	0.112	4.623
149804	FHA_27_011759_1	11	1670.667	1765	-0.053	0.053	2.276
149804	FHA_27_011759_1	12	1806	1728	0.045	0.043	1.856
149804	FHA_27_011759_1	13	1841.333	1789	0.029	0.028	1.228
149804	FHA_27_011759_1	14	2273.333	2014	0.129	0.114	5.601
149804	FHA_27_011759_1	15	2874.667	2722	0.056	0.053	2.886
149804	FHA_27_011759_1	16	3625.333	3375	0.074	0.069	4.231
149804	FHA_27_011759_1	17	4004.667	3426	0.169	0.144	9.494
149804	FHA_27_011759_1	18	3804	2962	0.284	0.221	14.476
149804	FHA_27_011759_1	19	3019.333	2181	0.384	0.278	16.441
149804	FHA_27_011759_1	20	2392.667	1530	0.564	0.361	19.479
149804	FHA_27_011759_1	21	1665.333	1097	0.518	0.341	15.293
149804	FHA_27_011759_1	22	1272	754	0.687	0.407	16.275
149804	FHA_27_011759_1	23	1004.667	534	0.881	0.468	16.969
149804	FHA_27_011759_1	24	671.333	338	0.986	0.497	14.838
183265	FHA_27_000040_1	1	96.667	178	-0.457	0.457	6.94
183265	FHA_27_000040_1	2	96.667	114	-0.152	0.152	1.689
183265	FHA_27_000040_1	3	59.333	103	-0.424	0.424	4.847
183265	FHA_27_000040_1	4	55.333	134	-0.587	0.587	8.085
183265	FHA_27_000040_1	5	241.333	290	-0.168	0.168	2.986
183265	FHA_27_000040_1	6	501.333	1013	-0.505	0.505	18.595
183265	FHA_27_000040_1	7	1029.333	1746	-0.41	0.41	19.239
183265	FHA_27_000040_1	8	2776.667	2524	0.1	0.091	4.908
183265	FHA_27_000040_1	9	2262	2175	0.04	0.038	1.847
183265	FHA_27_000040_1	10	1124	1728	-0.35	0.35	15.995
183265	FHA_27_000040_1	11	1025.333	1569	-0.347	0.347	15.095
183265	FHA_27_000040_1	12	658.667	1656	-0.602	0.602	29.316
183265	FHA_27_000040_1	13	655.333	1720	-0.619	0.619	30.893
183265	FHA_27_000040_1	14	744.667	1690	-0.559	0.559	27.094
183265	FHA_27_000040_1	15	934.667	1883	-0.504	0.504	25.266
183265	FHA_27_000040_1	16	1086.667	2164	-0.498	0.498	26.723
183265	FHA_27_000040_1	17	1085.333	2396	-0.547	0.547	31.415
183265	FHA_27_000040_1	18	856.667	2360	-0.637	0.637	37.486
183265	FHA_27_000040_1	19	710.667	1821	-0.61	0.61	31.208
183265	FHA_27_000040_1	20	546.667	1270	-0.57	0.57	24
183265	FHA_27_000040_1	21	522.667	944	-0.446	0.446	15.559
183265	FHA_27_000040_1	22	354.667	747	-0.525	0.525	16.716
183265	FHA_27_000040_1	23	236.667	557	-0.575	0.575	16.08
183265	FHA_27_000040_1	24	144.667	350	-0.587	0.587	13.056
184969	FHA_27_011759_5	1	30.667	125	-0.755	0.755	10.693
184969	FHA_27_011759_5	2	140	84	0.667	0.4	5.292
184969	FHA_27_011759_5	3	182.667	107	0.707	0.414	6.287
184969	FHA_27_011759_5	4	89.333	264	-0.662	0.662	13.141
184969	FHA_27_011759_5	5	386	864	-0.553	0.553	19.12
184969	FHA_27_011759_5	6	1521.333	2565	-0.407	0.407	23.089
184969	FHA_27_011759_5	7	2921.333	3440	-0.151	0.151	9.197
184969	FHA_27_011759_5	8	4800	2992	0.604	0.377	28.966
184969	FHA_27_011759_5	9	4583.333	2027	1.261	0.558	44.465
184969	FHA_27_011759_5	10	3255.333	1664	0.956	0.489	32.087
184969	FHA_27_011759_5	11	2113.333	1529	0.382	0.276	13.693
184969	FHA_27_011759_5	12	1824.667	1505	0.212	0.175	7.835
184969	FHA_27_011759_5	13	1714.667	1563	0.097	0.088	3.746
184969	FHA_27_011759_5	14	1578	1608	-0.019	0.019	0.752
184969	FHA_27_011759_5	15	1647.333	1755	-0.061	0.061	2.61
184969	FHA_27_011759_5	16	1627.333	1874	-0.132	0.132	5.895
184969	FHA_27_011759_5	17	1497.333	2005	-0.253	0.253	12.132
184969	FHA_27_011759_5	18	1492.667	1817	-0.178	0.178	7.973
184969	FHA_27_011759_5	19	1120	1403	-0.202	0.202	7.968
184969	FHA_27_011759_5	20	886	1063	-0.167	0.167	5.67
184969	FHA_27_011759_5	21	506.667	831	-0.39	0.39	12.541
184969	FHA_27_011759_5	22	396.667	678	-0.415	0.415	12.137
184969	FHA_27_011759_5	23	223.333	542	-0.588	0.588	16.29
184969	FHA_27_011759_5	24	199.333	340	-0.414	0.414	8.566
192643	FHA_27_010730_5	1	168.667	314	-0.463	0.463	9.355
192643	FHA_27_010730_5	2	53.333	202	-0.736	0.736	13.158
192643	FHA_27_010730_5	3	100	173	-0.422	0.422	6.248
192643	FHA_27_010730_5	4	84.667	221	-0.617	0.617	11.028
192643	FHA_27_010730_5	5	527.333	535	-0.014	0.014	0.333
192643	FHA_27_010730_5	6	1945.333	1552	0.253	0.202	9.406
192643	FHA_27_010730_5	7	3937.333	3584	0.099	0.09	5.762
192643	FHA_27_010730_5	8	5739.333	5605	0.024	0.023	1.784
192643	FHA_27_010730_5	9	5588.667	5537	0.009	0.009	0.693
192643	FHA_27_010730_5	10	5260	4471	0.176	0.15	11.311
192643	FHA_27_010730_5	11	4705.333	4013	0.173	0.147	10.486
192643	FHA_27_010730_5	12	3884	4275	-0.091	0.091	6.122
192643	FHA_27_010730_5	13	3793.333	4493	-0.156	0.156	10.87
192643	FHA_27_010730_5	14	3806.667	4602	-0.173	0.173	12.266
192643	FHA_27_010730_5	15	4410.667	5123	-0.139	0.139	10.317
192643	FHA_27_010730_5	16	5183.333	5675	-0.087	0.087	6.673
192643	FHA_27_010730_5	17	5120.667	5658	-0.095	0.095	7.319
192643	FHA_27_010730_5	18	4236	5534	-0.235	0.235	18.571
192643	FHA_27_010730_5	19	3594	4476	-0.197	0.197	13.885
192643	FHA_27_010730_5	20	2726.667	3058	-0.108	0.108	6.161
192643	FHA_27_010730_5	21	1884.667	2349	-0.198	0.198	10.092
192643	FHA_27_010730_5	22	1531.333	1985	-0.229	0.229	10.819
192643	FHA_27_010730_5	23	991.333	1369	-0.276	0.276	10.994
192643	FHA_27_010730_5	24	466.667	746	-0.374	0.374	11.344
194060	FHA_27_011747_3	1	218	546	-0.601	0.601	16.782
194060	FHA_27_011747_3	2	66	361	-0.817	0.817	20.189
194060	FHA_27_011747_3	3	138.667	280	-0.505	0.505	9.768
194060	FHA_27_011747_3	4	124.667	294	-0.576	0.576	11.704
194060	FHA_27_011747_3	5	261.333	424	-0.384	0.384	8.787
194060	FHA_27_011747_3	6	873.333	1085	-0.195	0.195	6.764
194060	FHA_27_011747_3	7	1480	2338	-0.367	0.367	19.637
194060	FHA_27_011747_3	8	2542	3242	-0.216	0.216	13.017
194060	FHA_27_011747_3	9	2478.667	3238	-0.235	0.235	14.203
194060	FHA_27_011747_3	10	2492.667	3155	-0.21	0.21	12.464
194060	FHA_27_011747_3	11	2838	3139	-0.096	0.096	5.506
194060	FHA_27_011747_3	12	2626.667	3501	-0.25	0.25	15.796
194060	FHA_27_011747_3	13	2988	3917	-0.237	0.237	15.811
194060	FHA_27_011747_3	14	3350	4226	-0.207	0.207	14.233
194060	FHA_27_011747_3	15	4634	5282	-0.123	0.123	9.203
194060	FHA_27_011747_3	16	5362.667	6125	-0.124	0.124	10.059
194060	FHA_27_011747_3	17	5534.667	6374	-0.132	0.132	10.877
194060	FHA_27_011747_3	18	5074	5601	-0.094	0.094	7.213
194060	FHA_27_011747_3	19	4094.667	4111	-0.004	0.004	0.255
194060	FHA_27_011747_3	20	3150	3113	0.012	0.012	0.661
194060	FHA_27_011747_3	21	2052	2610	-0.214	0.214	11.557
194060	FHA_27_011747_3	22	1550	2137	-0.275	0.275	13.672
194060	FHA_27_011747_3	23	1092	1675	-0.348	0.348	15.674
194060	FHA_27_011747_3	24	576.667	1199	-0.519	0.519	20.886
21307	FHA_27_011510_1	1	173.333	517	-0.665	0.665	18.498
21307	FHA_27_011510_1	2	22	346	-0.936	0.936	23.886
21307	FHA_27_011510_1	3	70	288	-0.757	0.757	16.294
21307	FHA_27_011510_1	4	31.333	286	-0.89	0.89	20.218
21307	FHA_27_011510_1	5	144	626	-0.77	0.77	24.565
21307	FHA_27_011510_1	6	581.333	1782	-0.674	0.674	34.928
21307	FHA_27_011510_1	7	944	3566	-0.735	0.735	55.215
21307	FHA_27_011510_1	8	1903.333	4932	-0.614	0.614	51.807
21307	FHA_27_011510_1	9	2040	4776	-0.573	0.573	46.867
21307	FHA_27_011510_1	10	1922	3922	-0.51	0.51	36.999
21307	FHA_27_011510_1	11	2128.667	3424	-0.378	0.378	24.584
21307	FHA_27_011510_1	12	2268.667	3712	-0.389	0.389	26.394
21307	FHA_27_011510_1	13	2282	4023	-0.433	0.433	31.008
21307	FHA_27_011510_1	14	2725.333	4369	-0.376	0.376	27.598
21307	FHA_27_011510_1	15	3911.333	5639	-0.306	0.306	25.001
21307	FHA_27_011510_1	16	4642.667	6417	-0.277	0.277	23.86
21307	FHA_27_011510_1	17	4915.333	5113	-0.039	0.039	2.791
21307	FHA_27_011510_1	18	4390	6156	-0.287	0.287	24.32
21307	FHA_27_011510_1	19	3346	4693	-0.287	0.287	21.246
21307	FHA_27_011510_1	20	2551.333	3273	-0.22	0.22	13.373
21307	FHA_27_011510_1	21	1956.667	2800	-0.301	0.301	17.293
21307	FHA_27_011510_1	22	1410	2270	-0.379	0.379	20.049
21307	FHA_27_011510_1	23	1008.667	1816	-0.445	0.445	21.482
21307	FHA_27_011510_1	24	505.333	1100	-0.541	0.541	20.99
216921	FHA_27_006461_3	1	77.333	151	-0.488	0.488	6.894
216921	FHA_27_006461_3	2	134.667	118	0.141	0.124	1.483
216921	FHA_27_006461_3	3	160	140	0.143	0.125	1.633
216921	FHA_27_006461_3	4	132.667	200	-0.337	0.337	5.221
216921	FHA_27_006461_3	5	203.333	518	-0.607	0.607	16.569
216921	FHA_27_006461_3	6	524.667	1024	-0.488	0.488	17.944
216921	FHA_27_006461_3	7	984	1238	-0.205	0.205	7.62
216921	FHA_27_006461_3	8	2609.333	1237	1.109	0.526	31.293
216921	FHA_27_006461_3	9	2430.667	1202	1.022	0.505	28.829
216921	FHA_27_006461_3	10	1386.667	1223	0.134	0.118	4.531
216921	FHA_27_006461_3	11	967.333	1261	-0.233	0.233	8.798
216921	FHA_27_006461_3	12	711.333	1358	-0.476	0.476	20.104
216921	FHA_27_006461_3	13	864.667	1434	-0.397	0.397	16.794
216921	FHA_27_006461_3	14	639.333	1537	-0.584	0.584	27.212
216921	FHA_27_006461_3	15	695.333	1614	-0.569	0.569	27.035
216921	FHA_27_006461_3	16	870	1690	-0.485	0.485	22.92
216921	FHA_27_006461_3	17	761.333	1762	-0.568	0.568	28.172
216921	FHA_27_006461_3	18	623.333	1661	-0.625	0.625	30.704
216921	FHA_27_006461_3	19	692	1238	-0.441	0.441	17.576
216921	FHA_27_006461_3	20	499.333	917	-0.455	0.455	15.695
216921	FHA_27_006461_3	21	292	713	-0.59	0.59	18.781
216921	FHA_27_006461_3	22	268.667	514	-0.477	0.477	12.402
216921	FHA_27_006461_3	23	194.667	363	-0.464	0.464	10.081
216921	FHA_27_006461_3	24	238	232	0.026	0.025	0.391
220380	FHA_55_550216_1	1	12	29	-0.586	0.586	3.755
220380	FHA_55_550216_1	2	23.333	16	0.458	0.314	1.654
220380	FHA_55_550216_1	3	12.667	20	-0.367	0.367	1.815
220380	FHA_55_550216_1	4	15.333	52	-0.705	0.705	6.319
220380	FHA_55_550216_1	5	73.333	209	-0.649	0.649	11.418
220380	FHA_55_550216_1	6	465.333	474	-0.018	0.018	0.4
220380	FHA_55_550216_1	7	902.667	906	-0.004	0.004	0.111
220380	FHA_55_550216_1	8	1888	1097	0.721	0.419	20.475
220380	FHA_55_550216_1	9	2168	827	1.622	0.619	34.653
220380	FHA_55_550216_1	10	1534.667	664	1.311	0.567	26.26
220380	FHA_55_550216_1	11	990.667	639	0.55	0.355	12.32
220380	FHA_55_550216_1	12	699.333	675	0.036	0.035	0.928
220380	FHA_55_550216_1	13	603.333	671	-0.101	0.101	2.681
220380	FHA_55_550216_1	14	644	664	-0.03	0.03	0.782
220380	FHA_55_550216_1	15	689.333	760	-0.093	0.093	2.625
220380	FHA_55_550216_1	16	763.333	908	-0.159	0.159	5.004
220380	FHA_55_550216_1	17	929.333	934	-0.005	0.005	0.153
220380	FHA_55_550216_1	18	712.667	784	-0.091	0.091	2.608
220380	FHA_55_550216_1	19	625.333	574	0.089	0.082	2.096
220380	FHA_55_550216_1	20	482.667	366	0.319	0.242	5.664
220380	FHA_55_550216_1	21	305.333	241	0.267	0.211	3.892
220380	FHA_55_550216_1	22	173.333	184	-0.058	0.058	0.798
220380	FHA_55_550216_1	23	196	107	0.832	0.454	7.231
220380	FHA_55_550216_1	24	83.333	77	0.082	0.076	0.707
221467	FHA_27_010808_5	1	236.667	819	-0.711	0.711	25.347
221467	FHA_27_010808_5	2	32.667	541	-0.94	0.94	30.015
221467	FHA_27_010808_5	3	122.667	440	-0.721	0.721	18.919
221467	FHA_27_010808_5	4	115.333	527	-0.781	0.781	22.971
221467	FHA_27_010808_5	5	461.333	1019	-0.547	0.547	20.498
221467	FHA_27_010808_5	6	1890.667	2456	-0.23	0.23	12.127
221467	FHA_27_010808_5	7	3552.667	4082	-0.13	0.13	8.567
221467	FHA_27_010808_5	8	5572.667	5606	-0.006	0.006	0.446
221467	FHA_27_010808_5	9	5333.333	5230	0.02	0.019	1.422
221467	FHA_27_010808_5	10	4342	4832	-0.101	0.101	7.235
221467	FHA_27_010808_5	11	3742	4705	-0.205	0.205	14.818
221467	FHA_27_010808_5	12	3252	5034	-0.354	0.354	27.685
221467	FHA_27_010808_5	13	3454	5456	-0.367	0.367	29.994
221467	FHA_27_010808_5	14	4323.333	5692	-0.24	0.24	19.341
221467	FHA_27_010808_5	15	5648	6282	-0.101	0.101	8.209
221467	FHA_27_010808_5	16	6756	6694	0.009	0.009	0.756
221467	FHA_27_010808_5	17	6851.333	6302	0.087	0.08	6.774
221467	FHA_27_010808_5	18	5799.333	5863	-0.011	0.011	0.834
221467	FHA_27_010808_5	19	4440.667	5295	-0.161	0.161	12.245
221467	FHA_27_010808_5	20	3257.333	4431	-0.265	0.265	18.93
221467	FHA_27_010808_5	21	2154	3847	-0.44	0.44	30.907
221467	FHA_27_010808_5	22	1652.667	3462	-0.523	0.523	35.779
221467	FHA_27_010808_5	23	940.667	2576	-0.635	0.635	38.999
221467	FHA_27_010808_5	24	530	1690	-0.686	0.686	34.817
2225	FHA_27_010310_5	1	87.333	174	-0.498	0.498	7.582
2225	FHA_27_010310_5	2	36	129	-0.721	0.721	10.239
2225	FHA_27_010310_5	3	52.667	130	-0.595	0.595	8.092
2225	FHA_27_010310_5	4	50	175	-0.714	0.714	11.785
2225	FHA_27_010310_5	5	336.667	377	-0.107	0.107	2.135
2225	FHA_27_010310_5	6	1206.667	977	0.235	0.19	6.951
2225	FHA_27_010310_5	7	2115.333	1819	0.163	0.14	6.681
2225	FHA_27_010310_5	8	3956	2714	0.458	0.314	21.507
2225	FHA_27_010310_5	9	3380	2711	0.247	0.198	12.123
2225	FHA_27_010310_5	10	2555.333	2130	0.2	0.166	8.788
2225	FHA_27_010310_5	11	2251.333	1951	0.154	0.133	6.552
2225	FHA_27_010310_5	12	1890.667	2018	-0.063	0.063	2.88
2225	FHA_27_010310_5	13	1664	2127	-0.218	0.218	10.635
2225	FHA_27_010310_5	14	1797.333	2196	-0.182	0.182	8.922
2225	FHA_27_010310_5	15	2269.333	2463	-0.079	0.079	3.981
2225	FHA_27_010310_5	16	3066	2848	0.077	0.071	4.009
2225	FHA_27_010310_5	17	3228	3008	0.073	0.068	3.94
2225	FHA_27_010310_5	18	2531.333	2688	-0.058	0.058	3.067
2225	FHA_27_010310_5	19	1838	2018	-0.089	0.089	4.099
2225	FHA_27_010310_5	20	1344.667	1410	-0.046	0.046	1.76
2225	FHA_27_010310_5	21	880	1125	-0.218	0.218	7.738
2225	FHA_27_010310_5	22	618	902	-0.315	0.315	10.302
2225	FHA_27_010310_5	23	316.667	622	-0.491	0.491	14.094
2225	FHA_27_010310_5	24	134	331	-0.595	0.595	12.92
226719	FHA_27_011238_7	1	88	307	-0.713	0.713	15.583
226719	FHA_27_011238_7	2	63.333	187	-0.661	0.661	11.054
226719	FHA_27_011238_7	3	86	145	-0.407	0.407	5.49
226719	FHA_27_011238_7	4	78	158	-0.506	0.506	7.365
226719	FHA_27_011238_7	5	199.333	417	-0.522	0.522	12.399
226719	FHA_27_011238_7	6	656.667	1000	-0.343	0.343	11.929
226719	FHA_27_011238_7	7	1293.333	2362	-0.452	0.452	24.997
226719	FHA_27_011238_7	8	2296	4435	-0.482	0.482	36.871
226719	FHA_27_011238_7	9	2342.667	4696	-0.501	0.501	39.669
226719	FHA_27_011238_7	10	2042	3491	-0.415	0.415	27.549
226719	FHA_27_011238_7	11	1774	3200	-0.446	0.446	28.594
226719	FHA_27_011238_7	12	1498	3552	-0.578	0.578	40.876
226719	FHA_27_011238_7	13	1751.333	3814	-0.541	0.541	39.102
226719	FHA_27_011238_7	14	1948	4077	-0.522	0.522	38.789
226719	FHA_27_011238_7	15	2494.667	4697	-0.469	0.469	36.727
226719	FHA_27_011238_7	16	3304.667	5477	-0.397	0.397	32.783
226719	FHA_27_011238_7	17	3622	5703	-0.365	0.365	30.476
226719	FHA_27_011238_7	18	3260.667	5349	-0.39	0.39	31.829
226719	FHA_27_011238_7	19	2412	3694	-0.347	0.347	23.202
226719	FHA_27_011238_7	20	1645.333	2633	-0.375	0.375	21.354
226719	FHA_27_011238_7	21	1170	2178	-0.463	0.463	24.637
226719	FHA_27_011238_7	22	730.667	1937	-0.623	0.623	33.031
226719	FHA_27_011238_7	23	555.333	1322	-0.58	0.58	25.024
226719	FHA_27_011238_7	24	208	765	-0.728	0.728	25.253
24580	FHA_27_011280_1	1	110.667	341	-0.675	0.675	15.327
24580	FHA_27_011280_1	2	24.667	223	-0.889	0.889	17.823
24580	FHA_27_011280_1	3	94	216	-0.565	0.565	9.799
24580	FHA_27_011280_1	4	72.667	263	-0.724	0.724	14.692
24580	FHA_27_011280_1	5	476	593	-0.197	0.197	5.061
24580	FHA_27_011280_1	6	2016	1704	0.183	0.155	7.234
24580	FHA_27_011280_1	7	4035.333	3374	0.196	0.164	10.865
24580	FHA_27_011280_1	8	6377.333	4317	0.477	0.323	28.176
24580	FHA_27_011280_1	9	5760.667	3892	0.48	0.324	26.898
24580	FHA_27_011280_1	10	4787.333	3505	0.366	0.268	19.915
24580	FHA_27_011280_1	11	3208.667	3222	-0.004	0.004	0.235
24580	FHA_27_011280_1	12	2592	3342	-0.224	0.224	13.769
24580	FHA_27_011280_1	13	2204	3435	-0.358	0.358	23.183
24580	FHA_27_011280_1	14	1860	3451	-0.461	0.461	30.874
24580	FHA_27_011280_1	15	2366.667	3768	-0.372	0.372	25.302
24580	FHA_27_011280_1	16	2856	4172	-0.315	0.315	22.2
24580	FHA_27_011280_1	17	2470.667	4315	-0.427	0.427	31.663
24580	FHA_27_011280_1	18	2166.667	4013	-0.46	0.46	33.216
24580	FHA_27_011280_1	19	1826	3223	-0.433	0.433	27.804
24580	FHA_27_011280_1	20	1308.667	2362	-0.446	0.446	24.587
24580	FHA_27_011280_1	21	946	1835	-0.484	0.484	23.841
24580	FHA_27_011280_1	22	786	1476	-0.467	0.467	20.517
24580	FHA_27_011280_1	23	499.333	1140	-0.562	0.562	22.378
24580	FHA_27_011280_1	24	269.333	662	-0.593	0.593	18.196
24616	FHA_27_010808_1	1	164	799	-0.795	0.795	28.938
24616	FHA_27_010808_1	2	22.667	478	-0.953	0.953	28.779
24616	FHA_27_010808_1	3	85.333	338	-0.748	0.748	17.367
24616	FHA_27_010808_1	4	96.667	419	-0.769	0.769	20.074
24616	FHA_27_010808_1	5	670.667	881	-0.239	0.239	7.551
24616	FHA_27_010808_1	6	2857.333	2386	0.198	0.165	9.205
24616	FHA_27_010808_1	7	5738	4948	0.16	0.138	10.808
24616	FHA_27_010808_1	8	10132.667	6214	0.631	0.387	43.345
24616	FHA_27_010808_1	9	8659.333	5728	0.512	0.339	34.561
24616	FHA_27_010808_1	10	6674	5193	0.285	0.222	19.226
24616	FHA_27_010808_1	11	4570	4842	-0.056	0.056	3.965
24616	FHA_27_010808_1	12	3650.667	4876	-0.251	0.251	18.766
24616	FHA_27_010808_1	13	3401.333	5218	-0.348	0.348	27.673
24616	FHA_27_010808_1	14	3262.667	5229	-0.376	0.376	30.177
24616	FHA_27_010808_1	15	3907.333	5530	-0.293	0.293	23.622
24616	FHA_27_010808_1	16	4666.667	5685	-0.179	0.179	14.155
24616	FHA_27_010808_1	17	4352.667	5665	-0.232	0.232	18.543
24616	FHA_27_010808_1	18	3926.667	5424	-0.276	0.276	21.898
24616	FHA_27_010808_1	19	3299.333	5365	-0.385	0.385	31.384
24616	FHA_27_010808_1	20	2271.333	4347	-0.477	0.477	36.083
24616	FHA_27_010808_1	21	1579.333	3587	-0.56	0.56	39.502
24616	FHA_27_010808_1	22	1264	3176	-0.602	0.602	40.58
24616	FHA_27_010808_1	23	883.333	2507	-0.648	0.648	39.436
24616	FHA_27_010808_1	24	416.667	1570	-0.735	0.735	36.594
256564	FHA_27_010398_7	1	152.667	347	-0.56	0.56	12.295
256564	FHA_27_010398_7	2	78.667	253	-0.689	0.689	13.538
256564	FHA_27_010398_7	3	274	226	0.212	0.175	3.036
256564	FHA_27_010398_7	4	196	236	-0.169	0.169	2.722
256564	FHA_27_010398_7	5	219.333	349	-0.372	0.372	7.692
256564	FHA_27_010398_7	6	696.667	818	-0.148	0.148	4.409
256564	FHA_27_010398_7	7	1163.333	1688	-0.311	0.311	13.896
256564	FHA_27_010398_7	8	2269.333	1986	0.143	0.125	6.143
256564	FHA_27_010398_7	9	2154.667	1980	0.088	0.081	3.842
256564	FHA_27_010398_7	10	2156	2233	-0.034	0.034	1.644
256564	FHA_27_010398_7	11	2127.333	2285	-0.069	0.069	3.357
256564	FHA_27_010398_7	12	2118	2412	-0.122	0.122	6.178
256564	FHA_27_010398_7	13	2050.667	2652	-0.227	0.227	12.401
256564	FHA_27_010398_7	14	2493.333	2936	-0.151	0.151	8.496
256564	FHA_27_010398_7	15	2780	3644	-0.237	0.237	15.245
256564	FHA_27_010398_7	16	3662	3993	-0.083	0.083	5.35
256564	FHA_27_010398_7	17	4075.333	4374	-0.068	0.068	4.595
256564	FHA_27_010398_7	18	4238.667	4014	0.056	0.053	3.497
256564	FHA_27_010398_7	19	3843.333	2924	0.314	0.239	15.804
256564	FHA_27_010398_7	20	3235.333	2141	0.511	0.338	21.107
256564	FHA_27_010398_7	21	2508.667	1581	0.587	0.37	20.515
256564	FHA_27_010398_7	22	1672	1201	0.392	0.282	12.427
256564	FHA_27_010398_7	23	1368	915	0.495	0.331	13.408
256564	FHA_27_010398_7	24	945.333	601	0.573	0.364	12.383
266598	FHA_55_550153_3	1	74	240	-0.692	0.692	13.248
266598	FHA_55_550153_3	2	140	185	-0.243	0.243	3.53
266598	FHA_55_550153_3	3	205.333	167	0.23	0.187	2.809
266598	FHA_55_550153_3	4	268.667	188	0.429	0.3	5.338
266598	FHA_55_550153_3	5	260	328	-0.207	0.207	3.966
266598	FHA_55_550153_3	6	506	545	-0.072	0.072	1.701
266598	FHA_55_550153_3	7	701.333	923	-0.24	0.24	7.778
266598	FHA_55_550153_3	8	1336	1183	0.129	0.115	4.311
266598	FHA_55_550153_3	9	1630	1296	0.258	0.205	8.732
266598	FHA_55_550153_3	10	1800	1529	0.177	0.151	6.642
266598	FHA_55_550153_3	11	1678	1649	0.018	0.017	0.711
266598	FHA_55_550153_3	12	1834	1686	0.088	0.081	3.528
266598	FHA_55_550153_3	13	1937.333	1789	0.083	0.077	3.436
266598	FHA_55_550153_3	14	1866.667	1875	-0.004	0.004	0.193
266598	FHA_55_550153_3	15	2095.333	2068	0.013	0.013	0.599
266598	FHA_55_550153_3	16	2486	2329	0.067	0.063	3.2
266598	FHA_55_550153_3	17	2583.333	2512	0.028	0.028	1.413
266598	FHA_55_550153_3	18	2308	2150	0.073	0.068	3.347
266598	FHA_55_550153_3	19	1967.333	1678	0.172	0.147	6.777
266598	FHA_55_550153_3	20	1436.667	1235	0.163	0.14	5.518
266598	FHA_55_550153_3	21	922	939	-0.018	0.018	0.557
266598	FHA_55_550153_3	22	790.667	718	0.101	0.092	2.646
266598	FHA_55_550153_3	23	712	528	0.348	0.258	7.39
266598	FHA_55_550153_3	24	414.667	383	0.083	0.076	1.586
267515	FHA_27_010069_5	1	92.667	372	-0.751	0.751	18.326
267515	FHA_27_010069_5	2	11.333	200	-0.943	0.943	18.354
267515	FHA_27_010069_5	3	40	113	-0.646	0.646	8.346
267515	FHA_27_010069_5	4	15.333	105	-0.854	0.854	11.56
267515	FHA_27_010069_5	5	66.667	207	-0.678	0.678	11.997
267515	FHA_27_010069_5	6	345.333	544	-0.365	0.365	9.421
267515	FHA_27_010069_5	7	730	1214	-0.399	0.399	15.524
267515	FHA_27_010069_5	8	1229.333	1766	-0.304	0.304	13.867
267515	FHA_27_010069_5	9	1536	1735	-0.115	0.115	4.921
267515	FHA_27_010069_5	10	1369.333	1667	-0.179	0.179	7.64
267515	FHA_27_010069_5	11	1520	1706	-0.109	0.109	4.631
267515	FHA_27_010069_5	12	1359.333	2005	-0.322	0.322	15.743
267515	FHA_27_010069_5	13	1635.333	2315	-0.294	0.294	15.293
267515	FHA_27_010069_5	14	1802.667	2579	-0.301	0.301	16.586
267515	FHA_27_010069_5	15	2448	3417	-0.284	0.284	17.894
267515	FHA_27_010069_5	16	3047.333	4296	-0.291	0.291	20.607
267515	FHA_27_010069_5	17	3216	4777	-0.327	0.327	24.692
267515	FHA_27_010069_5	18	2887.333	4355	-0.337	0.337	24.39
267515	FHA_27_010069_5	19	2157.333	3254	-0.337	0.337	21.083
267515	FHA_27_010069_5	20	1708	2379	-0.282	0.282	14.843
267515	FHA_27_010069_5	21	1202	1992	-0.397	0.397	19.769
267515	FHA_27_010069_5	22	984.667	1717	-0.427	0.427	19.925
267515	FHA_27_010069_5	23	680.667	1140	-0.403	0.403	15.224
267515	FHA_27_010069_5	24	269.333	707	-0.619	0.619	19.809
273688	FHA_27_009556_3	1	13.333	19	-0.298	0.298	1.409
273688	FHA_27_009556_3	2	0	11	-1	1	4.69
273688	FHA_27_009556_3	3	13.333	13	0.026	0.025	0.092
273688	FHA_27_009556_3	4	6.667	13	-0.487	0.487	2.02
273688	FHA_27_009556_3	5	16	38	-0.579	0.579	4.234
273688	FHA_27_009556_3	6	32.667	138	-0.763	0.763	11.403
273688	FHA_27_009556_3	7	109.333	288	-0.62	0.62	12.676
273688	FHA_27_009556_3	8	232	403	-0.424	0.424	9.597
273688	FHA_27_009556_3	9	185.333	397	-0.533	0.533	12.405
273688	FHA_27_009556_3	10	83.333	275	-0.697	0.697	14.319
273688	FHA_27_009556_3	11	55.333	240	-0.769	0.769	15.197
273688	FHA_27_009556_3	12	47.333	242	-0.804	0.804	16.185
273688	FHA_27_009556_3	13	26	230	-0.887	0.887	18.031
273688	FHA_27_009556_3	14	68.667	241	-0.715	0.715	13.85
273688	FHA_27_009556_3	15	67.333	254	-0.735	0.735	14.727
273688	FHA_27_009556_3	16	58.667	277	-0.788	0.788	16.853
273688	FHA_27_009556_3	17	48	332	-0.855	0.855	20.604
273688	FHA_27_009556_3	18	65.333	333	-0.804	0.804	18.966
273688	FHA_27_009556_3	19	45.333	282	-0.839	0.839	18.499
273688	FHA_27_009556_3	20	23.333	199	-0.883	0.883	16.661
273688	FHA_27_009556_3	21	21.333	129	-0.835	0.835	12.418
273688	FHA_27_009556_3	22	28.667	96	-0.701	0.701	8.528
273688	FHA_27_009556_3	23	9.333	66	-0.859	0.859	9.233
273688	FHA_27_009556_3	24	21.333	40	-0.467	0.467	3.371
273689	FHA_27_009556_7	1	4	42	-0.905	0.905	7.924
273689	FHA_27_009556_7	2	2.667	22	-0.879	0.879	5.505
273689	FHA_27_009556_7	3	0	14	-1	1	5.292
273689	FHA_27_009556_7	4	6	17	-0.647	0.647	3.244
273689	FHA_27_009556_7	5	13.333	14	-0.048	0.048	0.18
273689	FHA_27_009556_7	6	10	41	-0.756	0.756	6.139
273689	FHA_27_009556_7	7	3.333	86	-0.961	0.961	12.369
273689	FHA_27_009556_7	8	66.667	178	-0.625	0.625	10.066
273689	FHA_27_009556_7	9	76	267	-0.715	0.715	14.585
273689	FHA_27_009556_7	10	21.333	228	-0.906	0.906	18.51
273689	FHA_27_009556_7	11	19.333	224	-0.914	0.914	18.555
273689	FHA_27_009556_7	12	53.333	226	-0.764	0.764	14.61
273689	FHA_27_009556_7	13	75.333	233	-0.677	0.677	12.698
273689	FHA_27_009556_7	14	55.333	243	-0.772	0.772	15.366
273689	FHA_27_009556_7	15	62	266	-0.767	0.767	15.93
273689	FHA_27_009556_7	16	87.333	331	-0.736	0.736	16.848
273689	FHA_27_009556_7	17	126	437	-0.712	0.712	18.536
273689	FHA_27_009556_7	18	111.333	467	-0.762	0.762	20.916
273689	FHA_27_009556_7	19	86	428	-0.799	0.799	21.333
273689	FHA_27_009556_7	20	112	277	-0.596	0.596	11.831
273689	FHA_27_009556_7	21	72.667	180	-0.596	0.596	9.549
273689	FHA_27_009556_7	22	54.667	131	-0.583	0.583	7.923
273689	FHA_27_009556_7	23	28	106	-0.736	0.736	9.529
273689	FHA_27_009556_7	24	41.333	71	-0.418	0.418	3.958
274038	FHA_27_011749_3	1	140.667	332	-0.576	0.576	12.446
274038	FHA_27_011749_3	2	56	200	-0.72	0.72	12.728
274038	FHA_27_011749_3	3	88.667	145	-0.389	0.389	5.212
274038	FHA_27_011749_3	4	83.333	184	-0.547	0.547	8.707
274038	FHA_27_011749_3	5	176	268	-0.343	0.343	6.175
274038	FHA_27_011749_3	6	443.333	671	-0.339	0.339	9.645
274038	FHA_27_011749_3	7	826	1398	-0.409	0.409	17.153
274038	FHA_27_011749_3	8	1719.333	2263	-0.24	0.24	12.184
274038	FHA_27_011749_3	9	1647.333	2301	-0.284	0.284	14.712
274038	FHA_27_011749_3	10	1724.667	2218	-0.222	0.222	11.111
274038	FHA_27_011749_3	11	1866.667	2150	-0.132	0.132	6.322
274038	FHA_27_011749_3	12	1794	2362	-0.24	0.24	12.46
274038	FHA_27_011749_3	13	1804.667	2656	-0.321	0.321	18.027
274038	FHA_27_011749_3	14	2085.333	2824	-0.262	0.262	14.909
274038	FHA_27_011749_3	15	3009.333	3516	-0.144	0.144	8.87
274038	FHA_27_011749_3	16	3640.667	4376	-0.168	0.168	11.615
274038	FHA_27_011749_3	17	3755.333	4592	-0.182	0.182	12.951
274038	FHA_27_011749_3	18	3216	4039	-0.204	0.204	13.665
274038	FHA_27_011749_3	19	2406	2709	-0.112	0.112	5.991
274038	FHA_27_011749_3	20	1813.333	1935	-0.063	0.063	2.81
274038	FHA_27_011749_3	21	1205.333	1576	-0.235	0.235	9.94
274038	FHA_27_011749_3	22	787.333	1321	-0.404	0.404	16.437
274038	FHA_27_011749_3	23	595.333	986	-0.396	0.396	13.893
274038	FHA_27_011749_3	24	299.333	724	-0.587	0.587	18.774
274086	FHA_27_011749_7	1	64.667	263	-0.754	0.754	15.495
274086	FHA_27_011749_7	2	85.333	178	-0.521	0.521	8.076
274086	FHA_27_011749_7	3	46	137	-0.664	0.664	9.513
274086	FHA_27_011749_7	4	111.333	198	-0.438	0.438	6.969
274086	FHA_27_011749_7	5	312	474	-0.342	0.342	8.172
274086	FHA_27_011749_7	6	1172	1478	-0.207	0.207	8.406
274086	FHA_27_011749_7	7	2856	3053	-0.065	0.065	3.624
274086	FHA_27_011749_7	8	5406.667	3585	0.508	0.337	27.168
274086	FHA_27_011749_7	9	4524	3044	0.486	0.327	24.059
274086	FHA_27_011749_7	10	2932.667	2595	0.13	0.115	6.423
274086	FHA_27_011749_7	11	2246.667	2237	0.004	0.004	0.204
274086	FHA_27_011749_7	12	1574.667	2274	-0.308	0.308	15.942
274086	FHA_27_011749_7	13	1493.333	2330	-0.359	0.359	19.136
274086	FHA_27_011749_7	14	1514	2360	-0.358	0.358	19.222
274086	FHA_27_011749_7	15	1693.333	2560	-0.339	0.339	18.793
274086	FHA_27_011749_7	16	1784	2800	-0.363	0.363	21.222
274086	FHA_27_011749_7	17	1583.333	3000	-0.472	0.472	29.593
274086	FHA_27_011749_7	18	1444	2945	-0.51	0.51	32.042
274086	FHA_27_011749_7	19	1182	2392	-0.506	0.506	28.624
274086	FHA_27_011749_7	20	898.667	1711	-0.475	0.475	22.488
274086	FHA_27_011749_7	21	626	1341	-0.533	0.533	22.799
274086	FHA_27_011749_7	22	372	1051	-0.646	0.646	25.456
274086	FHA_27_011749_7	23	202.667	790	-0.743	0.743	26.363
274086	FHA_27_011749_7	24	65.333	454	-0.856	0.856	24.12
279806	FHA_27_000382_1	1	82	70	0.171	0.146	1.376
279806	FHA_27_000382_1	2	120.667	52	1.321	0.569	7.39
279806	FHA_27_000382_1	3	106.667	59	0.808	0.447	5.237
279806	FHA_27_000382_1	4	136	111	0.225	0.184	2.25
279806	FHA_27_000382_1	5	216	243	-0.111	0.111	1.782
279806	FHA_27_000382_1	6	456	728	-0.374	0.374	11.179
279806	FHA_27_000382_1	7	925.333	1182	-0.217	0.217	7.907
279806	FHA_27_000382_1	8	2008.667	1104	0.819	0.45	22.932
279806	FHA_27_000382_1	9	2006	970	1.068	0.516	26.857
279806	FHA_27_000382_1	10	1339.333	900	0.488	0.328	13.13
279806	FHA_27_000382_1	11	830	891	-0.068	0.068	2.079
279806	FHA_27_000382_1	12	710	948	-0.251	0.251	8.266
279806	FHA_27_000382_1	13	624	971	-0.357	0.357	12.288
279806	FHA_27_000382_1	14	583.333	1016	-0.426	0.426	15.3
279806	FHA_27_000382_1	15	737.333	1062	-0.306	0.306	10.824
279806	FHA_27_000382_1	16	843.333	1186	-0.289	0.289	10.757
279806	FHA_27_000382_1	17	612	1299	-0.529	0.529	22.225
279806	FHA_27_000382_1	18	580.667	1256	-0.538	0.538	22.285
279806	FHA_27_000382_1	19	510.667	938	-0.456	0.456	15.878
279806	FHA_27_000382_1	20	335.333	652	-0.486	0.486	14.252
279806	FHA_27_000382_1	21	368	454	-0.189	0.189	4.242
279806	FHA_27_000382_1	22	242	309	-0.217	0.217	4.037
279806	FHA_27_000382_1	23	250	201	0.244	0.196	3.263
279806	FHA_27_000382_1	24	144	138	0.043	0.042	0.505
2872	FHA_27_010310_1	1	78	261	-0.701	0.701	14.056
2872	FHA_27_010310_1	2	24.667	197	-0.875	0.875	16.369
2872	FHA_27_010310_1	3	89.333	181	-0.506	0.506	7.885
2872	FHA_27_010310_1	4	51.333	208	-0.753	0.753	13.758
2872	FHA_27_010310_1	5	160.667	367	-0.562	0.562	12.703
2872	FHA_27_010310_1	6	976	1010	-0.034	0.034	1.079
2872	FHA_27_010310_1	7	2036	2135	-0.046	0.046	2.168
2872	FHA_27_010310_1	8	3724	3312	0.124	0.111	6.946
2872	FHA_27_010310_1	9	3618	3198	0.131	0.116	7.194
2872	FHA_27_010310_1	10	3044.667	2638	0.154	0.134	7.629
2872	FHA_27_010310_1	11	2467.333	2258	0.093	0.085	4.307
2872	FHA_27_010310_1	12	1933.333	2363	-0.182	0.182	9.27
2872	FHA_27_010310_1	13	1825.333	2475	-0.262	0.262	14.011
2872	FHA_27_010310_1	14	1912.667	2609	-0.267	0.267	14.645
2872	FHA_27_010310_1	15	2550	3004	-0.151	0.151	8.615
2872	FHA_27_010310_1	16	2740	3240	-0.154	0.154	9.144
2872	FHA_27_010310_1	17	2800	3242	-0.136	0.136	8.042
2872	FHA_27_010310_1	18	2739.333	3090	-0.113	0.113	6.495
2872	FHA_27_010310_1	19	2098.667	2554	-0.178	0.178	9.44
2872	FHA_27_010310_1	20	1614	1720	-0.062	0.062	2.596
2872	FHA_27_010310_1	21	1224.667	1360	-0.1	0.1	3.765
2872	FHA_27_010310_1	22	917.333	1048	-0.125	0.125	4.168
2872	FHA_27_010310_1	23	680.667	803	-0.152	0.152	4.492
2872	FHA_27_010310_1	24	303.333	506	-0.401	0.401	10.075
297376	FHA_27_010225_3	1	141.333	313	-0.548	0.548	11.39
297376	FHA_27_010225_3	2	144.667	270	-0.464	0.464	8.704
297376	FHA_27_010225_3	3	233.333	243	-0.04	0.04	0.626
297376	FHA_27_010225_3	4	284.667	328	-0.132	0.132	2.476
297376	FHA_27_010225_3	5	304.667	685	-0.555	0.555	17.098
297376	FHA_27_010225_3	6	712	1776	-0.599	0.599	30.167
297376	FHA_27_010225_3	7	1000	2905	-0.656	0.656	43.112
297376	FHA_27_010225_3	8	2103.333	2722	-0.227	0.227	12.595
297376	FHA_27_010225_3	9	2189.333	2235	-0.02	0.02	0.971
297376	FHA_27_010225_3	10	2293.333	2075	0.105	0.095	4.672
297376	FHA_27_010225_3	11	2347.333	2001	0.173	0.148	7.428
297376	FHA_27_010225_3	12	2468.667	2028	0.217	0.179	9.294
297376	FHA_27_010225_3	13	2440.667	2059	0.185	0.156	8.047
297376	FHA_27_010225_3	14	2429.333	2133	0.139	0.122	6.204
297376	FHA_27_010225_3	15	2921.333	2365	0.235	0.19	10.821
297376	FHA_27_010225_3	16	3714	2517	0.476	0.322	21.445
297376	FHA_27_010225_3	17	3946	2623	0.504	0.335	23.085
297376	FHA_27_010225_3	18	3462.667	2366	0.464	0.317	20.314
297376	FHA_27_010225_3	19	2906	1929	0.506	0.336	19.871
297376	FHA_27_010225_3	20	2226.667	1467	0.518	0.341	17.677
297376	FHA_27_010225_3	21	1410.667	1167	0.209	0.173	6.787
297376	FHA_27_010225_3	22	1118.667	885	0.264	0.209	7.382
297376	FHA_27_010225_3	23	882	708	0.246	0.197	6.171
297376	FHA_27_010225_3	24	562.667	461	0.221	0.181	4.494
304624	FHA_27_011205_7	1	76.667	123	-0.377	0.377	4.637
304624	FHA_27_011205_7	2	24.667	77	-0.68	0.68	7.34
304624	FHA_27_011205_7	3	47.333	57	-0.17	0.17	1.338
304624	FHA_27_011205_7	4	58	83	-0.301	0.301	2.977
304624	FHA_27_011205_7	5	219.333	216	0.015	0.015	0.226
304624	FHA_27_011205_7	6	703.333	578	0.217	0.178	4.952
304624	FHA_27_011205_7	7	1293.333	1156	0.119	0.106	3.924
304624	FHA_27_011205_7	8	2116.667	1818	0.164	0.141	6.734
304624	FHA_27_011205_7	9	1947.333	1819	0.071	0.066	2.957
304624	FHA_27_011205_7	10	1948.667	1540	0.265	0.21	9.785
304624	FHA_27_011205_7	11	1748.667	1386	0.262	0.207	9.161
304624	FHA_27_011205_7	12	1895.333	1531	0.238	0.192	8.802
304624	FHA_27_011205_7	13	2113.333	1642	0.287	0.223	10.877
304624	FHA_27_011205_7	14	2199.333	1723	0.276	0.217	10.756
304624	FHA_27_011205_7	15	2822.667	1968	0.434	0.303	17.463
304624	FHA_27_011205_7	16	3687.333	2312	0.595	0.373	25.111
304624	FHA_27_011205_7	17	3838.667	2469	0.555	0.357	24.389
304624	FHA_27_011205_7	18	3570.667	2194	0.627	0.386	25.642
304624	FHA_27_011205_7	19	2586.667	1650	0.568	0.362	20.351
304624	FHA_27_011205_7	20	1822.667	1155	0.578	0.366	17.304
304624	FHA_27_011205_7	21	1200.667	936	0.283	0.22	8.097
304624	FHA_27_011205_7	22	930.667	737	0.263	0.208	6.707
304624	FHA_27_011205_7	23	594	503	0.181	0.153	3.886
304624	FHA_27_011205_7	24	306.667	291	0.054	0.051	0.906
315440	FHA_55_550154_3	1	46	203	-0.773	0.773	14.071
315440	FHA_55_550154_3	2	146.667	151	-0.029	0.029	0.355
315440	FHA_55_550154_3	3	192.667	140	0.376	0.273	4.084
315440	FHA_55_550154_3	4	260.667	157	0.66	0.398	7.174
315440	FHA_55_550154_3	5	247.333	247	0.001	0.001	0.021
315440	FHA_55_550154_3	6	494.667	442	0.119	0.106	2.434
315440	FHA_55_550154_3	7	610	717	-0.149	0.149	4.154
315440	FHA_55_550154_3	8	1029.333	924	0.114	0.102	3.37
315440	FHA_55_550154_3	9	1054.667	1014	0.04	0.039	1.264
315440	FHA_55_550154_3	10	1270	1209	0.05	0.048	1.733
315440	FHA_55_550154_3	11	1222	1296	-0.057	0.057	2.086
315440	FHA_55_550154_3	12	1479.333	1306	0.133	0.117	4.645
315440	FHA_55_550154_3	13	1479.333	1344	0.101	0.091	3.602
315440	FHA_55_550154_3	14	1395.333	1408	-0.009	0.009	0.338
315440	FHA_55_550154_3	15	1522	1524	-0.001	0.001	0.051
315440	FHA_55_550154_3	16	1724	1688	0.021	0.021	0.872
315440	FHA_55_550154_3	17	1758	1771	-0.007	0.007	0.309
315440	FHA_55_550154_3	18	1473.333	1504	-0.02	0.02	0.795
315440	FHA_55_550154_3	19	1376.667	1205	0.142	0.125	4.778
315440	FHA_55_550154_3	20	1061.333	909	0.168	0.144	4.853
315440	FHA_55_550154_3	21	724	694	0.043	0.041	1.127
315440	FHA_55_550154_3	22	592	540	0.096	0.088	2.186
315440	FHA_55_550154_3	23	553.333	412	0.343	0.255	6.433
315440	FHA_55_550154_3	24	331.333	309	0.072	0.067	1.248
325306	FHA_27_011196_3	1	40.667	40	0.017	0.016	0.105
325306	FHA_27_011196_3	2	2.667	22	-0.879	0.879	5.505
325306	FHA_27_011196_3	3	50	23	1.174	0.54	4.469
325306	FHA_27_011196_3	4	25.333	31	-0.183	0.183	1.068
325306	FHA_27_011196_3	5	98.667	79	0.249	0.199	2.087
325306	FHA_27_011196_3	6	406.667	271	0.501	0.334	7.37
325306	FHA_27_011196_3	7	848.667	702	0.209	0.173	5.267
325306	FHA_27_011196_3	8	2330	1314	0.773	0.436	23.802
325306	FHA_27_011196_3	9	2182.667	1413	0.545	0.353	18.152
325306	FHA_27_011196_3	10	1597.333	1012	0.578	0.366	16.205
325306	FHA_27_011196_3	11	1216	870	0.398	0.285	10.714
325306	FHA_27_011196_3	12	757.333	899	-0.158	0.158	4.923
325306	FHA_27_011196_3	13	791.333	884	-0.105	0.105	3.202
325306	FHA_27_011196_3	14	902	827	0.091	0.083	2.551
325306	FHA_27_011196_3	15	1000.667	815	0.228	0.186	6.162
325306	FHA_27_011196_3	16	1053.333	1024	0.029	0.028	0.91
325306	FHA_27_011196_3	17	1045.333	1101	-0.051	0.051	1.699
325306	FHA_27_011196_3	18	993.333	983	0.011	0.01	0.329
325306	FHA_27_011196_3	19	576	797	-0.277	0.277	8.435
325306	FHA_27_011196_3	20	456	507	-0.101	0.101	2.324
325306	FHA_27_011196_3	21	322.667	382	-0.155	0.155	3.161
325306	FHA_27_011196_3	22	234	275	-0.149	0.149	2.57
325306	FHA_27_011196_3	23	174	176	-0.011	0.011	0.151
325306	FHA_27_011196_3	24	72	86	-0.163	0.163	1.575
326038	FHA_55_550002_7	1	96.667	222	-0.565	0.565	9.929
326038	FHA_55_550002_7	2	33.333	192	-0.826	0.826	14.948
326038	FHA_55_550002_7	3	74	199	-0.628	0.628	10.699
326038	FHA_55_550002_7	4	70.667	265	-0.733	0.733	15.001
326038	FHA_55_550002_7	5	72	422	-0.829	0.829	22.27
326038	FHA_55_550002_7	6	414	743	-0.443	0.443	13.679
326038	FHA_55_550002_7	7	846.667	924	-0.084	0.084	2.599
326038	FHA_55_550002_7	8	1368.667	990	0.382	0.277	11.027
326038	FHA_55_550002_7	9	1146	924	0.24	0.194	6.901
326038	FHA_55_550002_7	10	715.333	940	-0.239	0.239	7.809
326038	FHA_55_550002_7	11	572.667	967	-0.408	0.408	14.212
326038	FHA_55_550002_7	12	484	1045	-0.537	0.537	20.29
326038	FHA_55_550002_7	13	553.333	1083	-0.489	0.489	18.517
326038	FHA_55_550002_7	14	660	1139	-0.421	0.421	15.971
326038	FHA_55_550002_7	15	706.667	1232	-0.426	0.426	16.873
326038	FHA_55_550002_7	16	762	1337	-0.43	0.43	17.749
326038	FHA_55_550002_7	17	779.333	1331	-0.414	0.414	16.983
326038	FHA_55_550002_7	18	724	1234	-0.413	0.413	16.3
326038	FHA_55_550002_7	19	558.667	1008	-0.446	0.446	16.054
326038	FHA_55_550002_7	20	442	808	-0.453	0.453	14.64
326038	FHA_55_550002_7	21	308.667	672	-0.541	0.541	16.408
326038	FHA_55_550002_7	22	200.667	535	-0.625	0.625	17.432
326038	FHA_55_550002_7	23	158	408	-0.613	0.613	14.861
326038	FHA_55_550002_7	24	126	304	-0.586	0.586	12.139
331001	FHA_27_010206_3	1	116	369	-0.686	0.686	16.247
331001	FHA_27_010206_3	2	128.667	239	-0.462	0.462	8.138
331001	FHA_27_010206_3	3	174	218	-0.202	0.202	3.143
331001	FHA_27_010206_3	4	176	225	-0.218	0.218	3.461
331001	FHA_27_010206_3	5	331.333	424	-0.219	0.219	4.768
331001	FHA_27_010206_3	6	992.667	1080	-0.081	0.081	2.713
331001	FHA_27_010206_3	7	1748.667	2426	-0.279	0.279	14.825
331001	FHA_27_010206_3	8	3640	3522	0.034	0.032	1.972
331001	FHA_27_010206_3	9	3525.333	3407	0.035	0.034	2.01
331001	FHA_27_010206_3	10	2817.333	2990	-0.058	0.058	3.204
331001	FHA_27_010206_3	11	2991.333	2816	0.062	0.059	3.254
331001	FHA_27_010206_3	12	2572	2977	-0.136	0.136	7.689
331001	FHA_27_010206_3	13	2775.333	3260	-0.149	0.149	8.823
331001	FHA_27_010206_3	14	2939.333	3468	-0.152	0.152	9.34
331001	FHA_27_010206_3	15	3636.667	4480	-0.188	0.188	13.238
331001	FHA_27_010206_3	16	4010.667	5414	-0.259	0.259	20.443
331001	FHA_27_010206_3	17	4071.333	5764	-0.294	0.294	24.137
331001	FHA_27_010206_3	18	3616	5078	-0.288	0.288	22.174
331001	FHA_27_010206_3	19	3018	3520	-0.143	0.143	8.78
331001	FHA_27_010206_3	20	2306.667	2385	-0.033	0.033	1.617
331001	FHA_27_010206_3	21	1524.667	1923	-0.207	0.207	9.594
331001	FHA_27_010206_3	22	1284.667	1559	-0.176	0.176	7.275
331001	FHA_27_010206_3	23	904.667	1144	-0.209	0.209	7.478
331001	FHA_27_010206_3	24	538	683	-0.212	0.212	5.868
331807	FHA_27_011510_5	1	48.667	213	-0.772	0.772	14.367
331807	FHA_27_011510_5	2	9.333	200	-0.953	0.953	18.637
331807	FHA_27_011510_5	3	30.667	194	-0.842	0.842	15.411
331807	FHA_27_011510_5	4	24.667	319	-0.923	0.923	22.454
331807	FHA_27_011510_5	5	338.667	730	-0.536	0.536	16.929
331807	FHA_27_011510_5	6	1450	2040	-0.289	0.289	14.124
331807	FHA_27_011510_5	7	3106.667	3188	-0.026	0.026	1.45
331807	FHA_27_011510_5	8	6106.667	4504	0.356	0.262	22.003
331807	FHA_27_011510_5	9	4870	3936	0.237	0.192	14.076
331807	FHA_27_011510_5	10	3315.333	3029	0.095	0.086	5.084
331807	FHA_27_011510_5	11	2925.333	2477	0.181	0.153	8.626
331807	FHA_27_011510_5	12	2438.667	2416	0.009	0.009	0.46
331807	FHA_27_011510_5	13	1811.333	2476	-0.268	0.268	14.356
331807	FHA_27_011510_5	14	1819.333	2568	-0.292	0.292	15.985
331807	FHA_27_011510_5	15	1650.667	3404	-0.515	0.515	34.877
331807	FHA_27_011510_5	16	1822.667	3740	-0.513	0.513	36.356
331807	FHA_27_011510_5	17	1716	3843	-0.553	0.553	40.344
331807	FHA_27_011510_5	18	1376.667	3613	-0.619	0.619	44.773
331807	FHA_27_011510_5	19	1160.667	2496	-0.535	0.535	31.229
331807	FHA_27_011510_5	20	813.333	1680	-0.516	0.516	24.546
331807	FHA_27_011510_5	21	472	1344	-0.649	0.649	28.938
331807	FHA_27_011510_5	22	352.667	1164	-0.697	0.697	29.462
331807	FHA_27_011510_5	23	228.667	984	-0.768	0.768	30.675
331807	FHA_27_011510_5	24	117.333	598	-0.804	0.804	25.416
346960	FHA_27_010919_3	1	183.333	529	-0.653	0.653	18.316
346960	FHA_27_010919_3	2	172	433	-0.603	0.603	15.006
346960	FHA_27_010919_3	3	269.333	389	-0.308	0.308	6.596
346960	FHA_27_010919_3	4	198	413	-0.521	0.521	12.301
346960	FHA_27_010919_3	5	555.333	767	-0.276	0.276	8.232
346960	FHA_27_010919_3	6	1985.333	2328	-0.147	0.147	7.379
346960	FHA_27_010919_3	7	3825.333	4489	-0.148	0.148	10.293
346960	FHA_27_010919_3	8	5485.333	5022	0.092	0.084	6.392
346960	FHA_27_010919_3	9	5140	4791	0.073	0.068	4.953
346960	FHA_27_010919_3	10	4779.333	4259	0.122	0.109	7.74
346960	FHA_27_010919_3	11	4374.667	3828	0.143	0.125	8.536
346960	FHA_27_010919_3	12	4108	3844	0.069	0.064	4.187
346960	FHA_27_010919_3	13	3673.333	4122	-0.109	0.109	7.187
346960	FHA_27_010919_3	14	3628	4350	-0.166	0.166	11.432
346960	FHA_27_010919_3	15	4392.667	5133	-0.144	0.144	10.727
346960	FHA_27_010919_3	16	4844.667	5228	-0.073	0.073	5.402
346960	FHA_27_010919_3	17	4690	4810	-0.025	0.025	1.741
346960	FHA_27_010919_3	18	4371.333	4750	-0.08	0.08	5.607
346960	FHA_27_010919_3	19	3590.667	4145	-0.134	0.134	8.913
346960	FHA_27_010919_3	20	2626.667	2803	-0.063	0.063	3.384
346960	FHA_27_010919_3	21	1944.667	2229	-0.128	0.128	6.224
346960	FHA_27_010919_3	22	1395.333	1845	-0.244	0.244	11.171
346960	FHA_27_010919_3	23	1031.333	1558	-0.338	0.338	14.637
346960	FHA_27_010919_3	24	560	919	-0.391	0.391	13.202
350844	FHA_27_000040_5	1	58.667	205	-0.714	0.714	12.745
350844	FHA_27_000040_5	2	66.667	140	-0.524	0.524	7.214
350844	FHA_27_000040_5	3	102.667	113	-0.091	0.091	0.995
350844	FHA_27_000040_5	4	86.667	149	-0.418	0.418	5.742
350844	FHA_27_000040_5	5	145.333	293	-0.504	0.504	9.975
350844	FHA_27_000040_5	6	371.333	854	-0.565	0.565	19.5
350844	FHA_27_000040_5	7	892.667	1802	-0.505	0.505	24.773
350844	FHA_27_000040_5	8	1545.333	2155	-0.283	0.283	14.174
350844	FHA_27_000040_5	9	1458	1915	-0.239	0.239	11.128
350844	FHA_27_000040_5	10	1318.667	1732	-0.239	0.239	10.583
350844	FHA_27_000040_5	11	1051.333	1694	-0.379	0.379	17.346
350844	FHA_27_000040_5	12	1053.333	1848	-0.43	0.43	20.864
350844	FHA_27_000040_5	13	1180.667	1996	-0.408	0.408	20.458
350844	FHA_27_000040_5	14	1282.667	2111	-0.392	0.392	20.109
350844	FHA_27_000040_5	15	1543.333	2557	-0.396	0.396	22.387
350844	FHA_27_000040_5	16	1780.667	3205	-0.444	0.444	28.528
350844	FHA_27_000040_5	17	1823.333	3482	-0.476	0.476	32.205
350844	FHA_27_000040_5	18	1438	2966	-0.515	0.515	32.562
350844	FHA_27_000040_5	19	929.333	1930	-0.518	0.518	26.465
350844	FHA_27_000040_5	20	758	1374	-0.448	0.448	18.867
350844	FHA_27_000040_5	21	646	1134	-0.43	0.43	16.358
350844	FHA_27_000040_5	22	407.333	903	-0.549	0.549	19.365
350844	FHA_27_000040_5	23	303.333	661	-0.541	0.541	16.288
350844	FHA_27_000040_5	24	138.667	456	-0.696	0.696	18.403
363641	FHA_27_010800_7	1	198	803	-0.753	0.753	27.043
363641	FHA_27_010800_7	2	79.333	473	-0.832	0.832	23.689
363641	FHA_27_010800_7	3	161.333	326	-0.505	0.505	10.549
363641	FHA_27_010800_7	4	178	379	-0.53	0.53	12.044
363641	FHA_27_010800_7	5	505.333	771	-0.345	0.345	10.516
363641	FHA_27_010800_7	6	1817.333	2066	-0.12	0.12	5.643
363641	FHA_27_010800_7	7	3701.333	3940	-0.061	0.061	3.861
363641	FHA_27_010800_7	8	5770	5187	0.112	0.101	7.877
363641	FHA_27_010800_7	9	5503.333	4918	0.119	0.106	8.109
363641	FHA_27_010800_7	10	5029.333	4601	0.093	0.085	6.173
363641	FHA_27_010800_7	11	4041.333	4304	-0.061	0.061	4.066
363641	FHA_27_010800_7	12	3510.667	4664	-0.247	0.247	18.04
363641	FHA_27_010800_7	13	3548.667	4913	-0.278	0.278	20.975
363641	FHA_27_010800_7	14	4060.667	5025	-0.192	0.192	14.308
363641	FHA_27_010800_7	15	4762	5136	-0.073	0.073	5.316
363641	FHA_27_010800_7	16	5483.333	5259	0.043	0.041	3.061
363641	FHA_27_010800_7	17	5689.333	5220	0.09	0.082	6.355
363641	FHA_27_010800_7	18	5078.667	4925	0.031	0.03	2.173
363641	FHA_27_010800_7	19	4318	4779	-0.096	0.096	6.835
363641	FHA_27_010800_7	20	3108.667	4389	-0.292	0.292	20.911
363641	FHA_27_010800_7	21	2246.667	3819	-0.412	0.412	28.551
363641	FHA_27_010800_7	22	1715.333	3287	-0.478	0.478	31.426
363641	FHA_27_010800_7	23	1120	2445	-0.542	0.542	31.383
363641	FHA_27_010800_7	24	544	1724	-0.684	0.684	35.041
384876	FHA_27_000042_1	1	50	93	-0.462	0.462	5.085
384876	FHA_27_000042_1	2	42	90	-0.533	0.533	5.908
384876	FHA_27_000042_1	3	58	67	-0.134	0.134	1.138
384876	FHA_27_000042_1	4	50	115	-0.565	0.565	7.156
384876	FHA_27_000042_1	5	177.333	305	-0.419	0.419	8.221
384876	FHA_27_000042_1	6	758	844	-0.102	0.102	3.039
384876	FHA_27_000042_1	7	1880.667	1536	0.224	0.183	8.339
384876	FHA_27_000042_1	8	2771.333	1695	0.635	0.388	22.776
384876	FHA_27_000042_1	9	2525.333	1183	1.135	0.532	31.174
384876	FHA_27_000042_1	10	1839.333	1020	0.803	0.445	21.669
384876	FHA_27_000042_1	11	1597.333	1015	0.574	0.365	16.113
384876	FHA_27_000042_1	12	1173.333	1058	0.109	0.098	3.453
384876	FHA_27_000042_1	13	1089.333	1100	-0.01	0.01	0.322
384876	FHA_27_000042_1	14	974.667	1152	-0.154	0.154	5.438
384876	FHA_27_000042_1	15	1045.333	1276	-0.181	0.181	6.771
384876	FHA_27_000042_1	16	1393.333	1430	-0.026	0.026	0.976
384876	FHA_27_000042_1	17	1417.333	1530	-0.074	0.074	2.935
384876	FHA_27_000042_1	18	1136.667	1347	-0.156	0.156	5.969
384876	FHA_27_000042_1	19	876	1009	-0.132	0.132	4.332
384876	FHA_27_000042_1	20	798	733	0.089	0.081	2.349
384876	FHA_27_000042_1	21	754.667	517	0.46	0.315	9.425
384876	FHA_27_000042_1	22	634.667	385	0.648	0.393	11.057
384876	FHA_27_000042_1	23	536.667	296	0.813	0.448	11.795
384876	FHA_27_000042_1	24	224	208	0.077	0.071	1.089
389891	FHA_27_010398_3	1	71.333	233	-0.694	0.694	13.106
389891	FHA_27_010398_3	2	192	173	0.11	0.099	1.406
389891	FHA_27_010398_3	3	260.667	205	0.272	0.214	3.648
389891	FHA_27_010398_3	4	204.667	365	-0.439	0.439	9.5
389891	FHA_27_010398_3	5	524	1029	-0.491	0.491	18.123
389891	FHA_27_010398_3	6	1954	2693	-0.274	0.274	15.331
389891	FHA_27_010398_3	7	3128	3931	-0.204	0.204	13.516
389891	FHA_27_010398_3	8	5263.333	3968	0.326	0.246	19.066
389891	FHA_27_010398_3	9	5168.667	3045	0.697	0.411	33.138
389891	FHA_27_010398_3	10	4258	2619	0.626	0.385	27.951
389891	FHA_27_010398_3	11	3216.667	2439	0.319	0.242	14.624
389891	FHA_27_010398_3	12	2552	2447	0.043	0.041	2.1
389891	FHA_27_010398_3	13	2052	2499	-0.179	0.179	9.371
389891	FHA_27_010398_3	14	2072	2565	-0.192	0.192	10.239
389891	FHA_27_010398_3	15	2063.333	2731	-0.244	0.244	13.637
389891	FHA_27_010398_3	16	2494.667	2852	-0.125	0.125	6.911
389891	FHA_27_010398_3	17	2286.667	2903	-0.212	0.212	12.099
389891	FHA_27_010398_3	18	2162	2782	-0.223	0.223	12.47
389891	FHA_27_010398_3	19	1758	2300	-0.236	0.236	12.033
389891	FHA_27_010398_3	20	1496	1545	-0.032	0.032	1.257
389891	FHA_27_010398_3	21	996	1182	-0.157	0.157	5.636
389891	FHA_27_010398_3	22	765.333	901	-0.151	0.151	4.7
389891	FHA_27_010398_3	23	604	607	-0.005	0.005	0.122
389891	FHA_27_010398_3	24	428.667	373	0.149	0.13	2.78
39168	FHA_27_010899_3	1	169.333	297	-0.43	0.43	8.361
39168	FHA_27_010899_3	2	30	208	-0.856	0.856	16.317
39168	FHA_27_010899_3	3	67.333	170	-0.604	0.604	9.425
39168	FHA_27_010899_3	4	48	150	-0.68	0.68	10.251
39168	FHA_27_010899_3	5	128	187	-0.316	0.316	4.701
39168	FHA_27_010899_3	6	516	493	0.047	0.045	1.024
39168	FHA_27_010899_3	7	950	1241	-0.234	0.234	8.792
39168	FHA_27_010899_3	8	2345.333	2219	0.057	0.054	2.645
39168	FHA_27_010899_3	9	2215.333	2158	0.027	0.026	1.226
39168	FHA_27_010899_3	10	1760	1873	-0.06	0.06	2.651
39168	FHA_27_010899_3	11	1898.667	1992	-0.047	0.047	2.116
39168	FHA_27_010899_3	12	1918.667	2259	-0.151	0.151	7.447
39168	FHA_27_010899_3	13	1954	2565	-0.238	0.238	12.854
39168	FHA_27_010899_3	14	2114	2737	-0.228	0.228	12.65
39168	FHA_27_010899_3	15	2737.333	3395	-0.194	0.194	11.877
39168	FHA_27_010899_3	16	3218	3388	-0.05	0.05	2.958
39168	FHA_27_010899_3	17	3081.333	3383	-0.089	0.089	5.306
39168	FHA_27_010899_3	18	2743.333	3268	-0.161	0.161	9.57
39168	FHA_27_010899_3	19	1840.667	2702	-0.319	0.319	18.073
39168	FHA_27_010899_3	20	1407.333	2092	-0.327	0.327	16.368
39168	FHA_27_010899_3	21	1152.667	1723	-0.331	0.331	15.041
39168	FHA_27_010899_3	22	849.333	1375	-0.382	0.382	15.763
39168	FHA_27_010899_3	23	642.667	984	-0.347	0.347	11.969
39168	FHA_27_010899_3	24	302	560	-0.461	0.461	12.427
397091	FHA_27_011516_1	1	51.333	228	-0.775	0.775	14.949
397091	FHA_27_011516_1	2	62.667	156	-0.598	0.598	8.926
397091	FHA_27_011516_1	3	78.667	125	-0.371	0.371	4.591
397091	FHA_27_011516_1	4	53.333	156	-0.658	0.658	10.035
397091	FHA_27_011516_1	5	108.667	445	-0.756	0.756	20.214
397091	FHA_27_011516_1	6	228	1434	-0.841	0.841	41.836
397091	FHA_27_011516_1	7	363.333	2707	-0.866	0.866	59.816
397091	FHA_27_011516_1	8	764	2968	-0.743	0.743	51.022
397091	FHA_27_011516_1	9	927.333	2490	-0.628	0.628	37.804
397091	FHA_27_011516_1	10	986	2228	-0.557	0.557	30.982
397091	FHA_27_011516_1	11	1114	2029	-0.451	0.451	23.081
397091	FHA_27_011516_1	12	1344.667	2104	-0.361	0.361	18.286
397091	FHA_27_011516_1	13	1300.667	2238	-0.419	0.419	22.284
397091	FHA_27_011516_1	14	1603.333	2375	-0.325	0.325	17.302
397091	FHA_27_011516_1	15	1922.667	2957	-0.35	0.35	20.94
397091	FHA_27_011516_1	16	2347.333	3422	-0.314	0.314	20.009
397091	FHA_27_011516_1	17	2667.333	3472	-0.232	0.232	14.523
397091	FHA_27_011516_1	18	2466.667	3116	-0.208	0.208	12.29
397091	FHA_27_011516_1	19	2075.333	2392	-0.132	0.132	6.7
397091	FHA_27_011516_1	20	1656	1694	-0.022	0.022	0.928
397091	FHA_27_011516_1	21	1172	1317	-0.11	0.11	4.11
397091	FHA_27_011516_1	22	860.667	1026	-0.161	0.161	5.383
397091	FHA_27_011516_1	23	656.667	765	-0.142	0.142	4.063
397091	FHA_27_011516_1	24	406.667	480	-0.153	0.153	3.483
397204	FHA_27_010390_5	1	50	149	-0.664	0.664	9.925
397204	FHA_27_010390_5	2	32.667	114	-0.713	0.713	9.498
397204	FHA_27_010390_5	3	102	137	-0.255	0.255	3.202
397204	FHA_27_010390_5	4	119.333	298	-0.6	0.6	12.368
397204	FHA_27_010390_5	5	254.667	951	-0.732	0.732	28.361
397204	FHA_27_010390_5	6	1298	2135	-0.392	0.392	20.202
397204	FHA_27_010390_5	7	2269.333	3587	-0.367	0.367	24.35
397204	FHA_27_010390_5	8	3547.333	4779	-0.258	0.258	19.089
397204	FHA_27_010390_5	9	3406.667	3929	-0.133	0.133	8.625
397204	FHA_27_010390_5	10	2721.333	3073	-0.114	0.114	6.533
397204	FHA_27_010390_5	11	2520.667	2611	-0.035	0.035	1.783
397204	FHA_27_010390_5	12	2206	2599	-0.151	0.151	8.018
397204	FHA_27_010390_5	13	1872.667	2635	-0.289	0.289	16.058
397204	FHA_27_010390_5	14	1664.667	2646	-0.371	0.371	21.138
397204	FHA_27_010390_5	15	1930.667	2838	-0.32	0.32	18.582
397204	FHA_27_010390_5	16	2102	3099	-0.322	0.322	19.551
397204	FHA_27_010390_5	17	1992	3345	-0.404	0.404	26.192
397204	FHA_27_010390_5	18	1652.667	3017	-0.452	0.452	28.235
397204	FHA_27_010390_5	19	1426	2190	-0.349	0.349	17.968
397204	FHA_27_010390_5	20	1210	1534	-0.211	0.211	8.747
397204	FHA_27_010390_5	21	785.333	1180	-0.334	0.334	12.59
397204	FHA_27_010390_5	22	556.667	859	-0.352	0.352	11.364
397204	FHA_27_010390_5	23	427.333	540	-0.209	0.209	5.123
397204	FHA_27_010390_5	24	268	294	-0.088	0.088	1.551
418858	FHA_27_010205_5	1	87.333	186	-0.53	0.53	8.44
418858	FHA_27_010205_5	2	7.333	125	-0.941	0.941	14.466
418858	FHA_27_010205_5	3	94.667	96	-0.014	0.014	0.137
418858	FHA_27_010205_5	4	39.333	100	-0.607	0.607	7.268
418858	FHA_27_010205_5	5	131.333	246	-0.466	0.466	8.348
418858	FHA_27_010205_5	6	740	591	0.252	0.201	5.776
418858	FHA_27_010205_5	7	1206	1348	-0.105	0.105	3.974
418858	FHA_27_010205_5	8	2164.667	1527	0.418	0.295	14.842
418858	FHA_27_010205_5	9	2003.333	1410	0.421	0.296	14.362
418858	FHA_27_010205_5	10	1827.333	1323	0.381	0.276	12.707
418858	FHA_27_010205_5	11	1593.333	1378	0.156	0.135	5.587
418858	FHA_27_010205_5	12	1574	1497	0.051	0.049	1.965
418858	FHA_27_010205_5	13	1721.333	1630	0.056	0.053	2.231
418858	FHA_27_010205_5	14	1700	1770	-0.04	0.04	1.681
418858	FHA_27_010205_5	15	2220.667	2478	-0.104	0.104	5.309
418858	FHA_27_010205_5	16	2832.667	2687	0.054	0.051	2.773
418858	FHA_27_010205_5	17	2816	2879	-0.022	0.022	1.181
418858	FHA_27_010205_5	18	2691.333	2530	0.064	0.06	3.158
418858	FHA_27_010205_5	19	2338	1827	0.28	0.219	11.198
418858	FHA_27_010205_5	20	1788.667	1276	0.402	0.287	13.097
418858	FHA_27_010205_5	21	1386	985	0.407	0.289	11.646
418858	FHA_27_010205_5	22	1066.667	766	0.393	0.282	9.932
418858	FHA_27_010205_5	23	608.667	690	-0.118	0.118	3.192
418858	FHA_27_010205_5	24	387.333	387	0.001	0.001	0.017
425888	FHA_55_550154_7	1	171.333	228	-0.249	0.249	4.01
425888	FHA_55_550154_7	2	136.667	200	-0.317	0.317	4.881
425888	FHA_55_550154_7	3	154.667	202	-0.234	0.234	3.544
425888	FHA_55_550154_7	4	224	305	-0.266	0.266	4.98
425888	FHA_55_550154_7	5	184.667	536	-0.655	0.655	18.508
425888	FHA_55_550154_7	6	622.667	1140	-0.454	0.454	17.426
425888	FHA_55_550154_7	7	1135.333	1450	-0.217	0.217	8.752
425888	FHA_55_550154_7	8	2644.667	1438	0.839	0.456	26.707
425888	FHA_55_550154_7	9	2342	1229	0.906	0.475	26.34
425888	FHA_55_550154_7	10	1425.333	1183	0.205	0.17	6.71
425888	FHA_55_550154_7	11	1268	1175	0.079	0.073	2.661
425888	FHA_55_550154_7	12	1152	1229	-0.063	0.063	2.232
425888	FHA_55_550154_7	13	1092	1262	-0.135	0.135	4.955
425888	FHA_55_550154_7	14	1062	1302	-0.184	0.184	6.981
425888	FHA_55_550154_7	15	1086	1379	-0.212	0.212	8.346
425888	FHA_55_550154_7	16	1214	1535	-0.209	0.209	8.658
425888	FHA_55_550154_7	17	1165.333	1527	-0.237	0.237	9.857
425888	FHA_55_550154_7	18	894	1424	-0.372	0.372	15.568
425888	FHA_55_550154_7	19	854.667	1134	-0.246	0.246	8.858
425888	FHA_55_550154_7	20	720	894	-0.195	0.195	6.125
425888	FHA_55_550154_7	21	451.333	725	-0.377	0.377	11.284
425888	FHA_55_550154_7	22	426.667	573	-0.255	0.255	6.545
425888	FHA_55_550154_7	23	238	438	-0.457	0.457	10.879
425888	FHA_55_550154_7	24	249.333	322	-0.226	0.226	4.299
437236	FHA_55_550002_3	1	18	197	-0.909	0.909	17.264
437236	FHA_55_550002_3	2	38.667	149	-0.74	0.74	11.39
437236	FHA_55_550002_3	3	67.333	138	-0.512	0.512	6.974
437236	FHA_55_550002_3	4	84.667	154	-0.45	0.45	6.347
437236	FHA_55_550002_3	5	114.667	232	-0.506	0.506	8.912
437236	FHA_55_550002_3	6	326	405	-0.195	0.195	4.132
437236	FHA_55_550002_3	7	526	697	-0.245	0.245	6.915
437236	FHA_55_550002_3	8	1046	937	0.116	0.104	3.462
437236	FHA_55_550002_3	9	862.667	938	-0.08	0.08	2.511
437236	FHA_55_550002_3	10	762.667	1158	-0.341	0.341	12.757
437236	FHA_55_550002_3	11	640.667	1295	-0.505	0.505	21.033
437236	FHA_55_550002_3	12	658	1292	-0.491	0.491	20.304
437236	FHA_55_550002_3	13	759.333	1290	-0.411	0.411	16.578
437236	FHA_55_550002_3	14	657.333	1366	-0.519	0.519	22.28
437236	FHA_55_550002_3	15	718.667	1392	-0.484	0.484	20.727
437236	FHA_55_550002_3	16	835.333	1452	-0.425	0.425	18.235
437236	FHA_55_550002_3	17	1004.667	1455	-0.31	0.31	12.841
437236	FHA_55_550002_3	18	762.667	1254	-0.392	0.392	15.473
437236	FHA_55_550002_3	19	806	1038	-0.224	0.224	7.641
437236	FHA_55_550002_3	20	732	806	-0.092	0.092	2.669
437236	FHA_55_550002_3	21	484	594	-0.185	0.185	4.738
437236	FHA_55_550002_3	22	322.667	473	-0.318	0.318	7.537
437236	FHA_55_550002_3	23	294	386	-0.238	0.238	4.989
437236	FHA_55_550002_3	24	200	291	-0.313	0.313	5.808
438999	FHA_27_006461_7	1	44.667	236	-0.811	0.811	16.151
438999	FHA_27_006461_7	2	64	175	-0.634	0.634	10.154
438999	FHA_27_006461_7	3	125.333	164	-0.236	0.236	3.215
438999	FHA_27_006461_7	4	114.667	175	-0.345	0.345	5.013
438999	FHA_27_006461_7	5	138	248	-0.444	0.444	7.918
438999	FHA_27_006461_7	6	256.667	497	-0.484	0.484	12.381
438999	FHA_27_006461_7	7	394.667	976	-0.596	0.596	22.206
438999	FHA_27_006461_7	8	746.667	1342	-0.444	0.444	18.422
438999	FHA_27_006461_7	9	778	1264	-0.384	0.384	15.21
438999	FHA_27_006461_7	10	700.667	1476	-0.525	0.525	23.502
438999	FHA_27_006461_7	11	939.333	1506	-0.376	0.376	16.206
438999	FHA_27_006461_7	12	762	1480	-0.485	0.485	21.445
438999	FHA_27_006461_7	13	755.333	1515	-0.501	0.501	22.547
438999	FHA_27_006461_7	14	699.333	1648	-0.576	0.576	27.691
438999	FHA_27_006461_7	15	844	1808	-0.533	0.533	26.473
438999	FHA_27_006461_7	16	1140.667	1945	-0.414	0.414	20.477
438999	FHA_27_006461_7	17	1416.667	1980	-0.285	0.285	13.67
438999	FHA_27_006461_7	18	1408	1801	-0.218	0.218	9.811
438999	FHA_27_006461_7	19	1234	1499	-0.177	0.177	7.169
438999	FHA_27_006461_7	20	1060	1048	0.011	0.011	0.37
438999	FHA_27_006461_7	21	835.333	781	0.07	0.065	1.911
438999	FHA_27_006461_7	22	520	616	-0.156	0.156	4.028
438999	FHA_27_006461_7	23	411.333	480	-0.143	0.143	3.253
438999	FHA_27_006461_7	24	342.667	337	0.017	0.017	0.307
441455	FHA_27_011236_3	1	70.667	106	-0.333	0.333	3.759
441455	FHA_27_011236_3	2	72.667	81	-0.103	0.103	0.951
441455	FHA_27_011236_3	3	91.333	104	-0.122	0.122	1.282
441455	FHA_27_011236_3	4	106	94	0.128	0.113	1.2
441455	FHA_27_011236_3	5	217.333	229	-0.051	0.051	0.781
441455	FHA_27_011236_3	6	1008.667	987	0.022	0.021	0.686
441455	FHA_27_011236_3	7	2187.333	2307	-0.052	0.052	2.524
441455	FHA_27_011236_3	8	4479.333	4217	0.062	0.059	3.978
441455	FHA_27_011236_3	9	4433.333	4023	0.102	0.093	6.31
441455	FHA_27_011236_3	10	3421.333	2875	0.19	0.16	9.737
441455	FHA_27_011236_3	11	2486.667	2323	0.07	0.066	3.337
441455	FHA_27_011236_3	12	1902.667	2360	-0.194	0.194	9.906
441455	FHA_27_011236_3	13	1424.667	2287	-0.377	0.377	20.017
441455	FHA_27_011236_3	14	1346.667	2214	-0.392	0.392	20.556
441455	FHA_27_011236_3	15	1587.333	2443	-0.35	0.35	19.061
441455	FHA_27_011236_3	16	1633.333	2788	-0.414	0.414	24.558
441455	FHA_27_011236_3	17	1663.333	2910	-0.428	0.428	26.07
441455	FHA_27_011236_3	18	1473.333	2663	-0.447	0.447	26.16
441455	FHA_27_011236_3	19	1000	2094	-0.522	0.522	27.815
441455	FHA_27_011236_3	20	704.667	1394	-0.495	0.495	21.28
441455	FHA_27_011236_3	21	496	1041	-0.524	0.524	19.66
441455	FHA_27_011236_3	22	324	826	-0.608	0.608	20.935
441455	FHA_27_011236_3	23	205.333	552	-0.628	0.628	17.815
441455	FHA_27_011236_3	24	129.333	273	-0.526	0.526	10.129
443713	FHA_27_010840_3	1	69.333	102	-0.32	0.32	3.529
443713	FHA_27_010840_3	2	22.667	63	-0.64	0.64	6.163
443713	FHA_27_010840_3	3	35.333	53	-0.333	0.333	2.658
443713	FHA_27_010840_3	4	26.667	78	-0.658	0.658	7.096
443713	FHA_27_010840_3	5	46	122	-0.623	0.623	8.292
443713	FHA_27_010840_3	6	211.333	297	-0.288	0.288	5.373
443713	FHA_27_010840_3	7	313.333	550	-0.43	0.43	11.391
443713	FHA_27_010840_3	8	644.667	1033	-0.376	0.376	13.408
443713	FHA_27_010840_3	9	778	1043	-0.254	0.254	8.782
443713	FHA_27_010840_3	10	725.333	930	-0.22	0.22	7.114
443713	FHA_27_010840_3	11	712.667	997	-0.285	0.285	9.725
443713	FHA_27_010840_3	12	755.333	1071	-0.295	0.295	10.446
443713	FHA_27_010840_3	13	879.333	1182	-0.256	0.256	9.428
443713	FHA_27_010840_3	14	1015.333	1365	-0.256	0.256	10.136
443713	FHA_27_010840_3	15	1277.333	1560	-0.181	0.181	7.505
443713	FHA_27_010840_3	16	1662	1858	-0.105	0.105	4.672
443713	FHA_27_010840_3	17	1565.333	1905	-0.178	0.178	8.154
443713	FHA_27_010840_3	18	1286	1688	-0.238	0.238	10.425
443713	FHA_27_010840_3	19	924.667	1184	-0.219	0.219	7.987
443713	FHA_27_010840_3	20	560.667	866	-0.353	0.353	11.432
443713	FHA_27_010840_3	21	444.667	689	-0.355	0.355	10.263
443713	FHA_27_010840_3	22	408	587	-0.305	0.305	8.025
443713	FHA_27_010840_3	23	244.667	371	-0.341	0.341	7.2
443713	FHA_27_010840_3	24	153.333	222	-0.309	0.309	5.012
450419	FHA_55_550216_5	1	52.667	60	-0.122	0.122	0.977
450419	FHA_55_550216_5	2	0	34	-1	1	8.246
450419	FHA_55_550216_5	3	30.667	26	0.179	0.152	0.877
450419	FHA_55_550216_5	4	6.667	26	-0.744	0.744	4.784
450419	FHA_55_550216_5	5	16	36	-0.556	0.556	3.922
450419	FHA_55_550216_5	6	242.667	143	0.697	0.411	7.177
450419	FHA_55_550216_5	7	358.667	294	0.22	0.18	3.58
450419	FHA_55_550216_5	8	1019.333	554	0.84	0.457	16.591
450419	FHA_55_550216_5	9	923.333	562	0.643	0.391	13.259
450419	FHA_55_550216_5	10	746.667	549	0.36	0.265	7.766
450419	FHA_55_550216_5	11	583.333	539	0.082	0.076	1.871
450419	FHA_55_550216_5	12	645.333	602	0.072	0.067	1.735
450419	FHA_55_550216_5	13	617.333	670	-0.079	0.079	2.076
450419	FHA_55_550216_5	14	701.333	714	-0.018	0.018	0.476
450419	FHA_55_550216_5	15	827.333	866	-0.045	0.045	1.329
450419	FHA_55_550216_5	16	1004.667	1140	-0.119	0.119	4.133
450419	FHA_55_550216_5	17	1261.333	1330	-0.052	0.052	1.908
450419	FHA_55_550216_5	18	1262	1152	0.095	0.087	3.166
450419	FHA_55_550216_5	19	1043.333	822	0.269	0.212	7.247
450419	FHA_55_550216_5	20	834	596	0.399	0.285	8.901
450419	FHA_55_550216_5	21	555.333	474	0.172	0.146	3.585
450419	FHA_55_550216_5	22	381.333	332	0.149	0.129	2.612
450419	FHA_55_550216_5	23	265.333	218	0.217	0.178	3.045
450419	FHA_55_550216_5	24	131.333	133	-0.013	0.013	0.145
457837	FHA_27_011273_1	1	196.667	549	-0.642	0.642	18.247
457837	FHA_27_011273_1	2	168.667	324	-0.479	0.479	9.897
457837	FHA_27_011273_1	3	172.667	283	-0.39	0.39	7.31
457837	FHA_27_011273_1	4	189.333	380	-0.502	0.502	11.301
457837	FHA_27_011273_1	5	498.667	826	-0.396	0.396	12.719
457837	FHA_27_011273_1	6	1571.333	2052	-0.234	0.234	11.293
457837	FHA_27_011273_1	7	2920	3324	-0.122	0.122	7.23
457837	FHA_27_011273_1	8	4498	4509	-0.002	0.002	0.164
457837	FHA_27_011273_1	9	4414.667	4381	0.008	0.008	0.508
457837	FHA_27_011273_1	10	3765.333	4006	-0.06	0.06	3.861
457837	FHA_27_011273_1	11	3146.667	3820	-0.176	0.176	11.409
457837	FHA_27_011273_1	12	2868	4099	-0.3	0.3	20.857
457837	FHA_27_011273_1	13	3094	4451	-0.305	0.305	22.094
457837	FHA_27_011273_1	14	3372	4904	-0.312	0.312	23.816
457837	FHA_27_011273_1	15	4613.333	5849	-0.211	0.211	17.084
457837	FHA_27_011273_1	16	5422	5794	-0.064	0.064	4.968
457837	FHA_27_011273_1	17	5240.667	5886	-0.11	0.11	8.652
457837	FHA_27_011273_1	18	4730.667	5595	-0.154	0.154	12.029
457837	FHA_27_011273_1	19	3864.667	4462	-0.134	0.134	9.258
457837	FHA_27_011273_1	20	2867.333	3312	-0.134	0.134	8
457837	FHA_27_011273_1	21	2188.667	2626	-0.167	0.167	8.913
457837	FHA_27_011273_1	22	1786.667	2264	-0.211	0.211	10.607
457837	FHA_27_011273_1	23	1178	1656	-0.289	0.289	12.698
457837	FHA_27_011273_1	24	699.333	1267	-0.448	0.448	18.104
458289	FHA_27_010919_7	1	178.667	467	-0.617	0.617	16.047
458289	FHA_27_010919_7	2	150.667	334	-0.549	0.549	11.777
458289	FHA_27_010919_7	3	208.667	288	-0.275	0.275	5.034
458289	FHA_27_010919_7	4	191.333	438	-0.563	0.563	13.905
458289	FHA_27_010919_7	5	517.333	1101	-0.53	0.53	20.519
458289	FHA_27_010919_7	6	1628.667	2599	-0.373	0.373	21.105
458289	FHA_27_010919_7	7	2994	4097	-0.269	0.269	18.524
458289	FHA_27_010919_7	8	5843.333	5098	0.146	0.128	10.077
458289	FHA_27_010919_7	9	5626	4704	0.196	0.164	12.829
458289	FHA_27_010919_7	10	4376	3826	0.144	0.126	8.589
458289	FHA_27_010919_7	11	3018	3439	-0.122	0.122	7.409
458289	FHA_27_010919_7	12	2546	3576	-0.288	0.288	18.617
458289	FHA_27_010919_7	13	2512.667	3909	-0.357	0.357	24.642
458289	FHA_27_010919_7	14	2822.667	4419	-0.361	0.361	26.529
458289	FHA_27_010919_7	15	3524.667	5106	-0.31	0.31	24.072
458289	FHA_27_010919_7	16	3898.667	5208	-0.251	0.251	19.404
458289	FHA_27_010919_7	17	4166.667	5244	-0.205	0.205	15.706
458289	FHA_27_010919_7	18	3918	4934	-0.206	0.206	15.272
458289	FHA_27_010919_7	19	3341.333	4090	-0.183	0.183	12.282
458289	FHA_27_010919_7	20	2901.333	2998	-0.032	0.032	1.78
458289	FHA_27_010919_7	21	2140.667	2404	-0.11	0.11	5.524
458289	FHA_27_010919_7	22	1638.667	1959	-0.164	0.164	7.553
458289	FHA_27_010919_7	23	1112	1441	-0.228	0.228	9.208
458289	FHA_27_010919_7	24	732.667	994	-0.263	0.263	8.894
460280	FHA_27_011726_7	1	81.333	659	-0.877	0.877	30.025
460280	FHA_27_011726_7	2	42.667	384	-0.889	0.889	23.369
460280	FHA_27_011726_7	3	89.333	282	-0.683	0.683	14.14
460280	FHA_27_011726_7	4	130.667	316	-0.586	0.586	12.402
460280	FHA_27_011726_7	5	273.333	550	-0.503	0.503	13.636
460280	FHA_27_011726_7	6	1177.333	1609	-0.268	0.268	11.565
460280	FHA_27_011726_7	7	2530	3500	-0.277	0.277	17.666
460280	FHA_27_011726_7	8	4542	4488	0.012	0.012	0.804
460280	FHA_27_011726_7	9	4244.667	4461	-0.048	0.048	3.279
460280	FHA_27_011726_7	10	3658.667	4252	-0.14	0.14	9.434
460280	FHA_27_011726_7	11	2777.333	3974	-0.301	0.301	20.596
460280	FHA_27_011726_7	12	1998	4177	-0.522	0.522	39.215
460280	FHA_27_011726_7	13	1939.333	4318	-0.551	0.551	42.526
460280	FHA_27_011726_7	14	2235.333	4225	-0.471	0.471	35.008
460280	FHA_27_011726_7	15	2864	3902	-0.266	0.266	17.846
460280	FHA_27_011726_7	16	3652.667	3289	0.111	0.1	6.173
460280	FHA_27_011726_7	17	3491.333	2979	0.172	0.147	9.008
460280	FHA_27_011726_7	18	3176.667	3143	0.011	0.011	0.599
460280	FHA_27_011726_7	19	2534.667	3878	-0.346	0.346	23.724
460280	FHA_27_011726_7	20	1728	3830	-0.549	0.549	39.874
460280	FHA_27_011726_7	21	1241.333	3334	-0.628	0.628	43.753
460280	FHA_27_011726_7	22	906	2933	-0.691	0.691	46.266
460280	FHA_27_011726_7	23	590.667	2252	-0.738	0.738	44.067
460280	FHA_27_011726_7	24	276	1618	-0.829	0.829	43.609
460281	FHA_27_011726_3	1	125.333	558	-0.775	0.775	23.407
460281	FHA_27_011726_3	2	70.667	383	-0.815	0.815	20.738
460281	FHA_27_011726_3	3	118	299	-0.605	0.605	12.535
460281	FHA_27_011726_3	4	100.667	245	-0.589	0.589	10.979
460281	FHA_27_011726_3	5	322.667	409	-0.211	0.211	4.514
460281	FHA_27_011726_3	6	1470.667	1398	0.052	0.049	1.919
460281	FHA_27_011726_3	7	2270.667	3444	-0.341	0.341	21.95
460281	FHA_27_011726_3	8	4082.667	4627	-0.118	0.118	8.249
460281	FHA_27_011726_3	9	4083.333	4730	-0.137	0.137	9.741
460281	FHA_27_011726_3	10	3126.667	4387	-0.287	0.287	20.562
460281	FHA_27_011726_3	11	2565.333	3931	-0.347	0.347	23.962
460281	FHA_27_011726_3	12	1950	4066	-0.52	0.52	38.581
460281	FHA_27_011726_3	13	2132	4266	-0.5	0.5	37.73
460281	FHA_27_011726_3	14	1894	4369	-0.566	0.566	44.228
460281	FHA_27_011726_3	15	2662	4554	-0.415	0.415	31.498
460281	FHA_27_011726_3	16	3152.667	4732	-0.334	0.334	25.153
460281	FHA_27_011726_3	17	3324.667	4800	-0.307	0.307	23.147
460281	FHA_27_011726_3	18	3008	4578	-0.343	0.343	25.492
460281	FHA_27_011726_3	19	2355.333	4199	-0.439	0.439	32.206
460281	FHA_27_011726_3	20	1643.333	3449	-0.524	0.524	35.784
460281	FHA_27_011726_3	21	1199.333	2760	-0.565	0.565	35.076
460281	FHA_27_011726_3	22	990.667	2545	-0.611	0.611	36.968
460281	FHA_27_011726_3	23	628	2018	-0.689	0.689	38.215
460281	FHA_27_011726_3	24	260.667	1337	-0.805	0.805	38.082
463621	FHA_27_011191_7	1	131.333	256	-0.487	0.487	8.958
463621	FHA_27_011191_7	2	18.667	152	-0.877	0.877	14.434
463621	FHA_27_011191_7	3	67.333	107	-0.371	0.371	4.249
463621	FHA_27_011191_7	4	84.667	145	-0.416	0.416	5.63
463621	FHA_27_011191_7	5	303.333	385	-0.212	0.212	4.402
463621	FHA_27_011191_7	6	1030.667	1083	-0.048	0.048	1.61
463621	FHA_27_011191_7	7	2067.333	2367	-0.127	0.127	6.364
463621	FHA_27_011191_7	8	3370	3715	-0.093	0.093	5.796
463621	FHA_27_011191_7	9	3080.667	3666	-0.16	0.16	10.078
463621	FHA_27_011191_7	10	3008	3125	-0.037	0.037	2.113
463621	FHA_27_011191_7	11	2370.667	2730	-0.132	0.132	7.115
463621	FHA_27_011191_7	12	2276	2899	-0.215	0.215	12.248
463621	FHA_27_011191_7	13	2436	3067	-0.206	0.206	12.029
463621	FHA_27_011191_7	14	2350	3209	-0.268	0.268	16.293
463621	FHA_27_011191_7	15	3538	3514	0.007	0.007	0.404
463621	FHA_27_011191_7	16	4218.667	3764	0.121	0.108	7.197
463621	FHA_27_011191_7	17	4332.667	3862	0.122	0.109	7.353
463621	FHA_27_011191_7	18	4154.667	3598	0.155	0.134	8.941
463621	FHA_27_011191_7	19	3445.333	2972	0.159	0.137	8.356
463621	FHA_27_011191_7	20	2380.667	2260	0.053	0.051	2.505
463621	FHA_27_011191_7	21	1627.333	1819	-0.105	0.105	4.617
463621	FHA_27_011191_7	22	1245.333	1430	-0.129	0.129	5.049
463621	FHA_27_011191_7	23	850	961	-0.116	0.116	3.689
463621	FHA_27_011191_7	24	505.333	580	-0.129	0.129	3.205
466434	FHA_27_011517_1	1	130	288	-0.549	0.549	10.929
466434	FHA_27_011517_1	2	51.333	168	-0.694	0.694	11.141
466434	FHA_27_011517_1	3	100	167	-0.401	0.401	5.799
466434	FHA_27_011517_1	4	84.667	172	-0.508	0.508	7.709
466434	FHA_27_011517_1	5	142.667	461	-0.691	0.691	18.323
466434	FHA_27_011517_1	6	742	1117	-0.336	0.336	12.3
466434	FHA_27_011517_1	7	1522	2411	-0.369	0.369	20.047
466434	FHA_27_011517_1	8	3097.333	3829	-0.191	0.191	12.433
466434	FHA_27_011517_1	9	3081.333	3872	-0.204	0.204	13.409
466434	FHA_27_011517_1	10	2707.333	3091	-0.124	0.124	7.126
466434	FHA_27_011517_1	11	2117.333	2891	-0.268	0.268	15.46
466434	FHA_27_011517_1	12	1857.333	2979	-0.377	0.377	22.81
466434	FHA_27_011517_1	13	1924.667	3235	-0.405	0.405	25.798
466434	FHA_27_011517_1	14	2182	3618	-0.397	0.397	26.666
466434	FHA_27_011517_1	15	2595.333	4479	-0.421	0.421	31.672
466434	FHA_27_011517_1	16	3370	4828	-0.302	0.302	22.773
466434	FHA_27_011517_1	17	3466.667	4705	-0.263	0.263	19.373
466434	FHA_27_011517_1	18	3266	4633	-0.295	0.295	21.752
466434	FHA_27_011517_1	19	2764.667	3328	-0.169	0.169	10.206
466434	FHA_27_011517_1	20	2188.667	2329	-0.06	0.06	2.953
466434	FHA_27_011517_1	21	1615.333	1845	-0.124	0.124	5.521
466434	FHA_27_011517_1	22	1289.333	1477	-0.127	0.127	5.046
466434	FHA_27_011517_1	23	818.667	979	-0.164	0.164	5.348
466434	FHA_27_011517_1	24	470	570	-0.175	0.175	4.385
480451	FHA_55_550008_7	1	26	35	-0.257	0.257	1.63
480451	FHA_55_550008_7	2	59.333	26	1.282	0.562	5.103
480451	FHA_55_550008_7	3	104.667	44	1.379	0.58	7.037
480451	FHA_55_550008_7	4	88.667	130	-0.318	0.318	3.953
480451	FHA_55_550008_7	5	130.667	400	-0.673	0.673	16.535
480451	FHA_55_550008_7	6	161.333	1082	-0.851	0.851	36.925
480451	FHA_55_550008_7	7	295.333	1777	-0.834	0.834	46.029
480451	FHA_55_550008_7	8	601.333	1819	-0.669	0.669	35.003
480451	FHA_55_550008_7	9	970.667	1362	-0.287	0.287	11.459
480451	FHA_55_550008_7	10	1060.667	1022	0.038	0.036	1.198
480451	FHA_55_550008_7	11	1049.333	926	0.133	0.118	3.924
480451	FHA_55_550008_7	12	1205.333	889	0.356	0.262	9.775
480451	FHA_55_550008_7	13	1153.333	884	0.305	0.234	8.439
480451	FHA_55_550008_7	14	1249.333	885	0.412	0.292	11.153
480451	FHA_55_550008_7	15	1588	877	0.811	0.448	20.252
480451	FHA_55_550008_7	16	1772.667	946	0.874	0.466	22.422
480451	FHA_55_550008_7	17	1746	1047	0.668	0.4	18.705
480451	FHA_55_550008_7	18	1448.667	925	0.566	0.361	15.201
480451	FHA_55_550008_7	19	1348.667	683	0.975	0.494	20.886
480451	FHA_55_550008_7	20	818.667	433	0.891	0.471	15.416
480451	FHA_55_550008_7	21	674	290	1.324	0.57	17.491
480451	FHA_55_550008_7	22	426	225	0.893	0.472	11.141
480451	FHA_55_550008_7	23	357.333	145	1.464	0.594	13.398
480451	FHA_55_550008_7	24	208	70	1.971	0.663	11.705
480452	FHA_55_550008_3	1	33.333	74	-0.55	0.55	5.551
480452	FHA_55_550008_3	2	77.333	53	0.459	0.315	3.014
480452	FHA_55_550008_3	3	71.333	30	1.378	0.579	5.807
480452	FHA_55_550008_3	4	46.667	33	0.414	0.293	2.165
480452	FHA_55_550008_3	5	114.667	57	1.012	0.503	6.224
480452	FHA_55_550008_3	6	505.333	142	2.559	0.719	20.196
480452	FHA_55_550008_3	7	1282	399	2.213	0.689	30.457
480452	FHA_55_550008_3	8	3470	580	4.983	0.833	64.222
480452	FHA_55_550008_3	9	2943.333	624	3.717	0.788	54.917
480452	FHA_55_550008_3	10	1412	712	0.983	0.496	21.48
480452	FHA_55_550008_3	11	1234	758	0.628	0.386	15.083
480452	FHA_55_550008_3	12	1082.667	881	0.229	0.186	6.436
480452	FHA_55_550008_3	13	803.333	987	-0.186	0.186	6.139
480452	FHA_55_550008_3	14	924	1106	-0.165	0.165	5.713
480452	FHA_55_550008_3	15	915.333	1586	-0.423	0.423	18.964
480452	FHA_55_550008_3	16	976.667	1966	-0.503	0.503	25.792
480452	FHA_55_550008_3	17	914	2148	-0.574	0.574	31.538
480452	FHA_55_550008_3	18	658	1802	-0.635	0.635	32.619
480452	FHA_55_550008_3	19	584.667	1179	-0.504	0.504	20.014
480452	FHA_55_550008_3	20	414	803	-0.484	0.484	15.77
480452	FHA_55_550008_3	21	234.667	579	-0.595	0.595	17.071
480452	FHA_55_550008_3	22	205.333	398	-0.484	0.484	11.093
480452	FHA_55_550008_3	23	114.667	286	-0.599	0.599	12.105
480452	FHA_55_550008_3	24	61.333	161	-0.619	0.619	9.453
480537	FHA_27_042507_7	1	126	221	-0.43	0.43	7.212
480537	FHA_27_042507_7	2	39.333	158	-0.751	0.751	11.947
480537	FHA_27_042507_7	3	98	119	-0.176	0.176	2.016
480537	FHA_27_042507_7	4	89.333	132	-0.323	0.323	4.056
480537	FHA_27_042507_7	5	146	196	-0.255	0.255	3.824
480537	FHA_27_042507_7	6	460.667	541	-0.148	0.148	3.59
480537	FHA_27_042507_7	7	933.333	1047	-0.109	0.109	3.612
480537	FHA_27_042507_7	8	2023.333	1236	0.637	0.389	19.503
480537	FHA_27_042507_7	9	2172.667	1128	0.926	0.481	25.715
480537	FHA_27_042507_7	10	1754.667	1222	0.436	0.304	13.807
480537	FHA_27_042507_7	11	1817.333	1246	0.459	0.314	14.598
480537	FHA_27_042507_7	12	1811.333	1270	0.426	0.299	13.791
480537	FHA_27_042507_7	13	1820.667	1376	0.323	0.244	11.122
480537	FHA_27_042507_7	14	2177.333	1427	0.526	0.345	17.675
480537	FHA_27_042507_7	15	2508	1618	0.55	0.355	19.595
480537	FHA_27_042507_7	16	3047.333	1668	0.827	0.453	28.407
480537	FHA_27_042507_7	17	3018.667	1712	0.763	0.433	26.867
480537	FHA_27_042507_7	18	2956	1675	0.765	0.433	26.621
480537	FHA_27_042507_7	19	2676	1450	0.846	0.458	26.992
480537	FHA_27_042507_7	20	2074.667	1243	0.669	0.401	20.42
480537	FHA_27_042507_7	21	1422.667	975	0.459	0.315	12.929
480537	FHA_27_042507_7	22	1144.667	786	0.456	0.313	11.544
480537	FHA_27_042507_7	23	766.667	595	0.289	0.224	6.579
480537	FHA_27_042507_7	24	454	405	0.121	0.108	2.364
481141	FHA_27_042507_3	1	31.333	241	-0.87	0.87	17.968
481141	FHA_27_042507_3	2	56	190	-0.705	0.705	12.082
481141	FHA_27_042507_3	3	68.667	195	-0.648	0.648	11.003
481141	FHA_27_042507_3	4	64.667	204	-0.683	0.683	12.022
481141	FHA_27_042507_3	5	371.333	372	-0.002	0.002	0.035
481141	FHA_27_042507_3	6	1562.667	910	0.717	0.418	18.562
481141	FHA_27_042507_3	7	2815.333	1592	0.768	0.435	26.06
481141	FHA_27_042507_3	8	4312	1674	1.576	0.612	48.219
481141	FHA_27_042507_3	9	3626	1426	1.543	0.607	43.773
481141	FHA_27_042507_3	10	2694	1330	1.026	0.506	30.409
481141	FHA_27_042507_3	11	2064.667	1197	0.725	0.42	21.486
481141	FHA_27_042507_3	12	1833.333	1218	0.505	0.336	15.754
481141	FHA_27_042507_3	13	1368.667	1278	0.071	0.066	2.492
481141	FHA_27_042507_3	14	1548	1377	0.124	0.11	4.471
481141	FHA_27_042507_3	15	1712.667	1469	0.166	0.142	6.109
481141	FHA_27_042507_3	16	2031.333	1546	0.314	0.239	11.476
481141	FHA_27_042507_3	17	1833.333	1566	0.171	0.146	6.484
481141	FHA_27_042507_3	18	1846	1523	0.212	0.175	7.87
481141	FHA_27_042507_3	19	1776.667	1270	0.399	0.285	12.981
481141	FHA_27_042507_3	20	1142	970	0.177	0.151	5.293
481141	FHA_27_042507_3	21	897.333	746	0.203	0.169	5.279
481141	FHA_27_042507_3	22	498.667	650	-0.233	0.233	6.315
481141	FHA_27_042507_3	23	353.333	607	-0.418	0.418	11.576
481141	FHA_27_042507_3	24	246.667	429	-0.425	0.425	9.92
500467	FHA_27_011283_7	1	120.667	589	-0.795	0.795	24.862
500467	FHA_27_011283_7	2	64	295	-0.783	0.783	17.242
500467	FHA_27_011283_7	3	92.667	197	-0.53	0.53	8.669
500467	FHA_27_011283_7	4	90.667	286	-0.683	0.683	14.234
500467	FHA_27_011283_7	5	481.333	705	-0.317	0.317	9.184
500467	FHA_27_011283_7	6	1843.333	1913	-0.036	0.036	1.608
500467	FHA_27_011283_7	7	3252	3303	-0.015	0.015	0.891
500467	FHA_27_011283_7	8	5138.667	3124	0.645	0.392	31.344
500467	FHA_27_011283_7	9	4794.667	2737	0.752	0.429	33.531
500467	FHA_27_011283_7	10	4476.667	3206	0.396	0.284	20.502
500467	FHA_27_011283_7	11	3182.667	3078	0.034	0.033	1.871
500467	FHA_27_011283_7	12	2585.333	3227	-0.199	0.199	11.903
500467	FHA_27_011283_7	13	2488.667	3365	-0.26	0.26	16.198
500467	FHA_27_011283_7	14	2559.333	3364	-0.239	0.239	14.786
500467	FHA_27_011283_7	15	3122	3410	-0.084	0.084	5.039
500467	FHA_27_011283_7	16	3206	3194	0.004	0.004	0.212
500467	FHA_27_011283_7	17	3118	3222	-0.032	0.032	1.847
500467	FHA_27_011283_7	18	3002.667	3167	-0.052	0.052	2.959
500467	FHA_27_011283_7	19	2376	2933	-0.19	0.19	10.811
500467	FHA_27_011283_7	20	1850	2511	-0.263	0.263	14.155
500467	FHA_27_011283_7	21	1178	2191	-0.462	0.462	24.682
500467	FHA_27_011283_7	22	920	2061	-0.554	0.554	29.554
500467	FHA_27_011283_7	23	725.333	1391	-0.479	0.479	20.463
500467	FHA_27_011283_7	24	323.333	912	-0.645	0.645	23.686
501898	FHA_27_011238_3	1	87.333	245	-0.644	0.644	12.231
501898	FHA_27_011238_3	2	84.667	198	-0.572	0.572	9.533
501898	FHA_27_011238_3	3	105.333	175	-0.398	0.398	5.884
501898	FHA_27_011238_3	4	110.667	175	-0.368	0.368	5.383
501898	FHA_27_011238_3	5	354.667	357	-0.007	0.007	0.124
501898	FHA_27_011238_3	6	1511.333	1264	0.196	0.164	6.64
501898	FHA_27_011238_3	7	2750.667	3102	-0.113	0.113	6.495
501898	FHA_27_011238_3	8	4619.333	5164	-0.105	0.105	7.788
501898	FHA_27_011238_3	9	4363.333	5093	-0.143	0.143	10.612
501898	FHA_27_011238_3	10	3271.333	4114	-0.205	0.205	13.867
501898	FHA_27_011238_3	11	2644	3568	-0.259	0.259	16.579
501898	FHA_27_011238_3	12	2167.333	3731	-0.419	0.419	28.794
501898	FHA_27_011238_3	13	1810.667	3796	-0.523	0.523	37.497
501898	FHA_27_011238_3	14	1652	3705	-0.554	0.554	39.668
501898	FHA_27_011238_3	15	1932	4139	-0.533	0.533	40.058
501898	FHA_27_011238_3	16	2141.333	4268	-0.498	0.498	37.567
501898	FHA_27_011238_3	17	2076	4006	-0.482	0.482	34.998
501898	FHA_27_011238_3	18	1786.667	3903	-0.542	0.542	39.679
501898	FHA_27_011238_3	19	1273.333	3641	-0.65	0.65	47.764
501898	FHA_27_011238_3	20	904	2560	-0.647	0.647	39.791
501898	FHA_27_011238_3	21	618	1972	-0.687	0.687	37.626
501898	FHA_27_011238_3	22	572.667	1540	-0.628	0.628	29.763
501898	FHA_27_011238_3	23	296	1084	-0.727	0.727	29.999
501898	FHA_27_011238_3	24	134	594	-0.774	0.774	24.111
506892	FHA_55_550153_7	1	183.333	261	-0.298	0.298	5.211
506892	FHA_55_550153_7	2	142	226	-0.372	0.372	6.193
506892	FHA_55_550153_7	3	152	233	-0.348	0.348	5.838
506892	FHA_55_550153_7	4	230.667	334	-0.309	0.309	6.15
506892	FHA_55_550153_7	5	257.333	597	-0.569	0.569	16.434
506892	FHA_55_550153_7	6	893.333	1338	-0.332	0.332	13.313
506892	FHA_55_550153_7	7	1852.667	1902	-0.026	0.026	1.139
506892	FHA_55_550153_7	8	3956.667	1979	0.999	0.5	36.302
506892	FHA_55_550153_7	9	3528.667	1712	1.061	0.515	35.489
506892	FHA_55_550153_7	10	2134.667	1580	0.351	0.26	12.87
506892	FHA_55_550153_7	11	1852	1534	0.207	0.172	7.729
506892	FHA_55_550153_7	12	1435.333	1601	-0.103	0.103	4.252
506892	FHA_55_550153_7	13	1311.333	1636	-0.198	0.198	8.457
506892	FHA_55_550153_7	14	1281.333	1654	-0.225	0.225	9.728
506892	FHA_55_550153_7	15	1376.667	1744	-0.211	0.211	9.299
506892	FHA_55_550153_7	16	1519.333	1971	-0.229	0.229	10.812
506892	FHA_55_550153_7	17	1388	2051	-0.323	0.323	15.989
506892	FHA_55_550153_7	18	1096.667	1897	-0.422	0.422	20.686
506892	FHA_55_550153_7	19	1044.667	1520	-0.313	0.313	13.274
506892	FHA_55_550153_7	20	816	1139	-0.284	0.284	10.331
506892	FHA_55_550153_7	21	620	893	-0.306	0.306	9.926
506892	FHA_55_550153_7	22	494.667	698	-0.291	0.291	8.327
506892	FHA_55_550153_7	23	272.667	520	-0.476	0.476	12.424
506892	FHA_55_550153_7	24	248	386	-0.358	0.358	7.751
50755	FHA_27_010830_1	1	49.333	119	-0.585	0.585	7.594
50755	FHA_27_010830_1	2	44	100	-0.56	0.56	6.6
50755	FHA_27_010830_1	3	53.333	80	-0.333	0.333	3.266
50755	FHA_27_010830_1	4	51.333	126	-0.593	0.593	7.93
50755	FHA_27_010830_1	5	342.667	274	0.251	0.2	3.911
50755	FHA_27_010830_1	6	1241.333	892	0.392	0.281	10.696
50755	FHA_27_010830_1	7	2448	1783	0.373	0.272	14.458
50755	FHA_27_010830_1	8	4274.667	2146	0.992	0.498	37.569
50755	FHA_27_010830_1	9	3811.333	1733	1.199	0.545	39.473
50755	FHA_27_010830_1	10	2088.667	1258	0.66	0.398	20.307
50755	FHA_27_010830_1	11	1626.667	1030	0.579	0.367	16.371
50755	FHA_27_010830_1	12	1261.333	996	0.266	0.21	7.898
50755	FHA_27_010830_1	13	1109.333	1017	0.091	0.083	2.832
50755	FHA_27_010830_1	14	1110.667	1040	0.068	0.064	2.155
50755	FHA_27_010830_1	15	1175.333	1197	-0.018	0.018	0.629
50755	FHA_27_010830_1	16	1578	1306	0.208	0.172	7.163
50755	FHA_27_010830_1	17	1332	1266	0.052	0.05	1.831
50755	FHA_27_010830_1	18	1352.667	1302	0.039	0.037	1.391
50755	FHA_27_010830_1	19	1012.667	1110	-0.088	0.088	2.988
50755	FHA_27_010830_1	20	803.333	792	0.014	0.014	0.401
50755	FHA_27_010830_1	21	722	576	0.253	0.202	5.731
50755	FHA_27_010830_1	22	592.667	487	0.217	0.178	4.548
50755	FHA_27_010830_1	23	415.333	418	-0.006	0.006	0.131
50755	FHA_27_010830_1	24	170.667	341	-0.5	0.5	10.649
527132	FHA_27_011273_5	1	152	492	-0.691	0.691	18.947
527132	FHA_27_011273_5	2	134.667	397	-0.661	0.661	16.09
527132	FHA_27_011273_5	3	219.333	341	-0.357	0.357	7.269
527132	FHA_27_011273_5	4	143.333	454	-0.684	0.684	17.976
527132	FHA_27_011273_5	5	628	919	-0.317	0.317	10.463
527132	FHA_27_011273_5	6	2396.667	2906	-0.175	0.175	9.892
527132	FHA_27_011273_5	7	4530.667	5473	-0.172	0.172	13.324
527132	FHA_27_011273_5	8	7793.333	6163	0.265	0.209	19.517
527132	FHA_27_011273_5	9	6820.667	5637	0.21	0.174	14.998
527132	FHA_27_011273_5	10	4997.333	4848	0.031	0.03	2.128
527132	FHA_27_011273_5	11	4204.667	4246	-0.01	0.01	0.636
527132	FHA_27_011273_5	12	3680.667	4285	-0.141	0.141	9.576
527132	FHA_27_011273_5	13	3442.667	4570	-0.247	0.247	17.811
527132	FHA_27_011273_5	14	3092	4716	-0.344	0.344	25.991
527132	FHA_27_011273_5	15	3856	5305	-0.273	0.273	21.41
527132	FHA_27_011273_5	16	4316	5496	-0.215	0.215	16.847
527132	FHA_27_011273_5	17	4182.667	5484	-0.237	0.237	18.718
527132	FHA_27_011273_5	18	3535.333	5260	-0.328	0.328	26.007
527132	FHA_27_011273_5	19	2760.667	4548	-0.393	0.393	29.567
527132	FHA_27_011273_5	20	2149.333	3188	-0.326	0.326	20.106
527132	FHA_27_011273_5	21	1651.333	2558	-0.354	0.354	19.763
527132	FHA_27_011273_5	22	1180.667	2009	-0.412	0.412	20.742
527132	FHA_27_011273_5	23	850	1680	-0.494	0.494	23.336
527132	FHA_27_011273_5	24	467.333	991	-0.528	0.528	19.393
553222	FHA_27_010794_3	1	186	437	-0.574	0.574	14.221
553222	FHA_27_010794_3	2	24.667	298	-0.917	0.917	21.519
553222	FHA_27_010794_3	3	90	257	-0.65	0.65	12.678
553222	FHA_27_010794_3	4	78	342	-0.772	0.772	18.218
553222	FHA_27_010794_3	5	161.333	746	-0.784	0.784	27.45
553222	FHA_27_010794_3	6	738	2398	-0.692	0.692	41.921
553222	FHA_27_010794_3	7	1290	4240	-0.696	0.696	56.101
553222	FHA_27_010794_3	8	2642.667	5143	-0.486	0.486	40.074
553222	FHA_27_010794_3	9	2359.333	4718	-0.5	0.5	39.65
553222	FHA_27_010794_3	10	2391.333	3506	-0.318	0.318	20.527
553222	FHA_27_010794_3	11	2119.333	2901	-0.269	0.269	15.602
553222	FHA_27_010794_3	12	2464.667	2851	-0.136	0.136	7.494
553222	FHA_27_010794_3	13	2466	2947	-0.163	0.163	9.246
553222	FHA_27_010794_3	14	3120.667	2973	0.05	0.047	2.675
553222	FHA_27_010794_3	15	3916	3393	0.154	0.134	8.651
553222	FHA_27_010794_3	16	3926	3685	0.065	0.061	3.907
553222	FHA_27_010794_3	17	4051.333	4032	0.005	0.005	0.304
553222	FHA_27_010794_3	18	3891.333	3828	0.017	0.016	1.019
553222	FHA_27_010794_3	19	3411.333	3408	0.001	0.001	0.057
553222	FHA_27_010794_3	20	2572.667	2524	0.019	0.019	0.964
553222	FHA_27_010794_3	21	1900.667	2058	-0.076	0.076	3.536
553222	FHA_27_010794_3	22	1477.333	1691	-0.126	0.126	5.368
553222	FHA_27_010794_3	23	940.667	1367	-0.312	0.312	12.551
553222	FHA_27_010794_3	24	420.667	827	-0.491	0.491	16.269
557805	FHA_27_010840_7	1	37.333	91	-0.59	0.59	6.7
557805	FHA_27_010840_7	2	13.333	91	-0.853	0.853	10.753
557805	FHA_27_010840_7	3	8	36	-0.778	0.778	5.97
557805	FHA_27_010840_7	4	8.667	74	-0.883	0.883	10.162
557805	FHA_27_010840_7	5	154.667	183	-0.155	0.155	2.181
557805	FHA_27_010840_7	6	672.667	603	0.116	0.104	2.758
557805	FHA_27_010840_7	7	1360.667	1340	0.015	0.015	0.562
557805	FHA_27_010840_7	8	3031.333	1776	0.707	0.414	25.605
557805	FHA_27_010840_7	9	2848	1480	0.924	0.48	29.407
557805	FHA_27_010840_7	10	1517.333	1133	0.339	0.253	10.558
557805	FHA_27_010840_7	11	1042	971	0.073	0.068	2.238
557805	FHA_27_010840_7	12	885.333	997	-0.112	0.112	3.64
557805	FHA_27_010840_7	13	621.333	1014	-0.387	0.387	13.732
557805	FHA_27_010840_7	14	622.667	1012	-0.385	0.385	13.618
557805	FHA_27_010840_7	15	751.333	1160	-0.352	0.352	13.22
557805	FHA_27_010840_7	16	784	1328	-0.41	0.41	16.74
557805	FHA_27_010840_7	17	625.333	1372	-0.544	0.544	23.627
557805	FHA_27_010840_7	18	500	1188	-0.579	0.579	23.682
557805	FHA_27_010840_7	19	509.333	914	-0.443	0.443	15.169
557805	FHA_27_010840_7	20	394.667	641	-0.384	0.384	10.825
557805	FHA_27_010840_7	21	205.333	472	-0.565	0.565	14.49
557805	FHA_27_010840_7	22	179.333	372	-0.518	0.518	11.604
557805	FHA_27_010840_7	23	112.667	334	-0.663	0.663	14.811
557805	FHA_27_010840_7	24	34	178	-0.809	0.809	13.987
558831	FHA_27_011516_5	1	24	119	-0.798	0.798	11.235
558831	FHA_27_011516_5	2	58	105	-0.448	0.448	5.206
558831	FHA_27_011516_5	3	76	90	-0.156	0.156	1.537
558831	FHA_27_011516_5	4	40	165	-0.758	0.758	12.347
558831	FHA_27_011516_5	5	346	446	-0.224	0.224	5.025
558831	FHA_27_011516_5	6	1443.333	1264	0.142	0.124	4.874
558831	FHA_27_011516_5	7	2585.333	1873	0.38	0.276	15.087
558831	FHA_27_011516_5	8	4895.333	2163	1.263	0.558	45.994
558831	FHA_27_011516_5	9	4063.333	1667	1.438	0.59	44.768
558831	FHA_27_011516_5	10	2777.333	1468	0.892	0.471	28.419
558831	FHA_27_011516_5	11	2136	1410	0.515	0.34	17.242
558831	FHA_27_011516_5	12	1572.667	1437	0.094	0.086	3.497
558831	FHA_27_011516_5	13	1444.667	1506	-0.041	0.041	1.597
558831	FHA_27_011516_5	14	1354	1659	-0.184	0.184	7.858
558831	FHA_27_011516_5	15	1472.667	2167	-0.32	0.32	16.276
558831	FHA_27_011516_5	16	1650.667	2532	-0.348	0.348	19.272
558831	FHA_27_011516_5	17	1520	2592	-0.414	0.414	23.642
558831	FHA_27_011516_5	18	1373.333	2161	-0.364	0.364	18.737
558831	FHA_27_011516_5	19	1154	1507	-0.234	0.234	9.678
558831	FHA_27_011516_5	20	840	1053	-0.202	0.202	6.923
558831	FHA_27_011516_5	21	442	802	-0.449	0.449	14.435
558831	FHA_27_011516_5	22	343.333	615	-0.442	0.442	12.411
558831	FHA_27_011516_5	23	184.667	457	-0.596	0.596	15.204
558831	FHA_27_011516_5	24	86	306	-0.719	0.719	15.714
560822	FHA_27_010800_3	1	209.333	623	-0.664	0.664	20.278
560822	FHA_27_010800_3	2	126.667	443	-0.714	0.714	18.743
560822	FHA_27_010800_3	3	159.333	363	-0.561	0.561	12.603
560822	FHA_27_010800_3	4	132.667	402	-0.67	0.67	16.473
560822	FHA_27_010800_3	5	578	792	-0.27	0.27	8.177
560822	FHA_27_010800_3	6	2493.333	2323	0.073	0.068	3.471
560822	FHA_27_010800_3	7	4128.667	4571	-0.097	0.097	6.707
560822	FHA_27_010800_3	8	6584.667	4697	0.402	0.287	25.134
560822	FHA_27_010800_3	9	6220	4447	0.399	0.285	24.277
560822	FHA_27_010800_3	10	5376	4632	0.161	0.138	10.518
560822	FHA_27_010800_3	11	4684.667	4547	0.03	0.029	2.026
560822	FHA_27_010800_3	12	3698	4548	-0.187	0.187	13.238
560822	FHA_27_010800_3	13	3471.333	4521	-0.232	0.232	16.605
560822	FHA_27_010800_3	14	3343.333	4537	-0.263	0.263	19.016
560822	FHA_27_010800_3	15	4492.667	4622	-0.028	0.028	1.916
560822	FHA_27_010800_3	16	4924.667	4705	0.047	0.045	3.166
560822	FHA_27_010800_3	17	4734.667	4591	0.031	0.03	2.104
560822	FHA_27_010800_3	18	4155.333	4358	-0.047	0.047	3.106
560822	FHA_27_010800_3	19	3219.333	4530	-0.289	0.289	21.056
560822	FHA_27_010800_3	20	2122	3912	-0.458	0.458	32.589
560822	FHA_27_010800_3	21	1707.333	3220	-0.47	0.47	30.476
560822	FHA_27_010800_3	22	1398	2762	-0.494	0.494	29.908
560822	FHA_27_010800_3	23	768.667	2182	-0.648	0.648	36.796
560822	FHA_27_010800_3	24	312.667	1290	-0.758	0.758	34.525
560915	FHA_27_010338_5	1	142	186	-0.237	0.237	3.436
560915	FHA_27_010338_5	2	46	156	-0.705	0.705	10.945
560915	FHA_27_010338_5	3	74	156	-0.526	0.526	7.647
560915	FHA_27_010338_5	4	51.333	203	-0.747	0.747	13.449
560915	FHA_27_010338_5	5	442	488	-0.094	0.094	2.133
560915	FHA_27_010338_5	6	1899.333	1340	0.417	0.294	13.898
560915	FHA_27_010338_5	7	3126.667	2647	0.181	0.153	8.927
560915	FHA_27_010338_5	8	4676.667	3301	0.417	0.294	21.782
560915	FHA_27_010338_5	9	4100	3146	0.303	0.233	15.849
560915	FHA_27_010338_5	10	3392.667	2849	0.191	0.16	9.732
560915	FHA_27_010338_5	11	2883.333	2507	0.15	0.131	7.249
560915	FHA_27_010338_5	12	2413.333	2610	-0.075	0.075	3.924
560915	FHA_27_010338_5	13	2225.333	2623	-0.152	0.152	8.077
560915	FHA_27_010338_5	14	2172	2587	-0.16	0.16	8.508
560915	FHA_27_010338_5	15	2749.333	2895	-0.05	0.05	2.742
560915	FHA_27_010338_5	16	3280.667	3057	0.073	0.068	3.973
560915	FHA_27_010338_5	17	3496.667	2771	0.262	0.208	12.963
560915	FHA_27_010338_5	18	2606.667	2604	0.001	0.001	0.052
560915	FHA_27_010338_5	19	2083.333	2267	-0.081	0.081	3.938
560915	FHA_27_010338_5	20	1443.333	1591	-0.093	0.093	3.791
560915	FHA_27_010338_5	21	900.667	1246	-0.277	0.277	10.541
560915	FHA_27_010338_5	22	718.667	956	-0.248	0.248	8.202
560915	FHA_27_010338_5	23	329.333	668	-0.507	0.507	15.166
560915	FHA_27_010338_5	24	173.333	339	-0.489	0.489	10.351
58875	FHA_27_011280_5	1	133.333	383	-0.652	0.652	15.539
58875	FHA_27_011280_5	2	62	254	-0.756	0.756	15.275
58875	FHA_27_011280_5	3	184.667	211	-0.125	0.125	1.872
58875	FHA_27_011280_5	4	198.667	199	-0.002	0.002	0.024
58875	FHA_27_011280_5	5	270.667	387	-0.301	0.301	6.415
58875	FHA_27_011280_5	6	832.667	1123	-0.259	0.259	9.285
58875	FHA_27_011280_5	7	1700	2301	-0.261	0.261	13.437
58875	FHA_27_011280_5	8	2662	3324	-0.199	0.199	12.101
58875	FHA_27_011280_5	9	2677.333	3106	-0.138	0.138	7.972
58875	FHA_27_011280_5	10	2382.667	3029	-0.213	0.213	12.425
58875	FHA_27_011280_5	11	2432.667	2929	-0.169	0.169	9.586
58875	FHA_27_011280_5	12	2330	3104	-0.249	0.249	14.849
58875	FHA_27_011280_5	13	2240.667	3337	-0.329	0.329	20.76
58875	FHA_27_011280_5	14	2555.333	3469	-0.263	0.263	16.647
58875	FHA_27_011280_5	15	3508.667	3998	-0.122	0.122	7.987
58875	FHA_27_011280_5	16	4358.667	4298	0.014	0.014	0.922
58875	FHA_27_011280_5	17	4662.667	4326	0.078	0.072	5.022
58875	FHA_27_011280_5	18	4008.667	4019	-0.003	0.003	0.163
58875	FHA_27_011280_5	19	2954	3268	-0.096	0.096	5.63
58875	FHA_27_011280_5	20	2402.667	2556	-0.06	0.06	3.079
58875	FHA_27_011280_5	21	1560.667	2065	-0.244	0.244	11.845
58875	FHA_27_011280_5	22	1194	1685	-0.291	0.291	12.941
58875	FHA_27_011280_5	23	760	1227	-0.381	0.381	14.816
58875	FHA_27_011280_5	24	528	760	-0.305	0.305	9.142
592946	FHA_27_011747_7	1	94.667	401	-0.764	0.764	19.459
592946	FHA_27_011747_7	2	117.333	279	-0.579	0.579	11.484
592946	FHA_27_011747_7	3	116.667	238	-0.51	0.51	9.111
592946	FHA_27_011747_7	4	126	354	-0.644	0.644	14.717
592946	FHA_27_011747_7	5	622.667	833	-0.253	0.253	7.796
592946	FHA_27_011747_7	6	2333.333	2484	-0.061	0.061	3.07
592946	FHA_27_011747_7	7	4334.667	4530	-0.043	0.043	2.934
592946	FHA_27_011747_7	8	5758.667	4636	0.242	0.195	15.573
592946	FHA_27_011747_7	9	5299.333	4393	0.206	0.171	13.019
592946	FHA_27_011747_7	10	4370.667	3973	0.1	0.091	6.157
592946	FHA_27_011747_7	11	3044	3359	-0.094	0.094	5.567
592946	FHA_27_011747_7	12	2232.667	3381	-0.34	0.34	21.675
592946	FHA_27_011747_7	13	1898.667	3474	-0.453	0.453	30.394
592946	FHA_27_011747_7	14	1973.333	3583	-0.449	0.449	30.539
592946	FHA_27_011747_7	15	2364	3897	-0.393	0.393	27.399
592946	FHA_27_011747_7	16	2768.667	4033	-0.313	0.313	21.68
592946	FHA_27_011747_7	17	2514.667	4119	-0.389	0.389	27.857
592946	FHA_27_011747_7	18	2177.333	4145	-0.475	0.475	34.997
592946	FHA_27_011747_7	19	1799.333	3580	-0.497	0.497	34.335
592946	FHA_27_011747_7	20	1433.333	2635	-0.456	0.456	26.643
592946	FHA_27_011747_7	21	1112.667	2041	-0.455	0.455	23.378
592946	FHA_27_011747_7	22	844.667	1632	-0.482	0.482	22.374
592946	FHA_27_011747_7	23	572	1253	-0.543	0.543	22.544
592946	FHA_27_011747_7	24	220	776	-0.716	0.716	24.915
595594	FHA_27_010830_5	1	97.333	169	-0.424	0.424	6.21
595594	FHA_27_010830_5	2	20.667	106	-0.805	0.805	10.723
595594	FHA_27_010830_5	3	52.667	80	-0.342	0.342	3.356
595594	FHA_27_010830_5	4	39.333	89	-0.558	0.558	6.2
595594	FHA_27_010830_5	5	128.667	175	-0.265	0.265	3.76
595594	FHA_27_010830_5	6	522.667	426	0.227	0.185	4.438
595594	FHA_27_010830_5	7	885.333	897	-0.013	0.013	0.391
595594	FHA_27_010830_5	8	1390	1002	0.387	0.279	11.219
595594	FHA_27_010830_5	9	1330.667	888	0.498	0.333	13.291
595594	FHA_27_010830_5	10	1310.667	836	0.568	0.362	14.488
595594	FHA_27_010830_5	11	1318	884	0.491	0.329	13.08
595594	FHA_27_010830_5	12	1267.333	987	0.284	0.221	8.35
595594	FHA_27_010830_5	13	1406.667	1087	0.294	0.227	9.053
595594	FHA_27_010830_5	14	1531.333	1265	0.211	0.174	7.123
595594	FHA_27_010830_5	15	2078.667	1671	0.244	0.196	9.415
595594	FHA_27_010830_5	16	2572.667	1952	0.318	0.241	13.049
595594	FHA_27_010830_5	17	2643.333	2137	0.237	0.192	10.357
595594	FHA_27_010830_5	18	2432	1871	0.3	0.231	12.095
595594	FHA_27_010830_5	19	1969.333	1322	0.49	0.329	15.957
595594	FHA_27_010830_5	20	1526.667	975	0.566	0.361	15.598
595594	FHA_27_010830_5	21	1019.333	821	0.242	0.195	6.538
595594	FHA_27_010830_5	22	862	677	0.273	0.215	6.669
595594	FHA_27_010830_5	23	496.667	569	-0.127	0.127	3.134
595594	FHA_27_010830_5	24	289.333	395	-0.268	0.268	5.712
595597	FHA_27_000042_5	1	49.333	105	-0.53	0.53	6.337
595597	FHA_27_000042_5	2	8	76	-0.895	0.895	10.493
595597	FHA_27_000042_5	3	85.333	63	0.354	0.262	2.593
595597	FHA_27_000042_5	4	56	70	-0.2	0.2	1.764
595597	FHA_27_000042_5	5	89.333	163	-0.452	0.452	6.558
595597	FHA_27_000042_5	6	554	374	0.481	0.325	8.356
595597	FHA_27_000042_5	7	920	752	0.223	0.183	5.81
595597	FHA_27_000042_5	8	1766.667	1076	0.642	0.391	18.32
595597	FHA_27_000042_5	9	1732	1014	0.708	0.415	19.377
595597	FHA_27_000042_5	10	1486.667	1014	0.466	0.318	13.367
595597	FHA_27_000042_5	11	1300	1065	0.221	0.181	6.834
595597	FHA_27_000042_5	12	1334	1113	0.199	0.166	6.318
595597	FHA_27_000042_5	13	1354	1173	0.154	0.134	5.092
595597	FHA_27_000042_5	14	1419.333	1254	0.132	0.116	4.522
595597	FHA_27_000042_5	15	1824.667	1502	0.215	0.177	7.912
595597	FHA_27_000042_5	16	2101.333	1798	0.169	0.144	6.87
595597	FHA_27_000042_5	17	1906	1879	0.014	0.014	0.621
595597	FHA_27_000042_5	18	1952.667	1704	0.146	0.127	5.816
595597	FHA_27_000042_5	19	1707.333	1172	0.457	0.314	14.109
595597	FHA_27_000042_5	20	1350.667	801	0.686	0.407	16.758
595597	FHA_27_000042_5	21	1137.333	589	0.931	0.482	18.664
595597	FHA_27_000042_5	22	925.333	433	1.137	0.532	18.892
595597	FHA_27_000042_5	23	556	321	0.732	0.423	11.222
595597	FHA_27_000042_5	24	344	236	0.458	0.314	6.342
601137	FHA_27_000382_5	1	56.667	108	-0.475	0.475	5.657
601137	FHA_27_000382_5	2	92	67	0.373	0.272	2.804
601137	FHA_27_000382_5	3	148	54	1.741	0.635	9.353
601137	FHA_27_000382_5	4	132.667	76	0.746	0.427	5.548
601137	FHA_27_000382_5	5	102	146	-0.301	0.301	3.951
601137	FHA_27_000382_5	6	199.333	395	-0.495	0.495	11.351
601137	FHA_27_000382_5	7	346.667	775	-0.553	0.553	18.087
601137	FHA_27_000382_5	8	526	923	-0.43	0.43	14.749
601137	FHA_27_000382_5	9	552	964	-0.427	0.427	14.965
601137	FHA_27_000382_5	10	639.333	982	-0.349	0.349	12.035
601137	FHA_27_000382_5	11	536	975	-0.45	0.45	15.972
601137	FHA_27_000382_5	12	656.667	990	-0.337	0.337	11.617
601137	FHA_27_000382_5	13	622	1056	-0.411	0.411	14.983
601137	FHA_27_000382_5	14	756.667	1089	-0.305	0.305	10.94
601137	FHA_27_000382_5	15	933.333	1333	-0.3	0.3	11.873
601137	FHA_27_000382_5	16	1116	1580	-0.294	0.294	12.638
601137	FHA_27_000382_5	17	1194	1638	-0.271	0.271	11.799
601137	FHA_27_000382_5	18	1031.333	1456	-0.292	0.292	12.042
601137	FHA_27_000382_5	19	796	962	-0.173	0.173	5.599
601137	FHA_27_000382_5	20	574	662	-0.133	0.133	3.54
601137	FHA_27_000382_5	21	437.333	514	-0.149	0.149	3.515
601137	FHA_27_000382_5	22	343.333	426	-0.194	0.194	4.215
601137	FHA_27_000382_5	23	204.667	308	-0.335	0.335	6.454
601137	FHA_27_000382_5	24	192.667	207	-0.069	0.069	1.014
601160	FHA_27_010205_1	1	43.333	144	-0.699	0.699	10.401
601160	FHA_27_010205_1	2	48	116	-0.586	0.586	7.509
601160	FHA_27_010205_1	3	38	100	-0.62	0.62	7.464
601160	FHA_27_010205_1	4	45.333	177	-0.744	0.744	12.488
601160	FHA_27_010205_1	5	333.333	419	-0.204	0.204	4.417
601160	FHA_27_010205_1	6	1066	1247	-0.145	0.145	5.322
601160	FHA_27_010205_1	7	2590	2341	0.106	0.096	5.015
601160	FHA_27_010205_1	8	4240.667	2724	0.557	0.358	25.701
601160	FHA_27_010205_1	9	3548.667	1905	0.863	0.463	31.476
601160	FHA_27_010205_1	10	2407.333	1512	0.592	0.372	20.225
601160	FHA_27_010205_1	11	1950	1419	0.374	0.272	12.938
601160	FHA_27_010205_1	12	1480.667	1470	0.007	0.007	0.278
601160	FHA_27_010205_1	13	1432.667	1492	-0.04	0.04	1.552
601160	FHA_27_010205_1	14	1265.333	1525	-0.17	0.17	6.952
601160	FHA_27_010205_1	15	1551.333	1758	-0.118	0.118	5.081
601160	FHA_27_010205_1	16	1830.667	2148	-0.148	0.148	7.115
601160	FHA_27_010205_1	17	1864	1973	-0.055	0.055	2.489
601160	FHA_27_010205_1	18	1477.333	1796	-0.177	0.177	7.877
601160	FHA_27_010205_1	19	1156.667	1413	-0.181	0.181	7.151
601160	FHA_27_010205_1	20	934.667	1056	-0.115	0.115	3.846
601160	FHA_27_010205_1	21	822	745	0.103	0.094	2.751
601160	FHA_27_010205_1	22	732	589	0.243	0.195	5.564
601160	FHA_27_010205_1	23	574.667	470	0.223	0.182	4.58
601160	FHA_27_010205_1	24	252.667	486	-0.48	0.48	12.141
601842	FHA_55_550006_3	1	140	280	-0.5	0.5	9.661
601842	FHA_55_550006_3	2	140.667	207	-0.32	0.32	5.031
601842	FHA_55_550006_3	3	252.667	172	0.469	0.319	5.536
601842	FHA_55_550006_3	4	259.333	218	0.19	0.159	2.675
601842	FHA_55_550006_3	5	285.333	382	-0.253	0.253	5.292
601842	FHA_55_550006_3	6	715.333	780	-0.083	0.083	2.365
601842	FHA_55_550006_3	7	937.333	1398	-0.33	0.33	13.481
601842	FHA_55_550006_3	8	1956	1976	-0.01	0.01	0.451
601842	FHA_55_550006_3	9	2157.333	2195	-0.017	0.017	0.807
601842	FHA_55_550006_3	10	2248	2348	-0.043	0.043	2.086
601842	FHA_55_550006_3	11	2202.667	2386	-0.077	0.077	3.827
601842	FHA_55_550006_3	12	2555.333	2553	0.001	0.001	0.046
601842	FHA_55_550006_3	13	2434.667	2726	-0.107	0.107	5.735
601842	FHA_55_550006_3	14	2393.333	2853	-0.161	0.161	8.975
601842	FHA_55_550006_3	15	2874.667	3324	-0.135	0.135	8.071
601842	FHA_55_550006_3	16	3620.667	3985	-0.091	0.091	5.908
601842	FHA_55_550006_3	17	4016	4241	-0.053	0.053	3.502
601842	FHA_55_550006_3	18	3543.333	3609	-0.018	0.018	1.098
601842	FHA_55_550006_3	19	2909.333	2610	0.115	0.103	5.698
601842	FHA_55_550006_3	20	2269.333	1747	0.299	0.23	11.656
601842	FHA_55_550006_3	21	1438.667	1338	0.075	0.07	2.702
601842	FHA_55_550006_3	22	1125.333	989	0.138	0.121	4.193
601842	FHA_55_550006_3	23	907.333	717	0.265	0.21	6.679
601842	FHA_55_550006_3	24	538	521	0.033	0.032	0.739
603939	FHA_27_011196_7	1	53.333	56	-0.048	0.048	0.361
603939	FHA_27_011196_7	2	0	29	-1	1	7.616
603939	FHA_27_011196_7	3	44	18	1.444	0.591	4.67
603939	FHA_27_011196_7	4	25.333	33	-0.232	0.232	1.42
603939	FHA_27_011196_7	5	77.333	68	0.137	0.121	1.095
603939	FHA_27_011196_7	6	238	219	0.087	0.08	1.257
603939	FHA_27_011196_7	7	468	588	-0.204	0.204	5.222
603939	FHA_27_011196_7	8	974.667	1227	-0.206	0.206	7.605
603939	FHA_27_011196_7	9	947.333	1266	-0.252	0.252	9.579
603939	FHA_27_011196_7	10	839.333	987	-0.15	0.15	4.887
603939	FHA_27_011196_7	11	756	842	-0.102	0.102	3.042
603939	FHA_27_011196_7	12	781.333	924	-0.154	0.154	4.886
603939	FHA_27_011196_7	13	753.333	973	-0.226	0.226	7.477
603939	FHA_27_011196_7	14	773.333	1033	-0.251	0.251	8.64
603939	FHA_27_011196_7	15	1141.333	1204	-0.052	0.052	1.83
603939	FHA_27_011196_7	16	1280	1431	-0.106	0.106	4.101
603939	FHA_27_011196_7	17	1377.333	1513	-0.09	0.09	3.569
603939	FHA_27_011196_7	18	1324.667	1384	-0.043	0.043	1.612
603939	FHA_27_011196_7	19	1048	929	0.128	0.114	3.785
603939	FHA_27_011196_7	20	811.333	642	0.264	0.209	6.282
603939	FHA_27_011196_7	21	608	538	0.13	0.115	2.924
603939	FHA_27_011196_7	22	418	352	0.188	0.158	3.364
603939	FHA_27_011196_7	23	264	227	0.163	0.14	2.361
603939	FHA_27_011196_7	24	176.667	121	0.46	0.315	4.563
605591	FHA_27_011464_1	1	61.333	220	-0.721	0.721	13.378
605591	FHA_27_011464_1	2	74	131	-0.435	0.435	5.63
605591	FHA_27_011464_1	3	75.333	101	-0.254	0.254	2.733
605591	FHA_27_011464_1	4	122	129	-0.054	0.054	0.625
605591	FHA_27_011464_1	5	160.667	180	-0.107	0.107	1.481
605591	FHA_27_011464_1	6	270.667	548	-0.506	0.506	13.708
605591	FHA_27_011464_1	7	534.667	981	-0.455	0.455	16.213
605591	FHA_27_011464_1	8	979.333	1360	-0.28	0.28	11.13
605591	FHA_27_011464_1	9	1162.667	1412	-0.177	0.177	6.949
605591	FHA_27_011464_1	10	1417.333	1590	-0.109	0.109	4.453
605591	FHA_27_011464_1	11	1453.333	1654	-0.121	0.121	5.091
605591	FHA_27_011464_1	12	1364	1720	-0.207	0.207	9.066
605591	FHA_27_011464_1	13	1456.667	1892	-0.23	0.23	10.639
605591	FHA_27_011464_1	14	1863.333	2125	-0.123	0.123	5.86
605591	FHA_27_011464_1	15	2209.333	2772	-0.203	0.203	11.274
605591	FHA_27_011464_1	16	2924	3611	-0.19	0.19	12.018
605591	FHA_27_011464_1	17	2826.667	3838	-0.264	0.264	17.519
605591	FHA_27_011464_1	18	2621.333	3180	-0.176	0.176	10.373
605591	FHA_27_011464_1	19	1908.667	2240	-0.148	0.148	7.275
605591	FHA_27_011464_1	20	1530	1640	-0.067	0.067	2.763
605591	FHA_27_011464_1	21	965.333	1214	-0.205	0.205	7.533
605591	FHA_27_011464_1	22	747.333	863	-0.134	0.134	4.076
605591	FHA_27_011464_1	23	510.667	572	-0.107	0.107	2.636
605591	FHA_27_011464_1	24	330	374	-0.118	0.118	2.345
613184	FHA_27_010206_7	1	71.333	273	-0.739	0.739	15.369
613184	FHA_27_010206_7	2	144	210	-0.314	0.314	4.961
613184	FHA_27_010206_7	3	142.667	208	-0.314	0.314	4.934
613184	FHA_27_010206_7	4	148.667	353	-0.579	0.579	12.902
613184	FHA_27_010206_7	5	488.667	836	-0.415	0.415	13.496
613184	FHA_27_010206_7	6	1558.667	2339	-0.334	0.334	17.676
613184	FHA_27_010206_7	7	3090	3992	-0.226	0.226	15.158
613184	FHA_27_010206_7	8	5574.667	5399	0.033	0.032	2.372
613184	FHA_27_010206_7	9	5384	4357	0.236	0.191	14.716
613184	FHA_27_010206_7	10	3939.333	3308	0.191	0.16	10.488
613184	FHA_27_010206_7	11	3044.667	2889	0.054	0.051	2.858
613184	FHA_27_010206_7	12	2378	2943	-0.192	0.192	10.954
613184	FHA_27_010206_7	13	2112	2964	-0.287	0.287	16.912
613184	FHA_27_010206_7	14	2191.333	3048	-0.281	0.281	16.737
613184	FHA_27_010206_7	15	2688	3358	-0.2	0.2	12.186
613184	FHA_27_010206_7	16	2718	4012	-0.323	0.323	22.307
613184	FHA_27_010206_7	17	2598	4444	-0.415	0.415	31.11
613184	FHA_27_010206_7	18	2384.667	4006	-0.405	0.405	28.682
613184	FHA_27_010206_7	19	1795.333	2914	-0.384	0.384	23.053
613184	FHA_27_010206_7	20	1372.667	2123	-0.353	0.353	17.948
613184	FHA_27_010206_7	21	1022.667	1586	-0.355	0.355	15.598
613184	FHA_27_010206_7	22	786	1222	-0.357	0.357	13.76
613184	FHA_27_010206_7	23	480.667	848	-0.433	0.433	14.252
613184	FHA_27_010206_7	24	297.333	555	-0.464	0.464	12.482
616023	FHA_27_010069_1	1	55.333	129	-0.571	0.571	7.673
616023	FHA_27_010069_1	2	13.333	80	-0.833	0.833	9.759
616023	FHA_27_010069_1	3	31.333	131	-0.761	0.761	11.063
616023	FHA_27_010069_1	4	17.333	243	-0.929	0.929	19.78
616023	FHA_27_010069_1	5	538.667	592	-0.09	0.09	2.243
616023	FHA_27_010069_1	6	1771.333	1491	0.188	0.158	6.941
616023	FHA_27_010069_1	7	3313.333	2827	0.172	0.147	8.777
616023	FHA_27_010069_1	8	5300	4119	0.287	0.223	17.209
616023	FHA_27_010069_1	9	4952	3169	0.563	0.36	27.981
616023	FHA_27_010069_1	10	3294.667	2350	0.402	0.287	17.782
616023	FHA_27_010069_1	11	2226.667	1957	0.138	0.121	5.896
616023	FHA_27_010069_1	12	1782	1922	-0.073	0.073	3.253
616023	FHA_27_010069_1	13	1566.667	1963	-0.202	0.202	9.434
616023	FHA_27_010069_1	14	1552.667	1930	-0.196	0.196	9.042
616023	FHA_27_010069_1	15	1606	1886	-0.148	0.148	6.701
616023	FHA_27_010069_1	16	1819.333	1915	-0.05	0.05	2.214
616023	FHA_27_010069_1	17	1591.333	2084	-0.236	0.236	11.493
616023	FHA_27_010069_1	18	1430	2081	-0.313	0.313	15.537
616023	FHA_27_010069_1	19	1165.333	1731	-0.327	0.327	14.865
616023	FHA_27_010069_1	20	826.667	1271	-0.35	0.35	13.72
616023	FHA_27_010069_1	21	344	1112	-0.691	0.691	28.464
616023	FHA_27_010069_1	22	301.333	947	-0.682	0.682	25.844
616023	FHA_27_010069_1	23	175.333	674	-0.74	0.74	24.198
616023	FHA_27_010069_1	24	56	364	-0.846	0.846	21.254
616521	FHA_27_010390_1	1	126.667	255	-0.503	0.503	9.29
616521	FHA_27_010390_1	2	38.667	257	-0.85	0.85	17.957
616521	FHA_27_010390_1	3	76	183	-0.585	0.585	9.403
616521	FHA_27_010390_1	4	73.333	148	-0.505	0.505	7.098
616521	FHA_27_010390_1	5	114.667	287	-0.6	0.6	12.16
616521	FHA_27_010390_1	6	460	732	-0.372	0.372	11.142
616521	FHA_27_010390_1	7	1027.333	1702	-0.396	0.396	18.263
616521	FHA_27_010390_1	8	2228	2667	-0.165	0.165	8.874
616521	FHA_27_010390_1	9	2307.333	2868	-0.195	0.195	11.022
616521	FHA_27_010390_1	10	1902	2516	-0.244	0.244	13.064
616521	FHA_27_010390_1	11	1676	2532	-0.338	0.338	18.662
616521	FHA_27_010390_1	12	1455.333	2731	-0.467	0.467	27.883
616521	FHA_27_010390_1	13	1426	3025	-0.529	0.529	33.895
616521	FHA_27_010390_1	14	1886	3331	-0.434	0.434	28.293
616521	FHA_27_010390_1	15	2179.333	4363	-0.5	0.5	38.18
616521	FHA_27_010390_1	16	2851.333	5042	-0.434	0.434	34.871
616521	FHA_27_010390_1	17	2880.667	4941	-0.417	0.417	32.946
616521	FHA_27_010390_1	18	2726	4586	-0.406	0.406	30.762
616521	FHA_27_010390_1	19	2220	3142	-0.293	0.293	17.807
616521	FHA_27_010390_1	20	1896	2077	-0.087	0.087	4.061
616521	FHA_27_010390_1	21	1466.667	1540	-0.048	0.048	1.891
616521	FHA_27_010390_1	22	1110.667	1194	-0.07	0.07	2.455
616521	FHA_27_010390_1	23	749.333	806	-0.07	0.07	2.032
616521	FHA_27_010390_1	24	435.333	502	-0.133	0.133	3.079
620177	FHA_27_010899_7	1	50	174	-0.713	0.713	11.717
620177	FHA_27_010899_7	2	38	128	-0.703	0.703	9.879
620177	FHA_27_010899_7	3	32	105	-0.695	0.695	8.82
620177	FHA_27_010899_7	4	7.333	201	-0.964	0.964	18.975
620177	FHA_27_010899_7	5	362.667	523	-0.307	0.307	7.619
620177	FHA_27_010899_7	6	1688	1484	0.137	0.121	5.122
620177	FHA_27_010899_7	7	2943.333	2691	0.094	0.086	4.754
620177	FHA_27_010899_7	8	4658.667	3129	0.489	0.328	24.514
620177	FHA_27_010899_7	9	4528	3057	0.481	0.325	23.886
620177	FHA_27_010899_7	10	3701.333	2762	0.34	0.254	16.524
620177	FHA_27_010899_7	11	2545.333	2446	0.041	0.039	1.988
620177	FHA_27_010899_7	12	1919.333	2532	-0.242	0.242	12.987
620177	FHA_27_010899_7	13	1588.667	2587	-0.386	0.386	21.849
620177	FHA_27_010899_7	14	1795.333	2469	-0.273	0.273	14.589
620177	FHA_27_010899_7	15	2012	2758	-0.27	0.27	15.275
620177	FHA_27_010899_7	16	2234	3061	-0.27	0.27	16.073
620177	FHA_27_010899_7	17	1954.667	3144	-0.378	0.378	23.555
620177	FHA_27_010899_7	18	1669.333	2931	-0.43	0.43	26.307
620177	FHA_27_010899_7	19	1212.667	2377	-0.49	0.49	27.483
620177	FHA_27_010899_7	20	966.667	1654	-0.416	0.416	18.988
620177	FHA_27_010899_7	21	466.667	1234	-0.622	0.622	26.314
620177	FHA_27_010899_7	22	365.333	944	-0.613	0.613	22.616
620177	FHA_27_010899_7	23	204.667	642	-0.681	0.681	21.256
620177	FHA_27_010899_7	24	80.667	375	-0.785	0.785	19.5
629789	FHA_55_550880_5	1	12.667	22	-0.424	0.424	2.242
629789	FHA_55_550880_5	2	33.333	15	1.222	0.55	3.729
629789	FHA_55_550880_5	3	101.333	24	3.222	0.763	9.769
629789	FHA_55_550880_5	4	63.333	94	-0.326	0.326	3.458
629789	FHA_55_550880_5	5	114	274	-0.584	0.584	11.487
629789	FHA_55_550880_5	6	133.333	753	-0.823	0.823	29.436
629789	FHA_55_550880_5	7	194.667	1040	-0.813	0.813	34.023
629789	FHA_55_550880_5	8	362	923	-0.608	0.608	22.132
629789	FHA_55_550880_5	9	482	661	-0.271	0.271	7.488
629789	FHA_55_550880_5	10	675.333	541	0.248	0.199	5.447
629789	FHA_55_550880_5	11	555.333	494	0.124	0.11	2.678
629789	FHA_55_550880_5	12	705.333	480	0.469	0.319	9.256
629789	FHA_55_550880_5	13	716.667	478	0.499	0.333	9.765
629789	FHA_55_550880_5	14	754	476	0.584	0.369	11.21
629789	FHA_55_550880_5	15	874.667	472	0.853	0.46	15.518
629789	FHA_55_550880_5	16	1145.333	510	1.246	0.555	22.084
629789	FHA_55_550880_5	17	1117.333	572	0.953	0.488	18.764
629789	FHA_55_550880_5	18	829.333	488	0.699	0.412	13.3
629789	FHA_55_550880_5	19	838.667	346	1.424	0.587	20.243
629789	FHA_55_550880_5	20	560.667	220	1.548	0.608	17.243
629789	FHA_55_550880_5	21	459.333	154	1.983	0.665	17.436
629789	FHA_55_550880_5	22	262	116	1.259	0.557	10.62
629789	FHA_55_550880_5	23	232.667	79	1.945	0.66	12.31
629789	FHA_55_550880_5	24	142	40	2.55	0.718	10.693
63207	FHA_27_010338_1	1	180	282	-0.362	0.362	6.711
63207	FHA_27_010338_1	2	40.667	187	-0.783	0.783	13.715
63207	FHA_27_010338_1	3	148	167	-0.114	0.114	1.514
63207	FHA_27_010338_1	4	85.333	205	-0.584	0.584	9.932
63207	FHA_27_010338_1	5	244.667	363	-0.326	0.326	6.789
63207	FHA_27_010338_1	6	1056	948	0.114	0.102	3.412
63207	FHA_27_010338_1	7	2376	1938	0.226	0.184	9.431
63207	FHA_27_010338_1	8	4552	3096	0.47	0.32	23.545
63207	FHA_27_010338_1	9	4565.333	3072	0.486	0.327	24.166
63207	FHA_27_010338_1	10	4014.667	2463	0.63	0.386	27.265
63207	FHA_27_010338_1	11	3368	2295	0.468	0.319	20.165
63207	FHA_27_010338_1	12	2879.333	2509	0.148	0.129	7.135
63207	FHA_27_010338_1	13	2875.333	2781	0.034	0.033	1.774
63207	FHA_27_010338_1	14	2958.667	2967	-0.003	0.003	0.153
63207	FHA_27_010338_1	15	3722	3124	0.191	0.161	10.221
63207	FHA_27_010338_1	16	4076.667	3174	0.284	0.221	14.992
63207	FHA_27_010338_1	17	4050	3341	0.212	0.175	11.663
63207	FHA_27_010338_1	18	4224	3258	0.297	0.229	15.794
63207	FHA_27_010338_1	19	3280.667	2809	0.168	0.144	8.548
63207	FHA_27_010338_1	20	2583.333	2039	0.267	0.211	11.323
63207	FHA_27_010338_1	21	2047.333	1641	0.248	0.198	9.462
63207	FHA_27_010338_1	22	1342.667	1317	0.019	0.019	0.704
63207	FHA_27_010338_1	23	1068	988	0.081	0.075	2.495
63207	FHA_27_010338_1	24	456	614	-0.257	0.257	6.831
86947	FHA_27_009110_1	1	50.667	144	-0.648	0.648	9.46
86947	FHA_27_009110_1	2	46.667	98	-0.524	0.524	6.036
86947	FHA_27_009110_1	3	63.333	59	0.073	0.068	0.554
86947	FHA_27_009110_1	4	77.333	53	0.459	0.315	3.014
86947	FHA_27_009110_1	5	196	59	2.322	0.699	12.133
86947	FHA_27_009110_1	6	709.333	92	6.71	0.87	30.841
86947	FHA_27_009110_1	7	1230	202	5.089	0.836	38.418
86947	FHA_27_009110_1	8	1896	425	3.461	0.776	43.181
86947	FHA_27_009110_1	9	1834.667	639	1.871	0.652	33.998
86947	FHA_27_009110_1	10	1441.333	612	1.355	0.575	25.883
86947	FHA_27_009110_1	11	1009.333	614	0.644	0.392	13.876
86947	FHA_27_009110_1	12	643.333	595	0.081	0.075	1.942
86947	FHA_27_009110_1	13	652	596	0.094	0.086	2.242
86947	FHA_27_009110_1	14	612.667	599	0.023	0.022	0.555
86947	FHA_27_009110_1	15	594	631	-0.059	0.059	1.495
86947	FHA_27_009110_1	16	704	677	0.04	0.038	1.028
86947	FHA_27_009110_1	17	886	776	0.142	0.124	3.816
86947	FHA_27_009110_1	18	854	821	0.04	0.039	1.14
86947	FHA_27_009110_1	19	838.667	736	0.139	0.122	3.659
86947	FHA_27_009110_1	20	696	572	0.217	0.178	4.925
86947	FHA_27_009110_1	21	455.333	420	0.084	0.078	1.689
86947	FHA_27_009110_1	22	307.333	317	-0.03	0.03	0.547
86947	FHA_27_009110_1	23	238.667	248	-0.038	0.038	0.598
86947	FHA_27_009110_1	24	214.667	210	0.022	0.022	0.32
86958	FHA_27_009110_5	1	46	86	-0.465	0.465	4.924
86958	FHA_27_009110_5	2	64	54	0.185	0.156	1.302
86958	FHA_27_009110_5	3	87.333	40	1.183	0.542	5.932
86958	FHA_27_009110_5	4	103.333	41	1.52	0.603	7.338
86958	FHA_27_009110_5	5	78.667	65	0.21	0.174	1.612
86958	FHA_27_009110_5	6	290	140	1.071	0.517	10.23
86958	FHA_27_009110_5	7	601.333	360	0.67	0.401	11.008
86958	FHA_27_009110_5	8	1013.333	523	0.938	0.484	17.691
86958	FHA_27_009110_5	9	1056.667	552	0.914	0.478	17.795
86958	FHA_27_009110_5	10	938	529	0.773	0.436	15.102
86958	FHA_27_009110_5	11	706.667	512	0.38	0.275	7.886
86958	FHA_27_009110_5	12	655.333	532	0.232	0.188	5.062
86958	FHA_27_009110_5	13	619.333	552	0.122	0.109	2.782
86958	FHA_27_009110_5	14	721.333	585	0.233	0.189	5.334
86958	FHA_27_009110_5	15	824	648	0.272	0.214	6.487
86958	FHA_27_009110_5	16	1116	697	0.601	0.375	13.917
86958	FHA_27_009110_5	17	1196.667	766	0.562	0.36	13.748
86958	FHA_27_009110_5	18	1239.333	819	0.513	0.339	13.102
86958	FHA_27_009110_5	19	1238	758	0.633	0.388	15.194
86958	FHA_27_009110_5	20	1103.333	550	1.006	0.502	19.245
86958	FHA_27_009110_5	21	733.333	398	0.843	0.457	14.099
86958	FHA_27_009110_5	22	674	300	1.247	0.555	16.948
86958	FHA_27_009110_5	23	421.333	222	0.898	0.473	11.114
86958	FHA_27_009110_5	24	297.333	165	0.802	0.445	8.704
92471	FHA_27_011464_5	1	18.667	148	-0.874	0.874	14.168
92471	FHA_27_011464_5	2	56.667	93	-0.391	0.391	4.2
92471	FHA_27_011464_5	3	122.667	88	0.394	0.283	3.378
92471	FHA_27_011464_5	4	86.667	216	-0.599	0.599	10.513
92471	FHA_27_011464_5	5	318	540	-0.411	0.411	10.718
92471	FHA_27_011464_5	6	937.333	1744	-0.463	0.463	22.031
92471	FHA_27_011464_5	7	2092	3213	-0.349	0.349	21.766
92471	FHA_27_011464_5	8	4366.667	3496	0.249	0.199	13.886
92471	FHA_27_011464_5	9	4452.667	2623	0.698	0.411	30.761
92471	FHA_27_011464_5	10	3505.333	2073	0.691	0.409	27.121
92471	FHA_27_011464_5	11	2308	1878	0.229	0.186	9.399
92471	FHA_27_011464_5	12	1573.333	1848	-0.149	0.149	6.641
92471	FHA_27_011464_5	13	1410	1827	-0.228	0.228	10.365
92471	FHA_27_011464_5	14	1251.333	1711	-0.269	0.269	11.944
92471	FHA_27_011464_5	15	1382	1882	-0.266	0.266	12.377
92471	FHA_27_011464_5	16	1447.333	1993	-0.274	0.274	13.157
92471	FHA_27_011464_5	17	1322.667	2176	-0.392	0.392	20.402
92471	FHA_27_011464_5	18	1171.333	2003	-0.415	0.415	20.876
92471	FHA_27_011464_5	19	949.333	1572	-0.396	0.396	17.537
92471	FHA_27_011464_5	20	606.667	1144	-0.47	0.47	18.162
92471	FHA_27_011464_5	21	374.667	865	-0.567	0.567	19.695
92471	FHA_27_011464_5	22	241.333	655	-0.632	0.632	19.54
92471	FHA_27_011464_5	23	183.333	476	-0.615	0.615	16.119
92471	FHA_27_011464_5	24	112	288	-0.611	0.611	12.445
96972	FHA_27_010794_7	1	41.333	636	-0.935	0.935	32.314
96972	FHA_27_010794_7	2	46.667	399	-0.883	0.883	23.603
96972	FHA_27_010794_7	3	72	301	-0.761	0.761	16.769
96972	FHA_27_010794_7	4	60.667	287	-0.789	0.789	17.167
96972	FHA_27_010794_7	5	512	501	0.022	0.021	0.489
96972	FHA_27_010794_7	6	2308	1269	0.819	0.45	24.568
96972	FHA_27_010794_7	7	4106	2272	0.807	0.447	32.477
96972	FHA_27_010794_7	8	6496	3297	0.97	0.492	45.716
96972	FHA_27_010794_7	9	6078	3023	1.011	0.503	45.288
96972	FHA_27_010794_7	10	5228.667	2591	1.018	0.504	42.183
96972	FHA_27_010794_7	11	4305.333	2589	0.663	0.399	29.233
96972	FHA_27_010794_7	12	3172.667	2867	0.107	0.096	5.562
96972	FHA_27_010794_7	13	2531.333	3285	-0.229	0.229	13.976
96972	FHA_27_010794_7	14	2210.667	3590	-0.384	0.384	25.612
96972	FHA_27_010794_7	15	2318.667	4632	-0.499	0.499	39.241
96972	FHA_27_010794_7	16	2508	5468	-0.541	0.541	46.872
96972	FHA_27_010794_7	17	2373.333	5665	-0.581	0.581	51.922
96972	FHA_27_010794_7	18	2176.667	4851	-0.551	0.551	45.115
96972	FHA_27_010794_7	19	1758	3547	-0.504	0.504	34.736
96972	FHA_27_010794_7	20	1322.667	2869	-0.539	0.539	33.777
96972	FHA_27_010794_7	21	781.333	2529	-0.691	0.691	42.957
96972	FHA_27_010794_7	22	556	2261	-0.754	0.754	45.43
96972	FHA_27_010794_7	23	224.667	1787	-0.874	0.874	49.262
96972	FHA_27_010794_7	24	137.333	1264	-0.891	0.891	42.564
