Link Id	Count Station Id	Hour	MATSIM volumes	Count volumes	Relative Error	Normalized Relative Error	GEH
102886	FHA_27_011283_3	1	28	353	-0.921	0.921	23.547
102886	FHA_27_011283_3	2	94.667	264	-0.641	0.641	12.645
102886	FHA_27_011283_3	3	102.667	294	-0.651	0.651	13.586
102886	FHA_27_011283_3	4	268.667	377	-0.287	0.287	6.029
102886	FHA_27_011283_3	5	218.667	808	-0.729	0.729	26.011
102886	FHA_27_011283_3	6	1060	1843	-0.425	0.425	20.552
102886	FHA_27_011283_3	7	2284	2753	-0.17	0.17	9.345
102886	FHA_27_011283_3	8	4269.333	3669	0.164	0.141	9.529
102886	FHA_27_011283_3	9	4336	3665	0.183	0.155	10.609
102886	FHA_27_011283_3	10	3766	3295	0.143	0.125	7.927
102886	FHA_27_011283_3	11	3518.667	3208	0.097	0.088	5.357
102886	FHA_27_011283_3	12	3396.667	3524	-0.036	0.036	2.165
102886	FHA_27_011283_3	13	2995.333	3774	-0.206	0.206	13.384
102886	FHA_27_011283_3	14	3199.333	3952	-0.19	0.19	12.587
102886	FHA_27_011283_3	15	3387.333	4275	-0.208	0.208	14.341
102886	FHA_27_011283_3	16	3594.667	4883	-0.264	0.264	19.788
102886	FHA_27_011283_3	17	3786	5086	-0.256	0.256	19.519
102886	FHA_27_011283_3	18	3567.333	4776	-0.253	0.253	18.713
102886	FHA_27_011283_3	19	2977.333	3776	-0.212	0.212	13.744
102886	FHA_27_011283_3	20	2338	2531	-0.076	0.076	3.912
102886	FHA_27_011283_3	21	1815.333	1957	-0.072	0.072	3.262
102886	FHA_27_011283_3	22	1260	1432	-0.12	0.12	4.688
102886	FHA_27_011283_3	23	908.667	998	-0.09	0.09	2.893
102886	FHA_27_011283_3	24	518.667	654	-0.207	0.207	5.589
103323	FHA_55_550880_1	1	22.667	49	-0.537	0.537	4.399
103323	FHA_55_550880_1	2	67.333	37	0.82	0.45	4.2
103323	FHA_55_550880_1	3	67.333	20	2.367	0.703	7.163
103323	FHA_55_550880_1	4	92	21	3.381	0.772	9.446
103323	FHA_55_550880_1	5	174.667	42	3.159	0.76	12.746
103323	FHA_55_550880_1	6	430.667	106	3.063	0.754	19.82
103323	FHA_55_550880_1	7	824	268	2.075	0.675	23.795
103323	FHA_55_550880_1	8	1966	378	4.201	0.808	46.386
103323	FHA_55_550880_1	9	1683.333	388	3.338	0.77	40.251
103323	FHA_55_550880_1	10	1055.333	426	1.477	0.596	23.124
103323	FHA_55_550880_1	11	846.667	437	0.937	0.484	16.17
103323	FHA_55_550880_1	12	539.333	478	0.128	0.114	2.719
103323	FHA_55_550880_1	13	618.667	538	0.15	0.13	3.354
103323	FHA_55_550880_1	14	526.667	611	-0.138	0.138	3.536
103323	FHA_55_550880_1	15	540	860	-0.372	0.372	12.095
103323	FHA_55_550880_1	16	536.667	1070	-0.498	0.498	18.817
103323	FHA_55_550880_1	17	555.333	1169	-0.525	0.525	20.9
103323	FHA_55_550880_1	18	434	977	-0.556	0.556	20.443
103323	FHA_55_550880_1	19	425.333	647	-0.343	0.343	9.573
103323	FHA_55_550880_1	20	281.333	434	-0.352	0.352	8.072
103323	FHA_55_550880_1	21	180	310	-0.419	0.419	8.305
103323	FHA_55_550880_1	22	158	220	-0.282	0.282	4.51
103323	FHA_55_550880_1	23	119.333	159	-0.249	0.249	3.362
103323	FHA_55_550880_1	24	58	99	-0.414	0.414	4.628
106577	FHA_27_011191_3	1	30	251	-0.88	0.88	18.645
106577	FHA_27_011191_3	2	45.333	174	-0.739	0.739	12.287
106577	FHA_27_011191_3	3	56	172	-0.674	0.674	10.864
106577	FHA_27_011191_3	4	120.667	190	-0.365	0.365	5.563
106577	FHA_27_011191_3	5	241.333	373	-0.353	0.353	7.513
106577	FHA_27_011191_3	6	916.667	1058	-0.134	0.134	4.498
106577	FHA_27_011191_3	7	1936	2681	-0.278	0.278	15.506
106577	FHA_27_011191_3	8	3327.333	2773	0.2	0.167	10.037
106577	FHA_27_011191_3	9	3051.333	2687	0.136	0.119	6.802
106577	FHA_27_011191_3	10	2440.667	2730	-0.106	0.106	5.69
106577	FHA_27_011191_3	11	2029.333	2803	-0.276	0.276	15.739
106577	FHA_27_011191_3	12	1887.333	2857	-0.339	0.339	19.909
106577	FHA_27_011191_3	13	1680.667	2842	-0.409	0.409	24.422
106577	FHA_27_011191_3	14	1992	2779	-0.283	0.283	16.113
106577	FHA_27_011191_3	15	1924.667	2773	-0.306	0.306	17.504
106577	FHA_27_011191_3	16	2204	2681	-0.178	0.178	9.652
106577	FHA_27_011191_3	17	2066.667	2679	-0.229	0.229	12.571
106577	FHA_27_011191_3	18	1986	2590	-0.233	0.233	12.627
106577	FHA_27_011191_3	19	1614	2646	-0.39	0.39	22.361
106577	FHA_27_011191_3	20	1428.667	2062	-0.307	0.307	15.16
106577	FHA_27_011191_3	21	902.667	1663	-0.457	0.457	21.228
106577	FHA_27_011191_3	22	712	1250	-0.43	0.43	17.177
106577	FHA_27_011191_3	23	554.667	1000	-0.445	0.445	15.973
106577	FHA_27_011191_3	24	207.333	613	-0.662	0.662	20.03
109783	FHA_27_011517_5	1	29.333	192	-0.847	0.847	15.463
109783	FHA_27_011517_5	2	40.667	154	-0.736	0.736	11.488
109783	FHA_27_011517_5	3	89.333	151	-0.408	0.408	5.625
109783	FHA_27_011517_5	4	274.667	255	0.077	0.072	1.208
109783	FHA_27_011517_5	5	332.667	680	-0.511	0.511	15.436
109783	FHA_27_011517_5	6	1136	1837	-0.382	0.382	18.182
109783	FHA_27_011517_5	7	2661.333	3409	-0.219	0.219	13.571
109783	FHA_27_011517_5	8	4190.667	4740	-0.116	0.116	8.221
109783	FHA_27_011517_5	9	4191.333	4357	-0.038	0.038	2.534
109783	FHA_27_011517_5	10	3795.333	3526	0.076	0.071	4.452
109783	FHA_27_011517_5	11	3409.333	3073	0.109	0.099	5.908
109783	FHA_27_011517_5	12	2670.667	3102	-0.139	0.139	8.029
109783	FHA_27_011517_5	13	2472.667	3033	-0.185	0.185	10.68
109783	FHA_27_011517_5	14	2424	3088	-0.215	0.215	12.648
109783	FHA_27_011517_5	15	2206	3450	-0.361	0.361	23.393
109783	FHA_27_011517_5	16	2514	3999	-0.371	0.371	26.023
109783	FHA_27_011517_5	17	2464	4393	-0.439	0.439	32.944
109783	FHA_27_011517_5	18	2127.333	3832	-0.445	0.445	31.229
109783	FHA_27_011517_5	19	1942.667	2824	-0.312	0.312	18.053
109783	FHA_27_011517_5	20	1577.333	1943	-0.188	0.188	8.716
109783	FHA_27_011517_5	21	1056	1451	-0.272	0.272	11.157
109783	FHA_27_011517_5	22	842.667	1069	-0.212	0.212	7.321
109783	FHA_27_011517_5	23	555.333	690	-0.195	0.195	5.397
109783	FHA_27_011517_5	24	394.667	392	0.007	0.007	0.134
113976	FHA_27_011205_3	1	34.667	111	-0.688	0.688	8.944
113976	FHA_27_011205_3	2	20	77	-0.74	0.74	8.185
113976	FHA_27_011205_3	3	36.667	88	-0.583	0.583	6.502
113976	FHA_27_011205_3	4	128	80	0.6	0.375	4.707
113976	FHA_27_011205_3	5	179.333	159	0.128	0.113	1.563
113976	FHA_27_011205_3	6	947.333	528	0.794	0.443	15.439
113976	FHA_27_011205_3	7	1843.333	1516	0.216	0.178	7.987
113976	FHA_27_011205_3	8	3420.667	2201	0.554	0.357	23.005
113976	FHA_27_011205_3	9	3234.667	1953	0.656	0.396	25.165
113976	FHA_27_011205_3	10	2605.333	1551	0.68	0.405	23.128
113976	FHA_27_011205_3	11	2028	1469	0.381	0.276	13.368
113976	FHA_27_011205_3	12	1798.667	1534	0.173	0.147	6.484
113976	FHA_27_011205_3	13	1656	1620	0.022	0.022	0.889
113976	FHA_27_011205_3	14	2080	1594	0.305	0.234	11.339
113976	FHA_27_011205_3	15	1928	1716	0.124	0.11	4.967
113976	FHA_27_011205_3	16	2273.333	1885	0.206	0.171	8.516
113976	FHA_27_011205_3	17	1988.667	2028	-0.019	0.019	0.878
113976	FHA_27_011205_3	18	1894.667	1864	0.016	0.016	0.707
113976	FHA_27_011205_3	19	1526	1595	-0.043	0.043	1.747
113976	FHA_27_011205_3	20	1298	1143	0.136	0.119	4.437
113976	FHA_27_011205_3	21	749.333	917	-0.183	0.183	5.809
113976	FHA_27_011205_3	22	544.667	645	-0.156	0.156	4.114
113976	FHA_27_011205_3	23	438.667	551	-0.204	0.204	5.05
113976	FHA_27_011205_3	24	158	318	-0.503	0.503	10.371
117344	FHA_27_011236_7	1	25.333	153	-0.834	0.834	13.52
117344	FHA_27_011236_7	2	18	85	-0.788	0.788	9.336
117344	FHA_27_011236_7	3	37.333	58	-0.356	0.356	2.993
117344	FHA_27_011236_7	4	47.333	82	-0.423	0.423	4.311
117344	FHA_27_011236_7	5	114.667	252	-0.545	0.545	10.143
117344	FHA_27_011236_7	6	300.667	549	-0.452	0.452	12.048
117344	FHA_27_011236_7	7	966.667	1466	-0.341	0.341	14.317
117344	FHA_27_011236_7	8	1746	2709	-0.355	0.355	20.404
117344	FHA_27_011236_7	9	1799.333	2785	-0.354	0.354	20.588
117344	FHA_27_011236_7	10	1950.667	2137	-0.087	0.087	4.122
117344	FHA_27_011236_7	11	1857.333	2048	-0.093	0.093	4.315
117344	FHA_27_011236_7	12	1956.667	2309	-0.153	0.153	7.629
117344	FHA_27_011236_7	13	1982.667	2538	-0.219	0.219	11.681
117344	FHA_27_011236_7	14	2072.667	2763	-0.25	0.25	14.039
117344	FHA_27_011236_7	15	2472.667	3389	-0.27	0.27	16.926
117344	FHA_27_011236_7	16	2842.667	4057	-0.299	0.299	20.675
117344	FHA_27_011236_7	17	3147.333	4210	-0.252	0.252	17.521
117344	FHA_27_011236_7	18	2818	3916	-0.28	0.28	18.923
117344	FHA_27_011236_7	19	2363.333	2554	-0.075	0.075	3.845
117344	FHA_27_011236_7	20	1692	1742	-0.029	0.029	1.207
117344	FHA_27_011236_7	21	1332.667	1434	-0.071	0.071	2.725
117344	FHA_27_011236_7	22	732	1145	-0.361	0.361	13.481
117344	FHA_27_011236_7	23	598	736	-0.188	0.188	5.343
117344	FHA_27_011236_7	24	270	403	-0.33	0.33	7.25
118471	FHA_27_010225_7	1	130	283	-0.541	0.541	10.647
118471	FHA_27_010225_7	2	189.333	200	-0.053	0.053	0.765
118471	FHA_27_010225_7	3	80.667	178	-0.547	0.547	8.559
118471	FHA_27_010225_7	4	313.333	250	0.253	0.202	3.774
118471	FHA_27_010225_7	5	343.333	416	-0.175	0.175	3.729
118471	FHA_27_010225_7	6	1065.333	796	0.338	0.253	8.829
118471	FHA_27_010225_7	7	2516	1298	0.938	0.484	27.892
118471	FHA_27_010225_7	8	5697.333	1798	2.169	0.684	63.696
118471	FHA_27_010225_7	9	5381.333	1872	1.875	0.652	58.273
118471	FHA_27_010225_7	10	4020	2011	0.999	0.5	36.585
118471	FHA_27_010225_7	11	3459.333	2056	0.683	0.406	26.723
118471	FHA_27_010225_7	12	2938.667	2169	0.355	0.262	15.23
118471	FHA_27_010225_7	13	2368	2317	0.022	0.022	1.054
118471	FHA_27_010225_7	14	2670.667	2485	0.075	0.07	3.657
118471	FHA_27_010225_7	15	2398.667	2796	-0.142	0.142	7.796
118471	FHA_27_010225_7	16	2238.667	3327	-0.327	0.327	20.631
118471	FHA_27_010225_7	17	2552.667	3536	-0.278	0.278	17.822
118471	FHA_27_010225_7	18	2177.333	3053	-0.287	0.287	17.123
118471	FHA_27_010225_7	19	1850.667	2219	-0.166	0.166	8.165
118471	FHA_27_010225_7	20	1444	1583	-0.088	0.088	3.573
118471	FHA_27_010225_7	21	1148	1252	-0.083	0.083	3.002
118471	FHA_27_010225_7	22	852.667	983	-0.133	0.133	4.302
118471	FHA_27_010225_7	23	561.333	701	-0.199	0.199	5.559
118471	FHA_27_010225_7	24	362.667	500	-0.275	0.275	6.613
120450	FHA_27_011228_5	1	42	167	-0.749	0.749	12.228
120450	FHA_27_011228_5	2	20.667	155	-0.867	0.867	14.334
120450	FHA_27_011228_5	3	25.333	138	-0.816	0.816	12.467
120450	FHA_27_011228_5	4	146.667	246	-0.404	0.404	7.089
120450	FHA_27_011228_5	5	193.333	686	-0.718	0.718	23.496
120450	FHA_27_011228_5	6	931.333	1615	-0.423	0.423	19.16
120450	FHA_27_011228_5	7	2021.333	2669	-0.243	0.243	13.374
120450	FHA_27_011228_5	8	4068	3069	0.326	0.246	16.723
120450	FHA_27_011228_5	9	3880.667	2727	0.423	0.297	20.071
120450	FHA_27_011228_5	10	3221.333	2358	0.366	0.268	16.346
120450	FHA_27_011228_5	11	2820	2049	0.376	0.273	15.626
120450	FHA_27_011228_5	12	2057.333	2081	-0.011	0.011	0.52
120450	FHA_27_011228_5	13	1764.667	2195	-0.196	0.196	9.671
120450	FHA_27_011228_5	14	1708.667	2288	-0.253	0.253	12.96
120450	FHA_27_011228_5	15	1780	2522	-0.294	0.294	15.999
120450	FHA_27_011228_5	16	1785.333	2702	-0.339	0.339	19.352
120450	FHA_27_011228_5	17	1770.667	2577	-0.313	0.313	17.294
120450	FHA_27_011228_5	18	1574.667	2370	-0.336	0.336	17.908
120450	FHA_27_011228_5	19	1369.333	1970	-0.305	0.305	14.7
120450	FHA_27_011228_5	20	809.333	1410	-0.426	0.426	18.032
120450	FHA_27_011228_5	21	594.667	1153	-0.484	0.484	18.888
120450	FHA_27_011228_5	22	378.667	934	-0.595	0.595	21.677
120450	FHA_27_011228_5	23	268	614	-0.564	0.564	16.476
120450	FHA_27_011228_5	24	112.667	323	-0.651	0.651	14.251
124592	FHA_27_011228_1	1	33.333	235	-0.858	0.858	17.411
124592	FHA_27_011228_1	2	40	181	-0.779	0.779	13.413
124592	FHA_27_011228_1	3	35.333	199	-0.822	0.822	15.12
124592	FHA_27_011228_1	4	70.667	200	-0.647	0.647	11.118
124592	FHA_27_011228_1	5	149.333	329	-0.546	0.546	11.618
124592	FHA_27_011228_1	6	453.333	901	-0.497	0.497	17.203
124592	FHA_27_011228_1	7	1203.333	1740	-0.308	0.308	13.989
124592	FHA_27_011228_1	8	2428	2714	-0.105	0.105	5.64
124592	FHA_27_011228_1	9	2406	2494	-0.035	0.035	1.778
124592	FHA_27_011228_1	10	2194	2170	0.011	0.011	0.514
124592	FHA_27_011228_1	11	1938.667	2069	-0.063	0.063	2.912
124592	FHA_27_011228_1	12	1783.333	2258	-0.21	0.21	10.559
124592	FHA_27_011228_1	13	1946	2503	-0.223	0.223	11.81
124592	FHA_27_011228_1	14	2216.667	2683	-0.174	0.174	9.422
124592	FHA_27_011228_1	15	2466	3006	-0.18	0.18	10.324
124592	FHA_27_011228_1	16	2844.667	2902	-0.02	0.02	1.07
124592	FHA_27_011228_1	17	3144	3091	0.017	0.017	0.949
124592	FHA_27_011228_1	18	2908	3041	-0.044	0.044	2.439
124592	FHA_27_011228_1	19	2542.667	2497	0.018	0.018	0.91
124592	FHA_27_011228_1	20	1925.333	1709	0.127	0.112	5.075
124592	FHA_27_011228_1	21	1335.333	1327	0.006	0.006	0.228
124592	FHA_27_011228_1	22	1005.333	1091	-0.079	0.079	2.646
124592	FHA_27_011228_1	23	732	849	-0.138	0.138	4.161
124592	FHA_27_011228_1	24	450.667	505	-0.108	0.108	2.486
132947	FHA_27_010730_1	1	58	337	-0.828	0.828	19.853
132947	FHA_27_010730_1	2	54.667	227	-0.759	0.759	14.522
132947	FHA_27_010730_1	3	87.333	166	-0.474	0.474	6.99
132947	FHA_27_010730_1	4	280.667	165	0.701	0.412	7.749
132947	FHA_27_010730_1	5	400.667	322	0.244	0.196	4.138
132947	FHA_27_010730_1	6	1664.667	864	0.927	0.481	22.518
132947	FHA_27_010730_1	7	3202.667	2421	0.323	0.244	14.741
132947	FHA_27_010730_1	8	4410	4645	-0.051	0.051	3.493
132947	FHA_27_010730_1	9	3851.333	4658	-0.173	0.173	12.367
132947	FHA_27_010730_1	10	3660	3645	0.004	0.004	0.248
132947	FHA_27_010730_1	11	3461.333	3200	0.082	0.076	4.528
132947	FHA_27_010730_1	12	3272.667	3405	-0.039	0.039	2.29
132947	FHA_27_010730_1	13	3445.333	3556	-0.031	0.031	1.87
132947	FHA_27_010730_1	14	4016	3635	0.105	0.095	6.16
132947	FHA_27_010730_1	15	4174.667	4327	-0.035	0.035	2.336
132947	FHA_27_010730_1	16	4522.667	5091	-0.112	0.112	8.197
132947	FHA_27_010730_1	17	4524.667	5126	-0.117	0.117	8.657
132947	FHA_27_010730_1	18	4430.667	4832	-0.083	0.083	5.897
132947	FHA_27_010730_1	19	3881.333	3974	-0.023	0.023	1.479
132947	FHA_27_010730_1	20	3149.333	2771	0.137	0.12	6.954
132947	FHA_27_010730_1	21	2570.667	2177	0.181	0.153	8.08
132947	FHA_27_010730_1	22	1806	1722	0.049	0.047	2
132947	FHA_27_010730_1	23	1473.333	1275	0.156	0.135	5.35
132947	FHA_27_010730_1	24	682	773	-0.118	0.118	3.374
137440	FHA_55_550006_7	1	150	308	-0.513	0.513	10.441
137440	FHA_55_550006_7	2	174	244	-0.287	0.287	4.842
137440	FHA_55_550006_7	3	80.667	259	-0.689	0.689	13.684
137440	FHA_55_550006_7	4	359.333	387	-0.071	0.071	1.432
137440	FHA_55_550006_7	5	400	797	-0.498	0.498	16.228
137440	FHA_55_550006_7	6	1090.667	1948	-0.44	0.44	21.995
137440	FHA_55_550006_7	7	2798.667	3231	-0.134	0.134	7.874
137440	FHA_55_550006_7	8	6269.333	3296	0.902	0.474	42.994
137440	FHA_55_550006_7	9	6262.667	2644	1.369	0.578	54.226
137440	FHA_55_550006_7	10	4844.667	2391	1.026	0.506	40.794
137440	FHA_55_550006_7	11	3762	2298	0.637	0.389	26.596
137440	FHA_55_550006_7	12	3340.667	2375	0.407	0.289	18.064
137440	FHA_55_550006_7	13	2702	2441	0.107	0.097	5.147
137440	FHA_55_550006_7	14	2914	2495	0.168	0.144	8.057
137440	FHA_55_550006_7	15	2976	2693	0.105	0.095	5.316
137440	FHA_55_550006_7	16	2686	2944	-0.088	0.088	4.863
137440	FHA_55_550006_7	17	2888	3077	-0.061	0.061	3.461
137440	FHA_55_550006_7	18	2507.333	2772	-0.095	0.095	5.151
137440	FHA_55_550006_7	19	2259.333	2252	0.003	0.003	0.154
137440	FHA_55_550006_7	20	1666	1675	-0.005	0.005	0.22
137440	FHA_55_550006_7	21	1318.667	1307	0.009	0.009	0.322
137440	FHA_55_550006_7	22	956.667	992	-0.036	0.036	1.132
137440	FHA_55_550006_7	23	646	702	-0.08	0.08	2.157
137440	FHA_55_550006_7	24	354.667	482	-0.264	0.264	6.226
149608	FHA_27_011759_1	1	36.667	191	-0.808	0.808	14.465
149608	FHA_27_011759_1	2	175.333	105	0.67	0.401	5.941
149608	FHA_27_011759_1	3	118.667	92	0.29	0.225	2.598
149608	FHA_27_011759_1	4	159.333	116	0.374	0.272	3.693
149608	FHA_27_011759_1	5	211.333	183	0.155	0.134	2.018
149608	FHA_27_011759_1	6	306	437	-0.3	0.3	6.797
149608	FHA_27_011759_1	7	556	883	-0.37	0.37	12.191
149608	FHA_27_011759_1	8	1244	1299	-0.042	0.042	1.542
149608	FHA_27_011759_1	9	1363.333	1384	-0.015	0.015	0.558
149608	FHA_27_011759_1	10	1836.667	1606	0.144	0.126	5.56
149608	FHA_27_011759_1	11	2212.667	1765	0.254	0.202	10.038
149608	FHA_27_011759_1	12	2463.333	1728	0.426	0.299	16.063
149608	FHA_27_011759_1	13	2539.333	1789	0.419	0.295	16.129
149608	FHA_27_011759_1	14	2683.333	2014	0.332	0.249	13.811
149608	FHA_27_011759_1	15	3330	2722	0.223	0.183	11.053
149608	FHA_27_011759_1	16	3295.333	3375	-0.024	0.024	1.379
149608	FHA_27_011759_1	17	3915.333	3426	0.143	0.125	8.077
149608	FHA_27_011759_1	18	3797.333	2962	0.282	0.22	14.369
149608	FHA_27_011759_1	19	3510.667	2181	0.61	0.379	24.925
149608	FHA_27_011759_1	20	2706	1530	0.769	0.435	25.553
149608	FHA_27_011759_1	21	1898	1097	0.73	0.422	20.699
149608	FHA_27_011759_1	22	1494.667	754	0.982	0.496	22.089
149608	FHA_27_011759_1	23	1226.667	534	1.297	0.565	23.345
149608	FHA_27_011759_1	24	746	338	1.207	0.547	17.525
182997	FHA_27_000040_1	1	74	178	-0.584	0.584	9.265
182997	FHA_27_000040_1	2	58.667	114	-0.485	0.485	5.955
182997	FHA_27_000040_1	3	56.667	103	-0.45	0.45	5.186
182997	FHA_27_000040_1	4	121.333	134	-0.095	0.095	1.121
182997	FHA_27_000040_1	5	154	290	-0.469	0.469	9.128
182997	FHA_27_000040_1	6	568.667	1013	-0.439	0.439	15.8
182997	FHA_27_000040_1	7	1114.667	1746	-0.362	0.362	16.693
182997	FHA_27_000040_1	8	2483.333	2524	-0.016	0.016	0.813
182997	FHA_27_000040_1	9	2327.333	2175	0.07	0.065	3.211
182997	FHA_27_000040_1	10	1407.333	1728	-0.186	0.186	8.099
182997	FHA_27_000040_1	11	1046.667	1569	-0.333	0.333	14.443
182997	FHA_27_000040_1	12	877.333	1656	-0.47	0.47	21.879
182997	FHA_27_000040_1	13	934	1720	-0.457	0.457	21.577
182997	FHA_27_000040_1	14	958	1690	-0.433	0.433	20.117
182997	FHA_27_000040_1	15	1072	1883	-0.431	0.431	21.099
182997	FHA_27_000040_1	16	1073.333	2164	-0.504	0.504	27.109
182997	FHA_27_000040_1	17	1013.333	2396	-0.577	0.577	33.489
182997	FHA_27_000040_1	18	830.667	2360	-0.648	0.648	38.289
182997	FHA_27_000040_1	19	800	1821	-0.561	0.561	28.204
182997	FHA_27_000040_1	20	566	1270	-0.554	0.554	23.235
182997	FHA_27_000040_1	21	411.333	944	-0.564	0.564	20.462
182997	FHA_27_000040_1	22	326.667	747	-0.563	0.563	18.142
182997	FHA_27_000040_1	23	217.333	557	-0.61	0.61	17.263
182997	FHA_27_000040_1	24	160.667	350	-0.541	0.541	11.849
184708	FHA_27_011759_5	1	31.333	125	-0.749	0.749	10.594
184708	FHA_27_011759_5	2	110	84	0.31	0.236	2.64
184708	FHA_27_011759_5	3	108	107	0.009	0.009	0.096
184708	FHA_27_011759_5	4	346.667	264	0.313	0.238	4.731
184708	FHA_27_011759_5	5	336.667	864	-0.61	0.61	21.522
184708	FHA_27_011759_5	6	1298	2565	-0.494	0.494	28.829
184708	FHA_27_011759_5	7	3213.333	3440	-0.066	0.066	3.93
184708	FHA_27_011759_5	8	4795.333	2992	0.603	0.376	28.9
184708	FHA_27_011759_5	9	4618.667	2027	1.279	0.561	44.96
184708	FHA_27_011759_5	10	3825.333	1664	1.299	0.565	41.255
184708	FHA_27_011759_5	11	3136	1529	1.051	0.512	33.274
184708	FHA_27_011759_5	12	2031.333	1505	0.35	0.259	12.517
184708	FHA_27_011759_5	13	1790.667	1563	0.146	0.127	5.56
184708	FHA_27_011759_5	14	2152	1608	0.338	0.253	12.546
184708	FHA_27_011759_5	15	1786	1755	0.018	0.017	0.737
184708	FHA_27_011759_5	16	1564	1874	-0.165	0.165	7.477
184708	FHA_27_011759_5	17	1832	2005	-0.086	0.086	3.95
184708	FHA_27_011759_5	18	1614.667	1817	-0.111	0.111	4.885
184708	FHA_27_011759_5	19	1326	1403	-0.055	0.055	2.085
184708	FHA_27_011759_5	20	1174	1063	0.104	0.095	3.319
184708	FHA_27_011759_5	21	716.667	831	-0.138	0.138	4.11
184708	FHA_27_011759_5	22	443.333	678	-0.346	0.346	9.911
184708	FHA_27_011759_5	23	260	542	-0.52	0.52	14.082
184708	FHA_27_011759_5	24	270.667	340	-0.204	0.204	3.968
192350	FHA_27_010730_5	1	30	314	-0.904	0.904	21.655
192350	FHA_27_010730_5	2	36.667	202	-0.818	0.818	15.135
192350	FHA_27_010730_5	3	90	173	-0.48	0.48	7.238
192350	FHA_27_010730_5	4	330.667	221	0.496	0.332	6.603
192350	FHA_27_010730_5	5	542	535	0.013	0.013	0.302
192350	FHA_27_010730_5	6	1898.667	1552	0.223	0.183	8.346
192350	FHA_27_010730_5	7	3980	3584	0.11	0.099	6.439
192350	FHA_27_010730_5	8	5748.667	5605	0.026	0.025	1.907
192350	FHA_27_010730_5	9	5640.667	5537	0.019	0.018	1.387
192350	FHA_27_010730_5	10	5528	4471	0.236	0.191	14.949
192350	FHA_27_010730_5	11	5178.667	4013	0.29	0.225	17.195
192350	FHA_27_010730_5	12	4262.667	4275	-0.003	0.003	0.189
192350	FHA_27_010730_5	13	4034	4493	-0.102	0.102	7.03
192350	FHA_27_010730_5	14	4482	4602	-0.026	0.026	1.781
192350	FHA_27_010730_5	15	4500	5123	-0.122	0.122	8.981
192350	FHA_27_010730_5	16	4876.667	5675	-0.141	0.141	10.991
192350	FHA_27_010730_5	17	4911.333	5658	-0.132	0.132	10.271
192350	FHA_27_010730_5	18	4692	5534	-0.152	0.152	11.775
192350	FHA_27_010730_5	19	4056.667	4476	-0.094	0.094	6.42
192350	FHA_27_010730_5	20	3105.333	3058	0.015	0.015	0.853
192350	FHA_27_010730_5	21	2252.667	2349	-0.041	0.041	2.008
192350	FHA_27_010730_5	22	1746.667	1985	-0.12	0.12	5.518
192350	FHA_27_010730_5	23	1112.667	1369	-0.187	0.187	7.277
192350	FHA_27_010730_5	24	510	746	-0.316	0.316	9.417
193768	FHA_27_011747_3	1	46	546	-0.916	0.916	29.062
193768	FHA_27_011747_3	2	86.667	361	-0.76	0.76	18.336
193768	FHA_27_011747_3	3	67.333	280	-0.76	0.76	16.138
193768	FHA_27_011747_3	4	152.667	294	-0.481	0.481	9.457
193768	FHA_27_011747_3	5	230	424	-0.458	0.458	10.728
193768	FHA_27_011747_3	6	813.333	1085	-0.25	0.25	8.818
193768	FHA_27_011747_3	7	1760	2338	-0.247	0.247	12.769
193768	FHA_27_011747_3	8	2946.667	3242	-0.091	0.091	5.309
193768	FHA_27_011747_3	9	2798	3238	-0.136	0.136	8.009
193768	FHA_27_011747_3	10	3358.667	3155	0.065	0.061	3.569
193768	FHA_27_011747_3	11	3313.333	3139	0.056	0.053	3.069
193768	FHA_27_011747_3	12	3492	3501	-0.003	0.003	0.152
193768	FHA_27_011747_3	13	3775.333	3917	-0.036	0.036	2.284
193768	FHA_27_011747_3	14	4053.333	4226	-0.041	0.041	2.684
193768	FHA_27_011747_3	15	4820	5282	-0.087	0.087	6.501
193768	FHA_27_011747_3	16	5184	6125	-0.154	0.154	12.514
193768	FHA_27_011747_3	17	5391.333	6374	-0.154	0.154	12.812
193768	FHA_27_011747_3	18	5032	5601	-0.102	0.102	7.804
193768	FHA_27_011747_3	19	4359.333	4111	0.06	0.057	3.816
193768	FHA_27_011747_3	20	3362	3113	0.08	0.074	4.376
193768	FHA_27_011747_3	21	2682.667	2610	0.028	0.027	1.413
193768	FHA_27_011747_3	22	2083.333	2137	-0.025	0.025	1.168
193768	FHA_27_011747_3	23	1492.667	1675	-0.109	0.109	4.582
193768	FHA_27_011747_3	24	815.333	1199	-0.32	0.32	12.089
20674	FHA_27_011726-p2_7	1	6.667	220	-0.97	0.97	20.039
20674	FHA_27_011726-p2_7	2	11.333	128	-0.911	0.911	13.978
20674	FHA_27_011726-p2_7	3	11.333	94	-0.879	0.879	11.391
20674	FHA_27_011726-p2_7	4	65.333	105	-0.378	0.378	4.298
20674	FHA_27_011726-p2_7	5	62	183	-0.661	0.661	10.932
20674	FHA_27_011726-p2_7	6	356.667	536	-0.335	0.335	8.489
20674	FHA_27_011726-p2_7	7	690.667	1167	-0.408	0.408	15.629
20674	FHA_27_011726-p2_7	8	1088	1496	-0.273	0.273	11.351
20674	FHA_27_011726-p2_7	9	1099.333	1487	-0.261	0.261	10.78
20674	FHA_27_011726-p2_7	10	975.333	1417	-0.312	0.312	12.77
20674	FHA_27_011726-p2_7	11	789.333	1325	-0.404	0.404	16.475
20674	FHA_27_011726-p2_7	12	703.333	1392	-0.495	0.495	21.276
20674	FHA_27_011726-p2_7	13	666.667	1439	-0.537	0.537	23.803
20674	FHA_27_011726-p2_7	14	701.333	1408	-0.502	0.502	21.76
20674	FHA_27_011726-p2_7	15	694	1301	-0.467	0.467	19.219
20674	FHA_27_011726-p2_7	16	794	1096	-0.276	0.276	9.824
20674	FHA_27_011726-p2_7	17	758	993	-0.237	0.237	7.942
20674	FHA_27_011726-p2_7	18	666.667	1048	-0.364	0.364	13.024
20674	FHA_27_011726-p2_7	19	556.667	1293	-0.569	0.569	24.213
20674	FHA_27_011726-p2_7	20	411.333	1277	-0.678	0.678	29.795
20674	FHA_27_011726-p2_7	21	280.667	1111	-0.747	0.747	31.477
20674	FHA_27_011726-p2_7	22	196.667	978	-0.799	0.799	32.24
20674	FHA_27_011726-p2_7	23	160	751	-0.787	0.787	27.691
20674	FHA_27_011726-p2_7	24	74	539	-0.863	0.863	26.561
21327	FHA_27_011510_1	1	36.667	517	-0.929	0.929	28.869
21327	FHA_27_011510_1	2	6.667	346	-0.981	0.981	25.554
21327	FHA_27_011510_1	3	21.333	288	-0.926	0.926	21.442
21327	FHA_27_011510_1	4	80.667	286	-0.718	0.718	15.165
21327	FHA_27_011510_1	5	112	626	-0.821	0.821	26.758
21327	FHA_27_011510_1	6	471.333	1782	-0.736	0.736	39.048
21327	FHA_27_011510_1	7	1046.667	3566	-0.706	0.706	52.46
21327	FHA_27_011510_1	8	1995.333	4932	-0.595	0.595	49.898
21327	FHA_27_011510_1	9	2231.333	4776	-0.533	0.533	42.99
21327	FHA_27_011510_1	10	2631.333	3922	-0.329	0.329	22.547
21327	FHA_27_011510_1	11	2676	3424	-0.218	0.218	13.544
21327	FHA_27_011510_1	12	2718.667	3712	-0.268	0.268	17.518
21327	FHA_27_011510_1	13	3090	4023	-0.232	0.232	15.645
21327	FHA_27_011510_1	14	3132.667	4369	-0.283	0.283	20.187
21327	FHA_27_011510_1	15	3625.333	5639	-0.357	0.357	29.587
21327	FHA_27_011510_1	16	3944.667	6417	-0.385	0.385	34.348
21327	FHA_27_011510_1	17	3777.333	5113	-0.261	0.261	20.033
21327	FHA_27_011510_1	18	3843.333	6156	-0.376	0.376	32.707
21327	FHA_27_011510_1	19	3248.667	4693	-0.308	0.308	22.921
21327	FHA_27_011510_1	20	2756.667	3273	-0.158	0.158	9.404
21327	FHA_27_011510_1	21	1940.667	2800	-0.307	0.307	17.65
21327	FHA_27_011510_1	22	1388	2270	-0.389	0.389	20.623
21327	FHA_27_011510_1	23	1004.667	1816	-0.447	0.447	21.604
21327	FHA_27_011510_1	24	642	1100	-0.416	0.416	15.519
216638	FHA_27_006461_3	1	66.667	151	-0.558	0.558	8.084
216638	FHA_27_006461_3	2	124	118	0.051	0.048	0.545
216638	FHA_27_006461_3	3	132.667	140	-0.052	0.052	0.628
216638	FHA_27_006461_3	4	150	200	-0.25	0.25	3.78
216638	FHA_27_006461_3	5	147.333	518	-0.716	0.716	20.323
216638	FHA_27_006461_3	6	419.333	1024	-0.59	0.59	22.509
216638	FHA_27_006461_3	7	1130	1238	-0.087	0.087	3.139
216638	FHA_27_006461_3	8	2464	1237	0.992	0.498	28.523
216638	FHA_27_006461_3	9	2404	1202	1	0.5	28.308
216638	FHA_27_006461_3	10	1706.667	1223	0.395	0.283	12.637
216638	FHA_27_006461_3	11	1142.667	1261	-0.094	0.094	3.413
216638	FHA_27_006461_3	12	880.667	1358	-0.351	0.351	14.267
216638	FHA_27_006461_3	13	948	1434	-0.339	0.339	14.083
216638	FHA_27_006461_3	14	829.333	1537	-0.46	0.46	20.573
216638	FHA_27_006461_3	15	706	1614	-0.563	0.563	26.66
216638	FHA_27_006461_3	16	894.667	1690	-0.471	0.471	22.124
216638	FHA_27_006461_3	17	755.333	1762	-0.571	0.571	28.375
216638	FHA_27_006461_3	18	747.333	1661	-0.55	0.55	26.33
216638	FHA_27_006461_3	19	654.667	1238	-0.471	0.471	18.962
216638	FHA_27_006461_3	20	461.333	917	-0.497	0.497	17.357
216638	FHA_27_006461_3	21	406	713	-0.431	0.431	12.979
216638	FHA_27_006461_3	22	262.667	514	-0.489	0.489	12.754
216638	FHA_27_006461_3	23	320.667	363	-0.117	0.117	2.29
216638	FHA_27_006461_3	24	309.333	232	0.333	0.25	4.701
220059	FHA_55_550216_1	1	1.333	29	-0.954	0.954	7.104
220059	FHA_55_550216_1	2	2.667	16	-0.833	0.833	4.364
220059	FHA_55_550216_1	3	20	20	0	0	0
220059	FHA_55_550216_1	4	56.667	52	0.09	0.082	0.633
220059	FHA_55_550216_1	5	70.667	209	-0.662	0.662	11.698
220059	FHA_55_550216_1	6	341.333	474	-0.28	0.28	6.571
220059	FHA_55_550216_1	7	852.667	906	-0.059	0.059	1.799
220059	FHA_55_550216_1	8	1995.333	1097	0.819	0.45	22.846
220059	FHA_55_550216_1	9	2058	827	1.489	0.598	32.412
220059	FHA_55_550216_1	10	1475.333	664	1.222	0.55	24.807
220059	FHA_55_550216_1	11	1114.667	639	0.744	0.427	16.064
220059	FHA_55_550216_1	12	862	675	0.277	0.217	6.746
220059	FHA_55_550216_1	13	694	671	0.034	0.033	0.88
220059	FHA_55_550216_1	14	833.333	664	0.255	0.203	6.189
220059	FHA_55_550216_1	15	926.667	760	0.219	0.18	5.739
220059	FHA_55_550216_1	16	914	908	0.007	0.007	0.199
220059	FHA_55_550216_1	17	846	934	-0.094	0.094	2.95
220059	FHA_55_550216_1	18	877.333	784	0.119	0.106	3.238
220059	FHA_55_550216_1	19	760	574	0.324	0.245	7.202
220059	FHA_55_550216_1	20	465.333	366	0.271	0.213	4.872
220059	FHA_55_550216_1	21	367.333	241	0.524	0.344	7.244
220059	FHA_55_550216_1	22	253.333	184	0.377	0.274	4.689
220059	FHA_55_550216_1	23	176.667	107	0.651	0.394	5.85
220059	FHA_55_550216_1	24	73.333	77	-0.048	0.048	0.423
221155	FHA_27_010808_5	1	62	819	-0.924	0.924	36.068
221155	FHA_27_010808_5	2	13.333	541	-0.975	0.975	31.695
221155	FHA_27_010808_5	3	58.667	440	-0.867	0.867	24.15
221155	FHA_27_010808_5	4	259.333	527	-0.508	0.508	13.499
221155	FHA_27_010808_5	5	435.333	1019	-0.573	0.573	21.645
221155	FHA_27_010808_5	6	1702.667	2456	-0.307	0.307	16.521
221155	FHA_27_010808_5	7	3318	4082	-0.187	0.187	12.56
221155	FHA_27_010808_5	8	5303.333	5606	-0.054	0.054	4.098
221155	FHA_27_010808_5	9	5584	5230	0.068	0.063	4.814
221155	FHA_27_010808_5	10	4943.333	4832	0.023	0.023	1.592
221155	FHA_27_010808_5	11	4533.333	4705	-0.036	0.036	2.526
221155	FHA_27_010808_5	12	4268.667	5034	-0.152	0.152	11.222
221155	FHA_27_010808_5	13	4016.667	5456	-0.264	0.264	20.914
221155	FHA_27_010808_5	14	4742	5692	-0.167	0.167	13.153
221155	FHA_27_010808_5	15	5310.667	6282	-0.155	0.155	12.758
221155	FHA_27_010808_5	16	5847.333	6694	-0.126	0.126	10.692
221155	FHA_27_010808_5	17	6211.333	6302	-0.014	0.014	1.146
221155	FHA_27_010808_5	18	5390	5863	-0.081	0.081	6.306
221155	FHA_27_010808_5	19	4584	5295	-0.134	0.134	10.116
221155	FHA_27_010808_5	20	3288.667	4431	-0.258	0.258	18.387
221155	FHA_27_010808_5	21	2560	3847	-0.335	0.335	22.739
221155	FHA_27_010808_5	22	1770	3462	-0.489	0.489	33.081
221155	FHA_27_010808_5	23	1220.667	2576	-0.526	0.526	31.107
221155	FHA_27_010808_5	24	594.667	1690	-0.648	0.648	32.408
2220	FHA_27_010310_5	1	48.667	174	-0.72	0.72	11.878
2220	FHA_27_010310_5	2	41.333	129	-0.68	0.68	9.499
2220	FHA_27_010310_5	3	33.333	130	-0.744	0.744	10.697
2220	FHA_27_010310_5	4	204	175	0.166	0.142	2.107
2220	FHA_27_010310_5	5	171.333	377	-0.546	0.546	12.421
2220	FHA_27_010310_5	6	920	977	-0.058	0.058	1.851
2220	FHA_27_010310_5	7	2030	1819	0.116	0.104	4.81
2220	FHA_27_010310_5	8	3709.333	2714	0.367	0.268	17.563
2220	FHA_27_010310_5	9	3632	2711	0.34	0.254	16.354
2220	FHA_27_010310_5	10	2980.667	2130	0.399	0.285	16.828
2220	FHA_27_010310_5	11	2762	1951	0.416	0.294	16.707
2220	FHA_27_010310_5	12	2029.333	2018	0.006	0.006	0.252
2220	FHA_27_010310_5	13	2003.333	2127	-0.058	0.058	2.721
2220	FHA_27_010310_5	14	1884.667	2196	-0.142	0.142	6.892
2220	FHA_27_010310_5	15	2220.667	2463	-0.098	0.098	5.008
2220	FHA_27_010310_5	16	2532	2848	-0.111	0.111	6.093
2220	FHA_27_010310_5	17	2518	3008	-0.163	0.163	9.322
2220	FHA_27_010310_5	18	2410	2688	-0.103	0.103	5.506
2220	FHA_27_010310_5	19	1754.667	2018	-0.13	0.13	6.063
2220	FHA_27_010310_5	20	1349.333	1410	-0.043	0.043	1.633
2220	FHA_27_010310_5	21	971.333	1125	-0.137	0.137	4.746
2220	FHA_27_010310_5	22	616	902	-0.317	0.317	10.381
2220	FHA_27_010310_5	23	333.333	622	-0.464	0.464	13.208
2220	FHA_27_010310_5	24	176	331	-0.468	0.468	9.735
226404	FHA_27_011238_7	1	28.667	307	-0.907	0.907	21.485
226404	FHA_27_011238_7	2	24.667	187	-0.868	0.868	15.78
226404	FHA_27_011238_7	3	26.667	145	-0.816	0.816	12.773
226404	FHA_27_011238_7	4	107.333	158	-0.321	0.321	4.399
226404	FHA_27_011238_7	5	182	417	-0.564	0.564	13.579
226404	FHA_27_011238_7	6	564.667	1000	-0.435	0.435	15.564
226404	FHA_27_011238_7	7	1342.667	2362	-0.432	0.432	23.684
226404	FHA_27_011238_7	8	2215.333	4435	-0.5	0.5	38.493
226404	FHA_27_011238_7	9	2472.667	4696	-0.473	0.473	37.136
226404	FHA_27_011238_7	10	2318	3491	-0.336	0.336	21.765
226404	FHA_27_011238_7	11	2122.667	3200	-0.337	0.337	20.883
226404	FHA_27_011238_7	12	2108.667	3552	-0.406	0.406	27.13
226404	FHA_27_011238_7	13	2128	3814	-0.442	0.442	30.932
226404	FHA_27_011238_7	14	2290.667	4077	-0.438	0.438	31.658
226404	FHA_27_011238_7	15	2738.667	4697	-0.417	0.417	32.117
226404	FHA_27_011238_7	16	3117.333	5477	-0.431	0.431	35.996
226404	FHA_27_011238_7	17	3382	5703	-0.407	0.407	34.437
226404	FHA_27_011238_7	18	3141.333	5349	-0.413	0.413	33.883
226404	FHA_27_011238_7	19	2536.667	3694	-0.313	0.313	20.735
226404	FHA_27_011238_7	20	1796.667	2633	-0.318	0.318	17.771
226404	FHA_27_011238_7	21	1456	2178	-0.331	0.331	16.938
226404	FHA_27_011238_7	22	1036.667	1937	-0.465	0.465	23.349
226404	FHA_27_011238_7	23	766	1322	-0.421	0.421	17.208
226404	FHA_27_011238_7	24	366	765	-0.522	0.522	16.779
24596	FHA_27_011280_1	1	89.333	341	-0.738	0.738	17.157
24596	FHA_27_011280_1	2	87.333	223	-0.608	0.608	10.891
24596	FHA_27_011280_1	3	90	216	-0.583	0.583	10.186
24596	FHA_27_011280_1	4	283.333	263	0.077	0.072	1.23
24596	FHA_27_011280_1	5	405.333	593	-0.316	0.316	8.4
24596	FHA_27_011280_1	6	1667.333	1704	-0.022	0.022	0.893
24596	FHA_27_011280_1	7	3747.333	3374	0.111	0.1	6.256
24596	FHA_27_011280_1	8	5360	4317	0.242	0.195	14.994
24596	FHA_27_011280_1	9	4812.667	3892	0.237	0.191	13.955
24596	FHA_27_011280_1	10	3892	3505	0.11	0.099	6.364
24596	FHA_27_011280_1	11	2830	3222	-0.122	0.122	7.126
24596	FHA_27_011280_1	12	2010.667	3342	-0.398	0.398	25.735
24596	FHA_27_011280_1	13	1838	3435	-0.465	0.465	31.102
24596	FHA_27_011280_1	14	2300.667	3451	-0.333	0.333	21.451
24596	FHA_27_011280_1	15	2403.333	3768	-0.362	0.362	24.567
24596	FHA_27_011280_1	16	2736	4172	-0.344	0.344	24.434
24596	FHA_27_011280_1	17	2671.333	4315	-0.381	0.381	27.81
24596	FHA_27_011280_1	18	2388.667	4013	-0.405	0.405	28.711
24596	FHA_27_011280_1	19	1906	3223	-0.409	0.409	26.007
24596	FHA_27_011280_1	20	1384	2362	-0.414	0.414	22.598
24596	FHA_27_011280_1	21	974	1835	-0.469	0.469	22.974
24596	FHA_27_011280_1	22	743.333	1476	-0.496	0.496	21.994
24596	FHA_27_011280_1	23	476.667	1140	-0.582	0.582	23.331
24596	FHA_27_011280_1	24	295.333	662	-0.554	0.554	16.759
24632	FHA_27_010808_1	1	71.333	799	-0.911	0.911	34.882
24632	FHA_27_010808_1	2	70	478	-0.854	0.854	24.648
24632	FHA_27_010808_1	3	39.333	338	-0.884	0.884	21.744
24632	FHA_27_010808_1	4	324	419	-0.227	0.227	4.929
24632	FHA_27_010808_1	5	368	881	-0.582	0.582	20.528
24632	FHA_27_010808_1	6	2305.333	2386	-0.034	0.034	1.666
24632	FHA_27_010808_1	7	5308	4948	0.073	0.068	5.027
24632	FHA_27_010808_1	8	9453.333	6214	0.521	0.343	36.599
24632	FHA_27_010808_1	9	8558	5728	0.494	0.331	33.485
24632	FHA_27_010808_1	10	6324	5193	0.218	0.179	14.904
24632	FHA_27_010808_1	11	4576.667	4842	-0.055	0.055	3.866
24632	FHA_27_010808_1	12	3566.667	4876	-0.269	0.269	20.152
24632	FHA_27_010808_1	13	3400	5218	-0.348	0.348	27.695
24632	FHA_27_010808_1	14	3724.667	5229	-0.288	0.288	22.483
24632	FHA_27_010808_1	15	3930.667	5530	-0.289	0.289	23.254
24632	FHA_27_010808_1	16	4350.667	5685	-0.235	0.235	18.837
24632	FHA_27_010808_1	17	4111.333	5665	-0.274	0.274	22.222
24632	FHA_27_010808_1	18	4038.667	5424	-0.255	0.255	20.14
24632	FHA_27_010808_1	19	3179.333	5365	-0.407	0.407	33.44
24632	FHA_27_010808_1	20	2572.667	4347	-0.408	0.408	30.165
24632	FHA_27_010808_1	21	1792	3587	-0.5	0.5	34.612
24632	FHA_27_010808_1	22	1394	3176	-0.561	0.561	37.279
24632	FHA_27_010808_1	23	912	2507	-0.636	0.636	38.577
24632	FHA_27_010808_1	24	569.333	1570	-0.637	0.637	30.596
256197	FHA_27_010398_7	1	48	347	-0.862	0.862	21.276
256197	FHA_27_010398_7	2	145.333	253	-0.426	0.426	7.629
256197	FHA_27_010398_7	3	152	226	-0.327	0.327	5.383
256197	FHA_27_010398_7	4	302.667	236	0.282	0.22	4.062
256197	FHA_27_010398_7	5	266.667	349	-0.236	0.236	4.693
256197	FHA_27_010398_7	6	476	818	-0.418	0.418	13.445
256197	FHA_27_010398_7	7	1138.667	1688	-0.325	0.325	14.612
256197	FHA_27_010398_7	8	2178.667	1986	0.097	0.088	4.222
256197	FHA_27_010398_7	9	2347.333	1980	0.186	0.156	7.897
256197	FHA_27_010398_7	10	2466	2233	0.104	0.094	4.807
256197	FHA_27_010398_7	11	2674	2285	0.17	0.145	7.812
256197	FHA_27_010398_7	12	2566.667	2412	0.064	0.06	3.1
256197	FHA_27_010398_7	13	2494.667	2652	-0.059	0.059	3.102
256197	FHA_27_010398_7	14	2877.333	2936	-0.02	0.02	1.088
256197	FHA_27_010398_7	15	3258	3644	-0.106	0.106	6.571
256197	FHA_27_010398_7	16	3665.333	3993	-0.082	0.082	5.295
256197	FHA_27_010398_7	17	3899.333	4374	-0.109	0.109	7.38
256197	FHA_27_010398_7	18	4038.667	4014	0.006	0.006	0.389
256197	FHA_27_010398_7	19	3738.667	2924	0.279	0.218	14.115
256197	FHA_27_010398_7	20	3126.667	2141	0.46	0.315	19.206
256197	FHA_27_010398_7	21	2600.667	1581	0.645	0.392	22.3
256197	FHA_27_010398_7	22	1969.333	1201	0.64	0.39	19.298
256197	FHA_27_010398_7	23	1538.667	915	0.682	0.405	17.806
256197	FHA_27_010398_7	24	1184.667	601	0.971	0.493	19.533
266168	FHA_55_550153_3	1	25.333	240	-0.894	0.894	18.637
266168	FHA_55_550153_3	2	132.667	185	-0.283	0.283	4.152
266168	FHA_55_550153_3	3	216.667	167	0.297	0.229	3.586
266168	FHA_55_550153_3	4	232.667	188	0.238	0.192	3.08
266168	FHA_55_550153_3	5	224	328	-0.317	0.317	6.26
266168	FHA_55_550153_3	6	393.333	545	-0.278	0.278	7.002
266168	FHA_55_550153_3	7	844	923	-0.086	0.086	2.658
266168	FHA_55_550153_3	8	1450.667	1183	0.226	0.185	7.376
266168	FHA_55_550153_3	9	1880	1296	0.451	0.311	14.655
266168	FHA_55_550153_3	10	1817.333	1529	0.189	0.159	7.049
266168	FHA_55_550153_3	11	2339.333	1649	0.419	0.295	15.459
266168	FHA_55_550153_3	12	2026.667	1686	0.202	0.168	7.907
266168	FHA_55_550153_3	13	2130	1789	0.191	0.16	7.703
266168	FHA_55_550153_3	14	2106	1875	0.123	0.11	5.178
266168	FHA_55_550153_3	15	2396	2068	0.159	0.137	6.943
266168	FHA_55_550153_3	16	2730.667	2329	0.172	0.147	7.986
266168	FHA_55_550153_3	17	2526	2512	0.006	0.006	0.279
266168	FHA_55_550153_3	18	2381.333	2150	0.108	0.097	4.86
266168	FHA_55_550153_3	19	2064.667	1678	0.23	0.187	8.938
266168	FHA_55_550153_3	20	1584.667	1235	0.283	0.221	9.313
266168	FHA_55_550153_3	21	1153.333	939	0.228	0.186	6.627
266168	FHA_55_550153_3	22	966	718	0.345	0.257	8.547
266168	FHA_55_550153_3	23	819.333	528	0.552	0.356	11.225
266168	FHA_55_550153_3	24	684	383	0.786	0.44	13.032
267086	FHA_27_010069_5	1	0	372	-1	1	27.276
267086	FHA_27_010069_5	2	18.667	200	-0.907	0.907	17.342
267086	FHA_27_010069_5	3	10	113	-0.912	0.912	13.134
267086	FHA_27_010069_5	4	48.667	105	-0.537	0.537	6.427
267086	FHA_27_010069_5	5	76	207	-0.633	0.633	11.013
267086	FHA_27_010069_5	6	212.667	544	-0.609	0.609	17.034
267086	FHA_27_010069_5	7	654	1214	-0.461	0.461	18.324
267086	FHA_27_010069_5	8	1538	1766	-0.129	0.129	5.61
267086	FHA_27_010069_5	9	1634	1735	-0.058	0.058	2.461
267086	FHA_27_010069_5	10	1930	1667	0.158	0.136	6.202
267086	FHA_27_010069_5	11	1995.333	1706	0.17	0.145	6.726
267086	FHA_27_010069_5	12	2045.333	2005	0.02	0.02	0.896
267086	FHA_27_010069_5	13	2011.333	2315	-0.131	0.131	6.529
267086	FHA_27_010069_5	14	2326	2579	-0.098	0.098	5.109
267086	FHA_27_010069_5	15	2666.667	3417	-0.22	0.22	13.605
267086	FHA_27_010069_5	16	2960.667	4296	-0.311	0.311	22.168
267086	FHA_27_010069_5	17	2918.667	4777	-0.389	0.389	29.958
267086	FHA_27_010069_5	18	2726	4355	-0.374	0.374	27.377
267086	FHA_27_010069_5	19	2438	3254	-0.251	0.251	15.296
267086	FHA_27_010069_5	20	1830.667	2379	-0.23	0.23	11.952
267086	FHA_27_010069_5	21	1508	1992	-0.243	0.243	11.57
267086	FHA_27_010069_5	22	1029.333	1717	-0.401	0.401	18.557
267086	FHA_27_010069_5	23	813.333	1140	-0.287	0.287	10.453
267086	FHA_27_010069_5	24	443.333	707	-0.373	0.373	10.994
273233	FHA_27_009556_3	1	13.333	19	-0.298	0.298	1.409
273233	FHA_27_009556_3	2	20	11	0.818	0.45	2.286
273233	FHA_27_009556_3	3	20	13	0.538	0.35	1.723
273233	FHA_27_009556_3	4	0	13	-1	1	5.099
273233	FHA_27_009556_3	5	13.333	38	-0.649	0.649	4.869
273233	FHA_27_009556_3	6	40	138	-0.71	0.71	10.388
273233	FHA_27_009556_3	7	86.667	288	-0.699	0.699	14.71
273233	FHA_27_009556_3	8	347.333	403	-0.138	0.138	2.874
273233	FHA_27_009556_3	9	209.333	397	-0.473	0.473	10.778
273233	FHA_27_009556_3	10	100	275	-0.636	0.636	12.78
273233	FHA_27_009556_3	11	48.667	240	-0.797	0.797	15.926
273233	FHA_27_009556_3	12	83.333	242	-0.656	0.656	12.44
273233	FHA_27_009556_3	13	44.667	230	-0.806	0.806	15.815
273233	FHA_27_009556_3	14	17.333	241	-0.928	0.928	19.68
273233	FHA_27_009556_3	15	30	254	-0.882	0.882	18.798
273233	FHA_27_009556_3	16	48	277	-0.827	0.827	17.964
273233	FHA_27_009556_3	17	23.333	332	-0.93	0.93	23.157
273233	FHA_27_009556_3	18	31.333	333	-0.906	0.906	22.351
273233	FHA_27_009556_3	19	37.333	282	-0.868	0.868	19.363
273233	FHA_27_009556_3	20	17.333	199	-0.913	0.913	17.467
273233	FHA_27_009556_3	21	31.333	129	-0.757	0.757	10.908
273233	FHA_27_009556_3	22	11.333	96	-0.882	0.882	11.557
273233	FHA_27_009556_3	23	20.667	66	-0.687	0.687	6.887
273233	FHA_27_009556_3	24	26.667	40	-0.333	0.333	2.309
273234	FHA_27_009556_7	1	5.333	42	-0.873	0.873	7.537
273234	FHA_27_009556_7	2	0	22	-1	1	6.633
273234	FHA_27_009556_7	3	6.667	14	-0.524	0.524	2.281
273234	FHA_27_009556_7	4	13.333	17	-0.216	0.216	0.942
273234	FHA_27_009556_7	5	0	14	-1	1	5.292
273234	FHA_27_009556_7	6	18.667	41	-0.545	0.545	4.089
273234	FHA_27_009556_7	7	25.333	86	-0.705	0.705	8.131
273234	FHA_27_009556_7	8	22.667	178	-0.873	0.873	15.508
273234	FHA_27_009556_7	9	57.333	267	-0.785	0.785	16.465
273234	FHA_27_009556_7	10	64.667	228	-0.716	0.716	13.502
273234	FHA_27_009556_7	11	59.333	224	-0.735	0.735	13.835
273234	FHA_27_009556_7	12	82.667	226	-0.634	0.634	11.538
273234	FHA_27_009556_7	13	94.667	233	-0.594	0.594	10.808
273234	FHA_27_009556_7	14	95.333	243	-0.608	0.608	11.353
273234	FHA_27_009556_7	15	70.667	266	-0.734	0.734	15.055
273234	FHA_27_009556_7	16	128	331	-0.613	0.613	13.4
273234	FHA_27_009556_7	17	109.333	437	-0.75	0.75	19.825
273234	FHA_27_009556_7	18	147.333	467	-0.685	0.685	18.239
273234	FHA_27_009556_7	19	83.333	428	-0.805	0.805	21.556
273234	FHA_27_009556_7	20	60	277	-0.783	0.783	16.717
273234	FHA_27_009556_7	21	42	180	-0.767	0.767	13.098
273234	FHA_27_009556_7	22	67.333	131	-0.486	0.486	6.393
273234	FHA_27_009556_7	23	30	106	-0.717	0.717	9.216
273234	FHA_27_009556_7	24	39.333	71	-0.446	0.446	4.263
273580	FHA_27_011749_3	1	19.333	332	-0.942	0.942	23.59
273580	FHA_27_011749_3	2	73.333	200	-0.633	0.633	10.835
273580	FHA_27_011749_3	3	66	145	-0.545	0.545	7.691
273580	FHA_27_011749_3	4	86.667	184	-0.529	0.529	8.367
273580	FHA_27_011749_3	5	100	268	-0.627	0.627	12.385
273580	FHA_27_011749_3	6	533.333	671	-0.205	0.205	5.61
273580	FHA_27_011749_3	7	1145.333	1398	-0.181	0.181	7.085
273580	FHA_27_011749_3	8	2128.667	2263	-0.059	0.059	2.867
273580	FHA_27_011749_3	9	2146	2301	-0.067	0.067	3.287
273580	FHA_27_011749_3	10	2359.333	2218	0.064	0.06	2.954
273580	FHA_27_011749_3	11	2457.333	2150	0.143	0.125	6.403
273580	FHA_27_011749_3	12	2425.333	2362	0.027	0.026	1.294
273580	FHA_27_011749_3	13	2359.333	2656	-0.112	0.112	5.924
273580	FHA_27_011749_3	14	2748.667	2824	-0.027	0.027	1.427
273580	FHA_27_011749_3	15	3310	3516	-0.059	0.059	3.526
273580	FHA_27_011749_3	16	3664.667	4376	-0.163	0.163	11.219
273580	FHA_27_011749_3	17	3732.667	4592	-0.187	0.187	13.32
273580	FHA_27_011749_3	18	3425.333	4039	-0.152	0.152	10.045
273580	FHA_27_011749_3	19	2906.667	2709	0.073	0.068	3.73
273580	FHA_27_011749_3	20	2025.333	1935	0.047	0.045	2.03
273580	FHA_27_011749_3	21	1595.333	1576	0.012	0.012	0.486
273580	FHA_27_011749_3	22	1182.667	1321	-0.105	0.105	3.91
273580	FHA_27_011749_3	23	891.333	986	-0.096	0.096	3.09
273580	FHA_27_011749_3	24	438.667	724	-0.394	0.394	11.834
273628	FHA_27_011749_7	1	37.333	263	-0.858	0.858	18.415
273628	FHA_27_011749_7	2	26	178	-0.854	0.854	15.05
273628	FHA_27_011749_7	3	26	137	-0.81	0.81	12.295
273628	FHA_27_011749_7	4	142.667	198	-0.279	0.279	4.24
273628	FHA_27_011749_7	5	372.667	474	-0.214	0.214	4.925
273628	FHA_27_011749_7	6	1146.667	1478	-0.224	0.224	9.146
273628	FHA_27_011749_7	7	2807.333	3053	-0.08	0.08	4.538
273628	FHA_27_011749_7	8	5339.333	3585	0.489	0.329	26.263
273628	FHA_27_011749_7	9	4417.333	3044	0.451	0.311	22.484
273628	FHA_27_011749_7	10	3456.667	2595	0.332	0.249	15.665
273628	FHA_27_011749_7	11	2711.333	2237	0.212	0.175	9.536
273628	FHA_27_011749_7	12	2266	2274	-0.004	0.004	0.168
273628	FHA_27_011749_7	13	2108	2330	-0.095	0.095	4.713
273628	FHA_27_011749_7	14	2326	2360	-0.014	0.014	0.702
273628	FHA_27_011749_7	15	2058	2560	-0.196	0.196	10.447
273628	FHA_27_011749_7	16	2119.333	2800	-0.243	0.243	13.724
273628	FHA_27_011749_7	17	2103.333	3000	-0.299	0.299	17.751
273628	FHA_27_011749_7	18	2050	2945	-0.304	0.304	17.909
273628	FHA_27_011749_7	19	1608	2392	-0.328	0.328	17.531
273628	FHA_27_011749_7	20	1250.667	1711	-0.269	0.269	11.962
273628	FHA_27_011749_7	21	958.667	1341	-0.285	0.285	11.275
273628	FHA_27_011749_7	22	611.333	1051	-0.418	0.418	15.25
273628	FHA_27_011749_7	23	365.333	790	-0.538	0.538	17.669
273628	FHA_27_011749_7	24	180	454	-0.604	0.604	15.389
279370	FHA_27_000382_1	1	102	70	0.457	0.314	3.451
279370	FHA_27_000382_1	2	92	52	0.769	0.435	4.714
279370	FHA_27_000382_1	3	144	59	1.441	0.59	8.437
279370	FHA_27_000382_1	4	160.667	111	0.447	0.309	4.261
279370	FHA_27_000382_1	5	197.333	243	-0.188	0.188	3.078
279370	FHA_27_000382_1	6	371.333	728	-0.49	0.49	15.213
279370	FHA_27_000382_1	7	888.667	1182	-0.248	0.248	9.116
279370	FHA_27_000382_1	8	1881.333	1104	0.704	0.413	20.12
279370	FHA_27_000382_1	9	2105.333	970	1.17	0.539	28.953
279370	FHA_27_000382_1	10	1306.667	900	0.452	0.311	12.243
279370	FHA_27_000382_1	11	1005.333	891	0.128	0.114	3.713
279370	FHA_27_000382_1	12	734.667	948	-0.225	0.225	7.355
279370	FHA_27_000382_1	13	738.667	971	-0.239	0.239	7.946
279370	FHA_27_000382_1	14	862	1016	-0.152	0.152	5.026
279370	FHA_27_000382_1	15	764	1062	-0.281	0.281	9.862
279370	FHA_27_000382_1	16	880	1186	-0.258	0.258	9.521
279370	FHA_27_000382_1	17	734	1299	-0.435	0.435	17.721
279370	FHA_27_000382_1	18	642.667	1256	-0.488	0.488	19.906
279370	FHA_27_000382_1	19	550.667	938	-0.413	0.413	14.197
279370	FHA_27_000382_1	20	428.667	652	-0.343	0.343	9.608
279370	FHA_27_000382_1	21	297.333	454	-0.345	0.345	8.083
279370	FHA_27_000382_1	22	300.667	309	-0.027	0.027	0.477
279370	FHA_27_000382_1	23	187.333	201	-0.068	0.068	0.981
279370	FHA_27_000382_1	24	172.667	138	0.251	0.201	2.782
2867	FHA_27_010310_1	1	34.667	261	-0.867	0.867	18.615
2867	FHA_27_010310_1	2	52	197	-0.736	0.736	12.995
2867	FHA_27_010310_1	3	37.333	181	-0.794	0.794	13.75
2867	FHA_27_010310_1	4	99.333	208	-0.522	0.522	8.766
2867	FHA_27_010310_1	5	168	367	-0.542	0.542	12.167
2867	FHA_27_010310_1	6	806	1010	-0.202	0.202	6.77
2867	FHA_27_010310_1	7	1796	2135	-0.159	0.159	7.647
2867	FHA_27_010310_1	8	3588	3312	0.083	0.077	4.699
2867	FHA_27_010310_1	9	3562	3198	0.114	0.102	6.261
2867	FHA_27_010310_1	10	3102.667	2638	0.176	0.15	8.673
2867	FHA_27_010310_1	11	2402.667	2258	0.064	0.06	2.997
2867	FHA_27_010310_1	12	1912.667	2363	-0.191	0.191	9.74
2867	FHA_27_010310_1	13	1990	2475	-0.196	0.196	10.265
2867	FHA_27_010310_1	14	2396	2609	-0.082	0.082	4.258
2867	FHA_27_010310_1	15	2406	3004	-0.199	0.199	11.498
2867	FHA_27_010310_1	16	2664	3240	-0.178	0.178	10.601
2867	FHA_27_010310_1	17	2682	3242	-0.173	0.173	10.29
2867	FHA_27_010310_1	18	2534	3090	-0.18	0.18	10.485
2867	FHA_27_010310_1	19	2226	2554	-0.128	0.128	6.709
2867	FHA_27_010310_1	20	1878.667	1720	0.092	0.084	3.741
2867	FHA_27_010310_1	21	1288.667	1360	-0.052	0.052	1.96
2867	FHA_27_010310_1	22	970.667	1048	-0.074	0.074	2.434
2867	FHA_27_010310_1	23	728	803	-0.093	0.093	2.711
2867	FHA_27_010310_1	24	356	506	-0.296	0.296	7.225
296940	FHA_27_010225_3	1	32	313	-0.898	0.898	21.395
296940	FHA_27_010225_3	2	170	270	-0.37	0.37	6.742
296940	FHA_27_010225_3	3	244	243	0.004	0.004	0.064
296940	FHA_27_010225_3	4	304	328	-0.073	0.073	1.35
296940	FHA_27_010225_3	5	296.667	685	-0.567	0.567	17.528
296940	FHA_27_010225_3	6	596	1776	-0.664	0.664	34.264
296940	FHA_27_010225_3	7	1262	2905	-0.566	0.566	35.995
296940	FHA_27_010225_3	8	2270.667	2722	-0.166	0.166	9.033
296940	FHA_27_010225_3	9	2425.333	2235	0.085	0.078	3.943
296940	FHA_27_010225_3	10	2535.333	2075	0.222	0.182	9.588
296940	FHA_27_010225_3	11	2868.667	2001	0.434	0.302	17.584
296940	FHA_27_010225_3	12	3026	2028	0.492	0.33	19.853
296940	FHA_27_010225_3	13	2832.667	2059	0.376	0.273	15.644
296940	FHA_27_010225_3	14	2912	2133	0.365	0.268	15.51
296940	FHA_27_010225_3	15	3292	2365	0.392	0.282	17.43
296940	FHA_27_010225_3	16	3892.667	2517	0.547	0.353	24.3
296940	FHA_27_010225_3	17	3912.667	2623	0.492	0.33	22.56
296940	FHA_27_010225_3	18	3613.333	2366	0.527	0.345	22.812
296940	FHA_27_010225_3	19	3025.333	1929	0.568	0.362	22.027
296940	FHA_27_010225_3	20	2519.333	1467	0.717	0.418	23.571
296940	FHA_27_010225_3	21	1901.333	1167	0.629	0.386	18.748
296940	FHA_27_010225_3	22	1445.333	885	0.633	0.388	16.415
296940	FHA_27_010225_3	23	1214	708	0.715	0.417	16.323
296940	FHA_27_010225_3	24	884	461	0.918	0.479	16.312
304090	FHA_27_011205_7	1	38	123	-0.691	0.691	9.474
304090	FHA_27_011205_7	2	0	77	-1	1	12.41
304090	FHA_27_011205_7	3	24	57	-0.579	0.579	5.185
304090	FHA_27_011205_7	4	145.333	83	0.751	0.429	5.834
304090	FHA_27_011205_7	5	164	216	-0.241	0.241	3.772
304090	FHA_27_011205_7	6	672.667	578	0.164	0.141	3.786
304090	FHA_27_011205_7	7	1328	1156	0.149	0.13	4.881
304090	FHA_27_011205_7	8	2092	1818	0.151	0.131	6.197
304090	FHA_27_011205_7	9	1821.333	1819	0.001	0.001	0.055
304090	FHA_27_011205_7	10	1962	1540	0.274	0.215	10.085
304090	FHA_27_011205_7	11	1870.667	1386	0.35	0.259	12.011
304090	FHA_27_011205_7	12	1587.333	1531	0.037	0.035	1.427
304090	FHA_27_011205_7	13	1664.667	1642	0.014	0.014	0.557
304090	FHA_27_011205_7	14	1694.667	1723	-0.016	0.016	0.685
304090	FHA_27_011205_7	15	2172.667	1968	0.104	0.094	4.498
304090	FHA_27_011205_7	16	2357.333	2312	0.02	0.019	0.938
304090	FHA_27_011205_7	17	2354.667	2469	-0.046	0.046	2.328
304090	FHA_27_011205_7	18	2213.333	2194	0.009	0.009	0.412
304090	FHA_27_011205_7	19	1786	1650	0.082	0.076	3.281
304090	FHA_27_011205_7	20	1392	1155	0.205	0.17	6.641
304090	FHA_27_011205_7	21	933.333	936	-0.003	0.003	0.087
304090	FHA_27_011205_7	22	726.667	737	-0.014	0.014	0.382
304090	FHA_27_011205_7	23	523.333	503	0.04	0.039	0.898
304090	FHA_27_011205_7	24	200	291	-0.313	0.313	5.808
313967	FHA_27_011283-p2_7	1	0	196	-1	1	19.799
313967	FHA_27_011283-p2_7	2	2.667	98	-0.973	0.973	13.437
313967	FHA_27_011283-p2_7	3	0.667	66	-0.99	0.99	11.316
313967	FHA_27_011283-p2_7	4	38.667	95	-0.593	0.593	6.891
313967	FHA_27_011283-p2_7	5	31.333	235	-0.867	0.867	17.649
313967	FHA_27_011283-p2_7	6	120.667	638	-0.811	0.811	26.562
313967	FHA_27_011283-p2_7	7	254.667	1101	-0.769	0.769	32.507
313967	FHA_27_011283-p2_7	8	907.333	1041	-0.128	0.128	4.283
313967	FHA_27_011283-p2_7	9	1539.333	912	0.688	0.408	17.919
313967	FHA_27_011283-p2_7	10	857.333	1069	-0.198	0.198	6.82
313967	FHA_27_011283-p2_7	11	546.667	1026	-0.467	0.467	17.094
313967	FHA_27_011283-p2_7	12	384	1076	-0.643	0.643	25.612
313967	FHA_27_011283-p2_7	13	346.667	1122	-0.691	0.691	28.612
313967	FHA_27_011283-p2_7	14	345.333	1121	-0.692	0.692	28.647
313967	FHA_27_011283-p2_7	15	332	1137	-0.708	0.708	29.703
313967	FHA_27_011283-p2_7	16	439.333	1065	-0.587	0.587	22.813
313967	FHA_27_011283-p2_7	17	370	1074	-0.655	0.655	26.2
313967	FHA_27_011283-p2_7	18	408.667	1056	-0.613	0.613	23.921
313967	FHA_27_011283-p2_7	19	378.667	978	-0.613	0.613	23.012
313967	FHA_27_011283-p2_7	20	268	837	-0.68	0.68	24.207
313967	FHA_27_011283-p2_7	21	224.667	730	-0.692	0.692	23.13
313967	FHA_27_011283-p2_7	22	202	687	-0.706	0.706	23.004
313967	FHA_27_011283-p2_7	23	176.667	464	-0.619	0.619	16.054
313967	FHA_27_011283-p2_7	24	130	304	-0.572	0.572	11.812
314887	FHA_55_550154_3	1	18.667	203	-0.908	0.908	17.509
314887	FHA_55_550154_3	2	134	151	-0.113	0.113	1.424
314887	FHA_55_550154_3	3	216.667	140	0.548	0.354	5.741
314887	FHA_55_550154_3	4	232.667	157	0.482	0.325	5.421
314887	FHA_55_550154_3	5	209.333	247	-0.152	0.152	2.494
314887	FHA_55_550154_3	6	341.333	442	-0.228	0.228	5.087
314887	FHA_55_550154_3	7	715.333	717	-0.002	0.002	0.062
314887	FHA_55_550154_3	8	1074	924	0.162	0.14	4.746
314887	FHA_55_550154_3	9	1060	1014	0.045	0.043	1.428
314887	FHA_55_550154_3	10	1172	1209	-0.031	0.031	1.072
314887	FHA_55_550154_3	11	1604.667	1296	0.238	0.192	8.105
314887	FHA_55_550154_3	12	1598	1306	0.224	0.183	7.663
314887	FHA_55_550154_3	13	1492	1344	0.11	0.099	3.93
314887	FHA_55_550154_3	14	1506	1408	0.07	0.065	2.567
314887	FHA_55_550154_3	15	1666	1524	0.093	0.085	3.556
314887	FHA_55_550154_3	16	1932.667	1688	0.145	0.127	5.75
314887	FHA_55_550154_3	17	1735.333	1771	-0.02	0.02	0.852
314887	FHA_55_550154_3	18	1553.333	1504	0.033	0.032	1.262
314887	FHA_55_550154_3	19	1342.667	1205	0.114	0.103	3.857
314887	FHA_55_550154_3	20	1110.667	909	0.222	0.182	6.346
314887	FHA_55_550154_3	21	797.333	694	0.149	0.13	3.784
314887	FHA_55_550154_3	22	698	540	0.293	0.226	6.351
314887	FHA_55_550154_3	23	598.667	412	0.453	0.312	8.304
314887	FHA_55_550154_3	24	578	309	0.871	0.465	12.773
324718	FHA_27_011196_3	1	10	40	-0.75	0.75	6
324718	FHA_27_011196_3	2	5.333	22	-0.758	0.758	4.508
324718	FHA_27_011196_3	3	33.333	23	0.449	0.31	1.947
324718	FHA_27_011196_3	4	52	31	0.677	0.404	3.26
324718	FHA_27_011196_3	5	112	79	0.418	0.295	3.377
324718	FHA_27_011196_3	6	380.667	271	0.405	0.288	6.075
324718	FHA_27_011196_3	7	942.667	702	0.343	0.255	8.393
324718	FHA_27_011196_3	8	1848	1314	0.406	0.289	13.43
324718	FHA_27_011196_3	9	1812.667	1413	0.283	0.22	9.952
324718	FHA_27_011196_3	10	1405.333	1012	0.389	0.28	11.314
324718	FHA_27_011196_3	11	985.333	870	0.133	0.117	3.787
324718	FHA_27_011196_3	12	804.667	899	-0.105	0.105	3.232
324718	FHA_27_011196_3	13	765.333	884	-0.134	0.134	4.132
324718	FHA_27_011196_3	14	926	827	0.12	0.107	3.344
324718	FHA_27_011196_3	15	1059.333	815	0.3	0.231	7.981
324718	FHA_27_011196_3	16	1051.333	1024	0.027	0.026	0.849
324718	FHA_27_011196_3	17	966.667	1101	-0.122	0.122	4.178
324718	FHA_27_011196_3	18	942.667	983	-0.041	0.041	1.3
324718	FHA_27_011196_3	19	655.333	797	-0.178	0.178	5.257
324718	FHA_27_011196_3	20	489.333	507	-0.035	0.035	0.792
324718	FHA_27_011196_3	21	300	382	-0.215	0.215	4.441
324718	FHA_27_011196_3	22	220	275	-0.2	0.2	3.496
324718	FHA_27_011196_3	23	166	176	-0.057	0.057	0.765
324718	FHA_27_011196_3	24	61.333	86	-0.287	0.287	2.874
325449	FHA_55_550002_7	1	48	222	-0.784	0.784	14.976
325449	FHA_55_550002_7	2	73.333	192	-0.618	0.618	10.303
325449	FHA_55_550002_7	3	58.667	199	-0.705	0.705	12.364
325449	FHA_55_550002_7	4	73.333	265	-0.723	0.723	14.736
325449	FHA_55_550002_7	5	92.667	422	-0.78	0.78	20.53
325449	FHA_55_550002_7	6	443.333	743	-0.403	0.403	12.304
325449	FHA_55_550002_7	7	764	924	-0.173	0.173	5.507
325449	FHA_55_550002_7	8	1292	990	0.305	0.234	8.941
325449	FHA_55_550002_7	9	1064	924	0.152	0.132	4.441
325449	FHA_55_550002_7	10	656	940	-0.302	0.302	10.053
325449	FHA_55_550002_7	11	700.667	967	-0.275	0.275	9.223
325449	FHA_55_550002_7	12	490.667	1045	-0.53	0.53	20.005
325449	FHA_55_550002_7	13	570.667	1083	-0.473	0.473	17.817
325449	FHA_55_550002_7	14	674	1139	-0.408	0.408	15.444
325449	FHA_55_550002_7	15	638.667	1232	-0.482	0.482	19.401
325449	FHA_55_550002_7	16	690.667	1337	-0.483	0.483	20.299
325449	FHA_55_550002_7	17	651.333	1331	-0.511	0.511	21.589
325449	FHA_55_550002_7	18	599.333	1234	-0.514	0.514	20.962
325449	FHA_55_550002_7	19	540.667	1008	-0.464	0.464	16.794
325449	FHA_55_550002_7	20	396	808	-0.51	0.51	16.792
325449	FHA_55_550002_7	21	332.667	672	-0.505	0.505	15.14
325449	FHA_55_550002_7	22	324	535	-0.394	0.394	10.181
325449	FHA_55_550002_7	23	140.667	408	-0.655	0.655	16.14
325449	FHA_55_550002_7	24	95.333	304	-0.686	0.686	14.767
330203	FHA_27_010206_3	1	39.333	369	-0.893	0.893	23.072
330203	FHA_27_010206_3	2	152	239	-0.364	0.364	6.222
330203	FHA_27_010206_3	3	180	218	-0.174	0.174	2.694
330203	FHA_27_010206_3	4	328	225	0.458	0.314	6.194
330203	FHA_27_010206_3	5	303.333	424	-0.285	0.285	6.328
330203	FHA_27_010206_3	6	819.333	1080	-0.241	0.241	8.459
330203	FHA_27_010206_3	7	1996	2426	-0.177	0.177	9.145
330203	FHA_27_010206_3	8	3634.667	3522	0.032	0.031	1.883
330203	FHA_27_010206_3	9	3839.333	3407	0.127	0.113	7.182
330203	FHA_27_010206_3	10	3510	2990	0.174	0.148	9.121
330203	FHA_27_010206_3	11	3231.333	2816	0.147	0.129	7.553
330203	FHA_27_010206_3	12	3347.333	2977	0.124	0.111	6.586
330203	FHA_27_010206_3	13	3185.333	3260	-0.023	0.023	1.315
330203	FHA_27_010206_3	14	3300.667	3468	-0.048	0.048	2.876
330203	FHA_27_010206_3	15	3671.333	4480	-0.181	0.181	12.667
330203	FHA_27_010206_3	16	3985.333	5414	-0.264	0.264	20.84
330203	FHA_27_010206_3	17	3923.333	5764	-0.319	0.319	26.448
330203	FHA_27_010206_3	18	3640	5078	-0.283	0.283	21.78
330203	FHA_27_010206_3	19	3314	3520	-0.059	0.059	3.524
330203	FHA_27_010206_3	20	2522	2385	0.057	0.054	2.766
330203	FHA_27_010206_3	21	1920.667	1923	-0.001	0.001	0.053
330203	FHA_27_010206_3	22	1508.667	1559	-0.032	0.032	1.285
330203	FHA_27_010206_3	23	1221.333	1144	0.068	0.063	2.249
330203	FHA_27_010206_3	24	784.667	683	0.149	0.13	3.753
330960	FHA_27_011510_5	1	35.333	213	-0.834	0.834	15.944
330960	FHA_27_011510_5	2	10	200	-0.95	0.95	18.542
330960	FHA_27_011510_5	3	23.333	194	-0.88	0.88	16.372
330960	FHA_27_011510_5	4	98.667	319	-0.691	0.691	15.247
330960	FHA_27_011510_5	5	222	730	-0.696	0.696	23.284
330960	FHA_27_011510_5	6	1177.333	2040	-0.423	0.423	21.508
330960	FHA_27_011510_5	7	3063.333	3188	-0.039	0.039	2.23
330960	FHA_27_011510_5	8	5873.333	4504	0.304	0.233	19.01
330960	FHA_27_011510_5	9	5217.333	3936	0.326	0.246	18.94
330960	FHA_27_011510_5	10	4244.667	3029	0.401	0.286	20.158
330960	FHA_27_011510_5	11	3226.667	2477	0.303	0.232	14.038
330960	FHA_27_011510_5	12	2468.667	2416	0.022	0.021	1.066
330960	FHA_27_011510_5	13	1942	2476	-0.216	0.216	11.362
330960	FHA_27_011510_5	14	1958.667	2568	-0.237	0.237	12.808
330960	FHA_27_011510_5	15	1911.333	3404	-0.439	0.439	28.954
330960	FHA_27_011510_5	16	1704	3740	-0.544	0.544	39.024
330960	FHA_27_011510_5	17	1696	3843	-0.559	0.559	40.797
330960	FHA_27_011510_5	18	1417.333	3613	-0.608	0.608	43.781
330960	FHA_27_011510_5	19	1304.667	2496	-0.477	0.477	27.329
330960	FHA_27_011510_5	20	988	1680	-0.412	0.412	18.946
330960	FHA_27_011510_5	21	633.333	1344	-0.529	0.529	22.602
330960	FHA_27_011510_5	22	394.667	1164	-0.661	0.661	27.558
330960	FHA_27_011510_5	23	288	984	-0.707	0.707	27.598
330960	FHA_27_011510_5	24	124.667	598	-0.792	0.792	24.901
346143	FHA_27_010919_3	1	78	529	-0.853	0.853	25.888
346143	FHA_27_010919_3	2	148	433	-0.658	0.658	16.721
346143	FHA_27_010919_3	3	160.667	389	-0.587	0.587	13.773
346143	FHA_27_010919_3	4	408	413	-0.012	0.012	0.247
346143	FHA_27_010919_3	5	562	767	-0.267	0.267	7.953
346143	FHA_27_010919_3	6	1766.667	2328	-0.241	0.241	12.406
346143	FHA_27_010919_3	7	3859.333	4489	-0.14	0.14	9.746
346143	FHA_27_010919_3	8	5260.667	5022	0.048	0.045	3.329
346143	FHA_27_010919_3	9	5457.333	4791	0.139	0.122	9.309
346143	FHA_27_010919_3	10	5132	4259	0.205	0.17	12.74
346143	FHA_27_010919_3	11	4813.333	3828	0.257	0.205	14.99
346143	FHA_27_010919_3	12	4313.333	3844	0.122	0.109	7.349
346143	FHA_27_010919_3	13	4417.333	4122	0.072	0.067	4.52
346143	FHA_27_010919_3	14	4136.667	4350	-0.049	0.049	3.275
346143	FHA_27_010919_3	15	4410	5133	-0.141	0.141	10.467
346143	FHA_27_010919_3	16	4972	5228	-0.049	0.049	3.585
346143	FHA_27_010919_3	17	4915.333	4810	0.022	0.021	1.511
346143	FHA_27_010919_3	18	4568	4750	-0.038	0.038	2.666
346143	FHA_27_010919_3	19	4110.667	4145	-0.008	0.008	0.534
346143	FHA_27_010919_3	20	3202	2803	0.142	0.125	7.282
346143	FHA_27_010919_3	21	2372	2229	0.064	0.06	2.981
346143	FHA_27_010919_3	22	1958.667	1845	0.062	0.058	2.606
346143	FHA_27_010919_3	23	1453.333	1558	-0.067	0.067	2.697
346143	FHA_27_010919_3	24	788	919	-0.143	0.143	4.484
350001	FHA_27_000040_5	1	32.667	205	-0.841	0.841	15.809
350001	FHA_27_000040_5	2	54	140	-0.614	0.614	8.732
350001	FHA_27_000040_5	3	72.667	113	-0.357	0.357	4.186
350001	FHA_27_000040_5	4	112.667	149	-0.244	0.244	3.176
350001	FHA_27_000040_5	5	114	293	-0.611	0.611	12.548
350001	FHA_27_000040_5	6	377.333	854	-0.558	0.558	19.211
350001	FHA_27_000040_5	7	744.667	1802	-0.587	0.587	29.631
350001	FHA_27_000040_5	8	1684	2155	-0.219	0.219	10.75
350001	FHA_27_000040_5	9	1521.333	1915	-0.206	0.206	9.497
350001	FHA_27_000040_5	10	1602	1732	-0.075	0.075	3.184
350001	FHA_27_000040_5	11	1602.667	1694	-0.054	0.054	2.25
350001	FHA_27_000040_5	12	1315.333	1848	-0.288	0.288	13.394
350001	FHA_27_000040_5	13	1369.333	1996	-0.314	0.314	15.277
350001	FHA_27_000040_5	14	1652.667	2111	-0.217	0.217	10.566
350001	FHA_27_000040_5	15	1730	2557	-0.323	0.323	17.863
350001	FHA_27_000040_5	16	1590.667	3205	-0.504	0.504	32.967
350001	FHA_27_000040_5	17	1642	3482	-0.528	0.528	36.352
350001	FHA_27_000040_5	18	1567.333	2966	-0.472	0.472	29.378
350001	FHA_27_000040_5	19	1167.333	1930	-0.395	0.395	19.38
350001	FHA_27_000040_5	20	939.333	1374	-0.316	0.316	12.781
350001	FHA_27_000040_5	21	785.333	1134	-0.307	0.307	11.255
350001	FHA_27_000040_5	22	560.667	903	-0.379	0.379	12.654
350001	FHA_27_000040_5	23	339.333	661	-0.487	0.487	14.383
350001	FHA_27_000040_5	24	197.333	456	-0.567	0.567	14.312
362774	FHA_27_010800_7	1	62	803	-0.923	0.923	35.631
362774	FHA_27_010800_7	2	58	473	-0.877	0.877	25.469
362774	FHA_27_010800_7	3	108	326	-0.669	0.669	14.799
362774	FHA_27_010800_7	4	326	379	-0.14	0.14	2.823
362774	FHA_27_010800_7	5	503.333	771	-0.347	0.347	10.604
362774	FHA_27_010800_7	6	1788	2066	-0.135	0.135	6.333
362774	FHA_27_010800_7	7	3623.333	3940	-0.08	0.08	5.149
362774	FHA_27_010800_7	8	5713.333	5187	0.101	0.092	7.129
362774	FHA_27_010800_7	9	5715.333	4918	0.162	0.14	10.935
362774	FHA_27_010800_7	10	5222	4601	0.135	0.119	8.861
362774	FHA_27_010800_7	11	4846	4304	0.126	0.112	8.013
362774	FHA_27_010800_7	12	4403.333	4664	-0.056	0.056	3.871
362774	FHA_27_010800_7	13	4234.667	4913	-0.138	0.138	10.03
362774	FHA_27_010800_7	14	4738	5025	-0.057	0.057	4.108
362774	FHA_27_010800_7	15	5148	5136	0.002	0.002	0.167
362774	FHA_27_010800_7	16	5382.667	5259	0.024	0.023	1.695
362774	FHA_27_010800_7	17	5551.333	5220	0.063	0.06	4.515
362774	FHA_27_010800_7	18	5351.333	4925	0.087	0.08	5.948
362774	FHA_27_010800_7	19	4400	4779	-0.079	0.079	5.594
362774	FHA_27_010800_7	20	3308.667	4389	-0.246	0.246	17.414
362774	FHA_27_010800_7	21	2670	3819	-0.301	0.301	20.172
362774	FHA_27_010800_7	22	2166.667	3287	-0.341	0.341	21.454
362774	FHA_27_010800_7	23	1538	2445	-0.371	0.371	20.324
362774	FHA_27_010800_7	24	784.667	1724	-0.545	0.545	26.522
383835	FHA_27_000042_1	1	22.667	93	-0.756	0.756	9.249
383835	FHA_27_000042_1	2	94	90	0.044	0.043	0.417
383835	FHA_27_000042_1	3	35.333	67	-0.473	0.473	4.427
383835	FHA_27_000042_1	4	145.333	115	0.264	0.209	2.659
383835	FHA_27_000042_1	5	204.667	305	-0.329	0.329	6.285
383835	FHA_27_000042_1	6	583.333	844	-0.309	0.309	9.757
383835	FHA_27_000042_1	7	1735.333	1536	0.13	0.115	4.929
383835	FHA_27_000042_1	8	2718.667	1695	0.604	0.377	21.791
383835	FHA_27_000042_1	9	2556	1183	1.161	0.537	31.755
383835	FHA_27_000042_1	10	2044.667	1020	1.005	0.501	26.176
383835	FHA_27_000042_1	11	1775.333	1015	0.749	0.428	20.356
383835	FHA_27_000042_1	12	1334	1058	0.261	0.207	7.981
383835	FHA_27_000042_1	13	1369.333	1100	0.245	0.197	7.665
383835	FHA_27_000042_1	14	1334	1152	0.158	0.136	5.162
383835	FHA_27_000042_1	15	1295.333	1276	0.015	0.015	0.539
383835	FHA_27_000042_1	16	1291.333	1430	-0.097	0.097	3.759
383835	FHA_27_000042_1	17	1349.333	1530	-0.118	0.118	4.762
383835	FHA_27_000042_1	18	1248.667	1347	-0.073	0.073	2.73
383835	FHA_27_000042_1	19	1136.667	1009	0.127	0.112	3.898
383835	FHA_27_000042_1	20	898.667	733	0.226	0.184	5.8
383835	FHA_27_000042_1	21	657.333	517	0.271	0.213	5.791
383835	FHA_27_000042_1	22	570	385	0.481	0.325	8.466
383835	FHA_27_000042_1	23	345.333	296	0.167	0.143	2.755
383835	FHA_27_000042_1	24	291.333	208	0.401	0.286	5.274
388817	FHA_27_010398_3	1	74	233	-0.682	0.682	12.833
388817	FHA_27_010398_3	2	172.667	173	-0.002	0.002	0.025
388817	FHA_27_010398_3	3	186.667	205	-0.089	0.089	1.31
388817	FHA_27_010398_3	4	388	365	0.063	0.059	1.185
388817	FHA_27_010398_3	5	455.333	1029	-0.557	0.557	21.058
388817	FHA_27_010398_3	6	1453.333	2693	-0.46	0.46	27.226
388817	FHA_27_010398_3	7	3208	3931	-0.184	0.184	12.101
388817	FHA_27_010398_3	8	5170	3968	0.303	0.232	17.783
388817	FHA_27_010398_3	9	5137.333	3045	0.687	0.407	32.712
388817	FHA_27_010398_3	10	4284.667	2619	0.636	0.389	28.351
388817	FHA_27_010398_3	11	3632	2439	0.489	0.328	21.653
388817	FHA_27_010398_3	12	2853.333	2447	0.166	0.142	7.893
388817	FHA_27_010398_3	13	2564.667	2499	0.026	0.026	1.305
388817	FHA_27_010398_3	14	2429.333	2565	-0.053	0.053	2.715
388817	FHA_27_010398_3	15	2473.333	2731	-0.094	0.094	5.051
388817	FHA_27_010398_3	16	2536	2852	-0.111	0.111	6.088
388817	FHA_27_010398_3	17	2287.333	2903	-0.212	0.212	12.085
388817	FHA_27_010398_3	18	2142	2782	-0.23	0.23	12.898
388817	FHA_27_010398_3	19	1887.333	2300	-0.179	0.179	9.019
388817	FHA_27_010398_3	20	1636	1545	0.059	0.056	2.282
388817	FHA_27_010398_3	21	1247.333	1182	0.055	0.052	1.875
388817	FHA_27_010398_3	22	962	901	0.068	0.063	1.999
388817	FHA_27_010398_3	23	838	607	0.381	0.276	8.594
388817	FHA_27_010398_3	24	645.333	373	0.73	0.422	12.069
39132	FHA_27_010899_3	1	28	297	-0.906	0.906	21.102
39132	FHA_27_010899_3	2	40	208	-0.808	0.808	15.087
39132	FHA_27_010899_3	3	34.667	170	-0.796	0.796	13.378
39132	FHA_27_010899_3	4	56.667	150	-0.622	0.622	9.182
39132	FHA_27_010899_3	5	182	187	-0.027	0.027	0.368
39132	FHA_27_010899_3	6	389.333	493	-0.21	0.21	4.936
39132	FHA_27_010899_3	7	1057.333	1241	-0.148	0.148	5.418
39132	FHA_27_010899_3	8	2372	2219	0.069	0.065	3.193
39132	FHA_27_010899_3	9	2676.667	2158	0.24	0.194	10.549
39132	FHA_27_010899_3	10	2691.333	1873	0.437	0.304	17.13
39132	FHA_27_010899_3	11	2500	1992	0.255	0.203	10.719
39132	FHA_27_010899_3	12	2363.333	2259	0.046	0.044	2.17
39132	FHA_27_010899_3	13	2320	2565	-0.096	0.096	4.957
39132	FHA_27_010899_3	14	2679.333	2737	-0.021	0.021	1.108
39132	FHA_27_010899_3	15	3150.667	3395	-0.072	0.072	4.271
39132	FHA_27_010899_3	16	3073.333	3388	-0.093	0.093	5.536
39132	FHA_27_010899_3	17	3196.667	3383	-0.055	0.055	3.249
39132	FHA_27_010899_3	18	3054.667	3268	-0.065	0.065	3.794
39132	FHA_27_010899_3	19	2304.667	2702	-0.147	0.147	7.941
39132	FHA_27_010899_3	20	1668	2092	-0.203	0.203	9.779
39132	FHA_27_010899_3	21	1372	1723	-0.204	0.204	8.923
39132	FHA_27_010899_3	22	1121.333	1375	-0.184	0.184	7.18
39132	FHA_27_010899_3	23	780	984	-0.207	0.207	6.869
39132	FHA_27_010899_3	24	449.333	560	-0.198	0.198	4.926
396046	FHA_27_011516_1	1	26.667	228	-0.883	0.883	17.842
396046	FHA_27_011516_1	2	53.333	156	-0.658	0.658	10.035
396046	FHA_27_011516_1	3	58	125	-0.536	0.536	7.004
396046	FHA_27_011516_1	4	79.333	156	-0.491	0.491	7.068
396046	FHA_27_011516_1	5	102.667	445	-0.769	0.769	20.687
396046	FHA_27_011516_1	6	166	1434	-0.884	0.884	44.831
396046	FHA_27_011516_1	7	364.667	2707	-0.865	0.865	59.769
396046	FHA_27_011516_1	8	816	2968	-0.725	0.725	49.475
396046	FHA_27_011516_1	9	962	2490	-0.614	0.614	36.779
396046	FHA_27_011516_1	10	1264	2228	-0.433	0.433	23.07
396046	FHA_27_011516_1	11	1482.667	2029	-0.269	0.269	13.038
396046	FHA_27_011516_1	12	1726.667	2104	-0.179	0.179	8.622
396046	FHA_27_011516_1	13	1849.333	2238	-0.174	0.174	8.598
396046	FHA_27_011516_1	14	1816	2375	-0.235	0.235	12.211
396046	FHA_27_011516_1	15	2088.667	2957	-0.294	0.294	17.288
396046	FHA_27_011516_1	16	2179.333	3422	-0.363	0.363	23.481
396046	FHA_27_011516_1	17	2319.333	3472	-0.332	0.332	21.42
396046	FHA_27_011516_1	18	2504	3116	-0.196	0.196	11.545
396046	FHA_27_011516_1	19	2138.667	2392	-0.106	0.106	5.323
396046	FHA_27_011516_1	20	1698	1694	0.002	0.002	0.097
396046	FHA_27_011516_1	21	1355.333	1317	0.029	0.028	1.049
396046	FHA_27_011516_1	22	1004.667	1026	-0.021	0.021	0.67
396046	FHA_27_011516_1	23	704.667	765	-0.079	0.079	2.226
396046	FHA_27_011516_1	24	490.667	480	0.022	0.022	0.484
396159	FHA_27_010390_5	1	25.333	149	-0.83	0.83	13.246
396159	FHA_27_010390_5	2	36	114	-0.684	0.684	9.007
396159	FHA_27_010390_5	3	70	137	-0.489	0.489	6.586
396159	FHA_27_010390_5	4	256	298	-0.141	0.141	2.524
396159	FHA_27_010390_5	5	258	951	-0.729	0.729	28.186
396159	FHA_27_010390_5	6	1148	2135	-0.462	0.462	24.361
396159	FHA_27_010390_5	7	2394.667	3587	-0.332	0.332	21.802
396159	FHA_27_010390_5	8	3521.333	4779	-0.263	0.263	19.522
396159	FHA_27_010390_5	9	3471.333	3929	-0.116	0.116	7.524
396159	FHA_27_010390_5	10	3221.333	3073	0.048	0.046	2.644
396159	FHA_27_010390_5	11	3049.333	2611	0.168	0.144	8.239
396159	FHA_27_010390_5	12	2556	2599	-0.017	0.017	0.847
396159	FHA_27_010390_5	13	2236.667	2635	-0.151	0.151	8.071
396159	FHA_27_010390_5	14	2027.333	2646	-0.234	0.234	12.798
396159	FHA_27_010390_5	15	1962.667	2838	-0.308	0.308	17.866
396159	FHA_27_010390_5	16	2088	3099	-0.326	0.326	19.852
396159	FHA_27_010390_5	17	1972	3345	-0.41	0.41	26.629
396159	FHA_27_010390_5	18	1775.333	3017	-0.412	0.412	25.366
396159	FHA_27_010390_5	19	1573.333	2190	-0.282	0.282	14.216
396159	FHA_27_010390_5	20	1241.333	1534	-0.191	0.191	7.857
396159	FHA_27_010390_5	21	794.667	1180	-0.327	0.327	12.263
396159	FHA_27_010390_5	22	678	859	-0.211	0.211	6.529
396159	FHA_27_010390_5	23	552.667	540	0.023	0.023	0.542
396159	FHA_27_010390_5	24	348.667	294	0.186	0.157	3.05
424822	FHA_55_550154_7	1	138.667	228	-0.392	0.392	6.598
424822	FHA_55_550154_7	2	159.333	200	-0.203	0.203	3.034
424822	FHA_55_550154_7	3	66.667	202	-0.67	0.67	11.677
424822	FHA_55_550154_7	4	288	305	-0.056	0.056	0.987
424822	FHA_55_550154_7	5	232	536	-0.567	0.567	15.513
424822	FHA_55_550154_7	6	578.667	1140	-0.492	0.492	19.149
424822	FHA_55_550154_7	7	1202.667	1450	-0.171	0.171	6.791
424822	FHA_55_550154_7	8	2530	1438	0.759	0.432	24.516
424822	FHA_55_550154_7	9	2382	1229	0.938	0.484	27.135
424822	FHA_55_550154_7	10	1659.333	1183	0.403	0.287	12.635
424822	FHA_55_550154_7	11	1504.667	1175	0.281	0.219	9.006
424822	FHA_55_550154_7	12	1358.667	1229	0.106	0.095	3.605
424822	FHA_55_550154_7	13	992.667	1262	-0.213	0.213	8.022
424822	FHA_55_550154_7	14	1319.333	1302	0.013	0.013	0.479
424822	FHA_55_550154_7	15	1136.667	1379	-0.176	0.176	6.833
424822	FHA_55_550154_7	16	1217.333	1535	-0.207	0.207	8.563
424822	FHA_55_550154_7	17	1087.333	1527	-0.288	0.288	12.161
424822	FHA_55_550154_7	18	899.333	1424	-0.368	0.368	15.394
424822	FHA_55_550154_7	19	858	1134	-0.243	0.243	8.745
424822	FHA_55_550154_7	20	579.333	894	-0.352	0.352	11.594
424822	FHA_55_550154_7	21	560.667	725	-0.227	0.227	6.482
424822	FHA_55_550154_7	22	450.667	573	-0.213	0.213	5.407
424822	FHA_55_550154_7	23	278	438	-0.365	0.365	8.456
424822	FHA_55_550154_7	24	218	322	-0.323	0.323	6.329
436126	FHA_55_550002_3	1	5.333	197	-0.973	0.973	19.056
436126	FHA_55_550002_3	2	26.667	149	-0.821	0.821	13.053
436126	FHA_55_550002_3	3	74.667	138	-0.459	0.459	6.142
436126	FHA_55_550002_3	4	107.333	154	-0.303	0.303	4.082
436126	FHA_55_550002_3	5	84.667	232	-0.635	0.635	11.709
436126	FHA_55_550002_3	6	185.333	405	-0.542	0.542	12.786
436126	FHA_55_550002_3	7	557.333	697	-0.2	0.2	5.577
436126	FHA_55_550002_3	8	968	937	0.033	0.032	1.004
436126	FHA_55_550002_3	9	984	938	0.049	0.047	1.484
436126	FHA_55_550002_3	10	723.333	1158	-0.375	0.375	14.172
436126	FHA_55_550002_3	11	767.333	1295	-0.407	0.407	16.432
436126	FHA_55_550002_3	12	801.333	1292	-0.38	0.38	15.166
436126	FHA_55_550002_3	13	702.667	1290	-0.455	0.455	18.607
436126	FHA_55_550002_3	14	714.667	1366	-0.477	0.477	20.194
436126	FHA_55_550002_3	15	834	1392	-0.401	0.401	16.726
436126	FHA_55_550002_3	16	848.667	1452	-0.416	0.416	17.789
436126	FHA_55_550002_3	17	897.333	1455	-0.383	0.383	16.261
436126	FHA_55_550002_3	18	832.667	1254	-0.336	0.336	13.044
436126	FHA_55_550002_3	19	734	1038	-0.293	0.293	10.213
436126	FHA_55_550002_3	20	616	806	-0.236	0.236	7.126
436126	FHA_55_550002_3	21	480	594	-0.192	0.192	4.919
436126	FHA_55_550002_3	22	387.333	473	-0.181	0.181	4.13
436126	FHA_55_550002_3	23	332	386	-0.14	0.14	2.85
436126	FHA_55_550002_3	24	343.333	291	0.18	0.152	2.939
437849	FHA_27_006461_7	1	11.333	236	-0.952	0.952	20.203
437849	FHA_27_006461_7	2	76.667	175	-0.562	0.562	8.766
437849	FHA_27_006461_7	3	66.667	164	-0.593	0.593	9.063
437849	FHA_27_006461_7	4	190.667	175	0.09	0.082	1.159
437849	FHA_27_006461_7	5	138	248	-0.444	0.444	7.918
437849	FHA_27_006461_7	6	226	497	-0.545	0.545	14.253
437849	FHA_27_006461_7	7	457.333	976	-0.531	0.531	19.374
437849	FHA_27_006461_7	8	662	1342	-0.507	0.507	21.482
437849	FHA_27_006461_7	9	806.667	1264	-0.362	0.362	14.213
437849	FHA_27_006461_7	10	756	1476	-0.488	0.488	21.553
437849	FHA_27_006461_7	11	965.333	1506	-0.359	0.359	15.381
437849	FHA_27_006461_7	12	944	1480	-0.362	0.362	15.396
437849	FHA_27_006461_7	13	942	1515	-0.378	0.378	16.348
437849	FHA_27_006461_7	14	977.333	1648	-0.407	0.407	18.511
437849	FHA_27_006461_7	15	1084	1808	-0.4	0.4	19.039
437849	FHA_27_006461_7	16	1198.667	1945	-0.384	0.384	18.825
437849	FHA_27_006461_7	17	1344.667	1980	-0.321	0.321	15.583
437849	FHA_27_006461_7	18	1428	1801	-0.207	0.207	9.283
437849	FHA_27_006461_7	19	1225.333	1499	-0.183	0.183	7.415
437849	FHA_27_006461_7	20	1087.333	1048	0.038	0.036	1.204
437849	FHA_27_006461_7	21	875.333	781	0.121	0.108	3.278
437849	FHA_27_006461_7	22	708.667	616	0.15	0.131	3.601
437849	FHA_27_006461_7	23	533.333	480	0.111	0.1	2.369
437849	FHA_27_006461_7	24	475.333	337	0.41	0.291	6.864
440281	FHA_27_011236_3	1	54.667	106	-0.484	0.484	5.727
440281	FHA_27_011236_3	2	37.333	81	-0.539	0.539	5.677
440281	FHA_27_011236_3	3	70	104	-0.327	0.327	3.645
440281	FHA_27_011236_3	4	187.333	94	0.993	0.498	7.869
440281	FHA_27_011236_3	5	195.333	229	-0.147	0.147	2.311
440281	FHA_27_011236_3	6	762.667	987	-0.227	0.227	7.585
440281	FHA_27_011236_3	7	2219.333	2307	-0.038	0.038	1.843
440281	FHA_27_011236_3	8	4064	4217	-0.036	0.036	2.378
440281	FHA_27_011236_3	9	4010	4023	-0.003	0.003	0.205
440281	FHA_27_011236_3	10	3216.667	2875	0.119	0.106	6.191
440281	FHA_27_011236_3	11	2834	2323	0.22	0.18	10.063
440281	FHA_27_011236_3	12	1728	2360	-0.268	0.268	13.979
440281	FHA_27_011236_3	13	1457.333	2287	-0.363	0.363	19.175
440281	FHA_27_011236_3	14	1661.333	2214	-0.25	0.25	12.555
440281	FHA_27_011236_3	15	1558.667	2443	-0.362	0.362	19.77
440281	FHA_27_011236_3	16	1763.333	2788	-0.368	0.368	21.48
440281	FHA_27_011236_3	17	1698	2910	-0.416	0.416	25.25
440281	FHA_27_011236_3	18	1724	2663	-0.353	0.353	20.049
440281	FHA_27_011236_3	19	1302	2094	-0.378	0.378	19.22
440281	FHA_27_011236_3	20	833.333	1394	-0.402	0.402	16.801
440281	FHA_27_011236_3	21	552.667	1041	-0.469	0.469	17.299
440281	FHA_27_011236_3	22	370	826	-0.552	0.552	18.647
440281	FHA_27_011236_3	23	250.667	552	-0.546	0.546	15.042
440281	FHA_27_011236_3	24	154	273	-0.436	0.436	8.144
442423	FHA_27_010840_3	1	0	102	-1	1	14.283
442423	FHA_27_010840_3	2	21.333	63	-0.661	0.661	6.417
442423	FHA_27_010840_3	3	26	53	-0.509	0.509	4.296
442423	FHA_27_010840_3	4	32.667	78	-0.581	0.581	6.094
442423	FHA_27_010840_3	5	64.667	122	-0.47	0.47	5.935
442423	FHA_27_010840_3	6	179.333	297	-0.396	0.396	7.625
442423	FHA_27_010840_3	7	344	550	-0.375	0.375	9.743
442423	FHA_27_010840_3	8	812.667	1033	-0.213	0.213	7.253
442423	FHA_27_010840_3	9	826	1043	-0.208	0.208	7.099
442423	FHA_27_010840_3	10	1016	930	0.092	0.085	2.757
442423	FHA_27_010840_3	11	1040	997	0.043	0.041	1.347
442423	FHA_27_010840_3	12	952	1071	-0.111	0.111	3.742
442423	FHA_27_010840_3	13	1107.333	1182	-0.063	0.063	2.207
442423	FHA_27_010840_3	14	1129.333	1365	-0.173	0.173	6.673
442423	FHA_27_010840_3	15	1454	1560	-0.068	0.068	2.731
442423	FHA_27_010840_3	16	1522.667	1858	-0.18	0.18	8.156
442423	FHA_27_010840_3	17	1618	1905	-0.151	0.151	6.838
442423	FHA_27_010840_3	18	1340	1688	-0.206	0.206	8.944
442423	FHA_27_010840_3	19	1123.333	1184	-0.051	0.051	1.786
442423	FHA_27_010840_3	20	808	866	-0.067	0.067	2.005
442423	FHA_27_010840_3	21	555.333	689	-0.194	0.194	5.359
442423	FHA_27_010840_3	22	486.667	587	-0.171	0.171	4.33
442423	FHA_27_010840_3	23	279.333	371	-0.247	0.247	5.083
442423	FHA_27_010840_3	24	190.667	222	-0.141	0.141	2.181
449002	FHA_55_550216_5	1	6	60	-0.9	0.9	9.4
449002	FHA_55_550216_5	2	13.333	34	-0.608	0.608	4.248
449002	FHA_55_550216_5	3	13.333	26	-0.487	0.487	2.856
449002	FHA_55_550216_5	4	64	26	1.462	0.594	5.665
449002	FHA_55_550216_5	5	44.667	36	0.241	0.194	1.365
449002	FHA_55_550216_5	6	130.667	143	-0.086	0.086	1.054
449002	FHA_55_550216_5	7	352	294	0.197	0.165	3.227
449002	FHA_55_550216_5	8	786	554	0.419	0.295	8.963
449002	FHA_55_550216_5	9	886.667	562	0.578	0.366	12.063
449002	FHA_55_550216_5	10	749.333	549	0.365	0.267	7.863
449002	FHA_55_550216_5	11	672.667	539	0.248	0.199	5.431
449002	FHA_55_550216_5	12	745.333	602	0.238	0.192	5.522
449002	FHA_55_550216_5	13	842.667	670	0.258	0.205	6.278
449002	FHA_55_550216_5	14	902	714	0.263	0.208	6.614
449002	FHA_55_550216_5	15	974.667	866	0.125	0.111	3.582
449002	FHA_55_550216_5	16	1095.333	1140	-0.039	0.039	1.336
449002	FHA_55_550216_5	17	1192	1330	-0.104	0.104	3.886
449002	FHA_55_550216_5	18	1220.667	1152	0.06	0.056	1.994
449002	FHA_55_550216_5	19	1011.333	822	0.23	0.187	6.253
449002	FHA_55_550216_5	20	967.333	596	0.623	0.384	13.282
449002	FHA_55_550216_5	21	808.667	474	0.706	0.414	13.215
449002	FHA_55_550216_5	22	474	332	0.428	0.3	7.074
449002	FHA_55_550216_5	23	362	218	0.661	0.398	8.456
449002	FHA_55_550216_5	24	250.667	133	0.885	0.469	8.496
456448	FHA_27_011273_1	1	93.333	549	-0.83	0.83	25.426
456448	FHA_27_011273_1	2	189.333	324	-0.416	0.416	8.406
456448	FHA_27_011273_1	3	136	283	-0.519	0.519	10.156
456448	FHA_27_011273_1	4	309.333	380	-0.186	0.186	3.806
456448	FHA_27_011273_1	5	416.667	826	-0.496	0.496	16.422
456448	FHA_27_011273_1	6	1303.333	2052	-0.365	0.365	18.278
456448	FHA_27_011273_1	7	3170	3324	-0.046	0.046	2.703
456448	FHA_27_011273_1	8	4804	4509	0.065	0.061	4.323
456448	FHA_27_011273_1	9	4666	4381	0.065	0.061	4.237
456448	FHA_27_011273_1	10	4346	4006	0.085	0.078	5.261
456448	FHA_27_011273_1	11	4333.333	3820	0.134	0.118	8.04
456448	FHA_27_011273_1	12	4024.667	4099	-0.018	0.018	1.166
456448	FHA_27_011273_1	13	4408	4451	-0.01	0.01	0.646
456448	FHA_27_011273_1	14	4555.333	4904	-0.071	0.071	5.07
456448	FHA_27_011273_1	15	5240.667	5849	-0.104	0.104	8.17
456448	FHA_27_011273_1	16	5537.333	5794	-0.044	0.044	3.41
456448	FHA_27_011273_1	17	5597.333	5886	-0.049	0.049	3.81
456448	FHA_27_011273_1	18	5321.333	5595	-0.049	0.049	3.704
456448	FHA_27_011273_1	19	4534.667	4462	0.016	0.016	1.083
456448	FHA_27_011273_1	20	3560	3312	0.075	0.07	4.231
456448	FHA_27_011273_1	21	2662.667	2626	0.014	0.014	0.713
456448	FHA_27_011273_1	22	2006.667	2264	-0.114	0.114	5.569
456448	FHA_27_011273_1	23	1421.333	1656	-0.142	0.142	5.982
456448	FHA_27_011273_1	24	848.667	1267	-0.33	0.33	12.862
456898	FHA_27_010919_7	1	74	467	-0.842	0.842	23.895
456898	FHA_27_010919_7	2	110	334	-0.671	0.671	15.034
456898	FHA_27_010919_7	3	164.667	288	-0.428	0.428	8.198
456898	FHA_27_010919_7	4	336	438	-0.233	0.233	5.185
456898	FHA_27_010919_7	5	396.667	1101	-0.64	0.64	25.739
456898	FHA_27_010919_7	6	1470	2599	-0.434	0.434	25.03
456898	FHA_27_010919_7	7	3232	4097	-0.211	0.211	14.289
456898	FHA_27_010919_7	8	5516.667	5098	0.082	0.076	5.747
456898	FHA_27_010919_7	9	5368.667	4704	0.141	0.124	9.366
456898	FHA_27_010919_7	10	4672.667	3826	0.221	0.181	12.988
456898	FHA_27_010919_7	11	4047.333	3439	0.177	0.15	9.943
456898	FHA_27_010919_7	12	3634.667	3576	0.016	0.016	0.977
456898	FHA_27_010919_7	13	3354	3909	-0.142	0.142	9.21
456898	FHA_27_010919_7	14	3579.333	4419	-0.19	0.19	13.278
456898	FHA_27_010919_7	15	3697.333	5106	-0.276	0.276	21.232
456898	FHA_27_010919_7	16	4130.667	5208	-0.207	0.207	15.766
456898	FHA_27_010919_7	17	4006.667	5244	-0.236	0.236	18.193
456898	FHA_27_010919_7	18	4020	4934	-0.185	0.185	13.66
456898	FHA_27_010919_7	19	3637.333	4090	-0.111	0.111	7.282
456898	FHA_27_010919_7	20	3130	2998	0.044	0.042	2.385
456898	FHA_27_010919_7	21	2519.333	2404	0.048	0.046	2.325
456898	FHA_27_010919_7	22	1890.667	1959	-0.035	0.035	1.558
456898	FHA_27_010919_7	23	1366.667	1441	-0.052	0.052	1.984
456898	FHA_27_010919_7	24	830.667	994	-0.164	0.164	5.408
458818	FHA_27_011726_7	1	6.667	439	-0.985	0.985	28.962
458818	FHA_27_011726_7	2	34	256	-0.867	0.867	18.436
458818	FHA_27_011726_7	3	36	188	-0.809	0.809	14.363
458818	FHA_27_011726_7	4	149.333	211	-0.292	0.292	4.594
458818	FHA_27_011726_7	5	363.333	367	-0.01	0.01	0.192
458818	FHA_27_011726_7	6	1058.667	1073	-0.013	0.013	0.439
458818	FHA_27_011726_7	7	2370.667	2333	0.016	0.016	0.777
458818	FHA_27_011726_7	8	4101.333	2992	0.371	0.27	18.627
458818	FHA_27_011726_7	9	4188	2974	0.408	0.29	20.287
458818	FHA_27_011726_7	10	3620	2835	0.277	0.217	13.818
458818	FHA_27_011726_7	11	3408.667	2649	0.287	0.223	13.803
458818	FHA_27_011726_7	12	2576.667	2784	-0.074	0.074	4.005
458818	FHA_27_011726_7	13	2431.333	2879	-0.155	0.155	8.688
458818	FHA_27_011726_7	14	2871.333	2817	0.019	0.019	1.019
458818	FHA_27_011726_7	15	3139.333	2602	0.207	0.171	10.029
458818	FHA_27_011726_7	16	3150	2193	0.436	0.304	18.515
458818	FHA_27_011726_7	17	3270	1986	0.647	0.393	25.047
458818	FHA_27_011726_7	18	3253.333	2095	0.553	0.356	22.4
458818	FHA_27_011726_7	19	2344	2585	-0.093	0.093	4.855
458818	FHA_27_011726_7	20	1809.333	2554	-0.292	0.292	15.943
458818	FHA_27_011726_7	21	1515.333	2222	-0.318	0.318	16.347
458818	FHA_27_011726_7	22	1136	1956	-0.419	0.419	20.855
458818	FHA_27_011726_7	23	808.667	1501	-0.461	0.461	20.373
458818	FHA_27_011726_7	24	344	1079	-0.681	0.681	27.555
458819	FHA_27_011726_3	1	34.667	558	-0.938	0.938	30.401
458819	FHA_27_011726_3	2	34.667	383	-0.909	0.909	24.104
458819	FHA_27_011726_3	3	61.333	299	-0.795	0.795	17.706
458819	FHA_27_011726_3	4	174	245	-0.29	0.29	4.905
458819	FHA_27_011726_3	5	260.667	409	-0.363	0.363	8.106
458819	FHA_27_011726_3	6	1172.667	1398	-0.161	0.161	6.285
458819	FHA_27_011726_3	7	2220.667	3444	-0.355	0.355	22.986
458819	FHA_27_011726_3	8	3739.333	4627	-0.192	0.192	13.725
458819	FHA_27_011726_3	9	3893.333	4730	-0.177	0.177	12.742
458819	FHA_27_011726_3	10	3388.667	4387	-0.228	0.228	16.011
458819	FHA_27_011726_3	11	2612	3931	-0.336	0.336	23.061
458819	FHA_27_011726_3	12	2390.667	4066	-0.412	0.412	29.486
458819	FHA_27_011726_3	13	2254.667	4266	-0.471	0.471	35.225
458819	FHA_27_011726_3	14	2402.667	4369	-0.45	0.45	33.793
458819	FHA_27_011726_3	15	2566.667	4554	-0.436	0.436	33.306
458819	FHA_27_011726_3	16	2911.333	4732	-0.385	0.385	29.451
458819	FHA_27_011726_3	17	2856	4800	-0.405	0.405	31.42
458819	FHA_27_011726_3	18	2734	4578	-0.403	0.403	30.497
458819	FHA_27_011726_3	19	2236	4199	-0.467	0.467	34.607
458819	FHA_27_011726_3	20	1572	3449	-0.544	0.544	37.461
458819	FHA_27_011726_3	21	1267.333	2760	-0.541	0.541	33.264
458819	FHA_27_011726_3	22	960	2545	-0.623	0.623	37.862
458819	FHA_27_011726_3	23	680.667	2018	-0.663	0.663	36.407
458819	FHA_27_011726_3	24	315.333	1337	-0.764	0.764	35.545
462133	FHA_27_011191_7	1	46	256	-0.82	0.82	17.09
462133	FHA_27_011191_7	2	20	152	-0.868	0.868	14.234
462133	FHA_27_011191_7	3	48.667	107	-0.545	0.545	6.612
462133	FHA_27_011191_7	4	217.333	145	0.499	0.333	5.374
462133	FHA_27_011191_7	5	216	385	-0.439	0.439	9.749
462133	FHA_27_011191_7	6	916.667	1083	-0.154	0.154	5.26
462133	FHA_27_011191_7	7	1992.667	2367	-0.158	0.158	8.018
462133	FHA_27_011191_7	8	3072.667	3715	-0.173	0.173	11.026
462133	FHA_27_011191_7	9	3056	3666	-0.166	0.166	10.522
462133	FHA_27_011191_7	10	3083.333	3125	-0.013	0.013	0.748
462133	FHA_27_011191_7	11	2592	2730	-0.051	0.051	2.675
462133	FHA_27_011191_7	12	2328	2899	-0.197	0.197	11.169
462133	FHA_27_011191_7	13	2244	3067	-0.268	0.268	15.971
462133	FHA_27_011191_7	14	2485.333	3209	-0.226	0.226	13.562
462133	FHA_27_011191_7	15	3068	3514	-0.127	0.127	7.774
462133	FHA_27_011191_7	16	3484.667	3764	-0.074	0.074	4.64
462133	FHA_27_011191_7	17	3432.667	3862	-0.111	0.111	7.109
462133	FHA_27_011191_7	18	3379.333	3598	-0.061	0.061	3.702
462133	FHA_27_011191_7	19	2850	2972	-0.041	0.041	2.261
462133	FHA_27_011191_7	20	2088	2260	-0.076	0.076	3.689
462133	FHA_27_011191_7	21	1603.333	1819	-0.119	0.119	5.214
462133	FHA_27_011191_7	22	1153.333	1430	-0.193	0.193	7.698
462133	FHA_27_011191_7	23	882.667	961	-0.082	0.082	2.58
462133	FHA_27_011191_7	24	436	580	-0.248	0.248	6.389
464961	FHA_27_011517_1	1	46	288	-0.84	0.84	18.727
464961	FHA_27_011517_1	2	36.667	168	-0.782	0.782	12.983
464961	FHA_27_011517_1	3	42.667	167	-0.745	0.745	12.143
464961	FHA_27_011517_1	4	156.667	172	-0.089	0.089	1.196
464961	FHA_27_011517_1	5	218.667	461	-0.526	0.526	13.146
464961	FHA_27_011517_1	6	558.667	1117	-0.5	0.5	19.289
464961	FHA_27_011517_1	7	1536.667	2411	-0.363	0.363	19.68
464961	FHA_27_011517_1	8	2861.333	3829	-0.253	0.253	16.731
464961	FHA_27_011517_1	9	2884	3872	-0.255	0.255	16.999
464961	FHA_27_011517_1	10	2620	3091	-0.152	0.152	8.814
464961	FHA_27_011517_1	11	2273.333	2891	-0.214	0.214	12.155
464961	FHA_27_011517_1	12	2193.333	2979	-0.264	0.264	15.449
464961	FHA_27_011517_1	13	2182	3235	-0.326	0.326	20.233
464961	FHA_27_011517_1	14	2538	3618	-0.299	0.299	19.467
464961	FHA_27_011517_1	15	3094	4479	-0.309	0.309	22.508
464961	FHA_27_011517_1	16	3322	4828	-0.312	0.312	23.592
464961	FHA_27_011517_1	17	3436	4705	-0.27	0.27	19.89
464961	FHA_27_011517_1	18	3492.667	4633	-0.246	0.246	17.89
464961	FHA_27_011517_1	19	2962	3328	-0.11	0.11	6.526
464961	FHA_27_011517_1	20	2318.667	2329	-0.004	0.004	0.214
464961	FHA_27_011517_1	21	1960	1845	0.062	0.059	2.637
464961	FHA_27_011517_1	22	1558.667	1477	0.055	0.052	2.096
464961	FHA_27_011517_1	23	1064	979	0.087	0.08	2.659
464961	FHA_27_011517_1	24	608.667	570	0.068	0.064	1.593
478972	FHA_55_550008_7	1	6.667	35	-0.81	0.81	6.208
478972	FHA_55_550008_7	2	38.667	26	0.487	0.328	2.228
478972	FHA_55_550008_7	3	104.667	44	1.379	0.58	7.037
478972	FHA_55_550008_7	4	129.333	130	-0.005	0.005	0.059
478972	FHA_55_550008_7	5	144.667	400	-0.638	0.638	15.472
478972	FHA_55_550008_7	6	250	1082	-0.769	0.769	32.239
478972	FHA_55_550008_7	7	360.667	1777	-0.797	0.797	43.322
478972	FHA_55_550008_7	8	694	1819	-0.618	0.618	31.737
478972	FHA_55_550008_7	9	996.667	1362	-0.268	0.268	10.638
478972	FHA_55_550008_7	10	1181.333	1022	0.156	0.135	4.8
478972	FHA_55_550008_7	11	1251.333	926	0.351	0.26	9.86
478972	FHA_55_550008_7	12	1463.333	889	0.646	0.392	16.747
478972	FHA_55_550008_7	13	1470	884	0.663	0.399	17.081
478972	FHA_55_550008_7	14	1402	885	0.584	0.369	15.289
478972	FHA_55_550008_7	15	1509.333	877	0.721	0.419	18.306
478972	FHA_55_550008_7	16	1893.333	946	1.001	0.5	25.143
478972	FHA_55_550008_7	17	1785.333	1047	0.705	0.414	19.62
478972	FHA_55_550008_7	18	1590.667	925	0.72	0.418	18.769
478972	FHA_55_550008_7	19	1396	683	1.044	0.511	22.115
478972	FHA_55_550008_7	20	1137.333	433	1.627	0.619	25.136
478972	FHA_55_550008_7	21	839.333	290	1.894	0.654	23.117
478972	FHA_55_550008_7	22	688	225	2.058	0.673	21.67
478972	FHA_55_550008_7	23	446	145	2.076	0.675	17.51
478972	FHA_55_550008_7	24	338.667	70	3.838	0.793	18.795
478973	FHA_55_550008_3	1	26	74	-0.649	0.649	6.788
478973	FHA_55_550008_3	2	47.333	53	-0.107	0.107	0.8
478973	FHA_55_550008_3	3	69.333	30	1.311	0.567	5.581
478973	FHA_55_550008_3	4	162.667	33	3.929	0.797	13.109
478973	FHA_55_550008_3	5	165.333	57	1.901	0.655	10.275
478973	FHA_55_550008_3	6	584	142	3.113	0.757	23.199
478973	FHA_55_550008_3	7	1342	399	2.363	0.703	31.962
478973	FHA_55_550008_3	8	3349.333	580	4.775	0.827	62.479
478973	FHA_55_550008_3	9	2951.333	624	3.73	0.789	55.045
478973	FHA_55_550008_3	10	2102.667	712	1.953	0.661	37.07
478973	FHA_55_550008_3	11	1480	758	0.953	0.488	21.584
478973	FHA_55_550008_3	12	1069.333	881	0.214	0.176	6.031
478973	FHA_55_550008_3	13	1002	987	0.015	0.015	0.476
478973	FHA_55_550008_3	14	961.333	1106	-0.131	0.131	4.5
478973	FHA_55_550008_3	15	895.333	1586	-0.435	0.435	19.608
478973	FHA_55_550008_3	16	1076.667	1966	-0.452	0.452	22.801
478973	FHA_55_550008_3	17	1027.333	2148	-0.522	0.522	28.125
478973	FHA_55_550008_3	18	827.333	1802	-0.541	0.541	26.881
478973	FHA_55_550008_3	19	748.667	1179	-0.365	0.365	13.861
478973	FHA_55_550008_3	20	650.667	803	-0.19	0.19	5.65
478973	FHA_55_550008_3	21	372.667	579	-0.356	0.356	9.459
478973	FHA_55_550008_3	22	309.333	398	-0.223	0.223	4.715
478973	FHA_55_550008_3	23	272	286	-0.049	0.049	0.838
478973	FHA_55_550008_3	24	109.333	161	-0.321	0.321	4.444
479057	FHA_27_042507_7	1	13.333	221	-0.94	0.94	19.185
479057	FHA_27_042507_7	2	36	158	-0.772	0.772	12.387
479057	FHA_27_042507_7	3	30	119	-0.748	0.748	10.311
479057	FHA_27_042507_7	4	88.667	132	-0.328	0.328	4.125
479057	FHA_27_042507_7	5	150.667	196	-0.231	0.231	3.443
479057	FHA_27_042507_7	6	430.667	541	-0.204	0.204	5.006
479057	FHA_27_042507_7	7	974	1047	-0.07	0.07	2.296
479057	FHA_27_042507_7	8	1714.667	1236	0.387	0.279	12.462
479057	FHA_27_042507_7	9	1755.333	1128	0.556	0.357	16.522
479057	FHA_27_042507_7	10	1813.333	1222	0.484	0.326	15.179
479057	FHA_27_042507_7	11	1828.667	1246	0.468	0.319	14.861
479057	FHA_27_042507_7	12	1898	1270	0.494	0.331	15.779
479057	FHA_27_042507_7	13	1903.333	1376	0.383	0.277	13.023
479057	FHA_27_042507_7	14	2048	1427	0.435	0.303	14.898
479057	FHA_27_042507_7	15	2549.333	1618	0.576	0.365	20.403
479057	FHA_27_042507_7	16	2863.333	1668	0.717	0.417	25.113
479057	FHA_27_042507_7	17	2896.667	1712	0.692	0.409	24.679
479057	FHA_27_042507_7	18	2711.333	1675	0.619	0.382	22.129
479057	FHA_27_042507_7	19	2498.667	1450	0.723	0.42	23.601
479057	FHA_27_042507_7	20	1979.333	1243	0.592	0.372	18.344
479057	FHA_27_042507_7	21	1643.333	975	0.685	0.407	18.471
479057	FHA_27_042507_7	22	1115.333	786	0.419	0.295	10.681
479057	FHA_27_042507_7	23	795.333	595	0.337	0.252	7.598
479057	FHA_27_042507_7	24	497.333	405	0.228	0.186	4.347
479639	FHA_27_042507_3	1	46.667	241	-0.806	0.806	16.204
479639	FHA_27_042507_3	2	60	190	-0.684	0.684	11.628
479639	FHA_27_042507_3	3	80	195	-0.59	0.59	9.807
479639	FHA_27_042507_3	4	258	204	0.265	0.209	3.553
479639	FHA_27_042507_3	5	243.333	372	-0.346	0.346	7.335
479639	FHA_27_042507_3	6	1142	910	0.255	0.203	7.243
479639	FHA_27_042507_3	7	2673.333	1592	0.679	0.404	23.415
479639	FHA_27_042507_3	8	4102	1674	1.45	0.592	45.18
479639	FHA_27_042507_3	9	3624	1426	1.541	0.607	43.742
479639	FHA_27_042507_3	10	2598.667	1330	0.954	0.488	28.625
479639	FHA_27_042507_3	11	1977.333	1197	0.652	0.395	19.587
479639	FHA_27_042507_3	12	1789.333	1218	0.469	0.319	14.734
479639	FHA_27_042507_3	13	1652	1278	0.293	0.226	9.771
479639	FHA_27_042507_3	14	1852.667	1377	0.345	0.257	11.837
479639	FHA_27_042507_3	15	1790	1469	0.219	0.179	7.952
479639	FHA_27_042507_3	16	1868.667	1546	0.209	0.173	7.809
479639	FHA_27_042507_3	17	1798.667	1566	0.149	0.129	5.673
479639	FHA_27_042507_3	18	1782	1523	0.17	0.145	6.371
479639	FHA_27_042507_3	19	1593.333	1270	0.255	0.203	8.545
479639	FHA_27_042507_3	20	1340.667	970	0.382	0.276	10.905
479639	FHA_27_042507_3	21	924	746	0.239	0.193	6.16
479639	FHA_27_042507_3	22	700.667	650	0.078	0.072	1.95
479639	FHA_27_042507_3	23	571.333	607	-0.059	0.059	1.469
479639	FHA_27_042507_3	24	312	429	-0.273	0.273	6.078
485401	FHA_27_010205_5	1	22.667	186	-0.878	0.878	15.991
485401	FHA_27_010205_5	2	35.333	125	-0.717	0.717	10.015
485401	FHA_27_010205_5	3	13.333	96	-0.861	0.861	11.181
485401	FHA_27_010205_5	4	84	100	-0.16	0.16	1.668
485401	FHA_27_010205_5	5	78.667	246	-0.68	0.68	13.133
485401	FHA_27_010205_5	6	478.667	591	-0.19	0.19	4.857
485401	FHA_27_010205_5	7	1142.667	1348	-0.152	0.152	5.819
485401	FHA_27_010205_5	8	1710	1527	0.12	0.107	4.549
485401	FHA_27_010205_5	9	1646	1410	0.167	0.143	6.037
485401	FHA_27_010205_5	10	1646	1323	0.244	0.196	8.383
485401	FHA_27_010205_5	11	1568	1378	0.138	0.121	4.951
485401	FHA_27_010205_5	12	1552	1497	0.037	0.035	1.409
485401	FHA_27_010205_5	13	1668.667	1630	0.024	0.023	0.952
485401	FHA_27_010205_5	14	1770	1770	0	0	0
485401	FHA_27_010205_5	15	1881.333	2478	-0.241	0.241	12.78
485401	FHA_27_010205_5	16	2179.333	2687	-0.189	0.189	10.292
485401	FHA_27_010205_5	17	2338.667	2879	-0.188	0.188	10.579
485401	FHA_27_010205_5	18	2168.667	2530	-0.143	0.143	7.455
485401	FHA_27_010205_5	19	1980	1827	0.084	0.077	3.507
485401	FHA_27_010205_5	20	1706	1276	0.337	0.252	11.136
485401	FHA_27_010205_5	21	1441.333	985	0.463	0.317	13.102
485401	FHA_27_010205_5	22	1140.667	766	0.489	0.328	12.135
485401	FHA_27_010205_5	23	824.667	690	0.195	0.163	4.893
485401	FHA_27_010205_5	24	492	387	0.271	0.213	5.009
498942	FHA_27_011283_7	1	86	393	-0.781	0.781	19.837
498942	FHA_27_011283_7	2	41.333	197	-0.79	0.79	14.26
498942	FHA_27_011283_7	3	90	131	-0.313	0.313	3.9
498942	FHA_27_011283_7	4	317.333	190	0.67	0.401	7.995
498942	FHA_27_011283_7	5	406.667	470	-0.135	0.135	3.025
498942	FHA_27_011283_7	6	1499.333	1275	0.176	0.15	6.023
498942	FHA_27_011283_7	7	3373.333	2202	0.532	0.347	22.185
498942	FHA_27_011283_7	8	5351.333	2083	1.569	0.611	53.607
498942	FHA_27_011283_7	9	5019.333	1825	1.75	0.636	54.605
498942	FHA_27_011283_7	10	4354.667	2137	1.038	0.509	38.925
498942	FHA_27_011283_7	11	3736	2052	0.821	0.451	31.303
498942	FHA_27_011283_7	12	3079.333	2151	0.432	0.301	18.153
498942	FHA_27_011283_7	13	3014.667	2243	0.344	0.256	15.05
498942	FHA_27_011283_7	14	3104.667	2243	0.384	0.278	16.664
498942	FHA_27_011283_7	15	3020.667	2273	0.329	0.248	14.533
498942	FHA_27_011283_7	16	3037.333	2130	0.426	0.299	17.85
498942	FHA_27_011283_7	17	2988.667	2148	0.391	0.281	16.588
498942	FHA_27_011283_7	18	2960	2111	0.402	0.287	16.861
498942	FHA_27_011283_7	19	2708.667	1955	0.386	0.278	15.607
498942	FHA_27_011283_7	20	2159.333	1674	0.29	0.225	11.086
498942	FHA_27_011283_7	21	1636.667	1461	0.12	0.107	4.464
498942	FHA_27_011283_7	22	1257.333	1374	-0.085	0.085	3.216
498942	FHA_27_011283_7	23	906	927	-0.023	0.023	0.694
498942	FHA_27_011283_7	24	578	608	-0.049	0.049	1.232
500373	FHA_27_011238_3	1	40	245	-0.837	0.837	17.173
500373	FHA_27_011238_3	2	40	198	-0.798	0.798	14.484
500373	FHA_27_011238_3	3	63.333	175	-0.638	0.638	10.229
500373	FHA_27_011238_3	4	217.333	175	0.242	0.195	3.023
500373	FHA_27_011238_3	5	316.667	357	-0.113	0.113	2.198
500373	FHA_27_011238_3	6	1212	1264	-0.041	0.041	1.478
500373	FHA_27_011238_3	7	2903.333	3102	-0.064	0.064	3.626
500373	FHA_27_011238_3	8	4200.667	5164	-0.187	0.187	14.078
500373	FHA_27_011238_3	9	3988.667	5093	-0.217	0.217	16.388
500373	FHA_27_011238_3	10	3165.333	4114	-0.231	0.231	15.725
500373	FHA_27_011238_3	11	2892	3568	-0.189	0.189	11.894
500373	FHA_27_011238_3	12	2035.333	3731	-0.454	0.454	31.58
500373	FHA_27_011238_3	13	1894.667	3796	-0.501	0.501	35.644
500373	FHA_27_011238_3	14	2086	3705	-0.437	0.437	30.087
500373	FHA_27_011238_3	15	2134.667	4139	-0.484	0.484	35.787
500373	FHA_27_011238_3	16	2078	4268	-0.513	0.513	38.878
500373	FHA_27_011238_3	17	2048.667	4006	-0.489	0.489	35.574
500373	FHA_27_011238_3	18	2046	3903	-0.476	0.476	34.049
500373	FHA_27_011238_3	19	1651.333	3641	-0.546	0.546	38.679
500373	FHA_27_011238_3	20	1240	2560	-0.516	0.516	30.283
500373	FHA_27_011238_3	21	870	1972	-0.559	0.559	29.234
500373	FHA_27_011238_3	22	618	1540	-0.599	0.599	28.069
500373	FHA_27_011238_3	23	350	1084	-0.677	0.677	27.412
500373	FHA_27_011238_3	24	178.667	594	-0.699	0.699	21.131
505330	FHA_55_550153_7	1	143.333	261	-0.451	0.451	8.276
505330	FHA_55_550153_7	2	171.333	226	-0.242	0.242	3.878
505330	FHA_55_550153_7	3	61.333	233	-0.737	0.737	14.151
505330	FHA_55_550153_7	4	317.333	334	-0.05	0.05	0.924
505330	FHA_55_550153_7	5	286.667	597	-0.52	0.52	14.764
505330	FHA_55_550153_7	6	799.333	1338	-0.403	0.403	16.478
505330	FHA_55_550153_7	7	1884	1902	-0.009	0.009	0.414
505330	FHA_55_550153_7	8	3825.333	1979	0.933	0.483	34.273
505330	FHA_55_550153_7	9	3646.667	1712	1.13	0.531	37.376
505330	FHA_55_550153_7	10	2463.333	1580	0.559	0.359	19.646
505330	FHA_55_550153_7	11	2061.333	1534	0.344	0.256	12.437
505330	FHA_55_550153_7	12	1677.333	1601	0.048	0.046	1.885
505330	FHA_55_550153_7	13	1370.667	1636	-0.162	0.162	6.843
505330	FHA_55_550153_7	14	1671.333	1654	0.01	0.01	0.425
505330	FHA_55_550153_7	15	1497.333	1744	-0.141	0.141	6.127
505330	FHA_55_550153_7	16	1520	1971	-0.229	0.229	10.795
505330	FHA_55_550153_7	17	1432	2051	-0.302	0.302	14.833
505330	FHA_55_550153_7	18	1254	1897	-0.339	0.339	16.2
505330	FHA_55_550153_7	19	1022.667	1520	-0.327	0.327	13.948
505330	FHA_55_550153_7	20	771.333	1139	-0.323	0.323	11.896
505330	FHA_55_550153_7	21	712	893	-0.203	0.203	6.389
505330	FHA_55_550153_7	22	549.333	698	-0.213	0.213	5.953
505330	FHA_55_550153_7	23	349.333	520	-0.328	0.328	8.186
505330	FHA_55_550153_7	24	258.667	386	-0.33	0.33	7.092
50648	FHA_27_010830_1	1	31.333	119	-0.737	0.737	10.112
50648	FHA_27_010830_1	2	59.333	100	-0.407	0.407	4.556
50648	FHA_27_010830_1	3	62	80	-0.225	0.225	2.136
50648	FHA_27_010830_1	4	198	126	0.571	0.364	5.657
50648	FHA_27_010830_1	5	263.333	274	-0.039	0.039	0.651
50648	FHA_27_010830_1	6	1016.667	892	0.14	0.123	4.036
50648	FHA_27_010830_1	7	2342	1783	0.314	0.239	12.309
50648	FHA_27_010830_1	8	4156.667	2146	0.937	0.484	35.817
50648	FHA_27_010830_1	9	3789.333	1733	1.187	0.543	39.133
50648	FHA_27_010830_1	10	2475.333	1258	0.968	0.492	28.176
50648	FHA_27_010830_1	11	2109.333	1030	1.048	0.512	27.243
50648	FHA_27_010830_1	12	1549.333	996	0.556	0.357	15.511
50648	FHA_27_010830_1	13	1429.333	1017	0.405	0.288	11.79
50648	FHA_27_010830_1	14	1670	1040	0.606	0.377	17.115
50648	FHA_27_010830_1	15	1466	1197	0.225	0.183	7.372
50648	FHA_27_010830_1	16	1358	1306	0.04	0.038	1.425
50648	FHA_27_010830_1	17	1467.333	1266	0.159	0.137	5.446
50648	FHA_27_010830_1	18	1328.667	1302	0.02	0.02	0.735
50648	FHA_27_010830_1	19	1007.333	1110	-0.092	0.092	3.155
50648	FHA_27_010830_1	20	866	792	0.093	0.085	2.57
50648	FHA_27_010830_1	21	742	576	0.288	0.224	6.466
50648	FHA_27_010830_1	22	580	487	0.191	0.16	4.026
50648	FHA_27_010830_1	23	316	418	-0.244	0.244	5.324
50648	FHA_27_010830_1	24	193.333	341	-0.433	0.433	9.034
525557	FHA_27_011273_5	1	110	492	-0.776	0.776	22.018
525557	FHA_27_011273_5	2	105.333	397	-0.735	0.735	18.404
525557	FHA_27_011273_5	3	108.667	341	-0.681	0.681	15.495
525557	FHA_27_011273_5	4	385.333	454	-0.151	0.151	3.352
525557	FHA_27_011273_5	5	626.667	919	-0.318	0.318	10.516
525557	FHA_27_011273_5	6	1943.333	2906	-0.331	0.331	19.55
525557	FHA_27_011273_5	7	4675.333	5473	-0.146	0.146	11.198
525557	FHA_27_011273_5	8	8406.667	6163	0.364	0.267	26.287
525557	FHA_27_011273_5	9	7617.333	5637	0.351	0.26	24.326
525557	FHA_27_011273_5	10	6520	4848	0.345	0.256	22.177
525557	FHA_27_011273_5	11	5267.333	4246	0.241	0.194	14.809
525557	FHA_27_011273_5	12	4282	4285	-0.001	0.001	0.046
525557	FHA_27_011273_5	13	4296.667	4570	-0.06	0.06	4.105
525557	FHA_27_011273_5	14	4186	4716	-0.112	0.112	7.944
525557	FHA_27_011273_5	15	4339.333	5305	-0.182	0.182	13.906
525557	FHA_27_011273_5	16	4588.667	5496	-0.165	0.165	12.778
525557	FHA_27_011273_5	17	4333.333	5484	-0.21	0.21	16.424
525557	FHA_27_011273_5	18	4110	5260	-0.219	0.219	16.801
525557	FHA_27_011273_5	19	3348	4548	-0.264	0.264	19.098
525557	FHA_27_011273_5	20	2737.333	3188	-0.141	0.141	8.28
525557	FHA_27_011273_5	21	1926.667	2558	-0.247	0.247	13.332
525557	FHA_27_011273_5	22	1578.667	2009	-0.214	0.214	10.16
525557	FHA_27_011273_5	23	1024.667	1680	-0.39	0.39	17.821
525557	FHA_27_011273_5	24	558	991	-0.437	0.437	15.559
551626	FHA_27_010794_3	1	32	437	-0.927	0.927	26.447
551626	FHA_27_010794_3	2	69.333	298	-0.767	0.767	16.873
551626	FHA_27_010794_3	3	42	257	-0.837	0.837	17.584
551626	FHA_27_010794_3	4	132.667	342	-0.612	0.612	13.588
551626	FHA_27_010794_3	5	176	746	-0.764	0.764	26.548
551626	FHA_27_010794_3	6	683.333	2398	-0.715	0.715	43.684
551626	FHA_27_010794_3	7	1430.667	4240	-0.663	0.663	52.76
551626	FHA_27_010794_3	8	2666	5143	-0.482	0.482	39.641
551626	FHA_27_010794_3	9	2752	4718	-0.417	0.417	32.169
551626	FHA_27_010794_3	10	2700	3506	-0.23	0.23	14.469
551626	FHA_27_010794_3	11	2812	2901	-0.031	0.031	1.665
551626	FHA_27_010794_3	12	2929.333	2851	0.027	0.027	1.457
551626	FHA_27_010794_3	13	3112	2947	0.056	0.053	2.998
551626	FHA_27_010794_3	14	3450.667	2973	0.161	0.138	8.428
551626	FHA_27_010794_3	15	3995.333	3393	0.178	0.151	9.91
551626	FHA_27_010794_3	16	3950.667	3685	0.072	0.067	4.3
551626	FHA_27_010794_3	17	3806.667	4032	-0.056	0.056	3.599
551626	FHA_27_010794_3	18	3466	3828	-0.095	0.095	5.994
551626	FHA_27_010794_3	19	3122.667	3408	-0.084	0.084	4.993
551626	FHA_27_010794_3	20	2486	2524	-0.015	0.015	0.759
551626	FHA_27_010794_3	21	2061.333	2058	0.002	0.002	0.073
551626	FHA_27_010794_3	22	1816	1691	0.074	0.069	2.985
551626	FHA_27_010794_3	23	1250.667	1367	-0.085	0.085	3.216
551626	FHA_27_010794_3	24	708	827	-0.144	0.144	4.295
556282	FHA_27_010840_7	1	28.667	91	-0.685	0.685	8.058
556282	FHA_27_010840_7	2	17.333	91	-0.81	0.81	10.009
556282	FHA_27_010840_7	3	30	36	-0.167	0.167	1.044
556282	FHA_27_010840_7	4	68.667	74	-0.072	0.072	0.631
556282	FHA_27_010840_7	5	153.333	183	-0.162	0.162	2.288
556282	FHA_27_010840_7	6	572.667	603	-0.05	0.05	1.251
556282	FHA_27_010840_7	7	1355.333	1340	0.011	0.011	0.418
556282	FHA_27_010840_7	8	2915.333	1776	0.642	0.391	23.524
556282	FHA_27_010840_7	9	2772.667	1480	0.873	0.466	28.033
556282	FHA_27_010840_7	10	2072	1133	0.829	0.453	23.457
556282	FHA_27_010840_7	11	1547.333	971	0.594	0.372	16.242
556282	FHA_27_010840_7	12	1003.333	997	0.006	0.006	0.2
556282	FHA_27_010840_7	13	918.667	1014	-0.094	0.094	3.067
556282	FHA_27_010840_7	14	956	1012	-0.055	0.055	1.785
556282	FHA_27_010840_7	15	876	1160	-0.245	0.245	8.901
556282	FHA_27_010840_7	16	914.667	1328	-0.311	0.311	12.343
556282	FHA_27_010840_7	17	878	1372	-0.36	0.36	14.728
556282	FHA_27_010840_7	18	696.667	1188	-0.414	0.414	16.006
556282	FHA_27_010840_7	19	523.333	914	-0.427	0.427	14.573
556282	FHA_27_010840_7	20	432	641	-0.326	0.326	9.023
556282	FHA_27_010840_7	21	352	472	-0.254	0.254	5.912
556282	FHA_27_010840_7	22	214.667	372	-0.423	0.423	9.186
556282	FHA_27_010840_7	23	101.333	334	-0.697	0.697	15.77
556282	FHA_27_010840_7	24	60.667	178	-0.659	0.659	10.741
557307	FHA_27_011516_5	1	16.667	119	-0.86	0.86	12.425
557307	FHA_27_011516_5	2	56.667	105	-0.46	0.46	5.376
557307	FHA_27_011516_5	3	54.667	90	-0.393	0.393	4.154
557307	FHA_27_011516_5	4	206	165	0.248	0.199	3.01
557307	FHA_27_011516_5	5	268.667	446	-0.398	0.398	9.381
557307	FHA_27_011516_5	6	1109.333	1264	-0.122	0.122	4.49
557307	FHA_27_011516_5	7	2744.667	1873	0.465	0.318	18.141
557307	FHA_27_011516_5	8	4754	2163	1.198	0.545	44.058
557307	FHA_27_011516_5	9	4680.667	1667	1.808	0.644	53.494
557307	FHA_27_011516_5	10	3176.667	1468	1.164	0.538	35.456
557307	FHA_27_011516_5	11	2407.333	1410	0.707	0.414	22.828
557307	FHA_27_011516_5	12	1683.333	1437	0.171	0.146	6.236
557307	FHA_27_011516_5	13	1636	1506	0.086	0.079	3.28
557307	FHA_27_011516_5	14	1982.667	1659	0.195	0.163	7.585
557307	FHA_27_011516_5	15	1668	2167	-0.23	0.23	11.395
557307	FHA_27_011516_5	16	1543.333	2532	-0.39	0.39	21.902
557307	FHA_27_011516_5	17	1668	2592	-0.356	0.356	20.021
557307	FHA_27_011516_5	18	1604.667	2161	-0.257	0.257	12.821
557307	FHA_27_011516_5	19	1318	1507	-0.125	0.125	5.029
557307	FHA_27_011516_5	20	928	1053	-0.119	0.119	3.972
557307	FHA_27_011516_5	21	678	802	-0.155	0.155	4.558
557307	FHA_27_011516_5	22	364.667	615	-0.407	0.407	11.311
557307	FHA_27_011516_5	23	258.667	457	-0.434	0.434	10.485
557307	FHA_27_011516_5	24	172	306	-0.438	0.438	8.668
559300	FHA_27_010800_3	1	75.333	623	-0.879	0.879	29.309
559300	FHA_27_010800_3	2	68	443	-0.847	0.847	23.46
559300	FHA_27_010800_3	3	94.667	363	-0.739	0.739	17.738
559300	FHA_27_010800_3	4	365.333	402	-0.091	0.091	1.872
559300	FHA_27_010800_3	5	480.667	792	-0.393	0.393	12.342
559300	FHA_27_010800_3	6	2188.667	2323	-0.058	0.058	2.828
559300	FHA_27_010800_3	7	4292	4571	-0.061	0.061	4.191
559300	FHA_27_010800_3	8	6670	4697	0.42	0.296	26.171
559300	FHA_27_010800_3	9	6495.333	4447	0.461	0.315	27.692
559300	FHA_27_010800_3	10	5985.333	4632	0.292	0.226	18.574
559300	FHA_27_010800_3	11	5099.333	4547	0.121	0.108	7.953
559300	FHA_27_010800_3	12	4454	4548	-0.021	0.021	1.401
559300	FHA_27_010800_3	13	4259.333	4521	-0.058	0.058	3.949
559300	FHA_27_010800_3	14	4562.667	4537	0.006	0.006	0.381
559300	FHA_27_010800_3	15	4578.667	4622	-0.009	0.009	0.639
559300	FHA_27_010800_3	16	4935.333	4705	0.049	0.047	3.318
559300	FHA_27_010800_3	17	4972	4591	0.083	0.077	5.51
559300	FHA_27_010800_3	18	4778.667	4358	0.097	0.088	6.224
559300	FHA_27_010800_3	19	3768.667	4530	-0.168	0.168	11.819
559300	FHA_27_010800_3	20	2801.333	3912	-0.284	0.284	19.17
559300	FHA_27_010800_3	21	2123.333	3220	-0.341	0.341	21.217
559300	FHA_27_010800_3	22	1604	2762	-0.419	0.419	24.785
559300	FHA_27_010800_3	23	1052	2182	-0.518	0.518	28.101
559300	FHA_27_010800_3	24	479.333	1290	-0.628	0.628	27.255
559393	FHA_27_010338_5	1	54.667	186	-0.706	0.706	11.972
559393	FHA_27_010338_5	2	33.333	156	-0.786	0.786	12.607
559393	FHA_27_010338_5	3	60	156	-0.615	0.615	9.238
559393	FHA_27_010338_5	4	275.333	203	0.356	0.263	4.677
559393	FHA_27_010338_5	5	332	488	-0.32	0.32	7.704
559393	FHA_27_010338_5	6	1535.333	1340	0.146	0.127	5.152
559393	FHA_27_010338_5	7	2897.333	2647	0.095	0.086	4.755
559393	FHA_27_010338_5	8	4508	3301	0.366	0.268	19.316
559393	FHA_27_010338_5	9	4328	3146	0.376	0.273	19.336
559393	FHA_27_010338_5	10	3798.667	2849	0.333	0.25	16.472
559393	FHA_27_010338_5	11	3692	2507	0.473	0.321	21.285
559393	FHA_27_010338_5	12	2701.333	2610	0.035	0.034	1.772
559393	FHA_27_010338_5	13	2596.667	2623	-0.01	0.01	0.515
559393	FHA_27_010338_5	14	2550	2587	-0.014	0.014	0.73
559393	FHA_27_010338_5	15	3017.333	2895	0.042	0.041	2.25
559393	FHA_27_010338_5	16	3094	3057	0.012	0.012	0.667
559393	FHA_27_010338_5	17	3100.667	2771	0.119	0.106	6.084
559393	FHA_27_010338_5	18	2749.333	2604	0.056	0.053	2.809
559393	FHA_27_010338_5	19	2398	2267	0.058	0.055	2.712
559393	FHA_27_010338_5	20	1511.333	1591	-0.05	0.05	2.023
559393	FHA_27_010338_5	21	1182	1246	-0.051	0.051	1.837
559393	FHA_27_010338_5	22	764	956	-0.201	0.201	6.547
559393	FHA_27_010338_5	23	381.333	668	-0.429	0.429	12.515
559393	FHA_27_010338_5	24	171.333	339	-0.495	0.495	10.496
58756	FHA_27_011280_5	1	18.667	383	-0.951	0.951	25.709
58756	FHA_27_011280_5	2	88	254	-0.654	0.654	12.694
58756	FHA_27_011280_5	3	98	211	-0.536	0.536	9.091
58756	FHA_27_011280_5	4	184.667	199	-0.072	0.072	1.035
58756	FHA_27_011280_5	5	234	387	-0.395	0.395	8.683
58756	FHA_27_011280_5	6	806.667	1123	-0.282	0.282	10.184
58756	FHA_27_011280_5	7	1630.667	2301	-0.291	0.291	15.119
58756	FHA_27_011280_5	8	2820.667	3324	-0.151	0.151	9.081
58756	FHA_27_011280_5	9	2692	3106	-0.133	0.133	7.689
58756	FHA_27_011280_5	10	2692.667	3029	-0.111	0.111	6.288
58756	FHA_27_011280_5	11	2808.667	2929	-0.041	0.041	2.247
58756	FHA_27_011280_5	12	2911.333	3104	-0.062	0.062	3.513
58756	FHA_27_011280_5	13	2726	3337	-0.183	0.183	11.097
58756	FHA_27_011280_5	14	3025.333	3469	-0.128	0.128	7.786
58756	FHA_27_011280_5	15	3511.333	3998	-0.122	0.122	7.942
58756	FHA_27_011280_5	16	4000	4298	-0.069	0.069	4.626
58756	FHA_27_011280_5	17	4326	4326	0	0	0
58756	FHA_27_011280_5	18	4030.667	4019	0.003	0.003	0.184
58756	FHA_27_011280_5	19	3490	3268	0.068	0.064	3.819
58756	FHA_27_011280_5	20	2476.667	2556	-0.031	0.031	1.582
58756	FHA_27_011280_5	21	2058.667	2065	-0.003	0.003	0.139
58756	FHA_27_011280_5	22	1344.667	1685	-0.202	0.202	8.744
58756	FHA_27_011280_5	23	990.667	1227	-0.193	0.193	7.097
58756	FHA_27_011280_5	24	640	760	-0.158	0.158	4.536
591375	FHA_27_011747_7	1	67.333	401	-0.832	0.832	21.805
591375	FHA_27_011747_7	2	92	279	-0.67	0.67	13.73
591375	FHA_27_011747_7	3	86	238	-0.639	0.639	11.942
591375	FHA_27_011747_7	4	348.667	354	-0.015	0.015	0.285
591375	FHA_27_011747_7	5	579.333	833	-0.305	0.305	9.546
591375	FHA_27_011747_7	6	2044	2484	-0.177	0.177	9.247
591375	FHA_27_011747_7	7	4344.667	4530	-0.041	0.041	2.782
591375	FHA_27_011747_7	8	5508.667	4636	0.188	0.158	12.253
591375	FHA_27_011747_7	9	4978.667	4393	0.133	0.118	8.556
591375	FHA_27_011747_7	10	4053.333	3973	0.02	0.02	1.268
591375	FHA_27_011747_7	11	3503.333	3359	0.043	0.041	2.464
591375	FHA_27_011747_7	12	2898.667	3381	-0.143	0.143	8.608
591375	FHA_27_011747_7	13	2520	3474	-0.275	0.275	17.426
591375	FHA_27_011747_7	14	2700.667	3583	-0.246	0.246	15.741
591375	FHA_27_011747_7	15	2554.667	3897	-0.344	0.344	23.634
591375	FHA_27_011747_7	16	2417.333	4033	-0.401	0.401	28.45
591375	FHA_27_011747_7	17	2498	4119	-0.394	0.394	28.182
591375	FHA_27_011747_7	18	2388	4145	-0.424	0.424	30.742
591375	FHA_27_011747_7	19	1942	3580	-0.458	0.458	31.173
591375	FHA_27_011747_7	20	1566	2635	-0.406	0.406	23.325
591375	FHA_27_011747_7	21	1182	2041	-0.421	0.421	21.398
591375	FHA_27_011747_7	22	888	1632	-0.456	0.456	20.96
591375	FHA_27_011747_7	23	514.667	1253	-0.589	0.589	24.835
591375	FHA_27_011747_7	24	292	776	-0.624	0.624	20.945
594011	FHA_27_010830_5	1	14	169	-0.917	0.917	16.204
594011	FHA_27_010830_5	2	22.667	106	-0.786	0.786	10.39
594011	FHA_27_010830_5	3	17.333	80	-0.783	0.783	8.983
594011	FHA_27_010830_5	4	73.333	89	-0.176	0.176	1.739
594011	FHA_27_010830_5	5	133.333	175	-0.238	0.238	3.356
594011	FHA_27_010830_5	6	444	426	0.042	0.041	0.863
594011	FHA_27_010830_5	7	875.333	897	-0.024	0.024	0.728
594011	FHA_27_010830_5	8	1378.667	1002	0.376	0.273	10.917
594011	FHA_27_010830_5	9	1334.667	888	0.503	0.335	13.399
594011	FHA_27_010830_5	10	1767.333	836	1.114	0.527	25.814
594011	FHA_27_010830_5	11	1606	884	0.817	0.45	20.462
594011	FHA_27_010830_5	12	1605.333	987	0.626	0.385	17.175
594011	FHA_27_010830_5	13	1849.333	1087	0.701	0.412	19.896
594011	FHA_27_010830_5	14	1988	1265	0.572	0.364	17.927
594011	FHA_27_010830_5	15	2216	1671	0.326	0.246	12.362
594011	FHA_27_010830_5	16	2368	1952	0.213	0.176	8.951
594011	FHA_27_010830_5	17	2561.333	2137	0.199	0.166	8.755
594011	FHA_27_010830_5	18	2302	1871	0.23	0.187	9.436
594011	FHA_27_010830_5	19	2021.333	1322	0.529	0.346	17.104
594011	FHA_27_010830_5	20	1590.667	975	0.631	0.387	17.189
594011	FHA_27_010830_5	21	1332.667	821	0.623	0.384	15.592
594011	FHA_27_010830_5	22	1052	677	0.554	0.356	12.754
594011	FHA_27_010830_5	23	728.667	569	0.281	0.219	6.268
594011	FHA_27_010830_5	24	378.667	395	-0.041	0.041	0.83
594015	FHA_27_000042_5	1	15.333	105	-0.854	0.854	11.56
594015	FHA_27_000042_5	2	40	76	-0.474	0.474	4.727
594015	FHA_27_000042_5	3	30	63	-0.524	0.524	4.839
594015	FHA_27_000042_5	4	71.333	70	0.019	0.019	0.159
594015	FHA_27_000042_5	5	134	163	-0.178	0.178	2.38
594015	FHA_27_000042_5	6	418	374	0.118	0.105	2.211
594015	FHA_27_000042_5	7	1069.333	752	0.422	0.297	10.516
594015	FHA_27_000042_5	8	1830	1076	0.701	0.412	19.781
594015	FHA_27_000042_5	9	1662	1014	0.639	0.39	17.715
594015	FHA_27_000042_5	10	1543.333	1014	0.522	0.343	14.803
594015	FHA_27_000042_5	11	1766	1065	0.658	0.397	18.632
594015	FHA_27_000042_5	12	1540.667	1113	0.384	0.278	11.741
594015	FHA_27_000042_5	13	1695.333	1173	0.445	0.308	13.793
594015	FHA_27_000042_5	14	1840.667	1254	0.468	0.319	14.914
594015	FHA_27_000042_5	15	1858	1502	0.237	0.192	8.686
594015	FHA_27_000042_5	16	2062	1798	0.147	0.128	6.009
594015	FHA_27_000042_5	17	1990	1879	0.059	0.056	2.524
594015	FHA_27_000042_5	18	2086	1704	0.224	0.183	8.775
594015	FHA_27_000042_5	19	1797.333	1172	0.534	0.348	16.229
594015	FHA_27_000042_5	20	1683.333	801	1.102	0.524	25.035
594015	FHA_27_000042_5	21	1336.667	589	1.269	0.559	24.095
594015	FHA_27_000042_5	22	1165.333	433	1.691	0.628	25.905
594015	FHA_27_000042_5	23	864	321	1.692	0.628	22.308
594015	FHA_27_000042_5	24	501.333	236	1.124	0.529	13.819
599453	FHA_27_000382_5	1	8.667	108	-0.92	0.92	13.006
599453	FHA_27_000382_5	2	89.333	67	0.333	0.25	2.526
599453	FHA_27_000382_5	3	96.667	54	0.79	0.441	4.916
599453	FHA_27_000382_5	4	96	76	0.263	0.208	2.157
599453	FHA_27_000382_5	5	125.333	146	-0.142	0.142	1.774
599453	FHA_27_000382_5	6	206	395	-0.478	0.478	10.903
599453	FHA_27_000382_5	7	304.667	775	-0.607	0.607	20.243
599453	FHA_27_000382_5	8	583.333	923	-0.368	0.368	12.377
599453	FHA_27_000382_5	9	594.667	964	-0.383	0.383	13.23
599453	FHA_27_000382_5	10	732.667	982	-0.254	0.254	8.515
599453	FHA_27_000382_5	11	701.333	975	-0.281	0.281	9.453
599453	FHA_27_000382_5	12	688	990	-0.305	0.305	10.426
599453	FHA_27_000382_5	13	725.333	1056	-0.313	0.313	11.08
599453	FHA_27_000382_5	14	866.667	1089	-0.204	0.204	7.11
599453	FHA_27_000382_5	15	825.333	1333	-0.381	0.381	15.454
599453	FHA_27_000382_5	16	1050.667	1580	-0.335	0.335	14.595
599453	FHA_27_000382_5	17	907.333	1638	-0.446	0.446	20.482
599453	FHA_27_000382_5	18	928	1456	-0.363	0.363	15.293
599453	FHA_27_000382_5	19	835.333	962	-0.132	0.132	4.225
599453	FHA_27_000382_5	20	596	662	-0.1	0.1	2.632
599453	FHA_27_000382_5	21	610	514	0.187	0.157	4.05
599453	FHA_27_000382_5	22	385.333	426	-0.095	0.095	2.019
599453	FHA_27_000382_5	23	388	308	0.26	0.206	4.288
599453	FHA_27_000382_5	24	194	207	-0.063	0.063	0.918
599475	FHA_27_010205_1	1	14.667	144	-0.898	0.898	14.521
599475	FHA_27_010205_1	2	80	116	-0.31	0.31	3.637
599475	FHA_27_010205_1	3	51.333	100	-0.487	0.487	5.595
599475	FHA_27_010205_1	4	122.667	177	-0.307	0.307	4.439
599475	FHA_27_010205_1	5	194	419	-0.537	0.537	12.852
599475	FHA_27_010205_1	6	660.667	1247	-0.47	0.47	18.985
599475	FHA_27_010205_1	7	1925.333	2341	-0.178	0.178	9
599475	FHA_27_010205_1	8	3543.333	2724	0.301	0.231	14.636
599475	FHA_27_010205_1	9	3004.667	1905	0.577	0.366	22.195
599475	FHA_27_010205_1	10	2203.333	1512	0.457	0.314	16.04
599475	FHA_27_010205_1	11	1782	1419	0.256	0.204	9.074
599475	FHA_27_010205_1	12	1379.333	1470	-0.062	0.062	2.402
599475	FHA_27_010205_1	13	1326	1492	-0.111	0.111	4.422
599475	FHA_27_010205_1	14	1329.333	1525	-0.128	0.128	5.179
599475	FHA_27_010205_1	15	1404.667	1758	-0.201	0.201	8.885
599475	FHA_27_010205_1	16	1409.333	2148	-0.344	0.344	17.515
599475	FHA_27_010205_1	17	1400	1973	-0.29	0.29	13.953
599475	FHA_27_010205_1	18	1331.333	1796	-0.259	0.259	11.751
599475	FHA_27_010205_1	19	1204.667	1413	-0.147	0.147	5.759
599475	FHA_27_010205_1	20	939.333	1056	-0.11	0.11	3.694
599475	FHA_27_010205_1	21	759.333	745	0.019	0.019	0.523
599475	FHA_27_010205_1	22	647.333	589	0.099	0.09	2.346
599475	FHA_27_010205_1	23	354.667	470	-0.245	0.245	5.68
599475	FHA_27_010205_1	24	254.667	486	-0.476	0.476	12.021
600152	FHA_55_550006_3	1	32	280	-0.886	0.886	19.856
600152	FHA_55_550006_3	2	170	207	-0.179	0.179	2.695
600152	FHA_55_550006_3	3	233.333	172	0.357	0.263	4.308
600152	FHA_55_550006_3	4	305.333	218	0.401	0.286	5.399
600152	FHA_55_550006_3	5	286.667	382	-0.25	0.25	5.214
600152	FHA_55_550006_3	6	535.333	780	-0.314	0.314	9.541
600152	FHA_55_550006_3	7	1179.333	1398	-0.156	0.156	6.091
600152	FHA_55_550006_3	8	2084.667	1976	0.055	0.052	2.412
600152	FHA_55_550006_3	9	2349.333	2195	0.07	0.066	3.238
600152	FHA_55_550006_3	10	2532.667	2348	0.079	0.073	3.738
600152	FHA_55_550006_3	11	2945.333	2386	0.234	0.19	10.833
600152	FHA_55_550006_3	12	2922.667	2553	0.145	0.126	7.065
600152	FHA_55_550006_3	13	2979.333	2726	0.093	0.085	4.743
600152	FHA_55_550006_3	14	3006.667	2853	0.054	0.051	2.839
600152	FHA_55_550006_3	15	3272.667	3324	-0.015	0.015	0.894
600152	FHA_55_550006_3	16	3872	3985	-0.028	0.028	1.803
600152	FHA_55_550006_3	17	3909.333	4241	-0.078	0.078	5.196
600152	FHA_55_550006_3	18	3632.667	3609	0.007	0.007	0.393
600152	FHA_55_550006_3	19	3036.667	2610	0.163	0.141	8.03
600152	FHA_55_550006_3	20	2541.333	1747	0.455	0.313	17.154
600152	FHA_55_550006_3	21	1917.333	1338	0.433	0.302	14.36
600152	FHA_55_550006_3	22	1437.333	989	0.453	0.312	12.872
600152	FHA_55_550006_3	23	1214	717	0.693	0.409	15.995
600152	FHA_55_550006_3	24	905.333	521	0.738	0.425	14.392
602210	FHA_27_011196_7	1	10	56	-0.821	0.821	8.008
602210	FHA_27_011196_7	2	8	29	-0.724	0.724	4.882
602210	FHA_27_011196_7	3	19.333	18	0.074	0.069	0.309
602210	FHA_27_011196_7	4	40	33	0.212	0.175	1.159
602210	FHA_27_011196_7	5	50.667	68	-0.255	0.255	2.25
602210	FHA_27_011196_7	6	196.667	219	-0.102	0.102	1.549
602210	FHA_27_011196_7	7	451.333	588	-0.232	0.232	5.995
602210	FHA_27_011196_7	8	1132	1227	-0.077	0.077	2.766
602210	FHA_27_011196_7	9	945.333	1266	-0.253	0.253	9.644
602210	FHA_27_011196_7	10	1017.333	987	0.031	0.03	0.958
602210	FHA_27_011196_7	11	860.667	842	0.022	0.022	0.64
602210	FHA_27_011196_7	12	837.333	924	-0.094	0.094	2.92
602210	FHA_27_011196_7	13	829.333	973	-0.148	0.148	4.786
602210	FHA_27_011196_7	14	1098.667	1033	0.064	0.06	2.011
602210	FHA_27_011196_7	15	1209.333	1204	0.004	0.004	0.154
602210	FHA_27_011196_7	16	1306.667	1431	-0.087	0.087	3.361
602210	FHA_27_011196_7	17	1338	1513	-0.116	0.116	4.635
602210	FHA_27_011196_7	18	1280.667	1384	-0.075	0.075	2.831
602210	FHA_27_011196_7	19	1080	929	0.163	0.14	4.764
602210	FHA_27_011196_7	20	894.667	642	0.394	0.282	9.115
602210	FHA_27_011196_7	21	570.667	538	0.061	0.057	1.387
602210	FHA_27_011196_7	22	432	352	0.227	0.185	4.041
602210	FHA_27_011196_7	23	334.667	227	0.474	0.322	6.425
602210	FHA_27_011196_7	24	176.667	121	0.46	0.315	4.563
603866	FHA_27_011464_1	1	30.667	220	-0.861	0.861	16.912
603866	FHA_27_011464_1	2	98	131	-0.252	0.252	3.084
603866	FHA_27_011464_1	3	66.667	101	-0.34	0.34	3.75
603866	FHA_27_011464_1	4	115.333	129	-0.106	0.106	1.236
603866	FHA_27_011464_1	5	156.667	180	-0.13	0.13	1.798
603866	FHA_27_011464_1	6	331.333	548	-0.395	0.395	10.333
603866	FHA_27_011464_1	7	632	981	-0.356	0.356	12.289
603866	FHA_27_011464_1	8	1061.333	1360	-0.22	0.22	8.584
603866	FHA_27_011464_1	9	1327.333	1412	-0.06	0.06	2.288
603866	FHA_27_011464_1	10	1712	1590	0.077	0.071	3.003
603866	FHA_27_011464_1	11	1807.333	1654	0.093	0.085	3.686
603866	FHA_27_011464_1	12	1861.333	1720	0.082	0.076	3.34
603866	FHA_27_011464_1	13	2034	1892	0.075	0.07	3.205
603866	FHA_27_011464_1	14	2268.667	2125	0.068	0.063	3.065
603866	FHA_27_011464_1	15	2566.667	2772	-0.074	0.074	3.974
603866	FHA_27_011464_1	16	2704.667	3611	-0.251	0.251	16.128
603866	FHA_27_011464_1	17	2935.333	3838	-0.235	0.235	15.511
603866	FHA_27_011464_1	18	2816	3180	-0.114	0.114	6.648
603866	FHA_27_011464_1	19	2378.667	2240	0.062	0.058	2.886
603866	FHA_27_011464_1	20	1833.333	1640	0.118	0.105	4.639
603866	FHA_27_011464_1	21	1264.667	1214	0.042	0.04	1.439
603866	FHA_27_011464_1	22	1077.333	863	0.248	0.199	6.881
603866	FHA_27_011464_1	23	764	572	0.336	0.251	7.429
603866	FHA_27_011464_1	24	514	374	0.374	0.272	6.644
611478	FHA_27_010206_7	1	73.333	273	-0.731	0.731	15.173
611478	FHA_27_010206_7	2	140.667	210	-0.33	0.33	5.236
611478	FHA_27_010206_7	3	72.667	208	-0.651	0.651	11.424
611478	FHA_27_010206_7	4	224	353	-0.365	0.365	7.595
611478	FHA_27_010206_7	5	459.333	836	-0.451	0.451	14.801
611478	FHA_27_010206_7	6	1345.333	2339	-0.425	0.425	23.151
611478	FHA_27_010206_7	7	3089.333	3992	-0.226	0.226	15.17
611478	FHA_27_010206_7	8	5393.333	5399	-0.001	0.001	0.077
611478	FHA_27_010206_7	9	5720.667	4357	0.313	0.238	19.211
611478	FHA_27_010206_7	10	4576.667	3308	0.384	0.277	20.206
611478	FHA_27_010206_7	11	3703.333	2889	0.282	0.22	14.184
611478	FHA_27_010206_7	12	2993.333	2943	0.017	0.017	0.924
611478	FHA_27_010206_7	13	2834	2964	-0.044	0.044	2.414
611478	FHA_27_010206_7	14	2514.667	3048	-0.175	0.175	10.113
611478	FHA_27_010206_7	15	2536	3358	-0.245	0.245	15.142
611478	FHA_27_010206_7	16	2859.333	4012	-0.287	0.287	19.665
611478	FHA_27_010206_7	17	2726.667	4444	-0.386	0.386	28.681
611478	FHA_27_010206_7	18	2527.333	4006	-0.369	0.369	25.871
611478	FHA_27_010206_7	19	2102.667	2914	-0.278	0.278	16.2
611478	FHA_27_010206_7	20	1689.333	2123	-0.204	0.204	9.933
611478	FHA_27_010206_7	21	1250.667	1586	-0.211	0.211	8.904
611478	FHA_27_010206_7	22	996	1222	-0.185	0.185	6.786
611478	FHA_27_010206_7	23	643.333	848	-0.241	0.241	7.495
611478	FHA_27_010206_7	24	345.333	555	-0.378	0.378	9.882
614318	FHA_27_010069_1	1	53.333	129	-0.587	0.587	7.925
614318	FHA_27_010069_1	2	22.667	80	-0.717	0.717	8.002
614318	FHA_27_010069_1	3	38	131	-0.71	0.71	10.117
614318	FHA_27_010069_1	4	226.667	243	-0.067	0.067	1.066
614318	FHA_27_010069_1	5	244.667	592	-0.587	0.587	16.982
614318	FHA_27_010069_1	6	1531.333	1491	0.027	0.026	1.038
614318	FHA_27_010069_1	7	3493.333	2827	0.236	0.191	11.853
614318	FHA_27_010069_1	8	5330.667	4119	0.294	0.227	17.627
614318	FHA_27_010069_1	9	4965.333	3169	0.567	0.362	28.167
614318	FHA_27_010069_1	10	4232	2350	0.801	0.445	32.806
614318	FHA_27_010069_1	11	2865.333	1957	0.464	0.317	18.498
614318	FHA_27_010069_1	12	2067.333	1922	0.076	0.07	3.254
614318	FHA_27_010069_1	13	1928	1963	-0.018	0.018	0.794
614318	FHA_27_010069_1	14	2085.333	1930	0.08	0.074	3.467
614318	FHA_27_010069_1	15	1829.333	1886	-0.03	0.03	1.315
614318	FHA_27_010069_1	16	1908	1915	-0.004	0.004	0.16
614318	FHA_27_010069_1	17	1834	2084	-0.12	0.12	5.648
614318	FHA_27_010069_1	18	1676.667	2081	-0.194	0.194	9.328
614318	FHA_27_010069_1	19	1452	1731	-0.161	0.161	6.994
614318	FHA_27_010069_1	20	1088.667	1271	-0.143	0.143	5.308
614318	FHA_27_010069_1	21	614	1112	-0.448	0.448	16.952
614318	FHA_27_010069_1	22	428.667	947	-0.547	0.547	19.764
614318	FHA_27_010069_1	23	188	674	-0.721	0.721	23.41
614318	FHA_27_010069_1	24	90.667	364	-0.751	0.751	18.128
614815	FHA_27_010390_1	1	24.667	255	-0.903	0.903	19.478
614815	FHA_27_010390_1	2	40.667	257	-0.842	0.842	17.733
614815	FHA_27_010390_1	3	38	183	-0.792	0.792	13.794
614815	FHA_27_010390_1	4	155.333	148	0.05	0.047	0.595
614815	FHA_27_010390_1	5	152	287	-0.47	0.47	9.112
614815	FHA_27_010390_1	6	400	732	-0.454	0.454	13.955
614815	FHA_27_010390_1	7	1078	1702	-0.367	0.367	16.737
614815	FHA_27_010390_1	8	2218	2667	-0.168	0.168	9.085
614815	FHA_27_010390_1	9	2220	2868	-0.226	0.226	12.847
614815	FHA_27_010390_1	10	2046.667	2516	-0.187	0.187	9.826
614815	FHA_27_010390_1	11	1792	2532	-0.292	0.292	15.915
614815	FHA_27_010390_1	12	1788	2731	-0.345	0.345	19.838
614815	FHA_27_010390_1	13	1914.667	3025	-0.367	0.367	22.342
614815	FHA_27_010390_1	14	2162.667	3331	-0.351	0.351	22.292
614815	FHA_27_010390_1	15	2552.667	4363	-0.415	0.415	30.786
614815	FHA_27_010390_1	16	2807.333	5042	-0.443	0.443	35.671
614815	FHA_27_010390_1	17	2746	4941	-0.444	0.444	35.406
614815	FHA_27_010390_1	18	2585.333	4586	-0.436	0.436	33.411
614815	FHA_27_010390_1	19	2426.667	3142	-0.228	0.228	13.557
614815	FHA_27_010390_1	20	2102	2077	0.012	0.012	0.547
614815	FHA_27_010390_1	21	1619.333	1540	0.052	0.049	1.996
614815	FHA_27_010390_1	22	1383.333	1194	0.159	0.137	5.274
614815	FHA_27_010390_1	23	972.667	806	0.207	0.171	5.589
614815	FHA_27_010390_1	24	648.667	502	0.292	0.226	6.115
618468	FHA_27_010899_7	1	86.667	174	-0.502	0.502	7.65
618468	FHA_27_010899_7	2	42.667	128	-0.667	0.667	9.238
618468	FHA_27_010899_7	3	36.667	105	-0.651	0.651	8.119
618468	FHA_27_010899_7	4	230.667	201	0.148	0.129	2.019
618468	FHA_27_010899_7	5	313.333	523	-0.401	0.401	10.253
618468	FHA_27_010899_7	6	1408.667	1484	-0.051	0.051	1.981
618468	FHA_27_010899_7	7	3299.333	2691	0.226	0.184	11.116
618468	FHA_27_010899_7	8	4648	3129	0.485	0.327	24.359
618468	FHA_27_010899_7	9	4422.667	3057	0.447	0.309	22.332
618468	FHA_27_010899_7	10	4127.333	2762	0.494	0.331	23.263
618468	FHA_27_010899_7	11	3026.667	2446	0.237	0.192	11.1
618468	FHA_27_010899_7	12	2374.667	2532	-0.062	0.062	3.176
618468	FHA_27_010899_7	13	2111.333	2587	-0.184	0.184	9.814
618468	FHA_27_010899_7	14	2268	2469	-0.081	0.081	4.13
618468	FHA_27_010899_7	15	2261.333	2758	-0.18	0.18	9.914
618468	FHA_27_010899_7	16	2361.333	3061	-0.229	0.229	13.437
618468	FHA_27_010899_7	17	2224	3144	-0.293	0.293	17.758
618468	FHA_27_010899_7	18	1772.667	2931	-0.395	0.395	23.885
618468	FHA_27_010899_7	19	1517.333	2377	-0.362	0.362	19.482
618468	FHA_27_010899_7	20	1014.667	1654	-0.387	0.387	17.502
618468	FHA_27_010899_7	21	728	1234	-0.41	0.41	16.155
618468	FHA_27_010899_7	22	456	944	-0.517	0.517	18.445
618468	FHA_27_010899_7	23	249.333	642	-0.612	0.612	18.6
618468	FHA_27_010899_7	24	112.667	375	-0.7	0.7	16.8
628070	FHA_55_550880_5	1	6.667	22	-0.697	0.697	4.05
628070	FHA_55_550880_5	2	37.333	15	1.489	0.598	4.366
628070	FHA_55_550880_5	3	76	24	2.167	0.684	7.354
628070	FHA_55_550880_5	4	127.333	94	0.355	0.262	3.169
628070	FHA_55_550880_5	5	99.333	274	-0.637	0.637	12.784
628070	FHA_55_550880_5	6	150	753	-0.801	0.801	28.378
628070	FHA_55_550880_5	7	266	1040	-0.744	0.744	30.289
628070	FHA_55_550880_5	8	398	923	-0.569	0.569	20.428
628070	FHA_55_550880_5	9	420.667	661	-0.364	0.364	10.334
628070	FHA_55_550880_5	10	651.333	541	0.204	0.169	4.519
628070	FHA_55_550880_5	11	686	494	0.389	0.28	7.905
628070	FHA_55_550880_5	12	822	480	0.713	0.416	13.404
628070	FHA_55_550880_5	13	831.333	478	0.739	0.425	13.809
628070	FHA_55_550880_5	14	771.333	476	0.62	0.383	11.826
628070	FHA_55_550880_5	15	910.667	472	0.929	0.482	16.684
628070	FHA_55_550880_5	16	1036.667	510	1.033	0.508	18.939
628070	FHA_55_550880_5	17	931.333	572	0.628	0.386	13.106
628070	FHA_55_550880_5	18	888	488	0.82	0.45	15.25
628070	FHA_55_550880_5	19	762	346	1.202	0.546	17.674
628070	FHA_55_550880_5	20	590.667	220	1.685	0.628	18.411
628070	FHA_55_550880_5	21	468.667	154	2.043	0.671	17.834
628070	FHA_55_550880_5	22	386.667	116	2.333	0.7	17.073
628070	FHA_55_550880_5	23	265.333	79	2.359	0.702	14.201
628070	FHA_55_550880_5	24	182.667	40	3.567	0.781	13.521
63099	FHA_27_010338_1	1	48.667	282	-0.827	0.827	18.147
63099	FHA_27_010338_1	2	59.333	187	-0.683	0.683	11.504
63099	FHA_27_010338_1	3	54.667	167	-0.673	0.673	10.67
63099	FHA_27_010338_1	4	122	205	-0.405	0.405	6.491
63099	FHA_27_010338_1	5	228	363	-0.372	0.372	7.853
63099	FHA_27_010338_1	6	924.667	948	-0.025	0.025	0.763
63099	FHA_27_010338_1	7	2239.333	1938	0.155	0.135	6.593
63099	FHA_27_010338_1	8	4486.667	3096	0.449	0.31	22.585
63099	FHA_27_010338_1	9	4230	3072	0.377	0.274	19.165
63099	FHA_27_010338_1	10	4201.333	2463	0.706	0.414	30.114
63099	FHA_27_010338_1	11	3689.333	2295	0.608	0.378	25.49
63099	FHA_27_010338_1	12	3278.667	2509	0.307	0.235	14.308
63099	FHA_27_010338_1	13	3197.333	2781	0.15	0.13	7.615
63099	FHA_27_010338_1	14	3563.333	2967	0.201	0.167	10.436
63099	FHA_27_010338_1	15	3789.333	3124	0.213	0.176	11.316
63099	FHA_27_010338_1	16	4128	3174	0.301	0.231	15.789
63099	FHA_27_010338_1	17	4182.667	3341	0.252	0.201	13.723
63099	FHA_27_010338_1	18	4138	3258	0.27	0.213	14.471
63099	FHA_27_010338_1	19	3764	2809	0.34	0.254	16.659
63099	FHA_27_010338_1	20	2906.667	2039	0.426	0.299	17.448
63099	FHA_27_010338_1	21	2182	1641	0.33	0.248	12.374
63099	FHA_27_010338_1	22	1695.333	1317	0.287	0.223	9.749
63099	FHA_27_010338_1	23	1224	988	0.239	0.193	7.096
63099	FHA_27_010338_1	24	672	614	0.094	0.086	2.287
86860	FHA_27_009110_1	1	70	144	-0.514	0.514	7.154
86860	FHA_27_009110_1	2	51.333	98	-0.476	0.476	5.401
86860	FHA_27_009110_1	3	114	59	0.932	0.482	5.914
86860	FHA_27_009110_1	4	126.667	53	1.39	0.582	7.772
86860	FHA_27_009110_1	5	188.667	59	2.198	0.687	11.652
86860	FHA_27_009110_1	6	606.667	92	5.594	0.848	27.536
86860	FHA_27_009110_1	7	1206.667	202	4.974	0.833	37.856
86860	FHA_27_009110_1	8	1737.333	425	3.088	0.755	39.911
86860	FHA_27_009110_1	9	1737.333	639	1.719	0.632	31.864
86860	FHA_27_009110_1	10	1316	612	1.15	0.535	22.674
86860	FHA_27_009110_1	11	954	614	0.554	0.356	12.143
86860	FHA_27_009110_1	12	758	595	0.274	0.215	6.267
86860	FHA_27_009110_1	13	594.667	596	-0.002	0.002	0.055
86860	FHA_27_009110_1	14	744	599	0.242	0.195	5.596
86860	FHA_27_009110_1	15	731.333	631	0.159	0.137	3.844
86860	FHA_27_009110_1	16	794.667	677	0.174	0.148	4.338
86860	FHA_27_009110_1	17	948.667	776	0.223	0.182	5.88
86860	FHA_27_009110_1	18	846.667	821	0.031	0.03	0.889
86860	FHA_27_009110_1	19	820	736	0.114	0.102	3.012
86860	FHA_27_009110_1	20	685.333	572	0.198	0.165	4.52
86860	FHA_27_009110_1	21	476.667	420	0.135	0.119	2.676
86860	FHA_27_009110_1	22	366.667	317	0.157	0.135	2.686
86860	FHA_27_009110_1	23	356	248	0.435	0.303	6.215
86860	FHA_27_009110_1	24	300.667	210	0.432	0.302	5.674
86871	FHA_27_009110_5	1	0	86	-1	1	13.115
86871	FHA_27_009110_5	2	52	54	-0.037	0.037	0.275
86871	FHA_27_009110_5	3	44	40	0.1	0.091	0.617
86871	FHA_27_009110_5	4	46	41	0.122	0.109	0.758
86871	FHA_27_009110_5	5	76.667	65	0.179	0.152	1.386
86871	FHA_27_009110_5	6	216.667	140	0.548	0.354	5.741
86871	FHA_27_009110_5	7	486	360	0.35	0.259	6.126
86871	FHA_27_009110_5	8	1014.667	523	0.94	0.485	17.732
86871	FHA_27_009110_5	9	1032.667	552	0.871	0.465	17.076
86871	FHA_27_009110_5	10	898.667	529	0.699	0.411	13.836
86871	FHA_27_009110_5	11	796.667	512	0.556	0.357	11.129
86871	FHA_27_009110_5	12	671.333	532	0.262	0.208	5.68
86871	FHA_27_009110_5	13	696	552	0.261	0.207	5.765
86871	FHA_27_009110_5	14	788.667	585	0.348	0.258	7.771
86871	FHA_27_009110_5	15	969.333	648	0.496	0.331	11.3
86871	FHA_27_009110_5	16	1066.667	697	0.53	0.347	12.449
86871	FHA_27_009110_5	17	1192	766	0.556	0.357	13.615
86871	FHA_27_009110_5	18	1158.667	819	0.415	0.293	10.802
86871	FHA_27_009110_5	19	1050	758	0.385	0.278	9.712
86871	FHA_27_009110_5	20	1093.333	550	0.988	0.497	18.955
86871	FHA_27_009110_5	21	812	398	1.04	0.51	16.831
86871	FHA_27_009110_5	22	662.667	300	1.209	0.547	16.53
86871	FHA_27_009110_5	23	464	222	1.09	0.522	13.067
86871	FHA_27_009110_5	24	383.333	165	1.323	0.57	13.186
92394	FHA_27_011464_5	1	52	148	-0.649	0.649	9.6
92394	FHA_27_011464_5	2	24	93	-0.742	0.742	9.021
92394	FHA_27_011464_5	3	64.667	88	-0.265	0.265	2.671
92394	FHA_27_011464_5	4	246.667	216	0.142	0.124	2.016
92394	FHA_27_011464_5	5	366	540	-0.322	0.322	8.175
92394	FHA_27_011464_5	6	848.667	1744	-0.513	0.513	24.867
92394	FHA_27_011464_5	7	2384.667	3213	-0.258	0.258	15.657
92394	FHA_27_011464_5	8	4390.667	3496	0.256	0.204	14.247
92394	FHA_27_011464_5	9	4412	2623	0.682	0.405	30.164
92394	FHA_27_011464_5	10	3926	2073	0.894	0.472	33.834
92394	FHA_27_011464_5	11	3064	1878	0.632	0.387	23.859
92394	FHA_27_011464_5	12	2011.333	1848	0.088	0.081	3.718
92394	FHA_27_011464_5	13	1632	1827	-0.107	0.107	4.689
92394	FHA_27_011464_5	14	1683.333	1711	-0.016	0.016	0.672
92394	FHA_27_011464_5	15	1621.333	1882	-0.139	0.139	6.228
92394	FHA_27_011464_5	16	1496	1993	-0.249	0.249	11.899
92394	FHA_27_011464_5	17	1451.333	2176	-0.333	0.333	17.016
92394	FHA_27_011464_5	18	1414.667	2003	-0.294	0.294	14.232
92394	FHA_27_011464_5	19	1086	1572	-0.309	0.309	13.331
92394	FHA_27_011464_5	20	931.333	1144	-0.186	0.186	6.602
92394	FHA_27_011464_5	21	650	865	-0.249	0.249	7.812
92394	FHA_27_011464_5	22	325.333	655	-0.503	0.503	14.89
92394	FHA_27_011464_5	23	215.333	476	-0.548	0.548	14.02
92394	FHA_27_011464_5	24	188.667	288	-0.345	0.345	6.434
96910	FHA_27_010794_7	1	52	636	-0.918	0.918	31.487
96910	FHA_27_010794_7	2	19.333	399	-0.952	0.952	26.252
96910	FHA_27_010794_7	3	59.333	301	-0.803	0.803	18.004
96910	FHA_27_010794_7	4	202.667	287	-0.294	0.294	5.39
96910	FHA_27_010794_7	5	421.333	501	-0.159	0.159	3.71
96910	FHA_27_010794_7	6	1964.667	1269	0.548	0.354	17.301
96910	FHA_27_010794_7	7	4186	2272	0.842	0.457	33.683
96910	FHA_27_010794_7	8	6294	3297	0.909	0.476	43.278
96910	FHA_27_010794_7	9	6150	3023	1.034	0.508	46.173
96910	FHA_27_010794_7	10	5548	2591	1.141	0.533	46.353
96910	FHA_27_010794_7	11	4766	2589	0.841	0.457	35.899
96910	FHA_27_010794_7	12	3686.667	2867	0.286	0.222	14.319
96910	FHA_27_010794_7	13	2901.333	3285	-0.117	0.117	6.898
96910	FHA_27_010794_7	14	2837.333	3590	-0.21	0.21	13.277
96910	FHA_27_010794_7	15	2546	4632	-0.45	0.45	34.82
96910	FHA_27_010794_7	16	2600.667	5468	-0.524	0.524	45.143
96910	FHA_27_010794_7	17	2594.667	5665	-0.542	0.542	47.777
96910	FHA_27_010794_7	18	2127.333	4851	-0.561	0.561	46.11
96910	FHA_27_010794_7	19	1983.333	3547	-0.441	0.441	29.736
96910	FHA_27_010794_7	20	1529.333	2869	-0.467	0.467	28.567
96910	FHA_27_010794_7	21	1022	2529	-0.596	0.596	35.765
96910	FHA_27_010794_7	22	635.333	2261	-0.719	0.719	42.719
96910	FHA_27_010794_7	23	463.333	1787	-0.741	0.741	39.461
96910	FHA_27_010794_7	24	231.333	1264	-0.817	0.817	37.766
