2026-10-01 18:09:09 - data_sources.base_survey_trip - INFO - Logging to: /media/volume/Tareek-instance_vol-1/Tareek-work/Tareek/logs/plan_generation_20261001_180909.log
2026-10-01 18:09:10 - __main__ - INFO - ============================================================
2026-10-01 18:09:10 - __main__ - INFO - STEP 1: VALIDATING CONFIGURATION
2026-10-01 18:09:10 - __main__ - INFO - ============================================================
2026-10-01 18:09:10 - utils.config_validator - INFO - Loaded config from: config/USA/Birmingham_AL/config_10iter_bham_local_survey.json
2026-10-01 18:09:10 - utils.config_validator - INFO - Validating configuration...
2026-10-01 18:09:10 - utils.config_validator - INFO - Network config: Using 2 counties
2026-10-01 18:09:10 - utils.config_validator - INFO - MATSim config: mode=basic, run_simulation=True
2026-10-01 18:09:10 - utils.config_validator - INFO - Plan generation config: target_plans=all, scaling_factor=0.25
2026-10-01 18:09:10 - utils.config_validator - INFO - Data directory validated: /media/volume/Tareek-instance_vol-1/Tareek-work/Tareek/data
2026-10-01 18:09:10 - utils.config_validator - INFO - Counts config: enabled=True, custom=False
2026-10-01 18:09:10 - utils.config_validator - WARNING - plan_generation.work_scaling_multiplier = 1.2 (neutral = 1.0): this scales the survey value
2026-10-01 18:09:10 - utils.config_validator - WARNING - nonwork_purposes.nonwork_trip_share = 2.0 (neutral = 1.0): this scales the survey value
2026-10-01 18:09:10 - utils.config_validator - INFO - External tools found: java
2026-10-01 18:09:10 - utils.config_validator - INFO - Configuration validation passed
2026-10-01 18:09:10 - __main__ - INFO - Configuration file: config/USA/Birmingham_AL/config_10iter_bham_local_survey.json
2026-10-01 18:09:10 - __main__ - INFO - Experiment ID: bham_local_hermes_w12_nw20_fr03_10iter
2026-10-01 18:09:10 - __main__ - INFO - 
2026-10-01 18:09:10 - __main__ - INFO - ============================================================
2026-10-01 18:09:10 - __main__ - INFO - DETECTING COORDINATE SYSTEM
2026-10-01 18:09:10 - __main__ - INFO - ============================================================
2026-10-01 18:09:11 - __main__ - INFO -   Counties: Shelby, Jefferson
2026-10-01 18:09:11 - __main__ - INFO -   Average centroid: (33.4102, -86.7788)
2026-10-01 18:09:11 - __main__ - INFO -   Detected UTM EPSG: EPSG:26916
2026-10-01 18:09:11 - __main__ - INFO -   All downstream components will use EPSG:26916
2026-10-01 18:09:11 - __main__ - INFO - 
2026-10-01 18:09:11 - __main__ - INFO - ============================================================
2026-10-01 18:09:11 - __main__ - INFO - STEP 2: SETTING UP EXPERIMENT DIRECTORY
2026-10-01 18:09:11 - __main__ - INFO - ============================================================
2026-10-01 18:09:11 - utils.logger - INFO - Logging reconfigured from /media/volume/Tareek-instance_vol-1/Tareek-work/Tareek/logs/plan_generation_20261001_180909.log to /media/volume/Tareek-instance_vol-1/Tareek-work/Tareek/experiments/bham_local_hermes_w12_nw20_fr03_10iter/experiment_20261001_180911.log
2026-10-01 18:09:11 - utils.logger - INFO - Removed temporary log file: /media/volume/Tareek-instance_vol-1/Tareek-work/Tareek/logs/plan_generation_20261001_180909.log
2026-10-01 18:09:11 - __main__ - INFO - Created new experiment directory: /media/volume/Tareek-instance_vol-1/Tareek-work/Tareek/experiments/bham_local_hermes_w12_nw20_fr03_10iter
2026-10-01 18:09:11 - __main__ - INFO - All experiment logs will be saved to: /media/volume/Tareek-instance_vol-1/Tareek-work/Tareek/experiments/bham_local_hermes_w12_nw20_fr03_10iter/experiment_20261001_180911.log
2026-10-01 18:09:11 - __main__ - INFO - 
2026-10-01 18:09:11 - __main__ - INFO - ============================================================
2026-10-01 18:09:11 - __main__ - INFO - STEP 2b: GENERATING MATSIM config.xml
2026-10-01 18:09:11 - __main__ - INFO - ============================================================
2026-10-01 18:09:11 - matsim.config_manager - INFO - Generating MATSim config for mode: basic
2026-10-01 18:09:11 - matsim.config_manager - INFO - Using config template: /media/volume/Tareek-instance_vol-1/Tareek-work/Tareek/matsim/configs/basic/config.xml
2026-10-01 18:09:11 - matsim.config_manager - INFO - Auto-set writeLinkStatsInterval = 10 (matches lastIteration)
2026-10-01 18:09:11 - matsim.config_manager - INFO - Auto-set write*Interval = 10 (bulky per-iteration output written only at the final iteration; set matsim.write_intermediate_output=true to write every iteration)
2026-10-01 18:09:11 - matsim.config_manager - INFO - Auto-set counts.countsScaleFactor = 4.0 (1/0.25 flowCapacityFactor)
2026-10-01 18:09:11 - matsim.config_manager - INFO - Auto-set counts.writeCountsInterval = 10 (matches lastIteration)
2026-10-01 18:09:11 - matsim.config_manager - INFO - Applied configurable param: controller.mobsim = hermes
2026-10-01 18:09:11 - matsim.config_manager - INFO - Applied configurable param: global.numberOfThreads = 30
2026-10-01 18:09:11 - matsim.config_manager - INFO - Applied configurable param: qsim.numberOfThreads = 30
2026-10-01 18:09:11 - matsim.config_manager - INFO - Applied configurable param: qsim.flowCapacityFactor = 0.25
2026-10-01 18:09:11 - matsim.config_manager - INFO - Mirrored qsim.flowCapacityFactor -> hermes.flowCapacityFactor = 0.25
2026-10-01 18:09:11 - matsim.config_manager - INFO - Applied configurable param: qsim.storageCapacityFactor = 0.3
2026-10-01 18:09:11 - matsim.config_manager - INFO - Mirrored qsim.storageCapacityFactor -> hermes.storageCapacityFactor = 0.3
2026-10-01 18:09:11 - matsim.config_manager - INFO - Applied configurable param: qsim.stuckTime = 10.0
2026-10-01 18:09:11 - matsim.config_manager - INFO - Applied configurable param: linkStats.averageLinkStatsOverIterations = 5
2026-10-01 18:09:11 - matsim.config_manager - INFO - Applied scoring.waitingPt = -3.0
2026-10-01 18:09:11 - matsim.config_manager - INFO - Applied configurable param: hermes.endTime = 36:00:00
2026-10-01 18:09:11 - matsim.config_manager - INFO - Mirrored qsim.flowCapacityFactor -> hermes.flowCapacityFactor = 0.25
2026-10-01 18:09:11 - matsim.config_manager - INFO - Mirrored qsim.storageCapacityFactor -> hermes.storageCapacityFactor = 0.3
2026-10-01 18:09:11 - matsim.config_manager - INFO - Applied scoring.waitingPt = -3.0
2026-10-01 18:09:11 - matsim.config_manager - INFO - Enabled transit module with transitModes=pt (from enabled modes: ['bus']) (preserved existing params on: transitRouter)
2026-10-01 18:09:11 - matsim.config_manager - INFO - Registered scoring activityParams for 'freight_origin'
2026-10-01 18:09:11 - matsim.config_manager - INFO - Registered scoring activityParams for 'freight_destination'
2026-10-01 18:09:11 - matsim.config_manager - INFO - Set replanning strategies for freight: ChangeExpBeta=0.8, ReRoute=0.2
2026-10-01 18:09:11 - matsim.config_manager - INFO - Freight: writeEventsInterval = 10 so the final iteration emits events (needed to isolate the truck stream)
2026-10-01 18:09:11 - matsim.config_manager - INFO - Config saved to: /media/volume/Tareek-instance_vol-1/Tareek-work/Tareek/experiments/bham_local_hermes_w12_nw20_fr03_10iter/config.xml
2026-10-01 18:09:11 - models.freight.vehicles - INFO - Freight PCE is off; no vehicles.xml written (pce=1.0 run)
2026-10-01 18:09:11 - __main__ - INFO -   Generated: /media/volume/Tareek-instance_vol-1/Tareek-work/Tareek/experiments/bham_local_hermes_w12_nw20_fr03_10iter/config.xml
2026-10-01 18:09:11 - __main__ - INFO - 
2026-10-01 18:09:11 - __main__ - INFO - ============================================================
2026-10-01 18:09:11 - __main__ - INFO - STEP 3: SETTING UP NETWORK
2026-10-01 18:09:11 - __main__ - INFO - ============================================================
2026-10-01 18:09:11 - matsim.osm_downloader - INFO - OSM cache directory: /media/volume/Tareek-instance_vol-1/Tareek-work/Tareek/data/osm_cache
2026-10-01 18:09:12 - utils.region_utils - INFO - Retrieved 2 county names for network generation
2026-10-01 18:09:12 - __main__ - INFO - Converted 2 FIPS codes to county names
2026-10-01 18:09:14 - __main__ - INFO - Transit network enabled - setting up GTFS feeds...
2026-10-01 18:09:14 - data_sources.gtfs_manager - INFO - ==================================================
2026-10-01 18:09:14 - data_sources.gtfs_manager - INFO - GTFS SETUP
2026-10-01 18:09:14 - data_sources.gtfs_manager - INFO - ==================================================
2026-10-01 18:09:14 - data_sources.gtfs_manager - INFO - GTFS modes configured: ['bus']
2026-10-01 18:09:14 - data_sources.gtfs_manager - INFO - Region bbox: (-87.3425, 33.0187, -86.3410, 33.8434) (took 0.0s)
2026-10-01 18:09:14 - data_sources.gtfs_manager - INFO - Using cached catalog: data/gtfs/feeds_v2.csv
2026-10-01 18:09:14 - data_sources.gtfs_manager - INFO - Catalog has 6475 total entries
2026-10-01 18:09:14 - data_sources.gtfs_manager - INFO -   After data_type=gtfs filter: 4548
2026-10-01 18:09:14 - data_sources.gtfs_manager - INFO -   After country=US filter: 1689
2026-10-01 18:09:14 - data_sources.gtfs_manager - INFO -   After excluding deprecated/inactive: 913
2026-10-01 18:09:14 - data_sources.gtfs_manager - INFO -   Skipped 5 feeds with bboxes too broad for region
2026-10-01 18:09:14 - data_sources.gtfs_manager - INFO - Found 1 GTFS feeds for region (took 0.1s):
2026-10-01 18:09:14 - data_sources.gtfs_manager - INFO -   - Birmingham Jefferson County Transit Authority (MAX) (mdb-3434): Alabama Birmingham
2026-10-01 18:09:14 - data_sources.gtfs_manager - INFO - Checking integrity of 14 feeds in database...
2026-10-01 18:09:14 - data_sources.gtfs_manager - INFO - All feeds are complete
2026-10-01 18:09:14 - data_sources.gtfs_manager - INFO - Feed mdb-3434 is up to date (cached)
2026-10-01 18:09:14 - data_sources.gtfs_manager - INFO - Feed mdb-3434 already in database, skipping
2026-10-01 18:09:14 - data_sources.gtfs_manager - INFO - GTFS setup complete in 0.5s: 0 newly loaded, 1 already in DB, 0 failed (total 1 feeds)
2026-10-01 18:09:14 - data_sources.gtfs_manager - INFO - ==================================================
2026-10-01 18:09:14 - __main__ - INFO - GTFS setup complete
2026-10-01 18:09:14 - matsim.network_manager - INFO - Found existing network: /media/volume/Tareek-instance_vol-1/Tareek-work/Tareek/data/networks/0f9021f7af318eb4/network.xml
2026-10-01 18:09:14 - matsim.network_manager - INFO - Network ID: 0f9021f7af318eb4
2026-10-01 18:09:14 - matsim.network_manager - INFO - Counties: 2 counties
2026-10-01 18:09:14 - matsim.network_manager - INFO - Copied cached network to: /media/volume/Tareek-instance_vol-1/Tareek-work/Tareek/experiments/bham_local_hermes_w12_nw20_fr03_10iter/network.xml
2026-10-01 18:09:14 - matsim.network_manager - INFO - Copied cached transitSchedule.xml to: /media/volume/Tareek-instance_vol-1/Tareek-work/Tareek/experiments/bham_local_hermes_w12_nw20_fr03_10iter/transitSchedule.xml
2026-10-01 18:09:14 - matsim.network_manager - INFO - Copied cached transitVehicles.xml to: /media/volume/Tareek-instance_vol-1/Tareek-work/Tareek/experiments/bham_local_hermes_w12_nw20_fr03_10iter/transitVehicles.xml
2026-10-01 18:09:14 - __main__ - INFO - Network ready: /media/volume/Tareek-instance_vol-1/Tareek-work/Tareek/experiments/bham_local_hermes_w12_nw20_fr03_10iter/network.xml
2026-10-01 18:09:14 - __main__ - INFO -   Nodes: 89851
2026-10-01 18:09:14 - __main__ - INFO -   Links: 204379
2026-10-01 18:09:14 - __main__ - INFO -   Coordinate system: EPSG:26916
2026-10-01 18:09:14 - __main__ - INFO -   Transit schedule: /media/volume/Tareek-instance_vol-1/Tareek-work/Tareek/experiments/bham_local_hermes_w12_nw20_fr03_10iter/transitSchedule.xml (exists=True)
2026-10-01 18:09:14 - __main__ - INFO -   Transit vehicles: /media/volume/Tareek-instance_vol-1/Tareek-work/Tareek/experiments/bham_local_hermes_w12_nw20_fr03_10iter/transitVehicles.xml (exists=True)
2026-10-01 18:09:14 - __main__ - INFO - 
2026-10-01 18:09:14 - __main__ - INFO - ============================================================
2026-10-01 18:09:14 - __main__ - INFO - STEP 3b: GENERATING COUNTS FILE
2026-10-01 18:09:14 - __main__ - INFO - ============================================================
2026-10-01 18:09:15 - data_sources.fha_counts_manager - INFO - Setting up FHA counts data...
2026-10-01 18:09:16 - data_sources.fha_counts_manager - INFO - FHA counts rebuild requested — clearing existing data and re-running ETL
2026-10-01 18:09:16 - utils.duckdb_manager - INFO - Successfully deleted records from fha_hourly_volumes
2026-10-01 18:09:16 - utils.duckdb_manager - INFO - Successfully deleted records from fha_stations
2026-10-01 18:09:16 - data_sources.fha_counts_manager - INFO - FHA: cleared existing data for state(s) ['01']
2026-10-01 18:09:16 - data_sources.fha_counts_manager - INFO - FHA: parsing stations for state AL, filtering to counties ['073', '117']
2026-10-01 18:09:16 - data_sources.fha_counts_manager - INFO - FHA: parsing volumes for state AL, 41 station IDs
2026-10-01 18:09:16 - data_sources.fha_counts_manager - INFO - FHA: 6 station-directions in STA have no volume data — skipped
2026-10-01 18:09:16 - utils.duckdb_manager - INFO - Successfully inserted 57 records into fha_stations
2026-10-01 18:09:16 - utils.duckdb_manager - INFO - Successfully inserted 57 records into fha_hourly_volumes
2026-10-01 18:09:16 - data_sources.fha_counts_manager - INFO - FHA: loaded 57 station-directions, 57 volume records for 1 state(s)
2026-10-01 18:09:16 - matsim.counts_generator - INFO - Generating counts.xml for MATSim validation...
2026-10-01 18:09:16 - matsim.counts_generator - INFO - Loading network from /media/volume/Tareek-instance_vol-1/Tareek-work/Tareek/experiments/bham_local_hermes_w12_nw20_fr03_10iter/network.xml
2026-10-01 18:10:01 - matsim.counts_generator - INFO - Loaded 204,379 links
2026-10-01 18:10:01 - matsim.counts_generator - INFO - FHA: 57 stations within network area (of 197 total)
2026-10-01 18:10:03 - matsim.counts_generator - INFO - FHA directional matching: 57 assigned, 0 dropped (0 for facility-class mismatch, rest no distinct carriageway)
2026-10-01 18:10:03 - matsim.counts_generator - INFO - FHA: 39 stations matched via HPMS functional-class constraint
2026-10-01 18:10:03 - matsim.counts_generator - INFO - FHA: station FHA_01_000115_5 split over 2 parallel roadways ['81860', '181728'] by capacity [4000, 4000]
2026-10-01 18:10:03 - matsim.counts_generator - INFO - FHA: station FHA_01_000148_5 split over 2 parallel roadways ['24792', '9208'] by capacity [6000, 6000]
2026-10-01 18:10:03 - matsim.counts_generator - INFO - FHA: station FHA_01_001382_5 split over 2 parallel roadways ['97470', '97471'] by capacity [3000, 6000]
2026-10-01 18:10:03 - matsim.counts_generator - INFO - FHA: station FHA_01_001464_5 split over 2 parallel roadways ['139543', '79988'] by capacity [4500, 8000]
2026-10-01 18:10:03 - matsim.counts_generator - INFO - FHA: station FHA_01_021381_5 split over 2 parallel roadways ['158102', '203935'] by capacity [3000, 6000]
2026-10-01 18:10:03 - matsim.counts_generator - INFO - FHA: 5 directional counts split over parallel roadways
2026-10-01 18:10:03 - matsim.counts_generator - INFO - FHA: matched 62 station-directions to network links
2026-10-01 18:10:03 - matsim.counts_generator - INFO - Counts sources: FHA only (62 stations)
2026-10-01 18:10:03 - utils.region_utils - INFO - Loaded 2 county boundary polygons
2026-10-01 18:10:15 - matsim.counts_generator - INFO - County boundary filter: 62 devices retained
2026-10-01 18:10:15 - matsim.counts_generator - WARNING - Link 194566: averaged 2 stations (FHA_01_000146_1, FHA_01_020146_1)
2026-10-01 18:10:15 - matsim.counts_generator - WARNING - Link 19033: averaged 2 stations (FHA_01_000146_5, FHA_01_031461_5)
2026-10-01 18:10:15 - matsim.counts_generator - WARNING - Link 158102: averaged 2 stations (FHA_01_001381_1, FHA_01_021381_5)
2026-10-01 18:10:15 - matsim.counts_generator - WARNING - Link 13484: averaged 2 stations (FHA_01_001402_5, FHA_01_021402_5)
2026-10-01 18:10:15 - matsim.counts_generator - INFO - Deduplicated 4 links with multiple stations
2026-10-01 18:10:15 - matsim.counts_generator - INFO - Generated counts.xml with 58 count locations
2026-10-01 18:10:15 - matsim.counts_generator - INFO -   - FHA per-direction counts: 62
2026-10-01 18:10:15 - matsim.counts_generator - INFO -   - Custom bidirectional sensors (50/50 split): 0
2026-10-01 18:10:15 - matsim.counts_generator - INFO -   - Saved to: /media/volume/Tareek-instance_vol-1/Tareek-work/Tareek/experiments/bham_local_hermes_w12_nw20_fr03_10iter/counts.xml
2026-10-01 18:10:15 - matsim.counts_generator - INFO -   - Saved matched devices to: /media/volume/Tareek-instance_vol-1/Tareek-work/Tareek/experiments/bham_local_hermes_w12_nw20_fr03_10iter/matched_devices.csv
2026-10-01 18:10:15 - __main__ - INFO - 
2026-10-01 18:10:15 - __main__ - INFO - ============================================================
2026-10-01 18:10:15 - __main__ - INFO - STEP 4: GENERATING ACTIVITY PLANS (WORK + NON-WORK)
2026-10-01 18:10:15 - __main__ - INFO - ============================================================
2026-10-01 18:10:16 - models.home_locs_v2 - INFO - Home locations already exist for all 2 configured counties
2026-10-01 18:10:18 - models.work_locs_v2 - INFO - Work locations already exist for all 2 configured counties
2026-10-01 18:10:19 - models.poi_manager - INFO - [OK] All 2 counties already have POIs in database
2026-10-01 18:10:19 - __main__ - INFO - Target total plans: all
2026-10-01 18:10:19 - __main__ - INFO - Scaling factor: 0.25
2026-10-01 18:10:19 - __main__ - INFO - 
2026-10-01 18:10:19 - __main__ - INFO - ------------------------------------------------------------
2026-10-01 18:10:19 - __main__ - INFO - LOADING SHARED DATA FOR NON-WORK PLANS
2026-10-01 18:10:19 - __main__ - INFO - ------------------------------------------------------------
2026-10-01 18:10:20 - models.home_locs_v2 - INFO - Loading home locations for 2 counties from config...
2026-10-01 18:10:21 - models.home_locs_v2 - INFO - Loaded 19,068 home location blocks for 2 counties
2026-10-01 18:10:21 - __main__ - INFO -   Loaded 19,068 home blocks (county-filtered)
2026-10-01 18:10:22 - models.poi_manager - INFO - Loaded 7,981 POIs across 6 activity types (county-filtered)
2026-10-01 18:10:22 - __main__ - INFO -   Loaded 7,981 POIs in 6 activity types (county-filtered)
2026-10-01 18:10:22 - __main__ - INFO -   Pre-computing POI-to-block mapping...
2026-10-01 18:10:22 - models.od_matrix_nonwork - INFO - Pre-computing POI-to-block mapping for ALL POIs...
2026-10-01 18:10:22 - models.od_matrix_nonwork - INFO -   Total POIs: 7,981
2026-10-01 18:10:22 - models.od_matrix_nonwork - INFO -   Blocks with coordinates: 19,068
2026-10-01 18:10:22 - models.od_matrix_nonwork - INFO -   Built KD-tree spatial index
2026-10-01 18:10:22 - models.od_matrix_nonwork - INFO -   POIs with valid coordinates: 7,981
2026-10-01 18:10:22 - models.od_matrix_nonwork - INFO -   Converting POI coordinates to EPSG:26916...
2026-10-01 18:10:23 - models.od_matrix_nonwork - INFO -   Finding nearest block for each POI...
2026-10-01 18:10:23 - models.od_matrix_nonwork - INFO -   POI-to-block mapping complete: 7,981 POIs mapped
2026-10-01 18:10:23 - __main__ - INFO -   POI-to-block mapping complete: 7,981 POIs mapped
2026-10-01 18:10:24 - data_sources.survey_manager - INFO - Survey data already exists for all 2 active source(s)
2026-10-01 18:10:24 - data_sources.survey_manager - INFO - Initialized survey source: bham_local (year=undated)
2026-10-01 18:10:24 - data_sources.survey_manager - INFO - Initialized survey source: nhts (year=2022)
2026-10-01 18:10:24 - data_sources.survey_manager - INFO - SURVEY ROLES (configured weights; a source that cannot do a job is skipped)
2026-10-01 18:10:24 - data_sources.survey_manager - INFO -   job             bham_local          nhts
2026-10-01 18:10:24 - data_sources.survey_manager - INFO -   person_days           1.00          1.00
2026-10-01 18:10:24 - data_sources.survey_manager - INFO -   chains                1.00          0.00
2026-10-01 18:10:24 - data_sources.survey_manager - INFO -   times                 1.00          0.00
2026-10-01 18:10:24 - data_sources.survey_manager - INFO -   modes                 1.00          0.00
2026-10-01 18:10:24 - data_sources.survey_manager - INFO -   od                    1.00          0.00
2026-10-01 18:10:24 - data_sources.base_survey_trip - INFO - Loading survey data from DuckDB...
2026-10-01 18:10:25 - data_sources.base_survey_trip - INFO - Loaded 1071 records from DuckDB
2026-10-01 18:10:25 - data_sources.bham_local_survey - INFO - bham_local: no person-days (no zero-trip days, no persons under 18); person-days must come from another survey
2026-10-01 18:10:25 - data_sources.nhts_survey_trip - INFO - NHTS person-days: 16,997 from /media/volume/Tareek-instance_vol-1/Tareek-work/Tareek/data/nhts/csv/perv2pub.csv
2026-10-01 18:10:25 - data_sources.survey_manager - INFO - Survey 'nhts': month window [3, 4, 5, 9, 10, 11] keeps 6,309/12,186 weekday person-days
2026-10-01 18:10:25 - data_sources.survey_manager - WARNING - Survey 'bham_local': no person-days and no real months in its dates; the month filter is not applied
2026-10-01 18:10:25 - data_sources.survey_manager - INFO - Loaded 1071 records for 'bham_local'
2026-10-01 18:10:25 - data_sources.survey_manager - WARNING - Survey 'bham_local': no person-days and no real months in its dates; the month filter is not applied
2026-10-01 18:10:25 - data_sources.base_survey_trip - INFO - Processing persons and trips...
2026-10-01 18:10:26 - data_sources.base_survey_trip - INFO - Processed 423 persons across 428 person-days
2026-10-01 18:10:26 - data_sources.survey_manager - INFO - Processed 423 persons for 'bham_local'
2026-10-01 18:10:26 - __main__ - INFO -   Loaded 1,071 survey trips
2026-10-01 18:10:26 - __main__ - INFO -   Processed 423 persons
2026-10-01 18:10:26 - models.chains - INFO - Starting trip chain processing...
2026-10-01 18:10:26 - models.chains - INFO - Successfully processed 428 trip chains
2026-10-01 18:10:26 - __main__ - INFO -   Processed 166 trip chains
2026-10-01 18:10:26 - __main__ - INFO -   Initializing shared time models...
2026-10-01 18:10:26 - models.time - INFO - Clock-time KDE bandwidth: 10 min
2026-10-01 18:10:26 - models.time - WARNING - INSUFFICIENT DATA: Only 4 departure samples for ('Dining', 'Dining') (need >5). No KDE model fitted for this pair.
2026-10-01 18:10:26 - models.time - WARNING - INSUFFICIENT DATA: Only 4 arrival samples for ('Dining', 'Dining') (need >5). No KDE model fitted for this pair.
2026-10-01 18:10:26 - models.time - WARNING - INSUFFICIENT DATA: Only 2 departure samples for ('Dining', 'Other') (need >5). No KDE model fitted for this pair.
2026-10-01 18:10:26 - models.time - WARNING - INSUFFICIENT DATA: Only 2 arrival samples for ('Dining', 'Other') (need >5). No KDE model fitted for this pair.
2026-10-01 18:10:26 - models.time - WARNING - INSUFFICIENT DATA: Only 2 departure samples for ('Dining', 'Social') (need >5). No KDE model fitted for this pair.
2026-10-01 18:10:26 - models.time - WARNING - INSUFFICIENT DATA: Only 2 arrival samples for ('Dining', 'Social') (need >5). No KDE model fitted for this pair.
2026-10-01 18:10:26 - models.time - WARNING - INSUFFICIENT DATA: Only 5 departure samples for ('Other', 'Work') (need >5). No KDE model fitted for this pair.
2026-10-01 18:10:26 - models.time - WARNING - INSUFFICIENT DATA: Only 5 arrival samples for ('Other', 'Work') (need >5). No KDE model fitted for this pair.
2026-10-01 18:10:26 - models.time - WARNING - INSUFFICIENT DATA: Only 3 departure samples for ('School', 'Dining') (need >5). No KDE model fitted for this pair.
2026-10-01 18:10:26 - models.time - WARNING - INSUFFICIENT DATA: Only 3 arrival samples for ('School', 'Dining') (need >5). No KDE model fitted for this pair.
2026-10-01 18:10:26 - models.time - WARNING - INSUFFICIENT DATA: Only 3 departure samples for ('School', 'Other') (need >5). No KDE model fitted for this pair.
2026-10-01 18:10:26 - models.time - WARNING - INSUFFICIENT DATA: Only 3 arrival samples for ('School', 'Other') (need >5). No KDE model fitted for this pair.
2026-10-01 18:10:26 - models.time - WARNING - INSUFFICIENT DATA: Only 4 departure samples for ('School', 'School') (need >5). No KDE model fitted for this pair.
2026-10-01 18:10:26 - models.time - WARNING - INSUFFICIENT DATA: Only 4 arrival samples for ('School', 'School') (need >5). No KDE model fitted for this pair.
2026-10-01 18:10:26 - models.time - WARNING - INSUFFICIENT DATA: Only 1 departure samples for ('School', 'Social') (need >5). No KDE model fitted for this pair.
2026-10-01 18:10:26 - models.time - WARNING - INSUFFICIENT DATA: Only 1 arrival samples for ('School', 'Social') (need >5). No KDE model fitted for this pair.
2026-10-01 18:10:26 - models.time - WARNING - INSUFFICIENT DATA: Only 3 departure samples for ('Shopping', 'School') (need >5). No KDE model fitted for this pair.
2026-10-01 18:10:26 - models.time - WARNING - INSUFFICIENT DATA: Only 3 arrival samples for ('Shopping', 'School') (need >5). No KDE model fitted for this pair.
2026-10-01 18:10:26 - models.time - WARNING - INSUFFICIENT DATA: Only 3 departure samples for ('Shopping', 'Social') (need >5). No KDE model fitted for this pair.
2026-10-01 18:10:26 - models.time - WARNING - INSUFFICIENT DATA: Only 3 arrival samples for ('Shopping', 'Social') (need >5). No KDE model fitted for this pair.
2026-10-01 18:10:26 - models.time - WARNING - INSUFFICIENT DATA: Only 1 departure samples for ('Social', 'Dining') (need >5). No KDE model fitted for this pair.
2026-10-01 18:10:26 - models.time - WARNING - INSUFFICIENT DATA: Only 1 arrival samples for ('Social', 'Dining') (need >5). No KDE model fitted for this pair.
2026-10-01 18:10:26 - models.time - WARNING - INSUFFICIENT DATA: Only 1 departure samples for ('Social', 'Other') (need >5). No KDE model fitted for this pair.
2026-10-01 18:10:26 - models.time - WARNING - INSUFFICIENT DATA: Only 1 arrival samples for ('Social', 'Other') (need >5). No KDE model fitted for this pair.
2026-10-01 18:10:26 - models.time - WARNING - INSUFFICIENT DATA: Only 2 departure samples for ('Social', 'Shopping') (need >5). No KDE model fitted for this pair.
2026-10-01 18:10:26 - models.time - WARNING - INSUFFICIENT DATA: Only 2 arrival samples for ('Social', 'Shopping') (need >5). No KDE model fitted for this pair.
2026-10-01 18:10:26 - models.time - WARNING - INSUFFICIENT DATA: Only 5 departure samples for ('Social', 'Social') (need >5). No KDE model fitted for this pair.
2026-10-01 18:10:26 - models.time - WARNING - INSUFFICIENT DATA: Only 5 arrival samples for ('Social', 'Social') (need >5). No KDE model fitted for this pair.
2026-10-01 18:10:26 - models.time - WARNING - INSUFFICIENT DATA: Only 1 departure samples for ('Social', 'Work') (need >5). No KDE model fitted for this pair.
2026-10-01 18:10:26 - models.time - WARNING - INSUFFICIENT DATA: Only 1 arrival samples for ('Social', 'Work') (need >5). No KDE model fitted for this pair.
2026-10-01 18:10:26 - models.time - WARNING - INSUFFICIENT DATA: Only 3 departure samples for ('Work', 'School') (need >5). No KDE model fitted for this pair.
2026-10-01 18:10:26 - models.time - WARNING - INSUFFICIENT DATA: Only 3 arrival samples for ('Work', 'School') (need >5). No KDE model fitted for this pair.
2026-10-01 18:10:26 - models.time - WARNING - INSUFFICIENT DATA: Only 3 departure samples for ('Work', 'Social') (need >5). No KDE model fitted for this pair.
2026-10-01 18:10:26 - models.time - WARNING - INSUFFICIENT DATA: Only 3 arrival samples for ('Work', 'Social') (need >5). No KDE model fitted for this pair.
2026-10-01 18:10:26 - models.time - INFO - Fitted models for 45 activity pairs
2026-10-01 18:10:26 - models.time - INFO - Mean trip durations: global=24.0min, per-pair=45 pairs
2026-10-01 18:10:26 - models.time - INFO - First-of-day departure KDEs: 10 pairs from 428 first trips (of 1071 trips)
2026-10-01 18:10:26 - models.time - WARNING - FILTER: Rejected 118 activity durations from survey (outside per-activity [min_minutes, max_minutes] bounds from config). Kept 525 valid durations.
2026-10-01 18:10:26 - models.time - INFO - Extracted 525 activity durations from survey
2026-10-01 18:10:26 - models.time - INFO -   Activity 'Dining': fitted survey KDE from 49 samples (mean=58.0 min, std=45.4 min)
2026-10-01 18:10:26 - models.time - INFO -   Activity 'Home': fitted survey KDE from 49 samples (mean=133.3 min, std=89.2 min)
2026-10-01 18:10:26 - models.time - INFO -   Activity 'Other': fitted survey KDE from 61 samples (mean=89.8 min, std=70.8 min)
2026-10-01 18:10:26 - models.time - INFO -   Activity 'School': fitted survey KDE from 20 samples (mean=219.9 min, std=161.0 min)
2026-10-01 18:10:26 - models.time - INFO -   Activity 'Shopping': fitted survey KDE from 171 samples (mean=77.4 min, std=62.8 min)
2026-10-01 18:10:26 - models.time - INFO -   Activity 'Social': fitted survey KDE from 13 samples (mean=127.0 min, std=71.7 min)
2026-10-01 18:10:26 - models.time - INFO -   Activity 'Work': fitted survey KDE from 162 samples (mean=384.5 min, std=173.3 min)
2026-10-01 18:10:26 - models.time - INFO - Fitted 7 survey KDE models for activity types
2026-10-01 18:10:26 - models.time - INFO -   Activity 'Home' bin 'afternoon': fitted binned KDE from 24 samples (mean=120.4 min, std=77.8 min)
2026-10-01 18:10:26 - models.time - INFO -   Activity 'Other' bin 'afternoon': fitted binned KDE from 21 samples (mean=67.2 min, std=56.8 min)
2026-10-01 18:10:26 - models.time - INFO -   Activity 'Other' bin 'midday': fitted binned KDE from 22 samples (mean=94.6 min, std=69.8 min)
2026-10-01 18:10:26 - models.time - INFO -   Activity 'Shopping' bin 'afternoon': fitted binned KDE from 69 samples (mean=60.7 min, std=51.9 min)
2026-10-01 18:10:26 - models.time - INFO -   Activity 'Shopping' bin 'evening': fitted binned KDE from 24 samples (mean=54.2 min, std=42.8 min)
2026-10-01 18:10:26 - models.time - INFO -   Activity 'Shopping' bin 'midday': fitted binned KDE from 53 samples (mean=96.3 min, std=67.4 min)
2026-10-01 18:10:26 - models.time - INFO -   Activity 'Shopping' bin 'morning': fitted binned KDE from 25 samples (mean=106.0 min, std=72.7 min)
2026-10-01 18:10:26 - models.time - INFO -   Activity 'Work' bin 'midday': fitted binned KDE from 29 samples (mean=225.0 min, std=143.9 min)
2026-10-01 18:10:26 - models.time - INFO -   Activity 'Work' bin 'morning': fitted binned KDE from 118 samples (mean=441.3 min, std=147.0 min)
2026-10-01 18:10:26 - models.time - INFO - Fitted 9 arrival-time-binned KDE models
2026-10-01 18:10:26 - __main__ - INFO -   Time models initialized
2026-10-01 18:10:26 - __main__ - INFO -   Building shared POI spatial index...
2026-10-01 18:10:26 - __main__ - INFO -   POI spatial index built: 6 activity types, 7,981 POIs
2026-10-01 18:10:26 - data_sources.survey_manager - WARNING - Survey 'bham_local': no person-days and no real months in its dates; the month filter is not applied
2026-10-01 18:10:26 - data_sources.base_survey_trip - INFO - Processing persons and trips...
2026-10-01 18:10:27 - data_sources.base_survey_trip - INFO - Processed 423 persons across 428 person-days
2026-10-01 18:10:27 - data_sources.survey_manager - INFO - Processed 423 persons for 'bham_local'
2026-10-01 18:10:27 - data_sources.base_survey_trip - INFO - Loading survey data from DuckDB...
2026-10-01 18:10:29 - data_sources.base_survey_trip - INFO - Loaded 30462 records from DuckDB
2026-10-01 18:10:29 - data_sources.survey_manager - INFO - Survey 'nhts': kept 22,851/30,462 weekday trips (dropped 7,611)
2026-10-01 18:10:29 - data_sources.survey_manager - INFO - Survey 'nhts': month/person-day filter kept 12,403/22,851 trips
2026-10-01 18:10:29 - data_sources.base_survey_trip - INFO - Processing persons and trips...
2026-10-01 18:10:33 - data_sources.base_survey_trip - INFO - Processed 4172 persons across 4172 person-days
2026-10-01 18:10:33 - data_sources.survey_manager - INFO - Processed 4172 persons for 'nhts'
2026-10-01 18:10:36 - models.chains - INFO - Starting trip chain processing...
2026-10-01 18:10:36 - models.chains - INFO - Successfully processed 93 trip chains
2026-10-01 18:10:36 - models.chains - INFO - Starting trip chain processing...
2026-10-01 18:10:36 - models.chains - INFO - Successfully processed 21 trip chains
2026-10-01 18:10:36 - models.chains - INFO - Starting trip chain processing...
2026-10-01 18:10:36 - models.chains - INFO - Successfully processed 14 trip chains
2026-10-01 18:10:36 - models.chains - INFO - Starting trip chain processing...
2026-10-01 18:10:36 - models.chains - INFO - Successfully processed 23 trip chains
2026-10-01 18:10:36 - models.chains - INFO - Starting trip chain processing...
2026-10-01 18:10:36 - models.chains - INFO - Successfully processed 44 trip chains
2026-10-01 18:10:36 - models.demand_budget - INFO - ======================================================================
2026-10-01 18:10:36 - models.demand_budget - INFO - DEMAND BUDGET (person-first)
2026-10-01 18:10:36 - models.demand_budget - INFO - ======================================================================
2026-10-01 18:10:36 - models.demand_budget - INFO -   worker           persons      387,999 | commute 52.5%  other travel 31.6%  no travel 15.9%
2026-10-01 18:10:36 - models.demand_budget - INFO -   student          persons      151,490 | commute 0.2%  other travel 83.9%  no travel 16.0%
2026-10-01 18:10:36 - models.demand_budget - INFO -   nonworker_adult  persons      301,093 | commute 2.3%  other travel 59.4%  no travel 38.3%
2026-10-01 18:10:36 - models.demand_budget - INFO -   child_0_4        persons       53,268 (no own plan) | age split: ACS 2023 B01001 (cache)
2026-10-01 18:10:36 - models.demand_budget - INFO -   P(commute) of workers: 52.5%
2026-10-01 18:10:36 - models.demand_budget - INFO -   Shopping   unscaled persons      259,526 (knob factor 2.000, 37 chain patterns)
2026-10-01 18:10:36 - models.demand_budget - INFO -   School     unscaled persons      259,927 (knob factor 2.000, 11 chain patterns)
2026-10-01 18:10:36 - models.demand_budget - INFO -   Social     unscaled persons      171,668 (knob factor 2.000, 11 chain patterns)
2026-10-01 18:10:36 - models.demand_budget - INFO -   Dining     unscaled persons       86,050 (knob factor 2.000, 16 chain patterns)
2026-10-01 18:10:36 - models.demand_budget - INFO -   Other      unscaled persons       79,217 (knob factor 2.000, 21 chain patterns)
2026-10-01 18:10:36 - models.demand_budget - INFO -   NOTE: person_days: ['bham_local'] cannot do this job (no person-day table); skipped
2026-10-01 18:10:36 - models.demand_budget - INFO -   NOTE: nonworker_adult: 2.3% of days are commute days; work plans come from LODES workers only, so these are not generated
2026-10-01 18:10:36 - models.demand_budget - INFO - ======================================================================
2026-10-01 18:10:36 - __main__ - INFO - ------------------------------------------------------------
2026-10-01 18:10:37 - __main__ - INFO - ------------------------------------------------------------
2026-10-01 18:10:37 - __main__ - INFO - GENERATING WORK PLANS
2026-10-01 18:10:37 - __main__ - INFO - ------------------------------------------------------------
2026-10-01 18:10:37 - models.plan_generator - INFO - ======================================================================
2026-10-01 18:10:37 - models.plan_generator - INFO - INITIALIZING PLAN GENERATOR
2026-10-01 18:10:37 - models.plan_generator - INFO - ======================================================================
2026-10-01 18:10:37 - models.plan_generator - INFO - Loading location data...
2026-10-01 18:10:37 - models.plan_generator - INFO -   Using data directory: /media/volume/Tareek-instance_vol-1/Tareek-work/Tareek/data
2026-10-01 18:10:37 - models.plan_generator - INFO -   Filtering by 2 counties from config
2026-10-01 18:10:38 - models.home_locs_v2 - INFO - Loading home locations for 2 counties from config...
2026-10-01 18:10:38 - models.home_locs_v2 - INFO - Loaded 19,068 home location blocks for 2 counties
2026-10-01 18:10:40 - models.work_locs_v2 - INFO - Loading work locations for 2 counties from config...
2026-10-01 18:10:40 - models.work_locs_v2 - INFO - Loaded 6,459 work location blocks for 2 counties
2026-10-01 18:10:40 - models.plan_generator - INFO -   Loaded 19068 home blocks
2026-10-01 18:10:40 - models.plan_generator - INFO -   Loaded 6459 work blocks
2026-10-01 18:10:40 - models.plan_generator - INFO - Loading survey data...
2026-10-01 18:10:41 - data_sources.survey_manager - INFO - Survey data already exists for all 2 active source(s)
2026-10-01 18:10:41 - data_sources.survey_manager - INFO - Initialized survey source: bham_local (year=undated)
2026-10-01 18:10:41 - data_sources.survey_manager - INFO - Initialized survey source: nhts (year=2022)
2026-10-01 18:10:41 - data_sources.survey_manager - INFO - SURVEY ROLES (configured weights; a source that cannot do a job is skipped)
2026-10-01 18:10:41 - data_sources.survey_manager - INFO -   job             bham_local          nhts
2026-10-01 18:10:41 - data_sources.survey_manager - INFO -   person_days           1.00          1.00
2026-10-01 18:10:41 - data_sources.survey_manager - INFO -   chains                1.00          0.00
2026-10-01 18:10:41 - data_sources.survey_manager - INFO -   times                 1.00          0.00
2026-10-01 18:10:41 - data_sources.survey_manager - INFO -   modes                 1.00          0.00
2026-10-01 18:10:41 - data_sources.survey_manager - INFO -   od                    1.00          0.00
2026-10-01 18:10:41 - data_sources.base_survey_trip - INFO - Loading survey data from DuckDB...
2026-10-01 18:10:42 - data_sources.base_survey_trip - INFO - Loaded 1071 records from DuckDB
2026-10-01 18:10:42 - data_sources.bham_local_survey - INFO - bham_local: no person-days (no zero-trip days, no persons under 18); person-days must come from another survey
2026-10-01 18:10:42 - data_sources.nhts_survey_trip - INFO - NHTS person-days: 16,997 from /media/volume/Tareek-instance_vol-1/Tareek-work/Tareek/data/nhts/csv/perv2pub.csv
2026-10-01 18:10:42 - data_sources.survey_manager - INFO - Survey 'nhts': month window [3, 4, 5, 9, 10, 11] keeps 6,309/12,186 weekday person-days
2026-10-01 18:10:42 - data_sources.survey_manager - WARNING - Survey 'bham_local': no person-days and no real months in its dates; the month filter is not applied
2026-10-01 18:10:42 - data_sources.survey_manager - INFO - Loaded 1071 records for 'bham_local'
2026-10-01 18:10:42 - data_sources.survey_manager - WARNING - Survey 'bham_local': no person-days and no real months in its dates; the month filter is not applied
2026-10-01 18:10:42 - data_sources.base_survey_trip - INFO - Processing persons and trips...
2026-10-01 18:10:43 - data_sources.base_survey_trip - INFO - Processed 423 persons across 428 person-days
2026-10-01 18:10:43 - data_sources.survey_manager - INFO - Processed 423 persons for 'bham_local'
2026-10-01 18:10:43 - models.plan_generator - INFO -   Loaded 1071 survey trips
2026-10-01 18:10:43 - models.plan_generator - INFO -   Processed 423 persons
2026-10-01 18:10:43 - models.plan_generator - INFO -   Detected survey geo level: block_group
2026-10-01 18:10:43 - models.plan_generator - INFO - Initializing statistical models...
2026-10-01 18:10:43 - models.plan_generator - INFO -   Single survey source — using direct models
2026-10-01 18:10:43 - models.chains - INFO - Starting trip chain processing...
2026-10-01 18:10:43 - models.chains - INFO - Successfully processed 428 trip chains
2026-10-01 18:10:43 - models.chains - INFO - Filtered chains by type 'contains_work': 64/166 chains match
2026-10-01 18:10:43 - models.plan_generator - INFO -   Chain model fitted with 64 patterns (length dist from 166 unfiltered)
2026-10-01 18:10:43 - models.time - INFO - Clock-time KDE bandwidth: 10 min
2026-10-01 18:10:43 - models.time - WARNING - INSUFFICIENT DATA: Only 4 departure samples for ('Dining', 'Dining') (need >5). No KDE model fitted for this pair.
2026-10-01 18:10:43 - models.time - WARNING - INSUFFICIENT DATA: Only 4 arrival samples for ('Dining', 'Dining') (need >5). No KDE model fitted for this pair.
2026-10-01 18:10:43 - models.time - WARNING - INSUFFICIENT DATA: Only 2 departure samples for ('Dining', 'Other') (need >5). No KDE model fitted for this pair.
2026-10-01 18:10:43 - models.time - WARNING - INSUFFICIENT DATA: Only 2 arrival samples for ('Dining', 'Other') (need >5). No KDE model fitted for this pair.
2026-10-01 18:10:43 - models.time - WARNING - INSUFFICIENT DATA: Only 2 departure samples for ('Dining', 'Social') (need >5). No KDE model fitted for this pair.
2026-10-01 18:10:43 - models.time - WARNING - INSUFFICIENT DATA: Only 2 arrival samples for ('Dining', 'Social') (need >5). No KDE model fitted for this pair.
2026-10-01 18:10:43 - models.time - WARNING - INSUFFICIENT DATA: Only 5 departure samples for ('Other', 'Work') (need >5). No KDE model fitted for this pair.
2026-10-01 18:10:43 - models.time - WARNING - INSUFFICIENT DATA: Only 5 arrival samples for ('Other', 'Work') (need >5). No KDE model fitted for this pair.
2026-10-01 18:10:43 - models.time - WARNING - INSUFFICIENT DATA: Only 3 departure samples for ('School', 'Dining') (need >5). No KDE model fitted for this pair.
2026-10-01 18:10:43 - models.time - WARNING - INSUFFICIENT DATA: Only 3 arrival samples for ('School', 'Dining') (need >5). No KDE model fitted for this pair.
2026-10-01 18:10:43 - models.time - WARNING - INSUFFICIENT DATA: Only 3 departure samples for ('School', 'Other') (need >5). No KDE model fitted for this pair.
2026-10-01 18:10:43 - models.time - WARNING - INSUFFICIENT DATA: Only 3 arrival samples for ('School', 'Other') (need >5). No KDE model fitted for this pair.
2026-10-01 18:10:43 - models.time - WARNING - INSUFFICIENT DATA: Only 4 departure samples for ('School', 'School') (need >5). No KDE model fitted for this pair.
2026-10-01 18:10:43 - models.time - WARNING - INSUFFICIENT DATA: Only 4 arrival samples for ('School', 'School') (need >5). No KDE model fitted for this pair.
2026-10-01 18:10:43 - models.time - WARNING - INSUFFICIENT DATA: Only 1 departure samples for ('School', 'Social') (need >5). No KDE model fitted for this pair.
2026-10-01 18:10:43 - models.time - WARNING - INSUFFICIENT DATA: Only 1 arrival samples for ('School', 'Social') (need >5). No KDE model fitted for this pair.
2026-10-01 18:10:43 - models.time - WARNING - INSUFFICIENT DATA: Only 3 departure samples for ('Shopping', 'School') (need >5). No KDE model fitted for this pair.
2026-10-01 18:10:43 - models.time - WARNING - INSUFFICIENT DATA: Only 3 arrival samples for ('Shopping', 'School') (need >5). No KDE model fitted for this pair.
2026-10-01 18:10:43 - models.time - WARNING - INSUFFICIENT DATA: Only 3 departure samples for ('Shopping', 'Social') (need >5). No KDE model fitted for this pair.
2026-10-01 18:10:43 - models.time - WARNING - INSUFFICIENT DATA: Only 3 arrival samples for ('Shopping', 'Social') (need >5). No KDE model fitted for this pair.
2026-10-01 18:10:43 - models.time - WARNING - INSUFFICIENT DATA: Only 1 departure samples for ('Social', 'Dining') (need >5). No KDE model fitted for this pair.
2026-10-01 18:10:43 - models.time - WARNING - INSUFFICIENT DATA: Only 1 arrival samples for ('Social', 'Dining') (need >5). No KDE model fitted for this pair.
2026-10-01 18:10:43 - models.time - WARNING - INSUFFICIENT DATA: Only 1 departure samples for ('Social', 'Other') (need >5). No KDE model fitted for this pair.
2026-10-01 18:10:43 - models.time - WARNING - INSUFFICIENT DATA: Only 1 arrival samples for ('Social', 'Other') (need >5). No KDE model fitted for this pair.
2026-10-01 18:10:43 - models.time - WARNING - INSUFFICIENT DATA: Only 2 departure samples for ('Social', 'Shopping') (need >5). No KDE model fitted for this pair.
2026-10-01 18:10:43 - models.time - WARNING - INSUFFICIENT DATA: Only 2 arrival samples for ('Social', 'Shopping') (need >5). No KDE model fitted for this pair.
2026-10-01 18:10:43 - models.time - WARNING - INSUFFICIENT DATA: Only 5 departure samples for ('Social', 'Social') (need >5). No KDE model fitted for this pair.
2026-10-01 18:10:43 - models.time - WARNING - INSUFFICIENT DATA: Only 5 arrival samples for ('Social', 'Social') (need >5). No KDE model fitted for this pair.
2026-10-01 18:10:43 - models.time - WARNING - INSUFFICIENT DATA: Only 1 departure samples for ('Social', 'Work') (need >5). No KDE model fitted for this pair.
2026-10-01 18:10:43 - models.time - WARNING - INSUFFICIENT DATA: Only 1 arrival samples for ('Social', 'Work') (need >5). No KDE model fitted for this pair.
2026-10-01 18:10:43 - models.time - WARNING - INSUFFICIENT DATA: Only 3 departure samples for ('Work', 'School') (need >5). No KDE model fitted for this pair.
2026-10-01 18:10:43 - models.time - WARNING - INSUFFICIENT DATA: Only 3 arrival samples for ('Work', 'School') (need >5). No KDE model fitted for this pair.
2026-10-01 18:10:43 - models.time - WARNING - INSUFFICIENT DATA: Only 3 departure samples for ('Work', 'Social') (need >5). No KDE model fitted for this pair.
2026-10-01 18:10:43 - models.time - WARNING - INSUFFICIENT DATA: Only 3 arrival samples for ('Work', 'Social') (need >5). No KDE model fitted for this pair.
2026-10-01 18:10:43 - models.time - INFO - Fitted models for 45 activity pairs
2026-10-01 18:10:43 - models.time - INFO - Mean trip durations: global=24.0min, per-pair=45 pairs
2026-10-01 18:10:43 - models.time - INFO - First-of-day departure KDEs: 10 pairs from 428 first trips (of 1071 trips)
2026-10-01 18:10:43 - models.time - WARNING - FILTER: Rejected 118 activity durations from survey (outside per-activity [min_minutes, max_minutes] bounds from config). Kept 525 valid durations.
2026-10-01 18:10:43 - models.time - INFO - Extracted 525 activity durations from survey
2026-10-01 18:10:43 - models.time - INFO -   Activity 'Dining': fitted survey KDE from 49 samples (mean=58.0 min, std=45.4 min)
2026-10-01 18:10:43 - models.time - INFO -   Activity 'Home': fitted survey KDE from 49 samples (mean=133.3 min, std=89.2 min)
2026-10-01 18:10:43 - models.time - INFO -   Activity 'Other': fitted survey KDE from 61 samples (mean=89.8 min, std=70.8 min)
2026-10-01 18:10:43 - models.time - INFO -   Activity 'School': fitted survey KDE from 20 samples (mean=219.9 min, std=161.0 min)
2026-10-01 18:10:43 - models.time - INFO -   Activity 'Shopping': fitted survey KDE from 171 samples (mean=77.4 min, std=62.8 min)
2026-10-01 18:10:43 - models.time - INFO -   Activity 'Social': fitted survey KDE from 13 samples (mean=127.0 min, std=71.7 min)
2026-10-01 18:10:43 - models.time - INFO -   Activity 'Work': fitted survey KDE from 162 samples (mean=384.5 min, std=173.3 min)
2026-10-01 18:10:43 - models.time - INFO - Fitted 7 survey KDE models for activity types
2026-10-01 18:10:43 - models.time - INFO -   Activity 'Home' bin 'afternoon': fitted binned KDE from 24 samples (mean=120.4 min, std=77.8 min)
2026-10-01 18:10:43 - models.time - INFO -   Activity 'Other' bin 'afternoon': fitted binned KDE from 21 samples (mean=67.2 min, std=56.8 min)
2026-10-01 18:10:43 - models.time - INFO -   Activity 'Other' bin 'midday': fitted binned KDE from 22 samples (mean=94.6 min, std=69.8 min)
2026-10-01 18:10:43 - models.time - INFO -   Activity 'Shopping' bin 'afternoon': fitted binned KDE from 69 samples (mean=60.7 min, std=51.9 min)
2026-10-01 18:10:43 - models.time - INFO -   Activity 'Shopping' bin 'evening': fitted binned KDE from 24 samples (mean=54.2 min, std=42.8 min)
2026-10-01 18:10:43 - models.time - INFO -   Activity 'Shopping' bin 'midday': fitted binned KDE from 53 samples (mean=96.3 min, std=67.4 min)
2026-10-01 18:10:43 - models.time - INFO -   Activity 'Shopping' bin 'morning': fitted binned KDE from 25 samples (mean=106.0 min, std=72.7 min)
2026-10-01 18:10:43 - models.time - INFO -   Activity 'Work' bin 'midday': fitted binned KDE from 29 samples (mean=225.0 min, std=143.9 min)
2026-10-01 18:10:43 - models.time - INFO -   Activity 'Work' bin 'morning': fitted binned KDE from 118 samples (mean=441.3 min, std=147.0 min)
2026-10-01 18:10:43 - models.time - INFO - Fitted 9 arrival-time-binned KDE models
2026-10-01 18:10:43 - models.time - INFO - Home typicalDuration: using 720 min (overnight anchor) instead of the measured mid-chain median 115 min — MATSim allows only one value per activity type and the overnight stay dominates the day
2026-10-01 18:10:43 - models.plan_generator - INFO -   Survey typicalDuration for MATSim: Dining=45min, Home=720min, Other=65min, School=175min, Shopping=60min, Social=110min, Work=460min
2026-10-01 18:10:43 - models.time - INFO - Home typicalDuration: using 720 min (overnight anchor) instead of the measured mid-chain median 115 min — MATSim allows only one value per activity type and the overnight stay dominates the day
2026-10-01 18:10:43 - models.plan_generator - INFO - No activity scoring windows derived from the survey — MATSim leaves opening/closing times undefined
2026-10-01 18:10:43 - models.plan_generator - INFO - Initializing POI manager...
2026-10-01 18:10:44 - models.poi_manager - INFO - POIManager initialized (Overpass servers: 3 configured)
2026-10-01 18:10:44 - models.poi_manager - INFO -   1. [primary] https://overpass-api.de/api/interpreter
2026-10-01 18:10:44 - models.poi_manager - INFO -   2. [fallback] https://overpass.kumi.systems/api/interpreter
2026-10-01 18:10:44 - models.poi_manager - INFO -   3. [fallback] https://overpass.private.coffee/api/interpreter
2026-10-01 18:10:49 - models.plan_generator - INFO -   POI manager initialized: 124520 POIs loaded
2026-10-01 18:10:49 - models.plan_generator - INFO - Generating OD matrix...
2026-10-01 18:10:49 - models.plan_generator - INFO -   Aggregated to 719 home block groups
2026-10-01 18:10:49 - models.plan_generator - INFO -   Aggregated to 707 work block groups
2026-10-01 18:10:50 - data_sources.lodes_od - INFO - ======================================================================
2026-10-01 18:10:50 - data_sources.lodes_od - INFO - LOADING OBSERVED LODES OD FLOWS
2026-10-01 18:10:50 - data_sources.lodes_od - INFO - ======================================================================
2026-10-01 18:10:50 - data_sources.lodes_od - INFO -   Year: 2023 | Version: LODES8 | Job type: JT00 | Segment: S000
2026-10-01 18:10:50 - data_sources.lodes_od - INFO -   Region: 2 counties across 1 state(s): ['AL']
2026-10-01 18:10:52 - data_sources.lodes_od - INFO -   al_main: 1,760,919 rows downloaded
2026-10-01 18:10:53 - data_sources.lodes_od - INFO -   al_aux: 88,135 rows downloaded
2026-10-01 18:10:53 - data_sources.lodes_od - INFO -   Combined: 1,849,054 block-pair rows across all files
2026-10-01 18:10:54 - data_sources.lodes_od - INFO - ----------------------------------------------------------------------
2026-10-01 18:10:54 - data_sources.lodes_od - INFO -   Observed flow classes (after county filter):
2026-10-01 18:10:54 - data_sources.lodes_od - INFO -     I-I internal:       317,723
2026-10-01 18:10:54 - data_sources.lodes_od - INFO -     I-E outbound:        61,325  (dropped unless boundary_policy=anchor)
2026-10-01 18:10:54 - data_sources.lodes_od - INFO -     E-I inbound:        173,076  (dropped unless boundary_policy=anchor)
2026-10-01 18:10:54 - data_sources.lodes_od - INFO -     internal_share (resident-side, I-I/(I-I+I-E)): 0.8382
2026-10-01 18:10:54 - data_sources.lodes_od - INFO -     job-side share (I-I/(I-I+E-I)):                0.6474
2026-10-01 18:10:54 - data_sources.lodes_od - INFO -     two-sided share (I-I/all region-touching):     0.5755
2026-10-01 18:10:54 - data_sources.lodes_od - WARNING -   234,401 boundary commutes (61,325 I-E + 173,076 E-I) are outside the region's internal matrix — 42.5% of region-touching flow. 61,325 employed residents (16.2%) get no work trip from observed OD.
2026-10-01 18:10:54 - data_sources.lodes_od - INFO -     I-I sourced from aux files: 0 (0.00%)
2026-10-01 18:10:54 - data_sources.lodes_od - INFO - ----------------------------------------------------------------------
2026-10-01 18:10:54 - data_sources.lodes_od - INFO -   Loaded assembled OD matrix from cache: /media/volume/Tareek-instance_vol-1/Tareek-work/Tareek/data/lodes_od_cache/od_matrix_70e2309f20f98e85.parquet
2026-10-01 18:10:54 - data_sources.lodes_od - INFO -   Reconciliation OK: matrix 552,124 vs direct aggregation 552,124 (317,723 I-I + 234,401 anchored) (delta +0)
2026-10-01 18:10:54 - utils.od_diagnostics - INFO - OD source: lodes_od
2026-10-01 18:10:54 - models.od_matrix_v3 - INFO - ======================================================================
2026-10-01 18:10:54 - models.od_matrix_v3 - INFO - COMBINING OD MATRICES
2026-10-01 18:10:54 - models.od_matrix_v3 - INFO - ======================================================================
2026-10-01 18:10:54 - models.od_matrix_v3 - INFO - Survey matrix shape: (1, 1)
2026-10-01 18:10:54 - models.od_matrix_v3 - INFO - Local matrix shape: (719, 707)
2026-10-01 18:10:54 - models.od_matrix_v3 - INFO - Alpha (survey weight): 0.10
2026-10-01 18:10:54 - models.od_matrix_v3 - INFO - Local weight: 0.90
2026-10-01 18:10:54 - models.od_matrix_v3 - INFO - Aligning survey to local matrix structure...
2026-10-01 18:10:54 - models.od_matrix_v3 - INFO - Combining matrices (alpha blend where survey exists, local only where survey is empty)...
2026-10-01 18:10:54 - models.od_matrix_v3 - INFO - No scaling target specified. Using local matrix total: 552,124
2026-10-01 18:10:54 - models.od_matrix_v3 - INFO - Matrix total before scaling: 552,124
2026-10-01 18:10:54 - models.od_matrix_v3 - INFO - Scale factor: 1.000000
2026-10-01 18:10:54 - models.od_matrix_v3 - INFO - Applying robust rounding to guarantee target total...
2026-10-01 18:10:54 - models.od_matrix_v3 - INFO - Total after flooring: 552,124
2026-10-01 18:10:54 - models.od_matrix_v3 - INFO - Remainder to distribute: 0
2026-10-01 18:10:54 - models.od_matrix_v3 - INFO - ======================================================================
2026-10-01 18:10:54 - models.od_matrix_v3 - INFO - VERIFICATION
2026-10-01 18:10:54 - models.od_matrix_v3 - INFO - ======================================================================
2026-10-01 18:10:54 - models.od_matrix_v3 - INFO - Survey total trips: 169
2026-10-01 18:10:54 - models.od_matrix_v3 - INFO - Local total trips: 552,124
2026-10-01 18:10:54 - models.od_matrix_v3 - INFO - Combined total trips (before scaling): 552,124
2026-10-01 18:10:54 - models.od_matrix_v3 - INFO - Combined total trips (after scaling & rounding): 552,124
2026-10-01 18:10:54 - models.od_matrix_v3 - INFO - Target total: 552,124
2026-10-01 18:10:54 - models.od_matrix_v3 - INFO - Difference: 0
2026-10-01 18:10:54 - models.od_matrix_v3 - INFO - Combined matrix shape: (719, 707)
2026-10-01 18:10:54 - models.plan_generator - INFO -   Combined OD matrix shape: (719, 707)
2026-10-01 18:10:54 - models.plan_generator - INFO -   Total trips in matrix: 552,124
2026-10-01 18:10:54 - data_sources.lodes_od - INFO -   Matrix: 719 × 707, 124,502 non-zero pairs (24.5% dense), 552,124 trips
2026-10-01 18:10:54 - data_sources.lodes_od - INFO -   Zero-rows: 0 | Zero-cols: 0
2026-10-01 18:10:54 - utils.od_diagnostics - INFO -   Trip length: mean 26.3 km, median 24.21 km, p25 12.01 km, p75 38.81 km
2026-10-01 18:10:54 - utils.od_diagnostics - INFO -   Intrazonal share: 0.75%
2026-10-01 18:10:54 - models.plan_generator - WARNING -   Survey blend ran but changed no cells — the survey's H->W trips do not overlap the base matrix. alpha=0.10 had no practical effect.
2026-10-01 18:10:54 - utils.od_diagnostics - INFO -   vs gravity base: 552,124 / 387,999 = 1.4230 (+42.30% agents)
2026-10-01 18:10:54 - models.plan_generator - INFO -   Observed I-I gives 317,723 trips vs 387,999 employed residents (-18.11% agents) — E1
2026-10-01 18:10:54 - models.plan_generator - INFO -   Saved base (pre-blend) OD matrix to: /media/volume/Tareek-instance_vol-1/Tareek-work/Tareek/experiments/bham_local_hermes_w12_nw20_fr03_10iter/base_od_matrix.csv
2026-10-01 18:10:54 - models.plan_generator - INFO -   Saved combined OD matrix to: /media/volume/Tareek-instance_vol-1/Tareek-work/Tareek/experiments/bham_local_hermes_w12_nw20_fr03_10iter/combined_od_matrix.csv
2026-10-01 18:10:54 - utils.od_diagnostics - INFO -   Wrote OD diagnostics to: /media/volume/Tareek-instance_vol-1/Tareek-work/Tareek/experiments/bham_local_hermes_w12_nw20_fr03_10iter/od_matrix_diagnostics.json
2026-10-01 18:10:54 - models.plan_generator - INFO - Initializing GTFS transit availability...
2026-10-01 18:10:56 - models.plan_generator - INFO -   GTFS feeds already in DB, skipping redundant setup
2026-10-01 18:10:56 - models.gtfs_availability - INFO - Building GTFS spatial indices...
2026-10-01 18:11:00 - models.gtfs_availability - INFO -   Built index for bus: 37083 stops (route_types=[3, 11], took 3.86s)
2026-10-01 18:11:00 - models.gtfs_availability - INFO - GTFS spatial indices built: 1 modes, 37083 total stops (took 3.9s)
2026-10-01 18:11:00 - models.plan_generator - INFO -   GTFS availability ready: 1 modes, 37083 stops indexed
2026-10-01 18:11:00 - models.plan_generator - INFO - Initializing mode choice model...
2026-10-01 18:11:00 - models.mode_choice - INFO - Computing mode shares from survey data...
2026-10-01 18:11:00 - models.mode_choice - INFO - Computed mode rates for 7 purposes
2026-10-01 18:11:00 - models.mode_choice - INFO -   Overall mode distribution: car=88.4%, rideshare=6.8%, walk=2.6%, bus=1.9%, bike=0.3%
2026-10-01 18:11:00 - models.mode_choice - INFO - ModeChoiceModel initialized with 3 modes: ['car', 'bus', 'walk']
2026-10-01 18:11:00 - models.plan_generator - INFO - Plan generator initialized successfully!
2026-10-01 18:11:00 - models.plan_generator - INFO - ======================================================================
2026-10-01 18:11:00 - models.plan_generator - INFO - Using provided experiment directory: /media/volume/Tareek-instance_vol-1/Tareek-work/Tareek/experiments/bham_local_hermes_w12_nw20_fr03_10iter
2026-10-01 18:11:00 - models.plan_generator - INFO - All logs will be saved to: /media/volume/Tareek-instance_vol-1/Tareek-work/Tareek/experiments/bham_local_hermes_w12_nw20_fr03_10iter/experiment_20261001_180911.log
2026-10-01 18:11:00 - models.plan_generator - INFO - ======================================================================
2026-10-01 18:11:00 - models.plan_generator - INFO - GENERATING PLANS
2026-10-01 18:11:00 - models.plan_generator - INFO - Target plans: all
2026-10-01 18:11:00 - models.plan_generator - INFO - Scaling factor: 0.25
2026-10-01 18:11:00 - models.plan_generator - INFO - Experiment directory: /media/volume/Tareek-instance_vol-1/Tareek-work/Tareek/experiments/bham_local_hermes_w12_nw20_fr03_10iter
2026-10-01 18:11:00 - models.plan_generator - INFO - ======================================================================
2026-10-01 18:11:00 - models.plan_generator - INFO - P(commute) of workers (survey): 0.525
2026-10-01 18:11:00 - models.plan_generator - INFO - Work scaling multiplier: 1.2
2026-10-01 18:11:00 - models.plan_generator - INFO - Effective work scaling: 0.25 x 0.525 x 1.2 = 0.1576
2026-10-01 18:11:00 - models.plan_generator - INFO - Initial OD pairs: 50026
2026-10-01 18:11:00 - models.plan_generator - INFO - Original total trips: 552,124
2026-10-01 18:11:00 - models.plan_generator - INFO - Expected scaled trips: 87,018
2026-10-01 18:11:00 - models.plan_generator - INFO - Actual scaled trips: 87,170
2026-10-01 18:11:00 - models.plan_generator - INFO - Scaling accuracy: 100.2%
2026-10-01 18:11:00 - models.plan_generator - INFO - Using ALL scaled OD pairs (representative sample)
2026-10-01 18:11:00 - models.plan_generator - INFO - Total plans to generate: 87,170
2026-10-01 18:11:00 - models.plan_generator - INFO - Using 30 processes
2026-10-01 18:11:00 - models.plan_generator - INFO - Pre-loading data for multiprocessing...
2026-10-01 18:11:01 - models.poi_manager - INFO - Loaded 7,981 POIs across 6 activity types (county-filtered)
2026-10-01 18:11:01 - models.plan_generator - INFO - Loading POIs from database: found 7981 POIs (county-filtered)
2026-10-01 18:11:01 - models.plan_generator - INFO - Grouped POIs into 6 activity categories:
2026-10-01 18:11:01 - models.plan_generator - INFO -   - Social: 1368 POIs
2026-10-01 18:11:01 - models.plan_generator - INFO -   - School: 579 POIs
2026-10-01 18:11:01 - models.plan_generator - INFO -   - Shopping: 542 POIs
2026-10-01 18:11:01 - models.plan_generator - INFO -   - Other: 4185 POIs
2026-10-01 18:11:01 - models.plan_generator - INFO -   - Dining: 1153 POIs
2026-10-01 18:11:01 - models.plan_generator - INFO -   - Escort: 154 POIs
2026-10-01 18:11:01 - models.plan_generator - INFO -   Loaded 7981 POIs across 6 activities
2026-10-01 18:11:01 - models.plan_generator - INFO -   Pre-processed 64 chain patterns
2026-10-01 18:11:01 - models.plan_generator - INFO -   Serialized GTFS stop data for workers: bus=37083 stops
2026-10-01 18:11:01 - models.plan_generator - INFO - Split 50026 OD pairs into 31 chunks
2026-10-01 18:11:01 - models.plan_generator - INFO - Workers will log to: /media/volume/Tareek-instance_vol-1/Tareek-work/Tareek/experiments/bham_local_hermes_w12_nw20_fr03_10iter/experiment_20261001_180911.log
2026-10-01 18:11:02 - [ForkPoolWorker-1] models.plan_generator - INFO - Worker ForkPoolWorker-1 started - processing 1667 OD pairs
2026-10-01 18:11:02 - [ForkPoolWorker-3] models.plan_generator - INFO - Worker ForkPoolWorker-3 started - processing 1667 OD pairs
2026-10-01 18:11:02 - [ForkPoolWorker-2] models.plan_generator - INFO - Worker ForkPoolWorker-2 started - processing 1667 OD pairs
2026-10-01 18:11:03 - [ForkPoolWorker-4] models.plan_generator - INFO - Worker ForkPoolWorker-4 started - processing 1667 OD pairs
2026-10-01 18:11:03 - [ForkPoolWorker-1] models.time - INFO - Fitted models for 45 activity pairs
2026-10-01 18:11:03 - [ForkPoolWorker-1] models.time - INFO - Mean trip durations: global=24.0min, per-pair=45 pairs
2026-10-01 18:11:03 - [ForkPoolWorker-3] models.time - INFO - Fitted models for 45 activity pairs
2026-10-01 18:11:03 - [ForkPoolWorker-3] models.time - INFO - Mean trip durations: global=24.0min, per-pair=45 pairs
2026-10-01 18:11:03 - [ForkPoolWorker-5] models.plan_generator - INFO - Worker ForkPoolWorker-5 started - processing 1667 OD pairs
2026-10-01 18:11:03 - [ForkPoolWorker-2] models.time - INFO - Fitted models for 45 activity pairs
2026-10-01 18:11:03 - [ForkPoolWorker-2] models.time - INFO - Mean trip durations: global=24.0min, per-pair=45 pairs
2026-10-01 18:11:03 - [ForkPoolWorker-6] models.plan_generator - INFO - Worker ForkPoolWorker-6 started - processing 1667 OD pairs
2026-10-01 18:11:03 - [ForkPoolWorker-7] models.plan_generator - INFO - Worker ForkPoolWorker-7 started - processing 1667 OD pairs
2026-10-01 18:11:03 - [ForkPoolWorker-4] models.time - INFO - Fitted models for 45 activity pairs
2026-10-01 18:11:03 - [ForkPoolWorker-4] models.time - INFO - Mean trip durations: global=24.0min, per-pair=45 pairs
2026-10-01 18:11:03 - [ForkPoolWorker-8] models.plan_generator - INFO - Worker ForkPoolWorker-8 started - processing 1667 OD pairs
2026-10-01 18:11:03 - [ForkPoolWorker-5] models.time - INFO - Fitted models for 45 activity pairs
2026-10-01 18:11:03 - [ForkPoolWorker-5] models.time - INFO - Mean trip durations: global=24.0min, per-pair=45 pairs
2026-10-01 18:11:03 - [ForkPoolWorker-6] models.time - INFO - Fitted models for 45 activity pairs
2026-10-01 18:11:03 - [ForkPoolWorker-6] models.time - INFO - Mean trip durations: global=24.0min, per-pair=45 pairs
2026-10-01 18:11:03 - [ForkPoolWorker-7] models.time - INFO - Fitted models for 45 activity pairs
2026-10-01 18:11:03 - [ForkPoolWorker-7] models.time - INFO - Mean trip durations: global=24.0min, per-pair=45 pairs
2026-10-01 18:11:03 - [ForkPoolWorker-9] models.plan_generator - INFO - Worker ForkPoolWorker-9 started - processing 1667 OD pairs
2026-10-01 18:11:03 - [ForkPoolWorker-8] models.time - INFO - Fitted models for 45 activity pairs
2026-10-01 18:11:03 - [ForkPoolWorker-8] models.time - INFO - Mean trip durations: global=24.0min, per-pair=45 pairs
2026-10-01 18:11:03 - [ForkPoolWorker-10] models.plan_generator - INFO - Worker ForkPoolWorker-10 started - processing 1667 OD pairs
2026-10-01 18:11:03 - [ForkPoolWorker-11] models.plan_generator - INFO - Worker ForkPoolWorker-11 started - processing 1667 OD pairs
2026-10-01 18:11:03 - [ForkPoolWorker-9] models.time - INFO - Fitted models for 45 activity pairs
2026-10-01 18:11:03 - [ForkPoolWorker-9] models.time - INFO - Mean trip durations: global=24.0min, per-pair=45 pairs
2026-10-01 18:11:03 - [ForkPoolWorker-12] models.plan_generator - INFO - Worker ForkPoolWorker-12 started - processing 1667 OD pairs
2026-10-01 18:11:03 - [ForkPoolWorker-10] models.time - INFO - Fitted models for 45 activity pairs
2026-10-01 18:11:03 - [ForkPoolWorker-10] models.time - INFO - Mean trip durations: global=24.0min, per-pair=45 pairs
2026-10-01 18:11:03 - [ForkPoolWorker-13] models.plan_generator - INFO - Worker ForkPoolWorker-13 started - processing 1667 OD pairs
2026-10-01 18:11:03 - [ForkPoolWorker-11] models.time - INFO - Fitted models for 45 activity pairs
2026-10-01 18:11:03 - [ForkPoolWorker-11] models.time - INFO - Mean trip durations: global=24.0min, per-pair=45 pairs
2026-10-01 18:11:03 - [ForkPoolWorker-14] models.plan_generator - INFO - Worker ForkPoolWorker-14 started - processing 1667 OD pairs
2026-10-01 18:11:03 - [ForkPoolWorker-1] models.mode_availability - DEBUG - Registered availability checker for car: UniversalAvailability
2026-10-01 18:11:03 - [ForkPoolWorker-1] models.mode_availability - DEBUG - Registered availability checker for bus: GTFSTransitAvailability
2026-10-01 18:11:03 - [ForkPoolWorker-1] models.mode_availability - DEBUG - Registered availability checker for walk: DistanceBasedAvailability
2026-10-01 18:11:03 - [ForkPoolWorker-1] models.mode_choice - INFO - Computing mode shares from survey data...
2026-10-01 18:11:03 - [ForkPoolWorker-1] models.mode_choice - DEBUG -   Survey weights (normalized): {'default': 1.0}
2026-10-01 18:11:03 - [ForkPoolWorker-1] models.mode_choice - DEBUG -   Computing rates for purposes: ['Shopping', 'Work', 'Home', 'Other', 'School', 'Social', 'Dining', 'all']
2026-10-01 18:11:03 - [ForkPoolWorker-1] models.mode_choice - DEBUG -   Mode rates for 'Shopping': car=92.9%, rideshare=3.1%, walk=2.7%, bus=1.2%
2026-10-01 18:11:03 - [ForkPoolWorker-1] models.mode_choice - DEBUG -   Mode rates for 'Work': car=85.6%, rideshare=8.1%, walk=3.0%, bus=3.0%, bike=0.4%
2026-10-01 18:11:03 - [ForkPoolWorker-1] models.mode_choice - DEBUG -   Mode rates for 'Home': car=88.3%, rideshare=8.5%, bus=1.8%, walk=1.2%, bike=0.3%
2026-10-01 18:11:03 - [ForkPoolWorker-1] models.mode_choice - DEBUG -   Mode rates for 'Other': car=91.0%, bus=3.4%, rideshare=3.4%, walk=2.2%
2026-10-01 18:11:03 - [ForkPoolWorker-1] models.mode_choice - DEBUG -   Mode rates for 'School': car=78.0%, walk=12.2%, rideshare=7.3%, bus=2.4%
2026-10-01 18:11:03 - [ForkPoolWorker-1] models.mode_choice - DEBUG -   Survey 'default' has only 23 trips for purpose 'Social' (min: 30)
2026-10-01 18:11:03 - [ForkPoolWorker-1] models.mode_choice - DEBUG -   No valid data for purpose 'Social'
2026-10-01 18:11:03 - [ForkPoolWorker-1] models.mode_choice - DEBUG -   Mode rates for 'Dining': car=88.4%, rideshare=7.0%, walk=3.5%, bike=1.2%
2026-10-01 18:11:03 - [ForkPoolWorker-1] models.mode_choice - DEBUG -   Mode rates for 'all': car=88.4%, rideshare=6.8%, walk=2.6%, bus=1.9%, bike=0.3%
2026-10-01 18:11:03 - [ForkPoolWorker-1] models.mode_choice - INFO - Computed mode rates for 7 purposes
2026-10-01 18:11:03 - [ForkPoolWorker-1] models.mode_choice - INFO -   Overall mode distribution: car=88.4%, rideshare=6.8%, walk=2.6%, bus=1.9%, bike=0.3%
2026-10-01 18:11:03 - [ForkPoolWorker-1] models.mode_choice - INFO - ModeChoiceModel initialized with 3 modes: ['car', 'bus', 'walk']
2026-10-01 18:11:03 - [ForkPoolWorker-12] models.time - INFO - Fitted models for 45 activity pairs
2026-10-01 18:11:03 - [ForkPoolWorker-12] models.time - INFO - Mean trip durations: global=24.0min, per-pair=45 pairs
2026-10-01 18:11:03 - [ForkPoolWorker-3] models.mode_availability - DEBUG - Registered availability checker for car: UniversalAvailability
2026-10-01 18:11:03 - [ForkPoolWorker-3] models.mode_availability - DEBUG - Registered availability checker for bus: GTFSTransitAvailability
2026-10-01 18:11:03 - [ForkPoolWorker-3] models.mode_availability - DEBUG - Registered availability checker for walk: DistanceBasedAvailability
2026-10-01 18:11:03 - [ForkPoolWorker-3] models.mode_choice - INFO - Computing mode shares from survey data...
2026-10-01 18:11:03 - [ForkPoolWorker-3] models.mode_choice - DEBUG -   Survey weights (normalized): {'default': 1.0}
2026-10-01 18:11:03 - [ForkPoolWorker-3] models.mode_choice - DEBUG -   Computing rates for purposes: ['Shopping', 'Work', 'Home', 'Other', 'School', 'Social', 'Dining', 'all']
2026-10-01 18:11:03 - [ForkPoolWorker-3] models.mode_choice - DEBUG -   Mode rates for 'Shopping': car=92.9%, rideshare=3.1%, walk=2.7%, bus=1.2%
2026-10-01 18:11:03 - [ForkPoolWorker-3] models.mode_choice - DEBUG -   Mode rates for 'Work': car=85.6%, rideshare=8.1%, walk=3.0%, bus=3.0%, bike=0.4%
2026-10-01 18:11:03 - [ForkPoolWorker-3] models.mode_choice - DEBUG -   Mode rates for 'Home': car=88.3%, rideshare=8.5%, bus=1.8%, walk=1.2%, bike=0.3%
2026-10-01 18:11:03 - [ForkPoolWorker-3] models.mode_choice - DEBUG -   Mode rates for 'Other': car=91.0%, bus=3.4%, rideshare=3.4%, walk=2.2%
2026-10-01 18:11:03 - [ForkPoolWorker-3] models.mode_choice - DEBUG -   Mode rates for 'School': car=78.0%, walk=12.2%, rideshare=7.3%, bus=2.4%
2026-10-01 18:11:03 - [ForkPoolWorker-3] models.mode_choice - DEBUG -   Survey 'default' has only 23 trips for purpose 'Social' (min: 30)
2026-10-01 18:11:03 - [ForkPoolWorker-3] models.mode_choice - DEBUG -   No valid data for purpose 'Social'
2026-10-01 18:11:03 - [ForkPoolWorker-3] models.mode_choice - DEBUG -   Mode rates for 'Dining': car=88.4%, rideshare=7.0%, walk=3.5%, bike=1.2%
2026-10-01 18:11:03 - [ForkPoolWorker-3] models.mode_choice - DEBUG -   Mode rates for 'all': car=88.4%, rideshare=6.8%, walk=2.6%, bus=1.9%, bike=0.3%
2026-10-01 18:11:03 - [ForkPoolWorker-3] models.mode_choice - INFO - Computed mode rates for 7 purposes
2026-10-01 18:11:03 - [ForkPoolWorker-3] models.mode_choice - INFO -   Overall mode distribution: car=88.4%, rideshare=6.8%, walk=2.6%, bus=1.9%, bike=0.3%
2026-10-01 18:11:03 - [ForkPoolWorker-3] models.mode_choice - INFO - ModeChoiceModel initialized with 3 modes: ['car', 'bus', 'walk']
2026-10-01 18:11:03 - [ForkPoolWorker-2] models.mode_availability - DEBUG - Registered availability checker for car: UniversalAvailability
2026-10-01 18:11:03 - [ForkPoolWorker-2] models.mode_availability - DEBUG - Registered availability checker for bus: GTFSTransitAvailability
2026-10-01 18:11:03 - [ForkPoolWorker-2] models.mode_availability - DEBUG - Registered availability checker for walk: DistanceBasedAvailability
2026-10-01 18:11:03 - [ForkPoolWorker-2] models.mode_choice - INFO - Computing mode shares from survey data...
2026-10-01 18:11:03 - [ForkPoolWorker-2] models.mode_choice - DEBUG -   Survey weights (normalized): {'default': 1.0}
2026-10-01 18:11:03 - [ForkPoolWorker-2] models.mode_choice - DEBUG -   Computing rates for purposes: ['Shopping', 'Work', 'Home', 'Other', 'School', 'Social', 'Dining', 'all']
2026-10-01 18:11:03 - [ForkPoolWorker-2] models.mode_choice - DEBUG -   Mode rates for 'Shopping': car=92.9%, rideshare=3.1%, walk=2.7%, bus=1.2%
2026-10-01 18:11:03 - [ForkPoolWorker-2] models.mode_choice - DEBUG -   Mode rates for 'Work': car=85.6%, rideshare=8.1%, walk=3.0%, bus=3.0%, bike=0.4%
2026-10-01 18:11:03 - [ForkPoolWorker-2] models.mode_choice - DEBUG -   Mode rates for 'Home': car=88.3%, rideshare=8.5%, bus=1.8%, walk=1.2%, bike=0.3%
2026-10-01 18:11:03 - [ForkPoolWorker-2] models.mode_choice - DEBUG -   Mode rates for 'Other': car=91.0%, bus=3.4%, rideshare=3.4%, walk=2.2%
2026-10-01 18:11:03 - [ForkPoolWorker-2] models.mode_choice - DEBUG -   Mode rates for 'School': car=78.0%, walk=12.2%, rideshare=7.3%, bus=2.4%
2026-10-01 18:11:03 - [ForkPoolWorker-2] models.mode_choice - DEBUG -   Survey 'default' has only 23 trips for purpose 'Social' (min: 30)
2026-10-01 18:11:03 - [ForkPoolWorker-2] models.mode_choice - DEBUG -   No valid data for purpose 'Social'
2026-10-01 18:11:03 - [ForkPoolWorker-2] models.mode_choice - DEBUG -   Mode rates for 'Dining': car=88.4%, rideshare=7.0%, walk=3.5%, bike=1.2%
2026-10-01 18:11:03 - [ForkPoolWorker-2] models.mode_choice - DEBUG -   Mode rates for 'all': car=88.4%, rideshare=6.8%, walk=2.6%, bus=1.9%, bike=0.3%
2026-10-01 18:11:03 - [ForkPoolWorker-2] models.mode_choice - INFO - Computed mode rates for 7 purposes
2026-10-01 18:11:03 - [ForkPoolWorker-2] models.mode_choice - INFO -   Overall mode distribution: car=88.4%, rideshare=6.8%, walk=2.6%, bus=1.9%, bike=0.3%
2026-10-01 18:11:03 - [ForkPoolWorker-2] models.mode_choice - INFO - ModeChoiceModel initialized with 3 modes: ['car', 'bus', 'walk']
2026-10-01 18:11:03 - [ForkPoolWorker-15] models.plan_generator - INFO - Worker ForkPoolWorker-15 started - processing 1667 OD pairs
2026-10-01 18:11:03 - [ForkPoolWorker-13] models.time - INFO - Fitted models for 45 activity pairs
2026-10-01 18:11:03 - [ForkPoolWorker-13] models.time - INFO - Mean trip durations: global=24.0min, per-pair=45 pairs
2026-10-01 18:11:03 - [ForkPoolWorker-4] models.mode_availability - DEBUG - Registered availability checker for car: UniversalAvailability
2026-10-01 18:11:03 - [ForkPoolWorker-4] models.mode_availability - DEBUG - Registered availability checker for bus: GTFSTransitAvailability
2026-10-01 18:11:03 - [ForkPoolWorker-4] models.mode_availability - DEBUG - Registered availability checker for walk: DistanceBasedAvailability
2026-10-01 18:11:03 - [ForkPoolWorker-4] models.mode_choice - INFO - Computing mode shares from survey data...
2026-10-01 18:11:03 - [ForkPoolWorker-4] models.mode_choice - DEBUG -   Survey weights (normalized): {'default': 1.0}
2026-10-01 18:11:03 - [ForkPoolWorker-4] models.mode_choice - DEBUG -   Computing rates for purposes: ['Shopping', 'Work', 'Home', 'Other', 'School', 'Social', 'Dining', 'all']
2026-10-01 18:11:03 - [ForkPoolWorker-4] models.mode_choice - DEBUG -   Mode rates for 'Shopping': car=92.9%, rideshare=3.1%, walk=2.7%, bus=1.2%
2026-10-01 18:11:03 - [ForkPoolWorker-4] models.mode_choice - DEBUG -   Mode rates for 'Work': car=85.6%, rideshare=8.1%, walk=3.0%, bus=3.0%, bike=0.4%
2026-10-01 18:11:03 - [ForkPoolWorker-4] models.mode_choice - DEBUG -   Mode rates for 'Home': car=88.3%, rideshare=8.5%, bus=1.8%, walk=1.2%, bike=0.3%
2026-10-01 18:11:03 - [ForkPoolWorker-4] models.mode_choice - DEBUG -   Mode rates for 'Other': car=91.0%, bus=3.4%, rideshare=3.4%, walk=2.2%
2026-10-01 18:11:03 - [ForkPoolWorker-4] models.mode_choice - DEBUG -   Mode rates for 'School': car=78.0%, walk=12.2%, rideshare=7.3%, bus=2.4%
2026-10-01 18:11:03 - [ForkPoolWorker-4] models.mode_choice - DEBUG -   Survey 'default' has only 23 trips for purpose 'Social' (min: 30)
2026-10-01 18:11:03 - [ForkPoolWorker-4] models.mode_choice - DEBUG -   No valid data for purpose 'Social'
2026-10-01 18:11:03 - [ForkPoolWorker-4] models.mode_choice - DEBUG -   Mode rates for 'Dining': car=88.4%, rideshare=7.0%, walk=3.5%, bike=1.2%
2026-10-01 18:11:03 - [ForkPoolWorker-4] models.mode_choice - DEBUG -   Mode rates for 'all': car=88.4%, rideshare=6.8%, walk=2.6%, bus=1.9%, bike=0.3%
2026-10-01 18:11:03 - [ForkPoolWorker-4] models.mode_choice - INFO - Computed mode rates for 7 purposes
2026-10-01 18:11:03 - [ForkPoolWorker-4] models.mode_choice - INFO -   Overall mode distribution: car=88.4%, rideshare=6.8%, walk=2.6%, bus=1.9%, bike=0.3%
2026-10-01 18:11:03 - [ForkPoolWorker-4] models.mode_choice - INFO - ModeChoiceModel initialized with 3 modes: ['car', 'bus', 'walk']
2026-10-01 18:11:03 - [ForkPoolWorker-14] models.time - INFO - Fitted models for 45 activity pairs
2026-10-01 18:11:03 - [ForkPoolWorker-14] models.time - INFO - Mean trip durations: global=24.0min, per-pair=45 pairs
2026-10-01 18:11:03 - [ForkPoolWorker-16] models.plan_generator - INFO - Worker ForkPoolWorker-16 started - processing 1667 OD pairs
2026-10-01 18:11:03 - [ForkPoolWorker-5] models.mode_availability - DEBUG - Registered availability checker for car: UniversalAvailability
2026-10-01 18:11:03 - [ForkPoolWorker-5] models.mode_availability - DEBUG - Registered availability checker for bus: GTFSTransitAvailability
2026-10-01 18:11:03 - [ForkPoolWorker-5] models.mode_availability - DEBUG - Registered availability checker for walk: DistanceBasedAvailability
2026-10-01 18:11:03 - [ForkPoolWorker-5] models.mode_choice - INFO - Computing mode shares from survey data...
2026-10-01 18:11:03 - [ForkPoolWorker-5] models.mode_choice - DEBUG -   Survey weights (normalized): {'default': 1.0}
2026-10-01 18:11:03 - [ForkPoolWorker-17] models.plan_generator - INFO - Worker ForkPoolWorker-17 started - processing 1667 OD pairs
2026-10-01 18:11:03 - [ForkPoolWorker-5] models.mode_choice - DEBUG -   Computing rates for purposes: ['Shopping', 'Work', 'Home', 'Other', 'School', 'Social', 'Dining', 'all']
2026-10-01 18:11:03 - [ForkPoolWorker-5] models.mode_choice - DEBUG -   Mode rates for 'Shopping': car=92.9%, rideshare=3.1%, walk=2.7%, bus=1.2%
2026-10-01 18:11:03 - [ForkPoolWorker-5] models.mode_choice - DEBUG -   Mode rates for 'Work': car=85.6%, rideshare=8.1%, walk=3.0%, bus=3.0%, bike=0.4%
2026-10-01 18:11:03 - [ForkPoolWorker-5] models.mode_choice - DEBUG -   Mode rates for 'Home': car=88.3%, rideshare=8.5%, bus=1.8%, walk=1.2%, bike=0.3%
2026-10-01 18:11:03 - [ForkPoolWorker-5] models.mode_choice - DEBUG -   Mode rates for 'Other': car=91.0%, bus=3.4%, rideshare=3.4%, walk=2.2%
2026-10-01 18:11:03 - [ForkPoolWorker-5] models.mode_choice - DEBUG -   Mode rates for 'School': car=78.0%, walk=12.2%, rideshare=7.3%, bus=2.4%
2026-10-01 18:11:03 - [ForkPoolWorker-5] models.mode_choice - DEBUG -   Survey 'default' has only 23 trips for purpose 'Social' (min: 30)
2026-10-01 18:11:03 - [ForkPoolWorker-5] models.mode_choice - DEBUG -   No valid data for purpose 'Social'
2026-10-01 18:11:03 - [ForkPoolWorker-5] models.mode_choice - DEBUG -   Mode rates for 'Dining': car=88.4%, rideshare=7.0%, walk=3.5%, bike=1.2%
2026-10-01 18:11:03 - [ForkPoolWorker-5] models.mode_choice - DEBUG -   Mode rates for 'all': car=88.4%, rideshare=6.8%, walk=2.6%, bus=1.9%, bike=0.3%
2026-10-01 18:11:03 - [ForkPoolWorker-5] models.mode_choice - INFO - Computed mode rates for 7 purposes
2026-10-01 18:11:03 - [ForkPoolWorker-5] models.mode_choice - INFO -   Overall mode distribution: car=88.4%, rideshare=6.8%, walk=2.6%, bus=1.9%, bike=0.3%
2026-10-01 18:11:03 - [ForkPoolWorker-5] models.mode_choice - INFO - ModeChoiceModel initialized with 3 modes: ['car', 'bus', 'walk']
2026-10-01 18:11:03 - [ForkPoolWorker-15] models.time - INFO - Fitted models for 45 activity pairs
2026-10-01 18:11:03 - [ForkPoolWorker-15] models.time - INFO - Mean trip durations: global=24.0min, per-pair=45 pairs
2026-10-01 18:11:03 - [ForkPoolWorker-6] models.mode_availability - DEBUG - Registered availability checker for car: UniversalAvailability
2026-10-01 18:11:03 - [ForkPoolWorker-6] models.mode_availability - DEBUG - Registered availability checker for bus: GTFSTransitAvailability
2026-10-01 18:11:03 - [ForkPoolWorker-6] models.mode_availability - DEBUG - Registered availability checker for walk: DistanceBasedAvailability
2026-10-01 18:11:03 - [ForkPoolWorker-6] models.mode_choice - INFO - Computing mode shares from survey data...
2026-10-01 18:11:03 - [ForkPoolWorker-6] models.mode_choice - DEBUG -   Survey weights (normalized): {'default': 1.0}
2026-10-01 18:11:03 - [ForkPoolWorker-6] models.mode_choice - DEBUG -   Computing rates for purposes: ['Shopping', 'Work', 'Home', 'Other', 'School', 'Social', 'Dining', 'all']
2026-10-01 18:11:03 - [ForkPoolWorker-6] models.mode_choice - DEBUG -   Mode rates for 'Shopping': car=92.9%, rideshare=3.1%, walk=2.7%, bus=1.2%
2026-10-01 18:11:03 - [ForkPoolWorker-6] models.mode_choice - DEBUG -   Mode rates for 'Work': car=85.6%, rideshare=8.1%, walk=3.0%, bus=3.0%, bike=0.4%
2026-10-01 18:11:03 - [ForkPoolWorker-6] models.mode_choice - DEBUG -   Mode rates for 'Home': car=88.3%, rideshare=8.5%, bus=1.8%, walk=1.2%, bike=0.3%
2026-10-01 18:11:03 - [ForkPoolWorker-6] models.mode_choice - DEBUG -   Mode rates for 'Other': car=91.0%, bus=3.4%, rideshare=3.4%, walk=2.2%
2026-10-01 18:11:03 - [ForkPoolWorker-6] models.mode_choice - DEBUG -   Mode rates for 'School': car=78.0%, walk=12.2%, rideshare=7.3%, bus=2.4%
2026-10-01 18:11:03 - [ForkPoolWorker-6] models.mode_choice - DEBUG -   Survey 'default' has only 23 trips for purpose 'Social' (min: 30)
2026-10-01 18:11:03 - [ForkPoolWorker-6] models.mode_choice - DEBUG -   No valid data for purpose 'Social'
2026-10-01 18:11:03 - [ForkPoolWorker-6] models.mode_choice - DEBUG -   Mode rates for 'Dining': car=88.4%, rideshare=7.0%, walk=3.5%, bike=1.2%
2026-10-01 18:11:03 - [ForkPoolWorker-6] models.mode_choice - DEBUG -   Mode rates for 'all': car=88.4%, rideshare=6.8%, walk=2.6%, bus=1.9%, bike=0.3%
2026-10-01 18:11:03 - [ForkPoolWorker-6] models.mode_choice - INFO - Computed mode rates for 7 purposes
2026-10-01 18:11:03 - [ForkPoolWorker-6] models.mode_choice - INFO -   Overall mode distribution: car=88.4%, rideshare=6.8%, walk=2.6%, bus=1.9%, bike=0.3%
2026-10-01 18:11:03 - [ForkPoolWorker-6] models.mode_choice - INFO - ModeChoiceModel initialized with 3 modes: ['car', 'bus', 'walk']
2026-10-01 18:11:03 - [ForkPoolWorker-7] models.mode_availability - DEBUG - Registered availability checker for car: UniversalAvailability
2026-10-01 18:11:03 - [ForkPoolWorker-7] models.mode_availability - DEBUG - Registered availability checker for bus: GTFSTransitAvailability
2026-10-01 18:11:03 - [ForkPoolWorker-7] models.mode_availability - DEBUG - Registered availability checker for walk: DistanceBasedAvailability
2026-10-01 18:11:03 - [ForkPoolWorker-7] models.mode_choice - INFO - Computing mode shares from survey data...
2026-10-01 18:11:03 - [ForkPoolWorker-7] models.mode_choice - DEBUG -   Survey weights (normalized): {'default': 1.0}
2026-10-01 18:11:03 - [ForkPoolWorker-7] models.mode_choice - DEBUG -   Computing rates for purposes: ['Shopping', 'Work', 'Home', 'Other', 'School', 'Social', 'Dining', 'all']
2026-10-01 18:11:03 - [ForkPoolWorker-7] models.mode_choice - DEBUG -   Mode rates for 'Shopping': car=92.9%, rideshare=3.1%, walk=2.7%, bus=1.2%
2026-10-01 18:11:03 - [ForkPoolWorker-7] models.mode_choice - DEBUG -   Mode rates for 'Work': car=85.6%, rideshare=8.1%, walk=3.0%, bus=3.0%, bike=0.4%
2026-10-01 18:11:03 - [ForkPoolWorker-7] models.mode_choice - DEBUG -   Mode rates for 'Home': car=88.3%, rideshare=8.5%, bus=1.8%, walk=1.2%, bike=0.3%
2026-10-01 18:11:03 - [ForkPoolWorker-18] models.plan_generator - INFO - Worker ForkPoolWorker-18 started - processing 1667 OD pairs
2026-10-01 18:11:03 - [ForkPoolWorker-7] models.mode_choice - DEBUG -   Mode rates for 'Other': car=91.0%, bus=3.4%, rideshare=3.4%, walk=2.2%
2026-10-01 18:11:03 - [ForkPoolWorker-7] models.mode_choice - DEBUG -   Mode rates for 'School': car=78.0%, walk=12.2%, rideshare=7.3%, bus=2.4%
2026-10-01 18:11:03 - [ForkPoolWorker-7] models.mode_choice - DEBUG -   Survey 'default' has only 23 trips for purpose 'Social' (min: 30)
2026-10-01 18:11:03 - [ForkPoolWorker-7] models.mode_choice - DEBUG -   No valid data for purpose 'Social'
2026-10-01 18:11:03 - [ForkPoolWorker-7] models.mode_choice - DEBUG -   Mode rates for 'Dining': car=88.4%, rideshare=7.0%, walk=3.5%, bike=1.2%
2026-10-01 18:11:03 - [ForkPoolWorker-7] models.mode_choice - DEBUG -   Mode rates for 'all': car=88.4%, rideshare=6.8%, walk=2.6%, bus=1.9%, bike=0.3%
2026-10-01 18:11:03 - [ForkPoolWorker-7] models.mode_choice - INFO - Computed mode rates for 7 purposes
2026-10-01 18:11:03 - [ForkPoolWorker-7] models.mode_choice - INFO -   Overall mode distribution: car=88.4%, rideshare=6.8%, walk=2.6%, bus=1.9%, bike=0.3%
2026-10-01 18:11:03 - [ForkPoolWorker-7] models.mode_choice - INFO - ModeChoiceModel initialized with 3 modes: ['car', 'bus', 'walk']
2026-10-01 18:11:03 - [ForkPoolWorker-16] models.time - INFO - Fitted models for 45 activity pairs
2026-10-01 18:11:03 - [ForkPoolWorker-16] models.time - INFO - Mean trip durations: global=24.0min, per-pair=45 pairs
2026-10-01 18:11:04 - [ForkPoolWorker-19] models.plan_generator - INFO - Worker ForkPoolWorker-19 started - processing 1667 OD pairs
2026-10-01 18:11:04 - [ForkPoolWorker-17] models.time - INFO - Fitted models for 45 activity pairs
2026-10-01 18:11:04 - [ForkPoolWorker-17] models.time - INFO - Mean trip durations: global=24.0min, per-pair=45 pairs
2026-10-01 18:11:04 - [ForkPoolWorker-8] models.mode_availability - DEBUG - Registered availability checker for car: UniversalAvailability
2026-10-01 18:11:04 - [ForkPoolWorker-8] models.mode_availability - DEBUG - Registered availability checker for bus: GTFSTransitAvailability
2026-10-01 18:11:04 - [ForkPoolWorker-8] models.mode_availability - DEBUG - Registered availability checker for walk: DistanceBasedAvailability
2026-10-01 18:11:04 - [ForkPoolWorker-8] models.mode_choice - INFO - Computing mode shares from survey data...
2026-10-01 18:11:04 - [ForkPoolWorker-8] models.mode_choice - DEBUG -   Survey weights (normalized): {'default': 1.0}
2026-10-01 18:11:04 - [ForkPoolWorker-8] models.mode_choice - DEBUG -   Computing rates for purposes: ['Shopping', 'Work', 'Home', 'Other', 'School', 'Social', 'Dining', 'all']
2026-10-01 18:11:04 - [ForkPoolWorker-8] models.mode_choice - DEBUG -   Mode rates for 'Shopping': car=92.9%, rideshare=3.1%, walk=2.7%, bus=1.2%
2026-10-01 18:11:04 - [ForkPoolWorker-8] models.mode_choice - DEBUG -   Mode rates for 'Work': car=85.6%, rideshare=8.1%, walk=3.0%, bus=3.0%, bike=0.4%
2026-10-01 18:11:04 - [ForkPoolWorker-8] models.mode_choice - DEBUG -   Mode rates for 'Home': car=88.3%, rideshare=8.5%, bus=1.8%, walk=1.2%, bike=0.3%
2026-10-01 18:11:04 - [ForkPoolWorker-8] models.mode_choice - DEBUG -   Mode rates for 'Other': car=91.0%, bus=3.4%, rideshare=3.4%, walk=2.2%
2026-10-01 18:11:04 - [ForkPoolWorker-8] models.mode_choice - DEBUG -   Mode rates for 'School': car=78.0%, walk=12.2%, rideshare=7.3%, bus=2.4%
2026-10-01 18:11:04 - [ForkPoolWorker-8] models.mode_choice - DEBUG -   Survey 'default' has only 23 trips for purpose 'Social' (min: 30)
2026-10-01 18:11:04 - [ForkPoolWorker-8] models.mode_choice - DEBUG -   No valid data for purpose 'Social'
2026-10-01 18:11:04 - [ForkPoolWorker-8] models.mode_choice - DEBUG -   Mode rates for 'Dining': car=88.4%, rideshare=7.0%, walk=3.5%, bike=1.2%
2026-10-01 18:11:04 - [ForkPoolWorker-8] models.mode_choice - DEBUG -   Mode rates for 'all': car=88.4%, rideshare=6.8%, walk=2.6%, bus=1.9%, bike=0.3%
2026-10-01 18:11:04 - [ForkPoolWorker-8] models.mode_choice - INFO - Computed mode rates for 7 purposes
2026-10-01 18:11:04 - [ForkPoolWorker-8] models.mode_choice - INFO -   Overall mode distribution: car=88.4%, rideshare=6.8%, walk=2.6%, bus=1.9%, bike=0.3%
2026-10-01 18:11:04 - [ForkPoolWorker-8] models.mode_choice - INFO - ModeChoiceModel initialized with 3 modes: ['car', 'bus', 'walk']
2026-10-01 18:11:04 - [ForkPoolWorker-20] models.plan_generator - INFO - Worker ForkPoolWorker-20 started - processing 1667 OD pairs
2026-10-01 18:11:04 - [ForkPoolWorker-18] models.time - INFO - Fitted models for 45 activity pairs
2026-10-01 18:11:04 - [ForkPoolWorker-18] models.time - INFO - Mean trip durations: global=24.0min, per-pair=45 pairs
2026-10-01 18:11:04 - [ForkPoolWorker-9] models.mode_availability - DEBUG - Registered availability checker for car: UniversalAvailability
2026-10-01 18:11:04 - [ForkPoolWorker-9] models.mode_availability - DEBUG - Registered availability checker for bus: GTFSTransitAvailability
2026-10-01 18:11:04 - [ForkPoolWorker-9] models.mode_availability - DEBUG - Registered availability checker for walk: DistanceBasedAvailability
2026-10-01 18:11:04 - [ForkPoolWorker-9] models.mode_choice - INFO - Computing mode shares from survey data...
2026-10-01 18:11:04 - [ForkPoolWorker-9] models.mode_choice - DEBUG -   Survey weights (normalized): {'default': 1.0}
2026-10-01 18:11:04 - [ForkPoolWorker-9] models.mode_choice - DEBUG -   Computing rates for purposes: ['Shopping', 'Work', 'Home', 'Other', 'School', 'Social', 'Dining', 'all']
2026-10-01 18:11:04 - [ForkPoolWorker-9] models.mode_choice - DEBUG -   Mode rates for 'Shopping': car=92.9%, rideshare=3.1%, walk=2.7%, bus=1.2%
2026-10-01 18:11:04 - [ForkPoolWorker-9] models.mode_choice - DEBUG -   Mode rates for 'Work': car=85.6%, rideshare=8.1%, walk=3.0%, bus=3.0%, bike=0.4%
2026-10-01 18:11:04 - [ForkPoolWorker-9] models.mode_choice - DEBUG -   Mode rates for 'Home': car=88.3%, rideshare=8.5%, bus=1.8%, walk=1.2%, bike=0.3%
2026-10-01 18:11:04 - [ForkPoolWorker-9] models.mode_choice - DEBUG -   Mode rates for 'Other': car=91.0%, bus=3.4%, rideshare=3.4%, walk=2.2%
2026-10-01 18:11:04 - [ForkPoolWorker-9] models.mode_choice - DEBUG -   Mode rates for 'School': car=78.0%, walk=12.2%, rideshare=7.3%, bus=2.4%
2026-10-01 18:11:04 - [ForkPoolWorker-9] models.mode_choice - DEBUG -   Survey 'default' has only 23 trips for purpose 'Social' (min: 30)
2026-10-01 18:11:04 - [ForkPoolWorker-9] models.mode_choice - DEBUG -   No valid data for purpose 'Social'
2026-10-01 18:11:04 - [ForkPoolWorker-9] models.mode_choice - DEBUG -   Mode rates for 'Dining': car=88.4%, rideshare=7.0%, walk=3.5%, bike=1.2%
2026-10-01 18:11:04 - [ForkPoolWorker-9] models.mode_choice - DEBUG -   Mode rates for 'all': car=88.4%, rideshare=6.8%, walk=2.6%, bus=1.9%, bike=0.3%
2026-10-01 18:11:04 - [ForkPoolWorker-9] models.mode_choice - INFO - Computed mode rates for 7 purposes
2026-10-01 18:11:04 - [ForkPoolWorker-9] models.mode_choice - INFO -   Overall mode distribution: car=88.4%, rideshare=6.8%, walk=2.6%, bus=1.9%, bike=0.3%
2026-10-01 18:11:04 - [ForkPoolWorker-9] models.mode_choice - INFO - ModeChoiceModel initialized with 3 modes: ['car', 'bus', 'walk']
2026-10-01 18:11:04 - [ForkPoolWorker-21] models.plan_generator - INFO - Worker ForkPoolWorker-21 started - processing 1667 OD pairs
2026-10-01 18:11:04 - [ForkPoolWorker-19] models.time - INFO - Fitted models for 45 activity pairs
2026-10-01 18:11:04 - [ForkPoolWorker-19] models.time - INFO - Mean trip durations: global=24.0min, per-pair=45 pairs
2026-10-01 18:11:04 - [ForkPoolWorker-10] models.mode_availability - DEBUG - Registered availability checker for car: UniversalAvailability
2026-10-01 18:11:04 - [ForkPoolWorker-10] models.mode_availability - DEBUG - Registered availability checker for bus: GTFSTransitAvailability
2026-10-01 18:11:04 - [ForkPoolWorker-10] models.mode_availability - DEBUG - Registered availability checker for walk: DistanceBasedAvailability
2026-10-01 18:11:04 - [ForkPoolWorker-10] models.mode_choice - INFO - Computing mode shares from survey data...
2026-10-01 18:11:04 - [ForkPoolWorker-10] models.mode_choice - DEBUG -   Survey weights (normalized): {'default': 1.0}
2026-10-01 18:11:04 - [ForkPoolWorker-10] models.mode_choice - DEBUG -   Computing rates for purposes: ['Shopping', 'Work', 'Home', 'Other', 'School', 'Social', 'Dining', 'all']
2026-10-01 18:11:04 - [ForkPoolWorker-10] models.mode_choice - DEBUG -   Mode rates for 'Shopping': car=92.9%, rideshare=3.1%, walk=2.7%, bus=1.2%
2026-10-01 18:11:04 - [ForkPoolWorker-10] models.mode_choice - DEBUG -   Mode rates for 'Work': car=85.6%, rideshare=8.1%, walk=3.0%, bus=3.0%, bike=0.4%
2026-10-01 18:11:04 - [ForkPoolWorker-10] models.mode_choice - DEBUG -   Mode rates for 'Home': car=88.3%, rideshare=8.5%, bus=1.8%, walk=1.2%, bike=0.3%
2026-10-01 18:11:04 - [ForkPoolWorker-10] models.mode_choice - DEBUG -   Mode rates for 'Other': car=91.0%, bus=3.4%, rideshare=3.4%, walk=2.2%
2026-10-01 18:11:04 - [ForkPoolWorker-10] models.mode_choice - DEBUG -   Mode rates for 'School': car=78.0%, walk=12.2%, rideshare=7.3%, bus=2.4%
2026-10-01 18:11:04 - [ForkPoolWorker-10] models.mode_choice - DEBUG -   Survey 'default' has only 23 trips for purpose 'Social' (min: 30)
2026-10-01 18:11:04 - [ForkPoolWorker-10] models.mode_choice - DEBUG -   No valid data for purpose 'Social'
2026-10-01 18:11:04 - [ForkPoolWorker-10] models.mode_choice - DEBUG -   Mode rates for 'Dining': car=88.4%, rideshare=7.0%, walk=3.5%, bike=1.2%
2026-10-01 18:11:04 - [ForkPoolWorker-10] models.mode_choice - DEBUG -   Mode rates for 'all': car=88.4%, rideshare=6.8%, walk=2.6%, bus=1.9%, bike=0.3%
2026-10-01 18:11:04 - [ForkPoolWorker-10] models.mode_choice - INFO - Computed mode rates for 7 purposes
2026-10-01 18:11:04 - [ForkPoolWorker-10] models.mode_choice - INFO -   Overall mode distribution: car=88.4%, rideshare=6.8%, walk=2.6%, bus=1.9%, bike=0.3%
2026-10-01 18:11:04 - [ForkPoolWorker-10] models.mode_choice - INFO - ModeChoiceModel initialized with 3 modes: ['car', 'bus', 'walk']
2026-10-01 18:11:04 - [ForkPoolWorker-20] models.time - INFO - Fitted models for 45 activity pairs
2026-10-01 18:11:04 - [ForkPoolWorker-20] models.time - INFO - Mean trip durations: global=24.0min, per-pair=45 pairs
2026-10-01 18:11:04 - [ForkPoolWorker-22] models.plan_generator - INFO - Worker ForkPoolWorker-22 started - processing 1667 OD pairs
2026-10-01 18:11:04 - [ForkPoolWorker-11] models.mode_availability - DEBUG - Registered availability checker for car: UniversalAvailability
2026-10-01 18:11:04 - [ForkPoolWorker-11] models.mode_availability - DEBUG - Registered availability checker for bus: GTFSTransitAvailability
2026-10-01 18:11:04 - [ForkPoolWorker-11] models.mode_availability - DEBUG - Registered availability checker for walk: DistanceBasedAvailability
2026-10-01 18:11:04 - [ForkPoolWorker-11] models.mode_choice - INFO - Computing mode shares from survey data...
2026-10-01 18:11:04 - [ForkPoolWorker-11] models.mode_choice - DEBUG -   Survey weights (normalized): {'default': 1.0}
2026-10-01 18:11:04 - [ForkPoolWorker-11] models.mode_choice - DEBUG -   Computing rates for purposes: ['Shopping', 'Work', 'Home', 'Other', 'School', 'Social', 'Dining', 'all']
2026-10-01 18:11:04 - [ForkPoolWorker-11] models.mode_choice - DEBUG -   Mode rates for 'Shopping': car=92.9%, rideshare=3.1%, walk=2.7%, bus=1.2%
2026-10-01 18:11:04 - [ForkPoolWorker-11] models.mode_choice - DEBUG -   Mode rates for 'Work': car=85.6%, rideshare=8.1%, walk=3.0%, bus=3.0%, bike=0.4%
2026-10-01 18:11:04 - [ForkPoolWorker-11] models.mode_choice - DEBUG -   Mode rates for 'Home': car=88.3%, rideshare=8.5%, bus=1.8%, walk=1.2%, bike=0.3%
2026-10-01 18:11:04 - [ForkPoolWorker-11] models.mode_choice - DEBUG -   Mode rates for 'Other': car=91.0%, bus=3.4%, rideshare=3.4%, walk=2.2%
2026-10-01 18:11:04 - [ForkPoolWorker-11] models.mode_choice - DEBUG -   Mode rates for 'School': car=78.0%, walk=12.2%, rideshare=7.3%, bus=2.4%
2026-10-01 18:11:04 - [ForkPoolWorker-11] models.mode_choice - DEBUG -   Survey 'default' has only 23 trips for purpose 'Social' (min: 30)
2026-10-01 18:11:04 - [ForkPoolWorker-11] models.mode_choice - DEBUG -   No valid data for purpose 'Social'
2026-10-01 18:11:04 - [ForkPoolWorker-11] models.mode_choice - DEBUG -   Mode rates for 'Dining': car=88.4%, rideshare=7.0%, walk=3.5%, bike=1.2%
2026-10-01 18:11:04 - [ForkPoolWorker-11] models.mode_choice - DEBUG -   Mode rates for 'all': car=88.4%, rideshare=6.8%, walk=2.6%, bus=1.9%, bike=0.3%
2026-10-01 18:11:04 - [ForkPoolWorker-11] models.mode_choice - INFO - Computed mode rates for 7 purposes
2026-10-01 18:11:04 - [ForkPoolWorker-11] models.mode_choice - INFO -   Overall mode distribution: car=88.4%, rideshare=6.8%, walk=2.6%, bus=1.9%, bike=0.3%
2026-10-01 18:11:04 - [ForkPoolWorker-11] models.mode_choice - INFO - ModeChoiceModel initialized with 3 modes: ['car', 'bus', 'walk']
2026-10-01 18:11:04 - [ForkPoolWorker-12] models.mode_availability - DEBUG - Registered availability checker for car: UniversalAvailability
2026-10-01 18:11:04 - [ForkPoolWorker-12] models.mode_availability - DEBUG - Registered availability checker for bus: GTFSTransitAvailability
2026-10-01 18:11:04 - [ForkPoolWorker-12] models.mode_availability - DEBUG - Registered availability checker for walk: DistanceBasedAvailability
2026-10-01 18:11:04 - [ForkPoolWorker-12] models.mode_choice - INFO - Computing mode shares from survey data...
2026-10-01 18:11:04 - [ForkPoolWorker-12] models.mode_choice - DEBUG -   Survey weights (normalized): {'default': 1.0}
2026-10-01 18:11:04 - [ForkPoolWorker-12] models.mode_choice - DEBUG -   Computing rates for purposes: ['Shopping', 'Work', 'Home', 'Other', 'School', 'Social', 'Dining', 'all']
2026-10-01 18:11:04 - [ForkPoolWorker-12] models.mode_choice - DEBUG -   Mode rates for 'Shopping': car=92.9%, rideshare=3.1%, walk=2.7%, bus=1.2%
2026-10-01 18:11:04 - [ForkPoolWorker-21] models.time - INFO - Fitted models for 45 activity pairs
2026-10-01 18:11:04 - [ForkPoolWorker-21] models.time - INFO - Mean trip durations: global=24.0min, per-pair=45 pairs
2026-10-01 18:11:04 - [ForkPoolWorker-12] models.mode_choice - DEBUG -   Mode rates for 'Work': car=85.6%, rideshare=8.1%, walk=3.0%, bus=3.0%, bike=0.4%
2026-10-01 18:11:04 - [ForkPoolWorker-12] models.mode_choice - DEBUG -   Mode rates for 'Home': car=88.3%, rideshare=8.5%, bus=1.8%, walk=1.2%, bike=0.3%
2026-10-01 18:11:04 - [ForkPoolWorker-12] models.mode_choice - DEBUG -   Mode rates for 'Other': car=91.0%, bus=3.4%, rideshare=3.4%, walk=2.2%
2026-10-01 18:11:04 - [ForkPoolWorker-12] models.mode_choice - DEBUG -   Mode rates for 'School': car=78.0%, walk=12.2%, rideshare=7.3%, bus=2.4%
2026-10-01 18:11:04 - [ForkPoolWorker-12] models.mode_choice - DEBUG -   Survey 'default' has only 23 trips for purpose 'Social' (min: 30)
2026-10-01 18:11:04 - [ForkPoolWorker-12] models.mode_choice - DEBUG -   No valid data for purpose 'Social'
2026-10-01 18:11:04 - [ForkPoolWorker-12] models.mode_choice - DEBUG -   Mode rates for 'Dining': car=88.4%, rideshare=7.0%, walk=3.5%, bike=1.2%
2026-10-01 18:11:04 - [ForkPoolWorker-12] models.mode_choice - DEBUG -   Mode rates for 'all': car=88.4%, rideshare=6.8%, walk=2.6%, bus=1.9%, bike=0.3%
2026-10-01 18:11:04 - [ForkPoolWorker-12] models.mode_choice - INFO - Computed mode rates for 7 purposes
2026-10-01 18:11:04 - [ForkPoolWorker-12] models.mode_choice - INFO -   Overall mode distribution: car=88.4%, rideshare=6.8%, walk=2.6%, bus=1.9%, bike=0.3%
2026-10-01 18:11:04 - [ForkPoolWorker-12] models.mode_choice - INFO - ModeChoiceModel initialized with 3 modes: ['car', 'bus', 'walk']
2026-10-01 18:11:04 - [ForkPoolWorker-13] models.mode_availability - DEBUG - Registered availability checker for car: UniversalAvailability
2026-10-01 18:11:04 - [ForkPoolWorker-13] models.mode_availability - DEBUG - Registered availability checker for bus: GTFSTransitAvailability
2026-10-01 18:11:04 - [ForkPoolWorker-13] models.mode_availability - DEBUG - Registered availability checker for walk: DistanceBasedAvailability
2026-10-01 18:11:04 - [ForkPoolWorker-13] models.mode_choice - INFO - Computing mode shares from survey data...
2026-10-01 18:11:04 - [ForkPoolWorker-13] models.mode_choice - DEBUG -   Survey weights (normalized): {'default': 1.0}
2026-10-01 18:11:04 - [ForkPoolWorker-13] models.mode_choice - DEBUG -   Computing rates for purposes: ['Shopping', 'Work', 'Home', 'Other', 'School', 'Social', 'Dining', 'all']
2026-10-01 18:11:04 - [ForkPoolWorker-13] models.mode_choice - DEBUG -   Mode rates for 'Shopping': car=92.9%, rideshare=3.1%, walk=2.7%, bus=1.2%
2026-10-01 18:11:04 - [ForkPoolWorker-13] models.mode_choice - DEBUG -   Mode rates for 'Work': car=85.6%, rideshare=8.1%, walk=3.0%, bus=3.0%, bike=0.4%
2026-10-01 18:11:04 - [ForkPoolWorker-13] models.mode_choice - DEBUG -   Mode rates for 'Home': car=88.3%, rideshare=8.5%, bus=1.8%, walk=1.2%, bike=0.3%
2026-10-01 18:11:04 - [ForkPoolWorker-13] models.mode_choice - DEBUG -   Mode rates for 'Other': car=91.0%, bus=3.4%, rideshare=3.4%, walk=2.2%
2026-10-01 18:11:04 - [ForkPoolWorker-13] models.mode_choice - DEBUG -   Mode rates for 'School': car=78.0%, walk=12.2%, rideshare=7.3%, bus=2.4%
2026-10-01 18:11:04 - [ForkPoolWorker-13] models.mode_choice - DEBUG -   Survey 'default' has only 23 trips for purpose 'Social' (min: 30)
2026-10-01 18:11:04 - [ForkPoolWorker-13] models.mode_choice - DEBUG -   No valid data for purpose 'Social'
2026-10-01 18:11:04 - [ForkPoolWorker-13] models.mode_choice - DEBUG -   Mode rates for 'Dining': car=88.4%, rideshare=7.0%, walk=3.5%, bike=1.2%
2026-10-01 18:11:04 - [ForkPoolWorker-13] models.mode_choice - DEBUG -   Mode rates for 'all': car=88.4%, rideshare=6.8%, walk=2.6%, bus=1.9%, bike=0.3%
2026-10-01 18:11:04 - [ForkPoolWorker-13] models.mode_choice - INFO - Computed mode rates for 7 purposes
2026-10-01 18:11:04 - [ForkPoolWorker-13] models.mode_choice - INFO -   Overall mode distribution: car=88.4%, rideshare=6.8%, walk=2.6%, bus=1.9%, bike=0.3%
2026-10-01 18:11:04 - [ForkPoolWorker-13] models.mode_choice - INFO - ModeChoiceModel initialized with 3 modes: ['car', 'bus', 'walk']
2026-10-01 18:11:04 - [ForkPoolWorker-22] models.time - INFO - Fitted models for 45 activity pairs
2026-10-01 18:11:04 - [ForkPoolWorker-22] models.time - INFO - Mean trip durations: global=24.0min, per-pair=45 pairs
2026-10-01 18:11:04 - [ForkPoolWorker-23] models.plan_generator - INFO - Worker ForkPoolWorker-23 started - processing 1667 OD pairs
2026-10-01 18:11:04 - [ForkPoolWorker-14] models.mode_availability - DEBUG - Registered availability checker for car: UniversalAvailability
2026-10-01 18:11:04 - [ForkPoolWorker-14] models.mode_availability - DEBUG - Registered availability checker for bus: GTFSTransitAvailability
2026-10-01 18:11:04 - [ForkPoolWorker-14] models.mode_availability - DEBUG - Registered availability checker for walk: DistanceBasedAvailability
2026-10-01 18:11:04 - [ForkPoolWorker-14] models.mode_choice - INFO - Computing mode shares from survey data...
2026-10-01 18:11:04 - [ForkPoolWorker-14] models.mode_choice - DEBUG -   Survey weights (normalized): {'default': 1.0}
2026-10-01 18:11:04 - [ForkPoolWorker-14] models.mode_choice - DEBUG -   Computing rates for purposes: ['Shopping', 'Work', 'Home', 'Other', 'School', 'Social', 'Dining', 'all']
2026-10-01 18:11:04 - [ForkPoolWorker-14] models.mode_choice - DEBUG -   Mode rates for 'Shopping': car=92.9%, rideshare=3.1%, walk=2.7%, bus=1.2%
2026-10-01 18:11:04 - [ForkPoolWorker-14] models.mode_choice - DEBUG -   Mode rates for 'Work': car=85.6%, rideshare=8.1%, walk=3.0%, bus=3.0%, bike=0.4%
2026-10-01 18:11:04 - [ForkPoolWorker-14] models.mode_choice - DEBUG -   Mode rates for 'Home': car=88.3%, rideshare=8.5%, bus=1.8%, walk=1.2%, bike=0.3%
2026-10-01 18:11:04 - [ForkPoolWorker-14] models.mode_choice - DEBUG -   Mode rates for 'Other': car=91.0%, bus=3.4%, rideshare=3.4%, walk=2.2%
2026-10-01 18:11:04 - [ForkPoolWorker-14] models.mode_choice - DEBUG -   Mode rates for 'School': car=78.0%, walk=12.2%, rideshare=7.3%, bus=2.4%
2026-10-01 18:11:04 - [ForkPoolWorker-14] models.mode_choice - DEBUG -   Survey 'default' has only 23 trips for purpose 'Social' (min: 30)
2026-10-01 18:11:04 - [ForkPoolWorker-14] models.mode_choice - DEBUG -   No valid data for purpose 'Social'
2026-10-01 18:11:04 - [ForkPoolWorker-14] models.mode_choice - DEBUG -   Mode rates for 'Dining': car=88.4%, rideshare=7.0%, walk=3.5%, bike=1.2%
2026-10-01 18:11:04 - [ForkPoolWorker-14] models.mode_choice - DEBUG -   Mode rates for 'all': car=88.4%, rideshare=6.8%, walk=2.6%, bus=1.9%, bike=0.3%
2026-10-01 18:11:04 - [ForkPoolWorker-14] models.mode_choice - INFO - Computed mode rates for 7 purposes
2026-10-01 18:11:04 - [ForkPoolWorker-14] models.mode_choice - INFO -   Overall mode distribution: car=88.4%, rideshare=6.8%, walk=2.6%, bus=1.9%, bike=0.3%
2026-10-01 18:11:04 - [ForkPoolWorker-14] models.mode_choice - INFO - ModeChoiceModel initialized with 3 modes: ['car', 'bus', 'walk']
2026-10-01 18:11:04 - [ForkPoolWorker-24] models.plan_generator - INFO - Worker ForkPoolWorker-24 started - processing 1667 OD pairs
2026-10-01 18:11:04 - [ForkPoolWorker-15] models.mode_availability - DEBUG - Registered availability checker for car: UniversalAvailability
2026-10-01 18:11:04 - [ForkPoolWorker-15] models.mode_availability - DEBUG - Registered availability checker for bus: GTFSTransitAvailability
2026-10-01 18:11:04 - [ForkPoolWorker-15] models.mode_availability - DEBUG - Registered availability checker for walk: DistanceBasedAvailability
2026-10-01 18:11:04 - [ForkPoolWorker-15] models.mode_choice - INFO - Computing mode shares from survey data...
2026-10-01 18:11:04 - [ForkPoolWorker-15] models.mode_choice - DEBUG -   Survey weights (normalized): {'default': 1.0}
2026-10-01 18:11:04 - [ForkPoolWorker-15] models.mode_choice - DEBUG -   Computing rates for purposes: ['Shopping', 'Work', 'Home', 'Other', 'School', 'Social', 'Dining', 'all']
2026-10-01 18:11:04 - [ForkPoolWorker-15] models.mode_choice - DEBUG -   Mode rates for 'Shopping': car=92.9%, rideshare=3.1%, walk=2.7%, bus=1.2%
2026-10-01 18:11:04 - [ForkPoolWorker-15] models.mode_choice - DEBUG -   Mode rates for 'Work': car=85.6%, rideshare=8.1%, walk=3.0%, bus=3.0%, bike=0.4%
2026-10-01 18:11:04 - [ForkPoolWorker-15] models.mode_choice - DEBUG -   Mode rates for 'Home': car=88.3%, rideshare=8.5%, bus=1.8%, walk=1.2%, bike=0.3%
2026-10-01 18:11:04 - [ForkPoolWorker-15] models.mode_choice - DEBUG -   Mode rates for 'Other': car=91.0%, bus=3.4%, rideshare=3.4%, walk=2.2%
2026-10-01 18:11:04 - [ForkPoolWorker-15] models.mode_choice - DEBUG -   Mode rates for 'School': car=78.0%, walk=12.2%, rideshare=7.3%, bus=2.4%
2026-10-01 18:11:04 - [ForkPoolWorker-15] models.mode_choice - DEBUG -   Survey 'default' has only 23 trips for purpose 'Social' (min: 30)
2026-10-01 18:11:04 - [ForkPoolWorker-15] models.mode_choice - DEBUG -   No valid data for purpose 'Social'
2026-10-01 18:11:04 - [ForkPoolWorker-15] models.mode_choice - DEBUG -   Mode rates for 'Dining': car=88.4%, rideshare=7.0%, walk=3.5%, bike=1.2%
2026-10-01 18:11:04 - [ForkPoolWorker-15] models.mode_choice - DEBUG -   Mode rates for 'all': car=88.4%, rideshare=6.8%, walk=2.6%, bus=1.9%, bike=0.3%
2026-10-01 18:11:04 - [ForkPoolWorker-15] models.mode_choice - INFO - Computed mode rates for 7 purposes
2026-10-01 18:11:04 - [ForkPoolWorker-15] models.mode_choice - INFO -   Overall mode distribution: car=88.4%, rideshare=6.8%, walk=2.6%, bus=1.9%, bike=0.3%
2026-10-01 18:11:04 - [ForkPoolWorker-15] models.mode_choice - INFO - ModeChoiceModel initialized with 3 modes: ['car', 'bus', 'walk']
2026-10-01 18:11:04 - [ForkPoolWorker-25] models.plan_generator - INFO - Worker ForkPoolWorker-25 started - processing 1667 OD pairs
2026-10-01 18:11:04 - [ForkPoolWorker-23] models.time - INFO - Fitted models for 45 activity pairs
2026-10-01 18:11:04 - [ForkPoolWorker-23] models.time - INFO - Mean trip durations: global=24.0min, per-pair=45 pairs
2026-10-01 18:11:04 - [ForkPoolWorker-16] models.mode_availability - DEBUG - Registered availability checker for car: UniversalAvailability
2026-10-01 18:11:04 - [ForkPoolWorker-16] models.mode_availability - DEBUG - Registered availability checker for bus: GTFSTransitAvailability
2026-10-01 18:11:04 - [ForkPoolWorker-16] models.mode_availability - DEBUG - Registered availability checker for walk: DistanceBasedAvailability
2026-10-01 18:11:04 - [ForkPoolWorker-16] models.mode_choice - INFO - Computing mode shares from survey data...
2026-10-01 18:11:04 - [ForkPoolWorker-16] models.mode_choice - DEBUG -   Survey weights (normalized): {'default': 1.0}
2026-10-01 18:11:04 - [ForkPoolWorker-16] models.mode_choice - DEBUG -   Computing rates for purposes: ['Shopping', 'Work', 'Home', 'Other', 'School', 'Social', 'Dining', 'all']
2026-10-01 18:11:04 - [ForkPoolWorker-16] models.mode_choice - DEBUG -   Mode rates for 'Shopping': car=92.9%, rideshare=3.1%, walk=2.7%, bus=1.2%
2026-10-01 18:11:04 - [ForkPoolWorker-16] models.mode_choice - DEBUG -   Mode rates for 'Work': car=85.6%, rideshare=8.1%, walk=3.0%, bus=3.0%, bike=0.4%
2026-10-01 18:11:04 - [ForkPoolWorker-16] models.mode_choice - DEBUG -   Mode rates for 'Home': car=88.3%, rideshare=8.5%, bus=1.8%, walk=1.2%, bike=0.3%
2026-10-01 18:11:04 - [ForkPoolWorker-16] models.mode_choice - DEBUG -   Mode rates for 'Other': car=91.0%, bus=3.4%, rideshare=3.4%, walk=2.2%
2026-10-01 18:11:04 - [ForkPoolWorker-16] models.mode_choice - DEBUG -   Mode rates for 'School': car=78.0%, walk=12.2%, rideshare=7.3%, bus=2.4%
2026-10-01 18:11:04 - [ForkPoolWorker-16] models.mode_choice - DEBUG -   Survey 'default' has only 23 trips for purpose 'Social' (min: 30)
2026-10-01 18:11:04 - [ForkPoolWorker-16] models.mode_choice - DEBUG -   No valid data for purpose 'Social'
2026-10-01 18:11:04 - [ForkPoolWorker-16] models.mode_choice - DEBUG -   Mode rates for 'Dining': car=88.4%, rideshare=7.0%, walk=3.5%, bike=1.2%
2026-10-01 18:11:04 - [ForkPoolWorker-16] models.mode_choice - DEBUG -   Mode rates for 'all': car=88.4%, rideshare=6.8%, walk=2.6%, bus=1.9%, bike=0.3%
2026-10-01 18:11:04 - [ForkPoolWorker-16] models.mode_choice - INFO - Computed mode rates for 7 purposes
2026-10-01 18:11:04 - [ForkPoolWorker-16] models.mode_choice - INFO -   Overall mode distribution: car=88.4%, rideshare=6.8%, walk=2.6%, bus=1.9%, bike=0.3%
2026-10-01 18:11:04 - [ForkPoolWorker-16] models.mode_choice - INFO - ModeChoiceModel initialized with 3 modes: ['car', 'bus', 'walk']
2026-10-01 18:11:04 - [ForkPoolWorker-24] models.time - INFO - Fitted models for 45 activity pairs
2026-10-01 18:11:04 - [ForkPoolWorker-24] models.time - INFO - Mean trip durations: global=24.0min, per-pair=45 pairs
2026-10-01 18:11:04 - [ForkPoolWorker-17] models.mode_availability - DEBUG - Registered availability checker for car: UniversalAvailability
2026-10-01 18:11:04 - [ForkPoolWorker-17] models.mode_availability - DEBUG - Registered availability checker for bus: GTFSTransitAvailability
2026-10-01 18:11:04 - [ForkPoolWorker-17] models.mode_availability - DEBUG - Registered availability checker for walk: DistanceBasedAvailability
2026-10-01 18:11:04 - [ForkPoolWorker-17] models.mode_choice - INFO - Computing mode shares from survey data...
2026-10-01 18:11:04 - [ForkPoolWorker-17] models.mode_choice - DEBUG -   Survey weights (normalized): {'default': 1.0}
2026-10-01 18:11:04 - [ForkPoolWorker-17] models.mode_choice - DEBUG -   Computing rates for purposes: ['Shopping', 'Work', 'Home', 'Other', 'School', 'Social', 'Dining', 'all']
2026-10-01 18:11:04 - [ForkPoolWorker-17] models.mode_choice - DEBUG -   Mode rates for 'Shopping': car=92.9%, rideshare=3.1%, walk=2.7%, bus=1.2%
2026-10-01 18:11:04 - [ForkPoolWorker-17] models.mode_choice - DEBUG -   Mode rates for 'Work': car=85.6%, rideshare=8.1%, walk=3.0%, bus=3.0%, bike=0.4%
2026-10-01 18:11:04 - [ForkPoolWorker-17] models.mode_choice - DEBUG -   Mode rates for 'Home': car=88.3%, rideshare=8.5%, bus=1.8%, walk=1.2%, bike=0.3%
2026-10-01 18:11:04 - [ForkPoolWorker-17] models.mode_choice - DEBUG -   Mode rates for 'Other': car=91.0%, bus=3.4%, rideshare=3.4%, walk=2.2%
2026-10-01 18:11:04 - [ForkPoolWorker-17] models.mode_choice - DEBUG -   Mode rates for 'School': car=78.0%, walk=12.2%, rideshare=7.3%, bus=2.4%
2026-10-01 18:11:04 - [ForkPoolWorker-17] models.mode_choice - DEBUG -   Survey 'default' has only 23 trips for purpose 'Social' (min: 30)
2026-10-01 18:11:04 - [ForkPoolWorker-17] models.mode_choice - DEBUG -   No valid data for purpose 'Social'
2026-10-01 18:11:04 - [ForkPoolWorker-17] models.mode_choice - DEBUG -   Mode rates for 'Dining': car=88.4%, rideshare=7.0%, walk=3.5%, bike=1.2%
2026-10-01 18:11:04 - [ForkPoolWorker-17] models.mode_choice - DEBUG -   Mode rates for 'all': car=88.4%, rideshare=6.8%, walk=2.6%, bus=1.9%, bike=0.3%
2026-10-01 18:11:04 - [ForkPoolWorker-17] models.mode_choice - INFO - Computed mode rates for 7 purposes
2026-10-01 18:11:04 - [ForkPoolWorker-17] models.mode_choice - INFO -   Overall mode distribution: car=88.4%, rideshare=6.8%, walk=2.6%, bus=1.9%, bike=0.3%
2026-10-01 18:11:04 - [ForkPoolWorker-17] models.mode_choice - INFO - ModeChoiceModel initialized with 3 modes: ['car', 'bus', 'walk']
2026-10-01 18:11:04 - [ForkPoolWorker-26] models.plan_generator - INFO - Worker ForkPoolWorker-26 started - processing 1667 OD pairs
2026-10-01 18:11:04 - [ForkPoolWorker-25] models.time - INFO - Fitted models for 45 activity pairs
2026-10-01 18:11:04 - [ForkPoolWorker-25] models.time - INFO - Mean trip durations: global=24.0min, per-pair=45 pairs
2026-10-01 18:11:04 - [ForkPoolWorker-18] models.mode_availability - DEBUG - Registered availability checker for car: UniversalAvailability
2026-10-01 18:11:04 - [ForkPoolWorker-18] models.mode_availability - DEBUG - Registered availability checker for bus: GTFSTransitAvailability
2026-10-01 18:11:04 - [ForkPoolWorker-18] models.mode_availability - DEBUG - Registered availability checker for walk: DistanceBasedAvailability
2026-10-01 18:11:04 - [ForkPoolWorker-18] models.mode_choice - INFO - Computing mode shares from survey data...
2026-10-01 18:11:04 - [ForkPoolWorker-18] models.mode_choice - DEBUG -   Survey weights (normalized): {'default': 1.0}
2026-10-01 18:11:04 - [ForkPoolWorker-18] models.mode_choice - DEBUG -   Computing rates for purposes: ['Shopping', 'Work', 'Home', 'Other', 'School', 'Social', 'Dining', 'all']
2026-10-01 18:11:04 - [ForkPoolWorker-18] models.mode_choice - DEBUG -   Mode rates for 'Shopping': car=92.9%, rideshare=3.1%, walk=2.7%, bus=1.2%
2026-10-01 18:11:04 - [ForkPoolWorker-18] models.mode_choice - DEBUG -   Mode rates for 'Work': car=85.6%, rideshare=8.1%, walk=3.0%, bus=3.0%, bike=0.4%
2026-10-01 18:11:04 - [ForkPoolWorker-18] models.mode_choice - DEBUG -   Mode rates for 'Home': car=88.3%, rideshare=8.5%, bus=1.8%, walk=1.2%, bike=0.3%
2026-10-01 18:11:04 - [ForkPoolWorker-18] models.mode_choice - DEBUG -   Mode rates for 'Other': car=91.0%, bus=3.4%, rideshare=3.4%, walk=2.2%
2026-10-01 18:11:04 - [ForkPoolWorker-18] models.mode_choice - DEBUG -   Mode rates for 'School': car=78.0%, walk=12.2%, rideshare=7.3%, bus=2.4%
2026-10-01 18:11:04 - [ForkPoolWorker-18] models.mode_choice - DEBUG -   Survey 'default' has only 23 trips for purpose 'Social' (min: 30)
2026-10-01 18:11:04 - [ForkPoolWorker-18] models.mode_choice - DEBUG -   No valid data for purpose 'Social'
2026-10-01 18:11:04 - [ForkPoolWorker-18] models.mode_choice - DEBUG -   Mode rates for 'Dining': car=88.4%, rideshare=7.0%, walk=3.5%, bike=1.2%
2026-10-01 18:11:04 - [ForkPoolWorker-18] models.mode_choice - DEBUG -   Mode rates for 'all': car=88.4%, rideshare=6.8%, walk=2.6%, bus=1.9%, bike=0.3%
2026-10-01 18:11:04 - [ForkPoolWorker-18] models.mode_choice - INFO - Computed mode rates for 7 purposes
2026-10-01 18:11:04 - [ForkPoolWorker-18] models.mode_choice - INFO -   Overall mode distribution: car=88.4%, rideshare=6.8%, walk=2.6%, bus=1.9%, bike=0.3%
2026-10-01 18:11:04 - [ForkPoolWorker-18] models.mode_choice - INFO - ModeChoiceModel initialized with 3 modes: ['car', 'bus', 'walk']
2026-10-01 18:11:04 - [ForkPoolWorker-27] models.plan_generator - INFO - Worker ForkPoolWorker-27 started - processing 1667 OD pairs
2026-10-01 18:11:04 - [ForkPoolWorker-19] models.mode_availability - DEBUG - Registered availability checker for car: UniversalAvailability
2026-10-01 18:11:04 - [ForkPoolWorker-19] models.mode_availability - DEBUG - Registered availability checker for bus: GTFSTransitAvailability
2026-10-01 18:11:04 - [ForkPoolWorker-19] models.mode_availability - DEBUG - Registered availability checker for walk: DistanceBasedAvailability
2026-10-01 18:11:04 - [ForkPoolWorker-19] models.mode_choice - INFO - Computing mode shares from survey data...
2026-10-01 18:11:04 - [ForkPoolWorker-19] models.mode_choice - DEBUG -   Survey weights (normalized): {'default': 1.0}
2026-10-01 18:11:04 - [ForkPoolWorker-19] models.mode_choice - DEBUG -   Computing rates for purposes: ['Shopping', 'Work', 'Home', 'Other', 'School', 'Social', 'Dining', 'all']
2026-10-01 18:11:04 - [ForkPoolWorker-19] models.mode_choice - DEBUG -   Mode rates for 'Shopping': car=92.9%, rideshare=3.1%, walk=2.7%, bus=1.2%
2026-10-01 18:11:04 - [ForkPoolWorker-19] models.mode_choice - DEBUG -   Mode rates for 'Work': car=85.6%, rideshare=8.1%, walk=3.0%, bus=3.0%, bike=0.4%
2026-10-01 18:11:04 - [ForkPoolWorker-19] models.mode_choice - DEBUG -   Mode rates for 'Home': car=88.3%, rideshare=8.5%, bus=1.8%, walk=1.2%, bike=0.3%
2026-10-01 18:11:04 - [ForkPoolWorker-19] models.mode_choice - DEBUG -   Mode rates for 'Other': car=91.0%, bus=3.4%, rideshare=3.4%, walk=2.2%
2026-10-01 18:11:04 - [ForkPoolWorker-19] models.mode_choice - DEBUG -   Mode rates for 'School': car=78.0%, walk=12.2%, rideshare=7.3%, bus=2.4%
2026-10-01 18:11:04 - [ForkPoolWorker-19] models.mode_choice - DEBUG -   Survey 'default' has only 23 trips for purpose 'Social' (min: 30)
2026-10-01 18:11:04 - [ForkPoolWorker-19] models.mode_choice - DEBUG -   No valid data for purpose 'Social'
2026-10-01 18:11:04 - [ForkPoolWorker-19] models.mode_choice - DEBUG -   Mode rates for 'Dining': car=88.4%, rideshare=7.0%, walk=3.5%, bike=1.2%
2026-10-01 18:11:04 - [ForkPoolWorker-19] models.mode_choice - DEBUG -   Mode rates for 'all': car=88.4%, rideshare=6.8%, walk=2.6%, bus=1.9%, bike=0.3%
2026-10-01 18:11:04 - [ForkPoolWorker-19] models.mode_choice - INFO - Computed mode rates for 7 purposes
2026-10-01 18:11:04 - [ForkPoolWorker-19] models.mode_choice - INFO -   Overall mode distribution: car=88.4%, rideshare=6.8%, walk=2.6%, bus=1.9%, bike=0.3%
2026-10-01 18:11:04 - [ForkPoolWorker-19] models.mode_choice - INFO - ModeChoiceModel initialized with 3 modes: ['car', 'bus', 'walk']
2026-10-01 18:11:04 - [ForkPoolWorker-26] models.time - INFO - Fitted models for 45 activity pairs
2026-10-01 18:11:04 - [ForkPoolWorker-26] models.time - INFO - Mean trip durations: global=24.0min, per-pair=45 pairs
2026-10-01 18:11:04 - [ForkPoolWorker-20] models.mode_availability - DEBUG - Registered availability checker for car: UniversalAvailability
2026-10-01 18:11:04 - [ForkPoolWorker-20] models.mode_availability - DEBUG - Registered availability checker for bus: GTFSTransitAvailability
2026-10-01 18:11:04 - [ForkPoolWorker-20] models.mode_availability - DEBUG - Registered availability checker for walk: DistanceBasedAvailability
2026-10-01 18:11:04 - [ForkPoolWorker-20] models.mode_choice - INFO - Computing mode shares from survey data...
2026-10-01 18:11:04 - [ForkPoolWorker-20] models.mode_choice - DEBUG -   Survey weights (normalized): {'default': 1.0}
2026-10-01 18:11:04 - [ForkPoolWorker-20] models.mode_choice - DEBUG -   Computing rates for purposes: ['Shopping', 'Work', 'Home', 'Other', 'School', 'Social', 'Dining', 'all']
2026-10-01 18:11:04 - [ForkPoolWorker-20] models.mode_choice - DEBUG -   Mode rates for 'Shopping': car=92.9%, rideshare=3.1%, walk=2.7%, bus=1.2%
2026-10-01 18:11:04 - [ForkPoolWorker-20] models.mode_choice - DEBUG -   Mode rates for 'Work': car=85.6%, rideshare=8.1%, walk=3.0%, bus=3.0%, bike=0.4%
2026-10-01 18:11:04 - [ForkPoolWorker-20] models.mode_choice - DEBUG -   Mode rates for 'Home': car=88.3%, rideshare=8.5%, bus=1.8%, walk=1.2%, bike=0.3%
2026-10-01 18:11:04 - [ForkPoolWorker-20] models.mode_choice - DEBUG -   Mode rates for 'Other': car=91.0%, bus=3.4%, rideshare=3.4%, walk=2.2%
2026-10-01 18:11:04 - [ForkPoolWorker-20] models.mode_choice - DEBUG -   Mode rates for 'School': car=78.0%, walk=12.2%, rideshare=7.3%, bus=2.4%
2026-10-01 18:11:04 - [ForkPoolWorker-20] models.mode_choice - DEBUG -   Survey 'default' has only 23 trips for purpose 'Social' (min: 30)
2026-10-01 18:11:04 - [ForkPoolWorker-20] models.mode_choice - DEBUG -   No valid data for purpose 'Social'
2026-10-01 18:11:04 - [ForkPoolWorker-20] models.mode_choice - DEBUG -   Mode rates for 'Dining': car=88.4%, rideshare=7.0%, walk=3.5%, bike=1.2%
2026-10-01 18:11:04 - [ForkPoolWorker-20] models.mode_choice - DEBUG -   Mode rates for 'all': car=88.4%, rideshare=6.8%, walk=2.6%, bus=1.9%, bike=0.3%
2026-10-01 18:11:04 - [ForkPoolWorker-20] models.mode_choice - INFO - Computed mode rates for 7 purposes
2026-10-01 18:11:04 - [ForkPoolWorker-20] models.mode_choice - INFO -   Overall mode distribution: car=88.4%, rideshare=6.8%, walk=2.6%, bus=1.9%, bike=0.3%
2026-10-01 18:11:04 - [ForkPoolWorker-20] models.mode_choice - INFO - ModeChoiceModel initialized with 3 modes: ['car', 'bus', 'walk']
2026-10-01 18:11:04 - [ForkPoolWorker-28] models.plan_generator - INFO - Worker ForkPoolWorker-28 started - processing 1667 OD pairs
2026-10-01 18:11:04 - [ForkPoolWorker-21] models.mode_availability - DEBUG - Registered availability checker for car: UniversalAvailability
2026-10-01 18:11:04 - [ForkPoolWorker-21] models.mode_availability - DEBUG - Registered availability checker for bus: GTFSTransitAvailability
2026-10-01 18:11:04 - [ForkPoolWorker-21] models.mode_availability - DEBUG - Registered availability checker for walk: DistanceBasedAvailability
2026-10-01 18:11:04 - [ForkPoolWorker-21] models.mode_choice - INFO - Computing mode shares from survey data...
2026-10-01 18:11:04 - [ForkPoolWorker-21] models.mode_choice - DEBUG -   Survey weights (normalized): {'default': 1.0}
2026-10-01 18:11:04 - [ForkPoolWorker-21] models.mode_choice - DEBUG -   Computing rates for purposes: ['Shopping', 'Work', 'Home', 'Other', 'School', 'Social', 'Dining', 'all']
2026-10-01 18:11:04 - [ForkPoolWorker-27] models.time - INFO - Fitted models for 45 activity pairs
2026-10-01 18:11:04 - [ForkPoolWorker-27] models.time - INFO - Mean trip durations: global=24.0min, per-pair=45 pairs
2026-10-01 18:11:04 - [ForkPoolWorker-21] models.mode_choice - DEBUG -   Mode rates for 'Shopping': car=92.9%, rideshare=3.1%, walk=2.7%, bus=1.2%
2026-10-01 18:11:04 - [ForkPoolWorker-21] models.mode_choice - DEBUG -   Mode rates for 'Work': car=85.6%, rideshare=8.1%, walk=3.0%, bus=3.0%, bike=0.4%
2026-10-01 18:11:04 - [ForkPoolWorker-21] models.mode_choice - DEBUG -   Mode rates for 'Home': car=88.3%, rideshare=8.5%, bus=1.8%, walk=1.2%, bike=0.3%
2026-10-01 18:11:04 - [ForkPoolWorker-21] models.mode_choice - DEBUG -   Mode rates for 'Other': car=91.0%, bus=3.4%, rideshare=3.4%, walk=2.2%
2026-10-01 18:11:04 - [ForkPoolWorker-21] models.mode_choice - DEBUG -   Mode rates for 'School': car=78.0%, walk=12.2%, rideshare=7.3%, bus=2.4%
2026-10-01 18:11:04 - [ForkPoolWorker-21] models.mode_choice - DEBUG -   Survey 'default' has only 23 trips for purpose 'Social' (min: 30)
2026-10-01 18:11:04 - [ForkPoolWorker-21] models.mode_choice - DEBUG -   No valid data for purpose 'Social'
2026-10-01 18:11:04 - [ForkPoolWorker-21] models.mode_choice - DEBUG -   Mode rates for 'Dining': car=88.4%, rideshare=7.0%, walk=3.5%, bike=1.2%
2026-10-01 18:11:04 - [ForkPoolWorker-21] models.mode_choice - DEBUG -   Mode rates for 'all': car=88.4%, rideshare=6.8%, walk=2.6%, bus=1.9%, bike=0.3%
2026-10-01 18:11:04 - [ForkPoolWorker-21] models.mode_choice - INFO - Computed mode rates for 7 purposes
2026-10-01 18:11:04 - [ForkPoolWorker-21] models.mode_choice - INFO -   Overall mode distribution: car=88.4%, rideshare=6.8%, walk=2.6%, bus=1.9%, bike=0.3%
2026-10-01 18:11:04 - [ForkPoolWorker-21] models.mode_choice - INFO - ModeChoiceModel initialized with 3 modes: ['car', 'bus', 'walk']
2026-10-01 18:11:04 - [ForkPoolWorker-29] models.plan_generator - INFO - Worker ForkPoolWorker-29 started - processing 1667 OD pairs
2026-10-01 18:11:04 - [ForkPoolWorker-22] models.mode_availability - DEBUG - Registered availability checker for car: UniversalAvailability
2026-10-01 18:11:04 - [ForkPoolWorker-22] models.mode_availability - DEBUG - Registered availability checker for bus: GTFSTransitAvailability
2026-10-01 18:11:04 - [ForkPoolWorker-22] models.mode_availability - DEBUG - Registered availability checker for walk: DistanceBasedAvailability
2026-10-01 18:11:04 - [ForkPoolWorker-22] models.mode_choice - INFO - Computing mode shares from survey data...
2026-10-01 18:11:04 - [ForkPoolWorker-22] models.mode_choice - DEBUG -   Survey weights (normalized): {'default': 1.0}
2026-10-01 18:11:04 - [ForkPoolWorker-22] models.mode_choice - DEBUG -   Computing rates for purposes: ['Shopping', 'Work', 'Home', 'Other', 'School', 'Social', 'Dining', 'all']
2026-10-01 18:11:04 - [ForkPoolWorker-22] models.mode_choice - DEBUG -   Mode rates for 'Shopping': car=92.9%, rideshare=3.1%, walk=2.7%, bus=1.2%
2026-10-01 18:11:04 - [ForkPoolWorker-22] models.mode_choice - DEBUG -   Mode rates for 'Work': car=85.6%, rideshare=8.1%, walk=3.0%, bus=3.0%, bike=0.4%
2026-10-01 18:11:04 - [ForkPoolWorker-22] models.mode_choice - DEBUG -   Mode rates for 'Home': car=88.3%, rideshare=8.5%, bus=1.8%, walk=1.2%, bike=0.3%
2026-10-01 18:11:04 - [ForkPoolWorker-22] models.mode_choice - DEBUG -   Mode rates for 'Other': car=91.0%, bus=3.4%, rideshare=3.4%, walk=2.2%
2026-10-01 18:11:04 - [ForkPoolWorker-22] models.mode_choice - DEBUG -   Mode rates for 'School': car=78.0%, walk=12.2%, rideshare=7.3%, bus=2.4%
2026-10-01 18:11:04 - [ForkPoolWorker-22] models.mode_choice - DEBUG -   Survey 'default' has only 23 trips for purpose 'Social' (min: 30)
2026-10-01 18:11:04 - [ForkPoolWorker-22] models.mode_choice - DEBUG -   No valid data for purpose 'Social'
2026-10-01 18:11:04 - [ForkPoolWorker-22] models.mode_choice - DEBUG -   Mode rates for 'Dining': car=88.4%, rideshare=7.0%, walk=3.5%, bike=1.2%
2026-10-01 18:11:05 - [ForkPoolWorker-22] models.mode_choice - DEBUG -   Mode rates for 'all': car=88.4%, rideshare=6.8%, walk=2.6%, bus=1.9%, bike=0.3%
2026-10-01 18:11:05 - [ForkPoolWorker-22] models.mode_choice - INFO - Computed mode rates for 7 purposes
2026-10-01 18:11:05 - [ForkPoolWorker-22] models.mode_choice - INFO -   Overall mode distribution: car=88.4%, rideshare=6.8%, walk=2.6%, bus=1.9%, bike=0.3%
2026-10-01 18:11:05 - [ForkPoolWorker-22] models.mode_choice - INFO - ModeChoiceModel initialized with 3 modes: ['car', 'bus', 'walk']
2026-10-01 18:11:05 - [ForkPoolWorker-28] models.time - INFO - Fitted models for 45 activity pairs
2026-10-01 18:11:05 - [ForkPoolWorker-28] models.time - INFO - Mean trip durations: global=24.0min, per-pair=45 pairs
2026-10-01 18:11:05 - [ForkPoolWorker-30] models.plan_generator - INFO - Worker ForkPoolWorker-30 started - processing 1667 OD pairs
2026-10-01 18:11:05 - [ForkPoolWorker-29] models.time - INFO - Fitted models for 45 activity pairs
2026-10-01 18:11:05 - [ForkPoolWorker-29] models.time - INFO - Mean trip durations: global=24.0min, per-pair=45 pairs
2026-10-01 18:11:05 - [ForkPoolWorker-23] models.mode_availability - DEBUG - Registered availability checker for car: UniversalAvailability
2026-10-01 18:11:05 - [ForkPoolWorker-23] models.mode_availability - DEBUG - Registered availability checker for bus: GTFSTransitAvailability
2026-10-01 18:11:05 - [ForkPoolWorker-23] models.mode_availability - DEBUG - Registered availability checker for walk: DistanceBasedAvailability
2026-10-01 18:11:05 - [ForkPoolWorker-23] models.mode_choice - INFO - Computing mode shares from survey data...
2026-10-01 18:11:05 - [ForkPoolWorker-23] models.mode_choice - DEBUG -   Survey weights (normalized): {'default': 1.0}
2026-10-01 18:11:05 - [ForkPoolWorker-23] models.mode_choice - DEBUG -   Computing rates for purposes: ['Shopping', 'Work', 'Home', 'Other', 'School', 'Social', 'Dining', 'all']
2026-10-01 18:11:05 - [ForkPoolWorker-23] models.mode_choice - DEBUG -   Mode rates for 'Shopping': car=92.9%, rideshare=3.1%, walk=2.7%, bus=1.2%
2026-10-01 18:11:05 - [ForkPoolWorker-23] models.mode_choice - DEBUG -   Mode rates for 'Work': car=85.6%, rideshare=8.1%, walk=3.0%, bus=3.0%, bike=0.4%
2026-10-01 18:11:05 - [ForkPoolWorker-23] models.mode_choice - DEBUG -   Mode rates for 'Home': car=88.3%, rideshare=8.5%, bus=1.8%, walk=1.2%, bike=0.3%
2026-10-01 18:11:05 - [ForkPoolWorker-23] models.mode_choice - DEBUG -   Mode rates for 'Other': car=91.0%, bus=3.4%, rideshare=3.4%, walk=2.2%
2026-10-01 18:11:05 - [ForkPoolWorker-23] models.mode_choice - DEBUG -   Mode rates for 'School': car=78.0%, walk=12.2%, rideshare=7.3%, bus=2.4%
2026-10-01 18:11:05 - [ForkPoolWorker-23] models.mode_choice - DEBUG -   Survey 'default' has only 23 trips for purpose 'Social' (min: 30)
2026-10-01 18:11:05 - [ForkPoolWorker-23] models.mode_choice - DEBUG -   No valid data for purpose 'Social'
2026-10-01 18:11:05 - [ForkPoolWorker-23] models.mode_choice - DEBUG -   Mode rates for 'Dining': car=88.4%, rideshare=7.0%, walk=3.5%, bike=1.2%
2026-10-01 18:11:05 - [ForkPoolWorker-23] models.mode_choice - DEBUG -   Mode rates for 'all': car=88.4%, rideshare=6.8%, walk=2.6%, bus=1.9%, bike=0.3%
2026-10-01 18:11:05 - [ForkPoolWorker-23] models.mode_choice - INFO - Computed mode rates for 7 purposes
2026-10-01 18:11:05 - [ForkPoolWorker-23] models.mode_choice - INFO -   Overall mode distribution: car=88.4%, rideshare=6.8%, walk=2.6%, bus=1.9%, bike=0.3%
2026-10-01 18:11:05 - [ForkPoolWorker-23] models.mode_choice - INFO - ModeChoiceModel initialized with 3 modes: ['car', 'bus', 'walk']
2026-10-01 18:11:05 - [ForkPoolWorker-30] models.time - INFO - Fitted models for 45 activity pairs
2026-10-01 18:11:05 - [ForkPoolWorker-30] models.time - INFO - Mean trip durations: global=24.0min, per-pair=45 pairs
2026-10-01 18:11:05 - [ForkPoolWorker-24] models.mode_availability - DEBUG - Registered availability checker for car: UniversalAvailability
2026-10-01 18:11:05 - [ForkPoolWorker-24] models.mode_availability - DEBUG - Registered availability checker for bus: GTFSTransitAvailability
2026-10-01 18:11:05 - [ForkPoolWorker-24] models.mode_availability - DEBUG - Registered availability checker for walk: DistanceBasedAvailability
2026-10-01 18:11:05 - [ForkPoolWorker-24] models.mode_choice - INFO - Computing mode shares from survey data...
2026-10-01 18:11:05 - [ForkPoolWorker-24] models.mode_choice - DEBUG -   Survey weights (normalized): {'default': 1.0}
2026-10-01 18:11:05 - [ForkPoolWorker-24] models.mode_choice - DEBUG -   Computing rates for purposes: ['Shopping', 'Work', 'Home', 'Other', 'School', 'Social', 'Dining', 'all']
2026-10-01 18:11:05 - [ForkPoolWorker-24] models.mode_choice - DEBUG -   Mode rates for 'Shopping': car=92.9%, rideshare=3.1%, walk=2.7%, bus=1.2%
2026-10-01 18:11:05 - [ForkPoolWorker-24] models.mode_choice - DEBUG -   Mode rates for 'Work': car=85.6%, rideshare=8.1%, walk=3.0%, bus=3.0%, bike=0.4%
2026-10-01 18:11:05 - [ForkPoolWorker-24] models.mode_choice - DEBUG -   Mode rates for 'Home': car=88.3%, rideshare=8.5%, bus=1.8%, walk=1.2%, bike=0.3%
2026-10-01 18:11:05 - [ForkPoolWorker-24] models.mode_choice - DEBUG -   Mode rates for 'Other': car=91.0%, bus=3.4%, rideshare=3.4%, walk=2.2%
2026-10-01 18:11:05 - [ForkPoolWorker-24] models.mode_choice - DEBUG -   Mode rates for 'School': car=78.0%, walk=12.2%, rideshare=7.3%, bus=2.4%
2026-10-01 18:11:05 - [ForkPoolWorker-24] models.mode_choice - DEBUG -   Survey 'default' has only 23 trips for purpose 'Social' (min: 30)
2026-10-01 18:11:05 - [ForkPoolWorker-24] models.mode_choice - DEBUG -   No valid data for purpose 'Social'
2026-10-01 18:11:05 - [ForkPoolWorker-24] models.mode_choice - DEBUG -   Mode rates for 'Dining': car=88.4%, rideshare=7.0%, walk=3.5%, bike=1.2%
2026-10-01 18:11:05 - [ForkPoolWorker-24] models.mode_choice - DEBUG -   Mode rates for 'all': car=88.4%, rideshare=6.8%, walk=2.6%, bus=1.9%, bike=0.3%
2026-10-01 18:11:05 - [ForkPoolWorker-24] models.mode_choice - INFO - Computed mode rates for 7 purposes
2026-10-01 18:11:05 - [ForkPoolWorker-24] models.mode_choice - INFO -   Overall mode distribution: car=88.4%, rideshare=6.8%, walk=2.6%, bus=1.9%, bike=0.3%
2026-10-01 18:11:05 - [ForkPoolWorker-24] models.mode_choice - INFO - ModeChoiceModel initialized with 3 modes: ['car', 'bus', 'walk']
2026-10-01 18:11:05 - [ForkPoolWorker-25] models.mode_availability - DEBUG - Registered availability checker for car: UniversalAvailability
2026-10-01 18:11:05 - [ForkPoolWorker-25] models.mode_availability - DEBUG - Registered availability checker for bus: GTFSTransitAvailability
2026-10-01 18:11:05 - [ForkPoolWorker-25] models.mode_availability - DEBUG - Registered availability checker for walk: DistanceBasedAvailability
2026-10-01 18:11:05 - [ForkPoolWorker-25] models.mode_choice - INFO - Computing mode shares from survey data...
2026-10-01 18:11:05 - [ForkPoolWorker-25] models.mode_choice - DEBUG -   Survey weights (normalized): {'default': 1.0}
2026-10-01 18:11:05 - [ForkPoolWorker-25] models.mode_choice - DEBUG -   Computing rates for purposes: ['Shopping', 'Work', 'Home', 'Other', 'School', 'Social', 'Dining', 'all']
2026-10-01 18:11:05 - [ForkPoolWorker-25] models.mode_choice - DEBUG -   Mode rates for 'Shopping': car=92.9%, rideshare=3.1%, walk=2.7%, bus=1.2%
2026-10-01 18:11:05 - [ForkPoolWorker-25] models.mode_choice - DEBUG -   Mode rates for 'Work': car=85.6%, rideshare=8.1%, walk=3.0%, bus=3.0%, bike=0.4%
2026-10-01 18:11:05 - [ForkPoolWorker-25] models.mode_choice - DEBUG -   Mode rates for 'Home': car=88.3%, rideshare=8.5%, bus=1.8%, walk=1.2%, bike=0.3%
2026-10-01 18:11:05 - [ForkPoolWorker-25] models.mode_choice - DEBUG -   Mode rates for 'Other': car=91.0%, bus=3.4%, rideshare=3.4%, walk=2.2%
2026-10-01 18:11:05 - [ForkPoolWorker-25] models.mode_choice - DEBUG -   Mode rates for 'School': car=78.0%, walk=12.2%, rideshare=7.3%, bus=2.4%
2026-10-01 18:11:05 - [ForkPoolWorker-25] models.mode_choice - DEBUG -   Survey 'default' has only 23 trips for purpose 'Social' (min: 30)
2026-10-01 18:11:05 - [ForkPoolWorker-25] models.mode_choice - DEBUG -   No valid data for purpose 'Social'
2026-10-01 18:11:05 - [ForkPoolWorker-25] models.mode_choice - DEBUG -   Mode rates for 'Dining': car=88.4%, rideshare=7.0%, walk=3.5%, bike=1.2%
2026-10-01 18:11:05 - [ForkPoolWorker-25] models.mode_choice - DEBUG -   Mode rates for 'all': car=88.4%, rideshare=6.8%, walk=2.6%, bus=1.9%, bike=0.3%
2026-10-01 18:11:05 - [ForkPoolWorker-25] models.mode_choice - INFO - Computed mode rates for 7 purposes
2026-10-01 18:11:05 - [ForkPoolWorker-25] models.mode_choice - INFO -   Overall mode distribution: car=88.4%, rideshare=6.8%, walk=2.6%, bus=1.9%, bike=0.3%
2026-10-01 18:11:05 - [ForkPoolWorker-25] models.mode_choice - INFO - ModeChoiceModel initialized with 3 modes: ['car', 'bus', 'walk']
2026-10-01 18:11:05 - [ForkPoolWorker-26] models.mode_availability - DEBUG - Registered availability checker for car: UniversalAvailability
2026-10-01 18:11:05 - [ForkPoolWorker-26] models.mode_availability - DEBUG - Registered availability checker for bus: GTFSTransitAvailability
2026-10-01 18:11:05 - [ForkPoolWorker-26] models.mode_availability - DEBUG - Registered availability checker for walk: DistanceBasedAvailability
2026-10-01 18:11:05 - [ForkPoolWorker-26] models.mode_choice - INFO - Computing mode shares from survey data...
2026-10-01 18:11:05 - [ForkPoolWorker-26] models.mode_choice - DEBUG -   Survey weights (normalized): {'default': 1.0}
2026-10-01 18:11:05 - [ForkPoolWorker-26] models.mode_choice - DEBUG -   Computing rates for purposes: ['Shopping', 'Work', 'Home', 'Other', 'School', 'Social', 'Dining', 'all']
2026-10-01 18:11:05 - [ForkPoolWorker-26] models.mode_choice - DEBUG -   Mode rates for 'Shopping': car=92.9%, rideshare=3.1%, walk=2.7%, bus=1.2%
2026-10-01 18:11:05 - [ForkPoolWorker-26] models.mode_choice - DEBUG -   Mode rates for 'Work': car=85.6%, rideshare=8.1%, walk=3.0%, bus=3.0%, bike=0.4%
2026-10-01 18:11:05 - [ForkPoolWorker-26] models.mode_choice - DEBUG -   Mode rates for 'Home': car=88.3%, rideshare=8.5%, bus=1.8%, walk=1.2%, bike=0.3%
2026-10-01 18:11:05 - [ForkPoolWorker-26] models.mode_choice - DEBUG -   Mode rates for 'Other': car=91.0%, bus=3.4%, rideshare=3.4%, walk=2.2%
2026-10-01 18:11:05 - [ForkPoolWorker-26] models.mode_choice - DEBUG -   Mode rates for 'School': car=78.0%, walk=12.2%, rideshare=7.3%, bus=2.4%
2026-10-01 18:11:05 - [ForkPoolWorker-26] models.mode_choice - DEBUG -   Survey 'default' has only 23 trips for purpose 'Social' (min: 30)
2026-10-01 18:11:05 - [ForkPoolWorker-26] models.mode_choice - DEBUG -   No valid data for purpose 'Social'
2026-10-01 18:11:05 - [ForkPoolWorker-26] models.mode_choice - DEBUG -   Mode rates for 'Dining': car=88.4%, rideshare=7.0%, walk=3.5%, bike=1.2%
2026-10-01 18:11:05 - [ForkPoolWorker-26] models.mode_choice - DEBUG -   Mode rates for 'all': car=88.4%, rideshare=6.8%, walk=2.6%, bus=1.9%, bike=0.3%
2026-10-01 18:11:05 - [ForkPoolWorker-26] models.mode_choice - INFO - Computed mode rates for 7 purposes
2026-10-01 18:11:05 - [ForkPoolWorker-26] models.mode_choice - INFO -   Overall mode distribution: car=88.4%, rideshare=6.8%, walk=2.6%, bus=1.9%, bike=0.3%
2026-10-01 18:11:05 - [ForkPoolWorker-26] models.mode_choice - INFO - ModeChoiceModel initialized with 3 modes: ['car', 'bus', 'walk']
2026-10-01 18:11:05 - [ForkPoolWorker-27] models.mode_availability - DEBUG - Registered availability checker for car: UniversalAvailability
2026-10-01 18:11:05 - [ForkPoolWorker-27] models.mode_availability - DEBUG - Registered availability checker for bus: GTFSTransitAvailability
2026-10-01 18:11:05 - [ForkPoolWorker-27] models.mode_availability - DEBUG - Registered availability checker for walk: DistanceBasedAvailability
2026-10-01 18:11:05 - [ForkPoolWorker-27] models.mode_choice - INFO - Computing mode shares from survey data...
2026-10-01 18:11:05 - [ForkPoolWorker-27] models.mode_choice - DEBUG -   Survey weights (normalized): {'default': 1.0}
2026-10-01 18:11:05 - [ForkPoolWorker-27] models.mode_choice - DEBUG -   Computing rates for purposes: ['Shopping', 'Work', 'Home', 'Other', 'School', 'Social', 'Dining', 'all']
2026-10-01 18:11:05 - [ForkPoolWorker-27] models.mode_choice - DEBUG -   Mode rates for 'Shopping': car=92.9%, rideshare=3.1%, walk=2.7%, bus=1.2%
2026-10-01 18:11:05 - [ForkPoolWorker-27] models.mode_choice - DEBUG -   Mode rates for 'Work': car=85.6%, rideshare=8.1%, walk=3.0%, bus=3.0%, bike=0.4%
2026-10-01 18:11:05 - [ForkPoolWorker-27] models.mode_choice - DEBUG -   Mode rates for 'Home': car=88.3%, rideshare=8.5%, bus=1.8%, walk=1.2%, bike=0.3%
2026-10-01 18:11:05 - [ForkPoolWorker-27] models.mode_choice - DEBUG -   Mode rates for 'Other': car=91.0%, bus=3.4%, rideshare=3.4%, walk=2.2%
2026-10-01 18:11:05 - [ForkPoolWorker-27] models.mode_choice - DEBUG -   Mode rates for 'School': car=78.0%, walk=12.2%, rideshare=7.3%, bus=2.4%
2026-10-01 18:11:05 - [ForkPoolWorker-27] models.mode_choice - DEBUG -   Survey 'default' has only 23 trips for purpose 'Social' (min: 30)
2026-10-01 18:11:05 - [ForkPoolWorker-27] models.mode_choice - DEBUG -   No valid data for purpose 'Social'
2026-10-01 18:11:05 - [ForkPoolWorker-27] models.mode_choice - DEBUG -   Mode rates for 'Dining': car=88.4%, rideshare=7.0%, walk=3.5%, bike=1.2%
2026-10-01 18:11:05 - [ForkPoolWorker-27] models.mode_choice - DEBUG -   Mode rates for 'all': car=88.4%, rideshare=6.8%, walk=2.6%, bus=1.9%, bike=0.3%
2026-10-01 18:11:05 - [ForkPoolWorker-27] models.mode_choice - INFO - Computed mode rates for 7 purposes
2026-10-01 18:11:05 - [ForkPoolWorker-27] models.mode_choice - INFO -   Overall mode distribution: car=88.4%, rideshare=6.8%, walk=2.6%, bus=1.9%, bike=0.3%
2026-10-01 18:11:05 - [ForkPoolWorker-27] models.mode_choice - INFO - ModeChoiceModel initialized with 3 modes: ['car', 'bus', 'walk']
2026-10-01 18:11:05 - [ForkPoolWorker-28] models.mode_availability - DEBUG - Registered availability checker for car: UniversalAvailability
2026-10-01 18:11:05 - [ForkPoolWorker-28] models.mode_availability - DEBUG - Registered availability checker for bus: GTFSTransitAvailability
2026-10-01 18:11:05 - [ForkPoolWorker-28] models.mode_availability - DEBUG - Registered availability checker for walk: DistanceBasedAvailability
2026-10-01 18:11:05 - [ForkPoolWorker-28] models.mode_choice - INFO - Computing mode shares from survey data...
2026-10-01 18:11:05 - [ForkPoolWorker-28] models.mode_choice - DEBUG -   Survey weights (normalized): {'default': 1.0}
2026-10-01 18:11:05 - [ForkPoolWorker-28] models.mode_choice - DEBUG -   Computing rates for purposes: ['Shopping', 'Work', 'Home', 'Other', 'School', 'Social', 'Dining', 'all']
2026-10-01 18:11:05 - [ForkPoolWorker-28] models.mode_choice - DEBUG -   Mode rates for 'Shopping': car=92.9%, rideshare=3.1%, walk=2.7%, bus=1.2%
2026-10-01 18:11:05 - [ForkPoolWorker-28] models.mode_choice - DEBUG -   Mode rates for 'Work': car=85.6%, rideshare=8.1%, walk=3.0%, bus=3.0%, bike=0.4%
2026-10-01 18:11:05 - [ForkPoolWorker-28] models.mode_choice - DEBUG -   Mode rates for 'Home': car=88.3%, rideshare=8.5%, bus=1.8%, walk=1.2%, bike=0.3%
2026-10-01 18:11:05 - [ForkPoolWorker-28] models.mode_choice - DEBUG -   Mode rates for 'Other': car=91.0%, bus=3.4%, rideshare=3.4%, walk=2.2%
2026-10-01 18:11:05 - [ForkPoolWorker-28] models.mode_choice - DEBUG -   Mode rates for 'School': car=78.0%, walk=12.2%, rideshare=7.3%, bus=2.4%
2026-10-01 18:11:05 - [ForkPoolWorker-28] models.mode_choice - DEBUG -   Survey 'default' has only 23 trips for purpose 'Social' (min: 30)
2026-10-01 18:11:05 - [ForkPoolWorker-28] models.mode_choice - DEBUG -   No valid data for purpose 'Social'
2026-10-01 18:11:05 - [ForkPoolWorker-28] models.mode_choice - DEBUG -   Mode rates for 'Dining': car=88.4%, rideshare=7.0%, walk=3.5%, bike=1.2%
2026-10-01 18:11:05 - [ForkPoolWorker-28] models.mode_choice - DEBUG -   Mode rates for 'all': car=88.4%, rideshare=6.8%, walk=2.6%, bus=1.9%, bike=0.3%
2026-10-01 18:11:05 - [ForkPoolWorker-28] models.mode_choice - INFO - Computed mode rates for 7 purposes
2026-10-01 18:11:05 - [ForkPoolWorker-28] models.mode_choice - INFO -   Overall mode distribution: car=88.4%, rideshare=6.8%, walk=2.6%, bus=1.9%, bike=0.3%
2026-10-01 18:11:05 - [ForkPoolWorker-28] models.mode_choice - INFO - ModeChoiceModel initialized with 3 modes: ['car', 'bus', 'walk']
2026-10-01 18:11:05 - [ForkPoolWorker-29] models.mode_availability - DEBUG - Registered availability checker for car: UniversalAvailability
2026-10-01 18:11:05 - [ForkPoolWorker-29] models.mode_availability - DEBUG - Registered availability checker for bus: GTFSTransitAvailability
2026-10-01 18:11:05 - [ForkPoolWorker-29] models.mode_availability - DEBUG - Registered availability checker for walk: DistanceBasedAvailability
2026-10-01 18:11:05 - [ForkPoolWorker-29] models.mode_choice - INFO - Computing mode shares from survey data...
2026-10-01 18:11:05 - [ForkPoolWorker-29] models.mode_choice - DEBUG -   Survey weights (normalized): {'default': 1.0}
2026-10-01 18:11:05 - [ForkPoolWorker-29] models.mode_choice - DEBUG -   Computing rates for purposes: ['Shopping', 'Work', 'Home', 'Other', 'School', 'Social', 'Dining', 'all']
2026-10-01 18:11:05 - [ForkPoolWorker-29] models.mode_choice - DEBUG -   Mode rates for 'Shopping': car=92.9%, rideshare=3.1%, walk=2.7%, bus=1.2%
2026-10-01 18:11:05 - [ForkPoolWorker-29] models.mode_choice - DEBUG -   Mode rates for 'Work': car=85.6%, rideshare=8.1%, walk=3.0%, bus=3.0%, bike=0.4%
2026-10-01 18:11:05 - [ForkPoolWorker-29] models.mode_choice - DEBUG -   Mode rates for 'Home': car=88.3%, rideshare=8.5%, bus=1.8%, walk=1.2%, bike=0.3%
2026-10-01 18:11:05 - [ForkPoolWorker-29] models.mode_choice - DEBUG -   Mode rates for 'Other': car=91.0%, bus=3.4%, rideshare=3.4%, walk=2.2%
2026-10-01 18:11:05 - [ForkPoolWorker-29] models.mode_choice - DEBUG -   Mode rates for 'School': car=78.0%, walk=12.2%, rideshare=7.3%, bus=2.4%
2026-10-01 18:11:05 - [ForkPoolWorker-29] models.mode_choice - DEBUG -   Survey 'default' has only 23 trips for purpose 'Social' (min: 30)
2026-10-01 18:11:05 - [ForkPoolWorker-29] models.mode_choice - DEBUG -   No valid data for purpose 'Social'
2026-10-01 18:11:05 - [ForkPoolWorker-29] models.mode_choice - DEBUG -   Mode rates for 'Dining': car=88.4%, rideshare=7.0%, walk=3.5%, bike=1.2%
2026-10-01 18:11:05 - [ForkPoolWorker-29] models.mode_choice - DEBUG -   Mode rates for 'all': car=88.4%, rideshare=6.8%, walk=2.6%, bus=1.9%, bike=0.3%
2026-10-01 18:11:05 - [ForkPoolWorker-29] models.mode_choice - INFO - Computed mode rates for 7 purposes
2026-10-01 18:11:05 - [ForkPoolWorker-29] models.mode_choice - INFO -   Overall mode distribution: car=88.4%, rideshare=6.8%, walk=2.6%, bus=1.9%, bike=0.3%
2026-10-01 18:11:05 - [ForkPoolWorker-29] models.mode_choice - INFO - ModeChoiceModel initialized with 3 modes: ['car', 'bus', 'walk']
2026-10-01 18:11:05 - [ForkPoolWorker-30] models.mode_availability - DEBUG - Registered availability checker for car: UniversalAvailability
2026-10-01 18:11:05 - [ForkPoolWorker-30] models.mode_availability - DEBUG - Registered availability checker for bus: GTFSTransitAvailability
2026-10-01 18:11:05 - [ForkPoolWorker-30] models.mode_availability - DEBUG - Registered availability checker for walk: DistanceBasedAvailability
2026-10-01 18:11:05 - [ForkPoolWorker-30] models.mode_choice - INFO - Computing mode shares from survey data...
2026-10-01 18:11:05 - [ForkPoolWorker-30] models.mode_choice - DEBUG -   Survey weights (normalized): {'default': 1.0}
2026-10-01 18:11:05 - [ForkPoolWorker-30] models.mode_choice - DEBUG -   Computing rates for purposes: ['Shopping', 'Work', 'Home', 'Other', 'School', 'Social', 'Dining', 'all']
2026-10-01 18:11:05 - [ForkPoolWorker-30] models.mode_choice - DEBUG -   Mode rates for 'Shopping': car=92.9%, rideshare=3.1%, walk=2.7%, bus=1.2%
2026-10-01 18:11:05 - [ForkPoolWorker-30] models.mode_choice - DEBUG -   Mode rates for 'Work': car=85.6%, rideshare=8.1%, walk=3.0%, bus=3.0%, bike=0.4%
2026-10-01 18:11:05 - [ForkPoolWorker-30] models.mode_choice - DEBUG -   Mode rates for 'Home': car=88.3%, rideshare=8.5%, bus=1.8%, walk=1.2%, bike=0.3%
2026-10-01 18:11:05 - [ForkPoolWorker-30] models.mode_choice - DEBUG -   Mode rates for 'Other': car=91.0%, bus=3.4%, rideshare=3.4%, walk=2.2%
2026-10-01 18:11:05 - [ForkPoolWorker-30] models.mode_choice - DEBUG -   Mode rates for 'School': car=78.0%, walk=12.2%, rideshare=7.3%, bus=2.4%
2026-10-01 18:11:05 - [ForkPoolWorker-30] models.mode_choice - DEBUG -   Survey 'default' has only 23 trips for purpose 'Social' (min: 30)
2026-10-01 18:11:05 - [ForkPoolWorker-30] models.mode_choice - DEBUG -   No valid data for purpose 'Social'
2026-10-01 18:11:05 - [ForkPoolWorker-30] models.mode_choice - DEBUG -   Mode rates for 'Dining': car=88.4%, rideshare=7.0%, walk=3.5%, bike=1.2%
2026-10-01 18:11:05 - [ForkPoolWorker-30] models.mode_choice - DEBUG -   Mode rates for 'all': car=88.4%, rideshare=6.8%, walk=2.6%, bus=1.9%, bike=0.3%
2026-10-01 18:11:05 - [ForkPoolWorker-30] models.mode_choice - INFO - Computed mode rates for 7 purposes
2026-10-01 18:11:05 - [ForkPoolWorker-30] models.mode_choice - INFO -   Overall mode distribution: car=88.4%, rideshare=6.8%, walk=2.6%, bus=1.9%, bike=0.3%
2026-10-01 18:11:05 - [ForkPoolWorker-30] models.mode_choice - INFO - ModeChoiceModel initialized with 3 modes: ['car', 'bus', 'walk']
2026-10-01 18:11:09 - [ForkPoolWorker-3] models.plan_generator - INFO - Worker ForkPoolWorker-3 completed: generated 1833 plans
2026-10-01 18:11:09 - [ForkPoolWorker-1] models.plan_generator - INFO - Worker ForkPoolWorker-1 completed: generated 1790 plans
2026-10-01 18:11:10 - [ForkPoolWorker-3] models.plan_generator - INFO - Worker ForkPoolWorker-3 started - processing 16 OD pairs
2026-10-01 18:11:10 - [ForkPoolWorker-3] models.time - INFO - Fitted models for 45 activity pairs
2026-10-01 18:11:10 - [ForkPoolWorker-3] models.time - INFO - Mean trip durations: global=24.0min, per-pair=45 pairs
2026-10-01 18:11:10 - [ForkPoolWorker-2] models.plan_generator - INFO - Worker ForkPoolWorker-2 completed: generated 2074 plans
2026-10-01 18:11:10 - [ForkPoolWorker-6] models.plan_generator - INFO - Worker ForkPoolWorker-6 completed: generated 2111 plans
2026-10-01 18:11:10 - [ForkPoolWorker-5] models.plan_generator - INFO - Worker ForkPoolWorker-5 completed: generated 2067 plans
2026-10-01 18:11:10 - [ForkPoolWorker-4] models.plan_generator - INFO - Worker ForkPoolWorker-4 completed: generated 2120 plans
2026-10-01 18:11:10 - [ForkPoolWorker-14] models.plan_generator - INFO - Worker ForkPoolWorker-14 completed: generated 2054 plans
2026-10-01 18:11:10 - [ForkPoolWorker-3] models.mode_availability - DEBUG - Registered availability checker for car: UniversalAvailability
2026-10-01 18:11:10 - [ForkPoolWorker-3] models.mode_availability - DEBUG - Registered availability checker for bus: GTFSTransitAvailability
2026-10-01 18:11:10 - [ForkPoolWorker-3] models.mode_availability - DEBUG - Registered availability checker for walk: DistanceBasedAvailability
2026-10-01 18:11:10 - [ForkPoolWorker-3] models.mode_choice - INFO - Computing mode shares from survey data...
2026-10-01 18:11:10 - [ForkPoolWorker-3] models.mode_choice - DEBUG -   Survey weights (normalized): {'default': 1.0}
2026-10-01 18:11:10 - [ForkPoolWorker-3] models.mode_choice - DEBUG -   Computing rates for purposes: ['Shopping', 'Work', 'Home', 'Other', 'School', 'Social', 'Dining', 'all']
2026-10-01 18:11:10 - [ForkPoolWorker-3] models.mode_choice - DEBUG -   Mode rates for 'Shopping': car=92.9%, rideshare=3.1%, walk=2.7%, bus=1.2%
2026-10-01 18:11:10 - [ForkPoolWorker-3] models.mode_choice - DEBUG -   Mode rates for 'Work': car=85.6%, rideshare=8.1%, walk=3.0%, bus=3.0%, bike=0.4%
2026-10-01 18:11:10 - [ForkPoolWorker-3] models.mode_choice - DEBUG -   Mode rates for 'Home': car=88.3%, rideshare=8.5%, bus=1.8%, walk=1.2%, bike=0.3%
2026-10-01 18:11:10 - [ForkPoolWorker-3] models.mode_choice - DEBUG -   Mode rates for 'Other': car=91.0%, bus=3.4%, rideshare=3.4%, walk=2.2%
2026-10-01 18:11:10 - [ForkPoolWorker-3] models.mode_choice - DEBUG -   Mode rates for 'School': car=78.0%, walk=12.2%, rideshare=7.3%, bus=2.4%
2026-10-01 18:11:10 - [ForkPoolWorker-3] models.mode_choice - DEBUG -   Survey 'default' has only 23 trips for purpose 'Social' (min: 30)
2026-10-01 18:11:10 - [ForkPoolWorker-3] models.mode_choice - DEBUG -   No valid data for purpose 'Social'
2026-10-01 18:11:10 - [ForkPoolWorker-3] models.mode_choice - DEBUG -   Mode rates for 'Dining': car=88.4%, rideshare=7.0%, walk=3.5%, bike=1.2%
2026-10-01 18:11:10 - [ForkPoolWorker-3] models.mode_choice - DEBUG -   Mode rates for 'all': car=88.4%, rideshare=6.8%, walk=2.6%, bus=1.9%, bike=0.3%
2026-10-01 18:11:10 - [ForkPoolWorker-3] models.mode_choice - INFO - Computed mode rates for 7 purposes
2026-10-01 18:11:10 - [ForkPoolWorker-3] models.mode_choice - INFO -   Overall mode distribution: car=88.4%, rideshare=6.8%, walk=2.6%, bus=1.9%, bike=0.3%
2026-10-01 18:11:10 - [ForkPoolWorker-3] models.mode_choice - INFO - ModeChoiceModel initialized with 3 modes: ['car', 'bus', 'walk']
2026-10-01 18:11:10 - [ForkPoolWorker-3] models.plan_generator - INFO - Worker ForkPoolWorker-3 completed: generated 16 plans
2026-10-01 18:11:10 - [ForkPoolWorker-7] models.plan_generator - INFO - Worker ForkPoolWorker-7 completed: generated 2296 plans
2026-10-01 18:11:10 - [ForkPoolWorker-8] models.plan_generator - INFO - Worker ForkPoolWorker-8 completed: generated 2363 plans
2026-10-01 18:11:11 - [ForkPoolWorker-19] models.plan_generator - INFO - Worker ForkPoolWorker-19 completed: generated 1989 plans
2026-10-01 18:11:11 - [ForkPoolWorker-13] models.plan_generator - INFO - Worker ForkPoolWorker-13 completed: generated 2462 plans
2026-10-01 18:11:11 - [ForkPoolWorker-16] models.plan_generator - INFO - Worker ForkPoolWorker-16 completed: generated 2133 plans
2026-10-01 18:11:11 - [ForkPoolWorker-17] models.plan_generator - INFO - Worker ForkPoolWorker-17 completed: generated 2234 plans
2026-10-01 18:11:11 - [ForkPoolWorker-18] models.plan_generator - INFO - Worker ForkPoolWorker-18 completed: generated 2231 plans
2026-10-01 18:11:11 - [ForkPoolWorker-21] models.plan_generator - INFO - Worker ForkPoolWorker-21 completed: generated 2371 plans
2026-10-01 18:11:11 - [ForkPoolWorker-22] models.plan_generator - INFO - Worker ForkPoolWorker-22 completed: generated 2324 plans
2026-10-01 18:11:11 - [ForkPoolWorker-25] models.plan_generator - INFO - Worker ForkPoolWorker-25 completed: generated 2233 plans
2026-10-01 18:11:11 - [ForkPoolWorker-24] models.plan_generator - INFO - Worker ForkPoolWorker-24 completed: generated 2333 plans
2026-10-01 18:11:12 - [ForkPoolWorker-27] models.plan_generator - INFO - Worker ForkPoolWorker-27 completed: generated 2279 plans
2026-10-01 18:11:12 - [ForkPoolWorker-15] models.plan_generator - INFO - Worker ForkPoolWorker-15 completed: generated 3130 plans
2026-10-01 18:11:12 - [ForkPoolWorker-26] models.plan_generator - INFO - Worker ForkPoolWorker-26 completed: generated 2380 plans
2026-10-01 18:11:12 - [ForkPoolWorker-9] models.plan_generator - INFO - Worker ForkPoolWorker-9 completed: generated 3532 plans
2026-10-01 18:11:12 - [ForkPoolWorker-29] models.plan_generator - INFO - Worker ForkPoolWorker-29 completed: generated 2523 plans
2026-10-01 18:11:12 - [ForkPoolWorker-11] models.plan_generator - INFO - Worker ForkPoolWorker-11 completed: generated 3513 plans
2026-10-01 18:11:13 - [ForkPoolWorker-23] models.plan_generator - INFO - Worker ForkPoolWorker-23 completed: generated 3857 plans
2026-10-01 18:11:14 - [ForkPoolWorker-20] models.plan_generator - INFO - Worker ForkPoolWorker-20 completed: generated 4518 plans
2026-10-01 18:11:15 - [ForkPoolWorker-12] models.plan_generator - INFO - Worker ForkPoolWorker-12 completed: generated 5423 plans
2026-10-01 18:11:16 - [ForkPoolWorker-10] models.plan_generator - INFO - Worker ForkPoolWorker-10 completed: generated 6090 plans
2026-10-01 18:11:16 - [ForkPoolWorker-28] models.plan_generator - INFO - Worker ForkPoolWorker-28 completed: generated 5426 plans
2026-10-01 18:11:16 - [ForkPoolWorker-30] models.plan_generator - INFO - Worker ForkPoolWorker-30 completed: generated 5465 plans
2026-10-01 18:11:16 - models.plan_generator - INFO - ======================================================================
2026-10-01 18:11:16 - models.plan_generator - INFO - GENERATION COMPLETE
2026-10-01 18:11:16 - models.plan_generator - INFO -   Plans requested: 87,170
2026-10-01 18:11:16 - models.plan_generator - INFO -   Plans generated: 87,170
2026-10-01 18:11:16 - models.plan_generator - INFO -   Failed plans: 0
2026-10-01 18:11:16 - models.plan_generator - INFO -   Success rate: 100.00%
2026-10-01 18:11:16 - models.plan_generator - INFO -   Chain retries: 3,359 / 93,448 attempts
2026-10-01 18:11:16 - models.plan_generator - INFO -     Too short: 0
2026-10-01 18:11:16 - models.plan_generator - INFO -     Bad structure (not Home-...-Home): 0
2026-10-01 18:11:16 - models.plan_generator - INFO -     Missing Work: 0
2026-10-01 18:11:16 - models.plan_generator - INFO -     Too many Work: 3,359
2026-10-01 18:11:16 - models.plan_generator - INFO -   POI retries: 72,116
2026-10-01 18:11:16 - models.plan_generator - INFO -   Time retries: 2
2026-10-01 18:11:16 - models.plan_generator - INFO -   Schedules built: 113,110
2026-10-01 18:11:16 - models.plan_generator - INFO -     Trimmed to fit 24h: 655 (0.58%)
2026-10-01 18:11:16 - models.plan_generator - INFO -     Dropped, over budget: 2 (0.00%)
2026-10-01 18:11:16 - models.plan_generator - INFO -     Resampled, over budget (over_budget=resample): 25,938
2026-10-01 18:11:16 - models.plan_generator - INFO -     Excess per trimmed schedule: mean 605.2 min, max 2234.7 min
2026-10-01 18:11:16 - models.plan_generator - INFO -     Minutes actually removed: 394,520 total, mean 602.3 min
2026-10-01 18:11:16 - models.plan_generator - INFO -   Experiment directory: /media/volume/Tareek-instance_vol-1/Tareek-work/Tareek/experiments/bham_local_hermes_w12_nw20_fr03_10iter
2026-10-01 18:11:16 - models.plan_generator - INFO -   Full logs saved to: /media/volume/Tareek-instance_vol-1/Tareek-work/Tareek/experiments/bham_local_hermes_w12_nw20_fr03_10iter/experiment_20261001_180911.log
2026-10-01 18:11:16 - models.plan_generator - INFO - ======================================================================
2026-10-01 18:11:16 - models.mode_choice - INFO - ==================================================
2026-10-01 18:11:16 - models.mode_choice - INFO - MODE CHOICE STATISTICS
2026-10-01 18:11:16 - models.mode_choice - INFO - ==================================================
2026-10-01 18:11:16 - models.mode_choice - INFO -   Total mode choices: 251245
2026-10-01 18:11:16 - models.mode_choice - INFO -   Fallback mode used: 0 times
2026-10-01 18:11:16 - models.mode_choice - INFO -   Chain retries: 0
2026-10-01 18:11:16 - models.mode_choice - INFO -   Mode distribution in generated plans:
2026-10-01 18:11:16 - models.mode_choice - INFO -     car: 86.6%
2026-10-01 18:11:16 - models.mode_choice - INFO -     walk: 12.6%
2026-10-01 18:11:16 - models.mode_choice - INFO -     bus: 0.8%
2026-10-01 18:11:16 - models.mode_choice - INFO - ==================================================
2026-10-01 18:11:16 - models.plan_generator - INFO - Plan generation complete!
2026-10-01 18:11:16 - models.plan_generator - INFO -   Generated: 87,170 plans (100.00% success rate)
2026-10-01 18:11:16 - models.plan_generator - INFO -   Failed: 0 plans
2026-10-01 18:11:16 - models.plan_generator - INFO -   Experiment directory: /media/volume/Tareek-instance_vol-1/Tareek-work/Tareek/experiments/bham_local_hermes_w12_nw20_fr03_10iter
2026-10-01 18:11:16 - models.plan_generator - INFO -   Detailed logs: /media/volume/Tareek-instance_vol-1/Tareek-work/Tareek/experiments/bham_local_hermes_w12_nw20_fr03_10iter/experiment_20261001_180911.log
2026-10-01 18:11:16 - __main__ - INFO - Generated 87,170 work plans
2026-10-01 18:11:16 - __main__ - INFO - 
2026-10-01 18:11:16 - models.plan_generator - INFO -   Serialized GTFS stop data for workers: bus=37083 stops
2026-10-01 18:11:16 - __main__ - INFO - Sharing GTFS stop data with non-work generators
2026-10-01 18:11:16 - __main__ - INFO - Population stats: 893,851 total (387,999 employees, 505,852 non-employees)
2026-10-01 18:11:16 - __main__ - INFO - ------------------------------------------------------------
2026-10-01 18:11:16 - __main__ - INFO - GENERATING SHOPPING PLANS
2026-10-01 18:11:16 - __main__ - INFO - ------------------------------------------------------------
2026-10-01 18:11:16 - models.plan_generator_nonwork - INFO - Initialized NonWorkPlanGenerator for Shopping
2026-10-01 18:11:16 - utils.coordinates - INFO - Initialized coordinate converter: EPSG:4326 <-> EPSG:26916
2026-10-01 18:11:17 - models.plan_generator_nonwork - INFO -   Coordinate system: WGS84 -> EPSG:26916
2026-10-01 18:11:17 - models.plan_generator_nonwork - INFO - Using pre-loaded shared data...
2026-10-01 18:11:17 - models.plan_generator_nonwork - INFO -   Using 19,068 home blocks (pre-loaded)
2026-10-01 18:11:17 - models.plan_generator_nonwork - INFO -   Using 7,981 POIs (pre-loaded)
2026-10-01 18:11:17 - models.plan_generator_nonwork - INFO -   Using 1,071 survey trips (pre-loaded)
2026-10-01 18:11:17 - models.plan_generator_nonwork - INFO -   Using 423 persons (pre-loaded)
2026-10-01 18:11:17 - models.plan_generator_nonwork - INFO -   Using 166 trip chains (pre-loaded)
2026-10-01 18:11:17 - models.plan_generator_nonwork - INFO -   Using 7,981 POI-to-block mappings (pre-computed)
2026-10-01 18:11:17 - models.plan_generator_nonwork - INFO -   Using shared trip duration model (pre-initialized)
2026-10-01 18:11:17 - models.plan_generator_nonwork - INFO -   Using shared activity duration model (pre-initialized)
2026-10-01 18:11:17 - models.plan_generator_nonwork - INFO -   Using shared POI spatial index (pre-built)
2026-10-01 18:11:17 - models.plan_generator_nonwork - INFO - Initializing time models...
2026-10-01 18:11:17 - models.plan_generator_nonwork - INFO -   Using shared trip duration model
2026-10-01 18:11:17 - models.plan_generator_nonwork - INFO -   Using shared activity duration model
2026-10-01 18:11:17 - models.plan_generator_nonwork - INFO -   Time models initialized
2026-10-01 18:11:17 - models.plan_generator_nonwork - INFO -   Average trip duration: 21.7 minutes
2026-10-01 18:11:17 - models.plan_generator_nonwork - INFO - Initializing POI components...
2026-10-01 18:11:17 - models.plan_generator_nonwork - INFO -   Using shared POI spatial index: 6 activity types, 7,981 POIs
2026-10-01 18:11:17 - models.plan_generator_nonwork - INFO -   POI weighting enabled: True
2026-10-01 18:11:17 - models.plan_generator_nonwork - INFO - Initializing chain model...
2026-10-01 18:11:17 - models.plan_generator_nonwork - INFO -   Shopping: budget chain model, 37 main-purpose patterns
2026-10-01 18:11:17 - models.plan_generator_nonwork - INFO - Initializing GTFS transit availability...
2026-10-01 18:11:17 - models.plan_generator_nonwork - INFO -   GTFS availability rebuilt from shared data: bus=37083 stops
2026-10-01 18:11:17 - models.plan_generator_nonwork - INFO - Initializing mode choice model...
2026-10-01 18:11:17 - models.mode_choice - INFO - Computing mode shares from survey data...
2026-10-01 18:11:17 - models.mode_choice - INFO - Computed mode rates for 7 purposes
2026-10-01 18:11:17 - models.mode_choice - INFO -   Overall mode distribution: car=88.4%, rideshare=6.8%, walk=2.6%, bus=1.9%, bike=0.3%
2026-10-01 18:11:17 - models.mode_choice - INFO - ModeChoiceModel initialized with 3 modes: ['car', 'bus', 'walk']
2026-10-01 18:11:17 - models.plan_generator_nonwork - INFO - Creating Shopping OD matrix...
2026-10-01 18:11:17 - models.plan_generator_nonwork - INFO -   Using pre-computed POI-to-block mapping
2026-10-01 18:11:17 - models.od_matrix_nonwork - INFO - ======================================================================
2026-10-01 18:11:17 - models.od_matrix_nonwork - INFO - CREATING NON-WORK OD MATRIX - SHOPPING
2026-10-01 18:11:17 - models.od_matrix_nonwork - INFO - ======================================================================
2026-10-01 18:11:17 - models.od_matrix_nonwork - INFO - Configuration:
2026-10-01 18:11:17 - models.od_matrix_nonwork - INFO -   Beta (distance decay): 2
2026-10-01 18:11:17 - models.od_matrix_nonwork - INFO -   Alpha (survey weight): 0.1
2026-10-01 18:11:17 - models.od_matrix_nonwork - INFO -   Distance mode: cosine_km
2026-10-01 18:11:17 - models.od_matrix_nonwork - INFO - Calculating POI density for Shopping...
2026-10-01 18:11:17 - models.od_matrix_nonwork - INFO -   Total POIs to process: 7,981
2026-10-01 18:11:17 - models.od_matrix_nonwork - INFO -   Filtered to 542 Shopping POIs
2026-10-01 18:11:17 - models.od_matrix_nonwork - INFO -   Using pre-computed POI-to-block mapping (fast path)
2026-10-01 18:11:17 - models.od_matrix_nonwork - INFO -   POI assignment complete:
2026-10-01 18:11:17 - models.od_matrix_nonwork - INFO -     Blocks with POIs: 315
2026-10-01 18:11:17 - models.od_matrix_nonwork - INFO -     Total POIs assigned: 542
2026-10-01 18:11:17 - models.od_matrix_nonwork - INFO -     Avg POIs per block (non-zero): 1.7
2026-10-01 18:11:17 - models.od_matrix_nonwork - INFO - Creating survey OD matrix for Shopping...
2026-10-01 18:11:17 - models.od_matrix_nonwork - INFO -   Filtered to 255 trips (from 1,071 total)
2026-10-01 18:11:17 - models.od_matrix_nonwork - INFO -   Survey OD matrix created: (1, 1)
2026-10-01 18:11:17 - models.od_matrix_nonwork - INFO -   Total trips in survey matrix: 255
2026-10-01 18:11:17 - models.od_matrix_nonwork - INFO - ======================================================================
2026-10-01 18:11:17 - models.od_matrix_nonwork - INFO - SINGLY-CONSTRAINED GRAVITY MODEL - SHOPPING
2026-10-01 18:11:17 - models.od_matrix_nonwork - INFO - ======================================================================
2026-10-01 18:11:17 - models.od_matrix_nonwork - INFO - Origins from the demand budget ('nw_origin_Shopping' per home block)
2026-10-01 18:11:17 - models.od_matrix_nonwork - INFO -   Pre-aggregated 19,068 blocks -> 719 block_groups (home)
2026-10-01 18:11:17 - models.od_matrix_nonwork - INFO -   Pre-aggregated POI blocks -> 187 block_groups with POIs
2026-10-01 18:11:17 - models.od_matrix_nonwork - INFO - Number of home block_groups: 719
2026-10-01 18:11:17 - models.od_matrix_nonwork - INFO - Number of destination block_groups (with POIs): 187
2026-10-01 18:11:17 - models.od_matrix_nonwork - INFO - Distance decay beta: 2
2026-10-01 18:11:17 - models.od_matrix_nonwork - INFO - Total non-employees (base): 505,852
2026-10-01 18:11:17 - models.od_matrix_nonwork - INFO - Total travelers (demand budget): 259,526
2026-10-01 18:11:17 - models.od_matrix_nonwork - INFO - Total POIs (destination): 542
2026-10-01 18:11:17 - models.od_matrix_nonwork - INFO - Extracting coordinates...
2026-10-01 18:11:17 - models.od_matrix_nonwork - INFO - Calculating distances and friction factors (mode: cosine_km)...
2026-10-01 18:11:17 - models.od_matrix_v3 - INFO -   Intrazonal distance set from zone area on 187 diagonal cells (factor 0.5): median 0 m -> 448 m
2026-10-01 18:11:17 - models.od_matrix_nonwork - INFO -   Distances in km: median 21.31, min 0.056, max 87.0
2026-10-01 18:11:17 - models.od_matrix_nonwork - INFO - Initial gravity model total trips: 259,526
2026-10-01 18:11:17 - models.od_matrix_nonwork - INFO - 
Running IPF iterations (max 50)...
2026-10-01 18:11:17 - models.od_matrix_nonwork - INFO -   Iteration 1: Max relative difference = 3.91e-16
2026-10-01 18:11:17 - models.od_matrix_nonwork - INFO - Converged after 1 iterations
2026-10-01 18:11:17 - models.od_matrix_nonwork - INFO - ======================================================================
2026-10-01 18:11:17 - models.od_matrix_nonwork - INFO - VERIFICATION
2026-10-01 18:11:17 - models.od_matrix_nonwork - INFO - ======================================================================
2026-10-01 18:11:17 - models.od_matrix_nonwork - INFO - Origin total: 259,526 | Matrix row sum: 259,526
2026-10-01 18:11:17 - models.od_matrix_nonwork - INFO - Max row constraint error: 2.27e-13
2026-10-01 18:11:17 - models.od_matrix_nonwork - INFO - Total trips in gravity model: 259,526
2026-10-01 18:11:17 - models.od_matrix_nonwork - INFO - 
2026-10-01 18:11:17 - models.od_matrix_nonwork - INFO -   Gravity model (block-group level): (719, 187)
2026-10-01 18:11:17 - models.od_matrix_nonwork - INFO -   Survey matrix: (1, 1)
2026-10-01 18:11:17 - models.od_matrix_nonwork - INFO - 
Combining survey and gravity models...
2026-10-01 18:11:17 - models.od_matrix_v3 - INFO - ======================================================================
2026-10-01 18:11:17 - models.od_matrix_v3 - INFO - COMBINING OD MATRICES
2026-10-01 18:11:17 - models.od_matrix_v3 - INFO - ======================================================================
2026-10-01 18:11:17 - models.od_matrix_v3 - INFO - Survey matrix shape: (1, 1)
2026-10-01 18:11:17 - models.od_matrix_v3 - INFO - Local matrix shape: (719, 187)
2026-10-01 18:11:17 - models.od_matrix_v3 - INFO - Alpha (survey weight): 0.10
2026-10-01 18:11:17 - models.od_matrix_v3 - INFO - Local weight: 0.90
2026-10-01 18:11:17 - models.od_matrix_v3 - INFO - Aligning survey to local matrix structure...
2026-10-01 18:11:17 - models.od_matrix_v3 - INFO - Combining matrices (alpha blend where survey exists, local only where survey is empty)...
2026-10-01 18:11:17 - models.od_matrix_v3 - INFO - No scaling target specified. Using local matrix total: 259,525
2026-10-01 18:11:17 - models.od_matrix_v3 - INFO - Matrix total before scaling: 259,526
2026-10-01 18:11:17 - models.od_matrix_v3 - INFO - Scale factor: 0.999997
2026-10-01 18:11:17 - models.od_matrix_v3 - INFO - Applying robust rounding to guarantee target total...
2026-10-01 18:11:17 - models.od_matrix_v3 - INFO - Total after flooring: 219,913
2026-10-01 18:11:17 - models.od_matrix_v3 - INFO - Remainder to distribute: 39,612
2026-10-01 18:11:17 - models.od_matrix_v3 - INFO - ======================================================================
2026-10-01 18:11:17 - models.od_matrix_v3 - INFO - VERIFICATION
2026-10-01 18:11:17 - models.od_matrix_v3 - INFO - ======================================================================
2026-10-01 18:11:17 - models.od_matrix_v3 - INFO - Survey total trips: 255
2026-10-01 18:11:17 - models.od_matrix_v3 - INFO - Local total trips: 259,526
2026-10-01 18:11:17 - models.od_matrix_v3 - INFO - Combined total trips (before scaling): 259,526
2026-10-01 18:11:17 - models.od_matrix_v3 - INFO - Combined total trips (after scaling & rounding): 259,525
2026-10-01 18:11:17 - models.od_matrix_v3 - INFO - Target total: 259,525
2026-10-01 18:11:17 - models.od_matrix_v3 - INFO - Difference: 0
2026-10-01 18:11:17 - models.od_matrix_v3 - INFO - Combined matrix shape: (719, 187)
2026-10-01 18:11:17 - models.od_matrix_nonwork - INFO - ======================================================================
2026-10-01 18:11:17 - models.od_matrix_nonwork - INFO - NONWORK OD MATRIX CREATION COMPLETE - SHOPPING
2026-10-01 18:11:17 - models.od_matrix_nonwork - INFO - ======================================================================
2026-10-01 18:11:17 - models.plan_generator_nonwork - INFO -   OD matrix shape: (719, 187)
2026-10-01 18:11:17 - models.plan_generator_nonwork - INFO -   Unscaled total trips: 259,525
2026-10-01 18:11:17 - models.plan_generator_nonwork - INFO -   Scaling factor: 0.25
2026-10-01 18:11:17 - models.plan_generator_nonwork - INFO -   Scaled total trips: 65,054
2026-10-01 18:11:17 - models.plan_generator_nonwork - INFO - NonWorkPlanGenerator initialization complete
2026-10-01 18:11:17 - models.plan_generator_nonwork - INFO - ============================================================
2026-10-01 18:11:17 - models.plan_generator_nonwork - INFO - SHOPPING PLAN GENERATION
2026-10-01 18:11:17 - models.plan_generator_nonwork - INFO - ============================================================
2026-10-01 18:11:17 - models.plan_generator_nonwork - INFO -   Population base (non-employees in region): 505,852
2026-10-01 18:11:17 - models.plan_generator_nonwork - INFO -   Unscaled Shopping trips: 259,525
2026-10-01 18:11:17 - models.plan_generator_nonwork - INFO -   Scaling factor: 0.25
2026-10-01 18:11:17 - models.plan_generator_nonwork - INFO -   Scaled Shopping trips: 65,054
2026-10-01 18:11:17 - models.plan_generator_nonwork - INFO -   Expected scaled trips: 64,881
2026-10-01 18:11:17 - models.plan_generator_nonwork - INFO -   Scaling accuracy: 100.3%
2026-10-01 18:11:17 - models.plan_generator_nonwork - INFO - 
2026-10-01 18:11:17 - models.plan_generator_nonwork - INFO - Generating all Shopping plans using multiprocessing...
2026-10-01 18:11:17 - models.plan_generator_nonwork - INFO -   Using all 65,054 trips from scaled OD matrix
2026-10-01 18:11:17 - models.plan_generator_nonwork - INFO - Using 30 processes for Shopping plan generation
2026-10-01 18:11:17 - models.plan_generator_nonwork - INFO - Pre-loading data for Shopping multiprocessing...
2026-10-01 18:11:17 - models.plan_generator_nonwork - INFO -   Serialized GTFS stop data for workers: bus=37083 stops
2026-10-01 18:11:17 - models.plan_generator_nonwork - INFO -   Prepared shared data with 19,068 home blocks
2026-10-01 18:11:17 - models.plan_generator_nonwork - INFO -   POI categories: 6
2026-10-01 18:11:17 - models.plan_generator_nonwork - INFO -   Chain patterns: 37
2026-10-01 18:11:17 - models.plan_generator_nonwork - INFO - Split 26511 OD pairs into 31 chunks
2026-10-01 18:12:27 - models.plan_generator_nonwork - INFO - 
2026-10-01 18:12:27 - models.plan_generator_nonwork - INFO - Shopping GENERATION COMPLETE
2026-10-01 18:12:27 - models.plan_generator_nonwork - INFO -   Plans generated: 65,054
2026-10-01 18:12:27 - models.plan_generator_nonwork - INFO -   Failed plans: 0
2026-10-01 18:12:27 - models.plan_generator_nonwork - INFO -   Chain retries: 10,114 / 77,785 attempts
2026-10-01 18:12:27 - models.plan_generator_nonwork - INFO -     Too short: 10,114
2026-10-01 18:12:27 - models.plan_generator_nonwork - INFO -     Bad structure (not Home-...-Home): 0
2026-10-01 18:12:27 - models.plan_generator_nonwork - INFO -     Missing purpose: 0
2026-10-01 18:12:27 - models.plan_generator_nonwork - INFO -     Contains Work: 0
2026-10-01 18:12:27 - models.plan_generator_nonwork - INFO -   POI retries: 11,990
2026-10-01 18:12:27 - models.plan_generator_nonwork - INFO -   Time retries: 2,407
2026-10-01 18:12:27 - models.plan_generator_nonwork - INFO -   Schedules built: 69,507
2026-10-01 18:12:27 - models.plan_generator_nonwork - INFO -     Trimmed to fit 24h: 46 (0.07%)
2026-10-01 18:12:27 - models.plan_generator_nonwork - INFO -     Dropped, over budget: 0 (0.00%)
2026-10-01 18:12:27 - models.plan_generator_nonwork - INFO -     Resampled, over budget (over_budget=resample): 4,453
2026-10-01 18:12:27 - models.plan_generator_nonwork - INFO -     Excess per trimmed schedule: mean 298.6 min, max 839.3 min
2026-10-01 18:12:27 - models.plan_generator_nonwork - INFO -     Minutes actually removed: 13,340 total, mean 290.0 min
2026-10-01 18:12:27 - models.plan_generator_nonwork - INFO - ============================================================
2026-10-01 18:12:27 - models.mode_choice - INFO - ==================================================
2026-10-01 18:12:27 - models.mode_choice - INFO - MODE CHOICE STATISTICS
2026-10-01 18:12:27 - models.mode_choice - INFO - ==================================================
2026-10-01 18:12:27 - models.mode_choice - INFO -   Total mode choices: 191135
2026-10-01 18:12:27 - models.mode_choice - INFO -   Fallback mode used: 0 times
2026-10-01 18:12:27 - models.mode_choice - INFO -   Chain retries: 0
2026-10-01 18:12:27 - models.mode_choice - INFO -   Mode distribution in generated plans:
2026-10-01 18:12:27 - models.mode_choice - INFO -     car: 91.3%
2026-10-01 18:12:27 - models.mode_choice - INFO -     walk: 7.0%
2026-10-01 18:12:27 - models.mode_choice - INFO -     bus: 1.7%
2026-10-01 18:12:27 - models.mode_choice - INFO - ==================================================
2026-10-01 18:12:27 - __main__ - INFO - Generated 65,054 Shopping plans
2026-10-01 18:12:27 - __main__ - INFO - 
2026-10-01 18:12:27 - __main__ - INFO - ------------------------------------------------------------
2026-10-01 18:12:27 - __main__ - INFO - GENERATING SCHOOL PLANS
2026-10-01 18:12:27 - __main__ - INFO - ------------------------------------------------------------
2026-10-01 18:12:27 - models.plan_generator_nonwork - INFO - Initialized NonWorkPlanGenerator for School
2026-10-01 18:12:27 - utils.coordinates - INFO - Initialized coordinate converter: EPSG:4326 <-> EPSG:26916
2026-10-01 18:12:27 - models.plan_generator_nonwork - INFO -   Coordinate system: WGS84 -> EPSG:26916
2026-10-01 18:12:27 - models.plan_generator_nonwork - INFO - Using pre-loaded shared data...
2026-10-01 18:12:27 - models.plan_generator_nonwork - INFO -   Using 19,068 home blocks (pre-loaded)
2026-10-01 18:12:27 - models.plan_generator_nonwork - INFO -   Using 7,981 POIs (pre-loaded)
2026-10-01 18:12:27 - models.plan_generator_nonwork - INFO -   Using 1,071 survey trips (pre-loaded)
2026-10-01 18:12:27 - models.plan_generator_nonwork - INFO -   Using 423 persons (pre-loaded)
2026-10-01 18:12:27 - models.plan_generator_nonwork - INFO -   Using 166 trip chains (pre-loaded)
2026-10-01 18:12:27 - models.plan_generator_nonwork - INFO -   Using 7,981 POI-to-block mappings (pre-computed)
2026-10-01 18:12:27 - models.plan_generator_nonwork - INFO -   Using shared trip duration model (pre-initialized)
2026-10-01 18:12:27 - models.plan_generator_nonwork - INFO -   Using shared activity duration model (pre-initialized)
2026-10-01 18:12:27 - models.plan_generator_nonwork - INFO -   Using shared POI spatial index (pre-built)
2026-10-01 18:12:27 - models.plan_generator_nonwork - INFO - Initializing time models...
2026-10-01 18:12:27 - models.plan_generator_nonwork - INFO -   Using shared trip duration model
2026-10-01 18:12:27 - models.plan_generator_nonwork - INFO -   Using shared activity duration model
2026-10-01 18:12:27 - models.plan_generator_nonwork - INFO -   Time models initialized
2026-10-01 18:12:27 - models.plan_generator_nonwork - INFO -   Average trip duration: 21.7 minutes
2026-10-01 18:12:27 - models.plan_generator_nonwork - INFO - Initializing POI components...
2026-10-01 18:12:27 - models.plan_generator_nonwork - INFO -   Using shared POI spatial index: 6 activity types, 7,981 POIs
2026-10-01 18:12:27 - models.plan_generator_nonwork - INFO -   POI weighting enabled: True
2026-10-01 18:12:27 - models.plan_generator_nonwork - INFO - Initializing chain model...
2026-10-01 18:12:27 - models.plan_generator_nonwork - INFO -   School: budget chain model, 11 main-purpose patterns
2026-10-01 18:12:27 - models.plan_generator_nonwork - INFO - Initializing GTFS transit availability...
2026-10-01 18:12:28 - models.plan_generator_nonwork - INFO -   GTFS availability rebuilt from shared data: bus=37083 stops
2026-10-01 18:12:28 - models.plan_generator_nonwork - INFO - Initializing mode choice model...
2026-10-01 18:12:28 - models.mode_choice - INFO - Computing mode shares from survey data...
2026-10-01 18:12:28 - models.mode_choice - INFO - Computed mode rates for 7 purposes
2026-10-01 18:12:28 - models.mode_choice - INFO -   Overall mode distribution: car=88.4%, rideshare=6.8%, walk=2.6%, bus=1.9%, bike=0.3%
2026-10-01 18:12:28 - models.mode_choice - INFO - ModeChoiceModel initialized with 3 modes: ['car', 'bus', 'walk']
2026-10-01 18:12:28 - models.plan_generator_nonwork - INFO - Creating School OD matrix...
2026-10-01 18:12:28 - models.plan_generator_nonwork - INFO -   Using pre-computed POI-to-block mapping
2026-10-01 18:12:28 - models.od_matrix_nonwork - INFO - ======================================================================
2026-10-01 18:12:28 - models.od_matrix_nonwork - INFO - CREATING NON-WORK OD MATRIX - SCHOOL
2026-10-01 18:12:28 - models.od_matrix_nonwork - INFO - ======================================================================
2026-10-01 18:12:28 - models.od_matrix_nonwork - INFO - Configuration:
2026-10-01 18:12:28 - models.od_matrix_nonwork - INFO -   Beta (distance decay): 1.8
2026-10-01 18:12:28 - models.od_matrix_nonwork - INFO -   Alpha (survey weight): 0.1
2026-10-01 18:12:28 - models.od_matrix_nonwork - INFO -   Distance mode: cosine_km
2026-10-01 18:12:28 - models.od_matrix_nonwork - INFO - Calculating POI density for School...
2026-10-01 18:12:28 - models.od_matrix_nonwork - INFO -   Total POIs to process: 7,981
2026-10-01 18:12:28 - models.od_matrix_nonwork - INFO -   Filtered to 579 School POIs
2026-10-01 18:12:28 - models.od_matrix_nonwork - INFO -   Using pre-computed POI-to-block mapping (fast path)
2026-10-01 18:12:28 - models.od_matrix_nonwork - INFO -   POI assignment complete:
2026-10-01 18:12:28 - models.od_matrix_nonwork - INFO -     Blocks with POIs: 369
2026-10-01 18:12:28 - models.od_matrix_nonwork - INFO -     Total POIs assigned: 579
2026-10-01 18:12:28 - models.od_matrix_nonwork - INFO -     Avg POIs per block (non-zero): 1.6
2026-10-01 18:12:28 - models.od_matrix_nonwork - INFO - Creating survey OD matrix for School...
2026-10-01 18:12:28 - models.od_matrix_nonwork - INFO -   Filtered to 41 trips (from 1,071 total)
2026-10-01 18:12:28 - models.od_matrix_nonwork - INFO -   Survey OD matrix created: (1, 1)
2026-10-01 18:12:28 - models.od_matrix_nonwork - INFO -   Total trips in survey matrix: 41
2026-10-01 18:12:28 - models.od_matrix_nonwork - INFO - ======================================================================
2026-10-01 18:12:28 - models.od_matrix_nonwork - INFO - SINGLY-CONSTRAINED GRAVITY MODEL - SCHOOL
2026-10-01 18:12:28 - models.od_matrix_nonwork - INFO - ======================================================================
2026-10-01 18:12:28 - models.od_matrix_nonwork - INFO - Origins from the demand budget ('nw_origin_School' per home block)
2026-10-01 18:12:28 - models.od_matrix_nonwork - INFO -   Pre-aggregated 19,068 blocks -> 719 block_groups (home)
2026-10-01 18:12:28 - models.od_matrix_nonwork - INFO -   Pre-aggregated POI blocks -> 262 block_groups with POIs
2026-10-01 18:12:28 - models.od_matrix_nonwork - INFO - Number of home block_groups: 719
2026-10-01 18:12:28 - models.od_matrix_nonwork - INFO - Number of destination block_groups (with POIs): 262
2026-10-01 18:12:28 - models.od_matrix_nonwork - INFO - Distance decay beta: 1.8
2026-10-01 18:12:28 - models.od_matrix_nonwork - INFO - Total non-employees (base): 505,852
2026-10-01 18:12:28 - models.od_matrix_nonwork - INFO - Total travelers (demand budget): 259,927
2026-10-01 18:12:28 - models.od_matrix_nonwork - INFO - Total POIs (destination): 579
2026-10-01 18:12:28 - models.od_matrix_nonwork - INFO - Extracting coordinates...
2026-10-01 18:12:28 - models.od_matrix_nonwork - INFO - Calculating distances and friction factors (mode: cosine_km)...
2026-10-01 18:12:28 - models.od_matrix_v3 - INFO -   Intrazonal distance set from zone area on 262 diagonal cells (factor 0.5): median 0 m -> 411 m
2026-10-01 18:12:28 - models.od_matrix_nonwork - INFO -   Distances in km: median 20.63, min 0.057, max 90.5
2026-10-01 18:12:28 - models.od_matrix_nonwork - INFO - Initial gravity model total trips: 259,927
2026-10-01 18:12:28 - models.od_matrix_nonwork - INFO - 
Running IPF iterations (max 50)...
2026-10-01 18:12:28 - models.od_matrix_nonwork - INFO -   Iteration 1: Max relative difference = 3.73e-16
2026-10-01 18:12:28 - models.od_matrix_nonwork - INFO - Converged after 1 iterations
2026-10-01 18:12:28 - models.od_matrix_nonwork - INFO - ======================================================================
2026-10-01 18:12:28 - models.od_matrix_nonwork - INFO - VERIFICATION
2026-10-01 18:12:28 - models.od_matrix_nonwork - INFO - ======================================================================
2026-10-01 18:12:28 - models.od_matrix_nonwork - INFO - Origin total: 259,927 | Matrix row sum: 259,927
2026-10-01 18:12:28 - models.od_matrix_nonwork - INFO - Max row constraint error: 2.27e-13
2026-10-01 18:12:28 - models.od_matrix_nonwork - INFO - Total trips in gravity model: 259,927
2026-10-01 18:12:28 - models.od_matrix_nonwork - INFO - 
2026-10-01 18:12:28 - models.od_matrix_nonwork - INFO -   Gravity model (block-group level): (719, 262)
2026-10-01 18:12:28 - models.od_matrix_nonwork - INFO -   Survey matrix: (1, 1)
2026-10-01 18:12:28 - models.od_matrix_nonwork - INFO - 
Combining survey and gravity models...
2026-10-01 18:12:28 - models.od_matrix_v3 - INFO - ======================================================================
2026-10-01 18:12:28 - models.od_matrix_v3 - INFO - COMBINING OD MATRICES
2026-10-01 18:12:28 - models.od_matrix_v3 - INFO - ======================================================================
2026-10-01 18:12:28 - models.od_matrix_v3 - INFO - Survey matrix shape: (1, 1)
2026-10-01 18:12:28 - models.od_matrix_v3 - INFO - Local matrix shape: (719, 262)
2026-10-01 18:12:28 - models.od_matrix_v3 - INFO - Alpha (survey weight): 0.10
2026-10-01 18:12:28 - models.od_matrix_v3 - INFO - Local weight: 0.90
2026-10-01 18:12:28 - models.od_matrix_v3 - INFO - Aligning survey to local matrix structure...
2026-10-01 18:12:28 - models.od_matrix_v3 - INFO - Combining matrices (alpha blend where survey exists, local only where survey is empty)...
2026-10-01 18:12:28 - models.od_matrix_v3 - INFO - No scaling target specified. Using local matrix total: 259,926
2026-10-01 18:12:28 - models.od_matrix_v3 - INFO - Matrix total before scaling: 259,927
2026-10-01 18:12:28 - models.od_matrix_v3 - INFO - Scale factor: 0.999997
2026-10-01 18:12:28 - models.od_matrix_v3 - INFO - Applying robust rounding to guarantee target total...
2026-10-01 18:12:28 - models.od_matrix_v3 - INFO - Total after flooring: 202,608
2026-10-01 18:12:28 - models.od_matrix_v3 - INFO - Remainder to distribute: 57,318
2026-10-01 18:12:28 - models.od_matrix_v3 - INFO - ======================================================================
2026-10-01 18:12:28 - models.od_matrix_v3 - INFO - VERIFICATION
2026-10-01 18:12:28 - models.od_matrix_v3 - INFO - ======================================================================
2026-10-01 18:12:28 - models.od_matrix_v3 - INFO - Survey total trips: 41
2026-10-01 18:12:28 - models.od_matrix_v3 - INFO - Local total trips: 259,927
2026-10-01 18:12:28 - models.od_matrix_v3 - INFO - Combined total trips (before scaling): 259,927
2026-10-01 18:12:28 - models.od_matrix_v3 - INFO - Combined total trips (after scaling & rounding): 259,926
2026-10-01 18:12:28 - models.od_matrix_v3 - INFO - Target total: 259,926
2026-10-01 18:12:28 - models.od_matrix_v3 - INFO - Difference: 0
2026-10-01 18:12:28 - models.od_matrix_v3 - INFO - Combined matrix shape: (719, 262)
2026-10-01 18:12:28 - models.od_matrix_nonwork - INFO - ======================================================================
2026-10-01 18:12:28 - models.od_matrix_nonwork - INFO - NONWORK OD MATRIX CREATION COMPLETE - SCHOOL
2026-10-01 18:12:28 - models.od_matrix_nonwork - INFO - ======================================================================
2026-10-01 18:12:28 - models.plan_generator_nonwork - INFO -   OD matrix shape: (719, 262)
2026-10-01 18:12:28 - models.plan_generator_nonwork - INFO -   Unscaled total trips: 259,926
2026-10-01 18:12:28 - models.plan_generator_nonwork - INFO -   Scaling factor: 0.25
2026-10-01 18:12:28 - models.plan_generator_nonwork - INFO -   Scaled total trips: 64,838
2026-10-01 18:12:28 - models.plan_generator_nonwork - INFO - NonWorkPlanGenerator initialization complete
2026-10-01 18:12:28 - models.plan_generator_nonwork - INFO - ============================================================
2026-10-01 18:12:28 - models.plan_generator_nonwork - INFO - SCHOOL PLAN GENERATION
2026-10-01 18:12:28 - models.plan_generator_nonwork - INFO - ============================================================
2026-10-01 18:12:28 - models.plan_generator_nonwork - INFO -   Population base (non-employees in region): 505,852
2026-10-01 18:12:28 - models.plan_generator_nonwork - INFO -   Unscaled School trips: 259,926
2026-10-01 18:12:28 - models.plan_generator_nonwork - INFO -   Scaling factor: 0.25
2026-10-01 18:12:28 - models.plan_generator_nonwork - INFO -   Scaled School trips: 64,838
2026-10-01 18:12:28 - models.plan_generator_nonwork - INFO -   Expected scaled trips: 64,982
2026-10-01 18:12:28 - models.plan_generator_nonwork - INFO -   Scaling accuracy: 99.8%
2026-10-01 18:12:28 - models.plan_generator_nonwork - INFO - 
2026-10-01 18:12:28 - models.plan_generator_nonwork - INFO - Generating all School plans using multiprocessing...
2026-10-01 18:12:28 - models.plan_generator_nonwork - INFO -   Using all 64,838 trips from scaled OD matrix
2026-10-01 18:12:28 - models.plan_generator_nonwork - INFO - Using 30 processes for School plan generation
2026-10-01 18:12:28 - models.plan_generator_nonwork - INFO - Pre-loading data for School multiprocessing...
2026-10-01 18:12:28 - models.plan_generator_nonwork - INFO -   Serialized GTFS stop data for workers: bus=37083 stops
2026-10-01 18:12:28 - models.plan_generator_nonwork - INFO -   Prepared shared data with 19,068 home blocks
2026-10-01 18:12:28 - models.plan_generator_nonwork - INFO -   POI categories: 6
2026-10-01 18:12:28 - models.plan_generator_nonwork - INFO -   Chain patterns: 11
2026-10-01 18:12:28 - models.plan_generator_nonwork - INFO - Split 31189 OD pairs into 31 chunks
2026-10-01 18:13:26 - models.plan_generator_nonwork - INFO - 
2026-10-01 18:13:26 - models.plan_generator_nonwork - INFO - School GENERATION COMPLETE
2026-10-01 18:13:26 - models.plan_generator_nonwork - INFO -   Plans generated: 64,838
2026-10-01 18:13:26 - models.plan_generator_nonwork - INFO -   Failed plans: 0
2026-10-01 18:13:26 - models.plan_generator_nonwork - INFO -   Chain retries: 42,882 / 108,334 attempts
2026-10-01 18:13:26 - models.plan_generator_nonwork - INFO -     Too short: 42,882
2026-10-01 18:13:26 - models.plan_generator_nonwork - INFO -     Bad structure (not Home-...-Home): 0
2026-10-01 18:13:26 - models.plan_generator_nonwork - INFO -     Missing purpose: 0
2026-10-01 18:13:26 - models.plan_generator_nonwork - INFO -     Contains Work: 0
2026-10-01 18:13:26 - models.plan_generator_nonwork - INFO -   POI retries: 18,148
2026-10-01 18:13:26 - models.plan_generator_nonwork - INFO -   Time retries: 0
2026-10-01 18:13:26 - models.plan_generator_nonwork - INFO -   Schedules built: 65,908
2026-10-01 18:13:26 - models.plan_generator_nonwork - INFO -     Trimmed to fit 24h: 0 (0.00%)
2026-10-01 18:13:26 - models.plan_generator_nonwork - INFO -     Dropped, over budget: 0 (0.00%)
2026-10-01 18:13:26 - models.plan_generator_nonwork - INFO -     Resampled, over budget (over_budget=resample): 1,070
2026-10-01 18:13:26 - models.plan_generator_nonwork - INFO - ============================================================
2026-10-01 18:13:26 - models.mode_choice - INFO - ==================================================
2026-10-01 18:13:26 - models.mode_choice - INFO - MODE CHOICE STATISTICS
2026-10-01 18:13:26 - models.mode_choice - INFO - ==================================================
2026-10-01 18:13:26 - models.mode_choice - INFO -   Total mode choices: 177746
2026-10-01 18:13:26 - models.mode_choice - INFO -   Fallback mode used: 0 times
2026-10-01 18:13:26 - models.mode_choice - INFO -   Chain retries: 0
2026-10-01 18:13:26 - models.mode_choice - INFO -   Mode distribution in generated plans:
2026-10-01 18:13:26 - models.mode_choice - INFO -     car: 92.8%
2026-10-01 18:13:26 - models.mode_choice - INFO -     walk: 5.5%
2026-10-01 18:13:26 - models.mode_choice - INFO -     bus: 1.7%
2026-10-01 18:13:26 - models.mode_choice - INFO - ==================================================
2026-10-01 18:13:26 - __main__ - INFO - Generated 64,838 School plans
2026-10-01 18:13:26 - __main__ - INFO - 
2026-10-01 18:13:26 - __main__ - INFO - ------------------------------------------------------------
2026-10-01 18:13:26 - __main__ - INFO - GENERATING SOCIAL PLANS
2026-10-01 18:13:26 - __main__ - INFO - ------------------------------------------------------------
2026-10-01 18:13:26 - models.plan_generator_nonwork - INFO - Initialized NonWorkPlanGenerator for Social
2026-10-01 18:13:26 - utils.coordinates - INFO - Initialized coordinate converter: EPSG:4326 <-> EPSG:26916
2026-10-01 18:13:26 - models.plan_generator_nonwork - INFO -   Coordinate system: WGS84 -> EPSG:26916
2026-10-01 18:13:26 - models.plan_generator_nonwork - INFO - Using pre-loaded shared data...
2026-10-01 18:13:26 - models.plan_generator_nonwork - INFO -   Using 19,068 home blocks (pre-loaded)
2026-10-01 18:13:26 - models.plan_generator_nonwork - INFO -   Using 7,981 POIs (pre-loaded)
2026-10-01 18:13:26 - models.plan_generator_nonwork - INFO -   Using 1,071 survey trips (pre-loaded)
2026-10-01 18:13:26 - models.plan_generator_nonwork - INFO -   Using 423 persons (pre-loaded)
2026-10-01 18:13:26 - models.plan_generator_nonwork - INFO -   Using 166 trip chains (pre-loaded)
2026-10-01 18:13:26 - models.plan_generator_nonwork - INFO -   Using 7,981 POI-to-block mappings (pre-computed)
2026-10-01 18:13:26 - models.plan_generator_nonwork - INFO -   Using shared trip duration model (pre-initialized)
2026-10-01 18:13:26 - models.plan_generator_nonwork - INFO -   Using shared activity duration model (pre-initialized)
2026-10-01 18:13:26 - models.plan_generator_nonwork - INFO -   Using shared POI spatial index (pre-built)
2026-10-01 18:13:26 - models.plan_generator_nonwork - INFO - Initializing time models...
2026-10-01 18:13:26 - models.plan_generator_nonwork - INFO -   Using shared trip duration model
2026-10-01 18:13:26 - models.plan_generator_nonwork - INFO -   Using shared activity duration model
2026-10-01 18:13:26 - models.plan_generator_nonwork - INFO -   Time models initialized
2026-10-01 18:13:26 - models.plan_generator_nonwork - INFO -   Average trip duration: 21.7 minutes
2026-10-01 18:13:26 - models.plan_generator_nonwork - INFO - Initializing POI components...
2026-10-01 18:13:26 - models.plan_generator_nonwork - INFO -   Using shared POI spatial index: 6 activity types, 7,981 POIs
2026-10-01 18:13:26 - models.plan_generator_nonwork - INFO -   POI weighting enabled: True
2026-10-01 18:13:26 - models.plan_generator_nonwork - INFO - Initializing chain model...
2026-10-01 18:13:26 - models.plan_generator_nonwork - INFO -   Social: budget chain model, 11 main-purpose patterns
2026-10-01 18:13:26 - models.plan_generator_nonwork - INFO - Initializing GTFS transit availability...
2026-10-01 18:13:28 - models.plan_generator_nonwork - INFO -   GTFS availability rebuilt from shared data: bus=37083 stops
2026-10-01 18:13:28 - models.plan_generator_nonwork - INFO - Initializing mode choice model...
2026-10-01 18:13:28 - models.mode_choice - INFO - Computing mode shares from survey data...
2026-10-01 18:13:28 - models.mode_choice - INFO - Computed mode rates for 7 purposes
2026-10-01 18:13:28 - models.mode_choice - INFO -   Overall mode distribution: car=88.4%, rideshare=6.8%, walk=2.6%, bus=1.9%, bike=0.3%
2026-10-01 18:13:28 - models.mode_choice - INFO - ModeChoiceModel initialized with 3 modes: ['car', 'bus', 'walk']
2026-10-01 18:13:28 - models.plan_generator_nonwork - INFO - Creating Social OD matrix...
2026-10-01 18:13:28 - models.plan_generator_nonwork - INFO -   Using pre-computed POI-to-block mapping
2026-10-01 18:13:28 - models.od_matrix_nonwork - INFO - ======================================================================
2026-10-01 18:13:28 - models.od_matrix_nonwork - INFO - CREATING NON-WORK OD MATRIX - SOCIAL
2026-10-01 18:13:28 - models.od_matrix_nonwork - INFO - ======================================================================
2026-10-01 18:13:28 - models.od_matrix_nonwork - INFO - Configuration:
2026-10-01 18:13:28 - models.od_matrix_nonwork - INFO -   Beta (distance decay): 2
2026-10-01 18:13:28 - models.od_matrix_nonwork - INFO -   Alpha (survey weight): 0.1
2026-10-01 18:13:28 - models.od_matrix_nonwork - INFO -   Distance mode: cosine_km
2026-10-01 18:13:28 - models.od_matrix_nonwork - INFO - Calculating POI density for Social...
2026-10-01 18:13:28 - models.od_matrix_nonwork - INFO -   Total POIs to process: 7,981
2026-10-01 18:13:28 - models.od_matrix_nonwork - INFO -   Filtered to 1,368 Social POIs
2026-10-01 18:13:28 - models.od_matrix_nonwork - INFO -   Using pre-computed POI-to-block mapping (fast path)
2026-10-01 18:13:28 - models.od_matrix_nonwork - INFO -   POI assignment complete:
2026-10-01 18:13:28 - models.od_matrix_nonwork - INFO -     Blocks with POIs: 879
2026-10-01 18:13:28 - models.od_matrix_nonwork - INFO -     Total POIs assigned: 1,368
2026-10-01 18:13:28 - models.od_matrix_nonwork - INFO -     Avg POIs per block (non-zero): 1.6
2026-10-01 18:13:28 - models.od_matrix_nonwork - INFO - Creating survey OD matrix for Social...
2026-10-01 18:13:28 - models.od_matrix_nonwork - INFO -   Filtered to 23 trips (from 1,071 total)
2026-10-01 18:13:28 - models.od_matrix_nonwork - INFO -   Survey OD matrix created: (1, 1)
2026-10-01 18:13:28 - models.od_matrix_nonwork - INFO -   Total trips in survey matrix: 23
2026-10-01 18:13:28 - models.od_matrix_nonwork - INFO - ======================================================================
2026-10-01 18:13:28 - models.od_matrix_nonwork - INFO - SINGLY-CONSTRAINED GRAVITY MODEL - SOCIAL
2026-10-01 18:13:28 - models.od_matrix_nonwork - INFO - ======================================================================
2026-10-01 18:13:28 - models.od_matrix_nonwork - INFO - Origins from the demand budget ('nw_origin_Social' per home block)
2026-10-01 18:13:28 - models.od_matrix_nonwork - INFO -   Pre-aggregated 19,068 blocks -> 719 block_groups (home)
2026-10-01 18:13:28 - models.od_matrix_nonwork - INFO -   Pre-aggregated POI blocks -> 420 block_groups with POIs
2026-10-01 18:13:28 - models.od_matrix_nonwork - INFO - Number of home block_groups: 719
2026-10-01 18:13:28 - models.od_matrix_nonwork - INFO - Number of destination block_groups (with POIs): 420
2026-10-01 18:13:28 - models.od_matrix_nonwork - INFO - Distance decay beta: 2
2026-10-01 18:13:28 - models.od_matrix_nonwork - INFO - Total non-employees (base): 505,852
2026-10-01 18:13:28 - models.od_matrix_nonwork - INFO - Total travelers (demand budget): 171,668
2026-10-01 18:13:28 - models.od_matrix_nonwork - INFO - Total POIs (destination): 1,368
2026-10-01 18:13:28 - models.od_matrix_nonwork - INFO - Extracting coordinates...
2026-10-01 18:13:28 - models.od_matrix_nonwork - INFO - Calculating distances and friction factors (mode: cosine_km)...
2026-10-01 18:13:28 - models.od_matrix_v3 - INFO -   Intrazonal distance set from zone area on 420 diagonal cells (factor 0.5): median 0 m -> 364 m
2026-10-01 18:13:28 - models.od_matrix_nonwork - INFO -   Distances in km: median 19.87, min 0.050, max 89.5
2026-10-01 18:13:28 - models.od_matrix_nonwork - INFO - Initial gravity model total trips: 171,668
2026-10-01 18:13:28 - models.od_matrix_nonwork - INFO - 
Running IPF iterations (max 50)...
2026-10-01 18:13:28 - models.od_matrix_nonwork - INFO -   Iteration 1: Max relative difference = 4.06e-16
2026-10-01 18:13:28 - models.od_matrix_nonwork - INFO - Converged after 1 iterations
2026-10-01 18:13:28 - models.od_matrix_nonwork - INFO - ======================================================================
2026-10-01 18:13:28 - models.od_matrix_nonwork - INFO - VERIFICATION
2026-10-01 18:13:28 - models.od_matrix_nonwork - INFO - ======================================================================
2026-10-01 18:13:28 - models.od_matrix_nonwork - INFO - Origin total: 171,668 | Matrix row sum: 171,668
2026-10-01 18:13:28 - models.od_matrix_nonwork - INFO - Max row constraint error: 2.27e-13
2026-10-01 18:13:28 - models.od_matrix_nonwork - INFO - Total trips in gravity model: 171,668
2026-10-01 18:13:28 - models.od_matrix_nonwork - INFO - 
2026-10-01 18:13:28 - models.od_matrix_nonwork - INFO -   Gravity model (block-group level): (719, 420)
2026-10-01 18:13:28 - models.od_matrix_nonwork - INFO -   Survey matrix: (1, 1)
2026-10-01 18:13:28 - models.od_matrix_nonwork - INFO - 
Combining survey and gravity models...
2026-10-01 18:13:28 - models.od_matrix_v3 - INFO - ======================================================================
2026-10-01 18:13:28 - models.od_matrix_v3 - INFO - COMBINING OD MATRICES
2026-10-01 18:13:28 - models.od_matrix_v3 - INFO - ======================================================================
2026-10-01 18:13:28 - models.od_matrix_v3 - INFO - Survey matrix shape: (1, 1)
2026-10-01 18:13:28 - models.od_matrix_v3 - INFO - Local matrix shape: (719, 420)
2026-10-01 18:13:28 - models.od_matrix_v3 - INFO - Alpha (survey weight): 0.10
2026-10-01 18:13:28 - models.od_matrix_v3 - INFO - Local weight: 0.90
2026-10-01 18:13:28 - models.od_matrix_v3 - INFO - Aligning survey to local matrix structure...
2026-10-01 18:13:28 - models.od_matrix_v3 - INFO - Combining matrices (alpha blend where survey exists, local only where survey is empty)...
2026-10-01 18:13:28 - models.od_matrix_v3 - INFO - No scaling target specified. Using local matrix total: 171,668
2026-10-01 18:13:28 - models.od_matrix_v3 - INFO - Matrix total before scaling: 171,668
2026-10-01 18:13:28 - models.od_matrix_v3 - INFO - Scale factor: 0.999999
2026-10-01 18:13:28 - models.od_matrix_v3 - INFO - Applying robust rounding to guarantee target total...
2026-10-01 18:13:28 - models.od_matrix_v3 - INFO - Total after flooring: 122,120
2026-10-01 18:13:28 - models.od_matrix_v3 - INFO - Remainder to distribute: 49,548
2026-10-01 18:13:28 - models.od_matrix_v3 - INFO - ======================================================================
2026-10-01 18:13:28 - models.od_matrix_v3 - INFO - VERIFICATION
2026-10-01 18:13:28 - models.od_matrix_v3 - INFO - ======================================================================
2026-10-01 18:13:28 - models.od_matrix_v3 - INFO - Survey total trips: 23
2026-10-01 18:13:28 - models.od_matrix_v3 - INFO - Local total trips: 171,668
2026-10-01 18:13:28 - models.od_matrix_v3 - INFO - Combined total trips (before scaling): 171,668
2026-10-01 18:13:28 - models.od_matrix_v3 - INFO - Combined total trips (after scaling & rounding): 171,668
2026-10-01 18:13:28 - models.od_matrix_v3 - INFO - Target total: 171,668
2026-10-01 18:13:28 - models.od_matrix_v3 - INFO - Difference: 0
2026-10-01 18:13:28 - models.od_matrix_v3 - INFO - Combined matrix shape: (719, 420)
2026-10-01 18:13:28 - models.od_matrix_nonwork - INFO - ======================================================================
2026-10-01 18:13:28 - models.od_matrix_nonwork - INFO - NONWORK OD MATRIX CREATION COMPLETE - SOCIAL
2026-10-01 18:13:28 - models.od_matrix_nonwork - INFO - ======================================================================
2026-10-01 18:13:28 - models.plan_generator_nonwork - INFO -   OD matrix shape: (719, 420)
2026-10-01 18:13:28 - models.plan_generator_nonwork - INFO -   Unscaled total trips: 171,668
2026-10-01 18:13:28 - models.plan_generator_nonwork - INFO -   Scaling factor: 0.25
2026-10-01 18:13:28 - models.plan_generator_nonwork - INFO -   Scaled total trips: 42,902
2026-10-01 18:13:28 - models.plan_generator_nonwork - INFO - NonWorkPlanGenerator initialization complete
2026-10-01 18:13:28 - models.plan_generator_nonwork - INFO - ============================================================
2026-10-01 18:13:28 - models.plan_generator_nonwork - INFO - SOCIAL PLAN GENERATION
2026-10-01 18:13:28 - models.plan_generator_nonwork - INFO - ============================================================
2026-10-01 18:13:28 - models.plan_generator_nonwork - INFO -   Population base (non-employees in region): 505,852
2026-10-01 18:13:28 - models.plan_generator_nonwork - INFO -   Unscaled Social trips: 171,668
2026-10-01 18:13:28 - models.plan_generator_nonwork - INFO -   Scaling factor: 0.25
2026-10-01 18:13:28 - models.plan_generator_nonwork - INFO -   Scaled Social trips: 42,902
2026-10-01 18:13:28 - models.plan_generator_nonwork - INFO -   Expected scaled trips: 42,917
2026-10-01 18:13:28 - models.plan_generator_nonwork - INFO -   Scaling accuracy: 100.0%
2026-10-01 18:13:28 - models.plan_generator_nonwork - INFO - 
2026-10-01 18:13:28 - models.plan_generator_nonwork - INFO - Generating all Social plans using multiprocessing...
2026-10-01 18:13:28 - models.plan_generator_nonwork - INFO -   Using all 42,902 trips from scaled OD matrix
2026-10-01 18:13:28 - models.plan_generator_nonwork - INFO - Using 30 processes for Social plan generation
2026-10-01 18:13:28 - models.plan_generator_nonwork - INFO - Pre-loading data for Social multiprocessing...
2026-10-01 18:13:28 - models.plan_generator_nonwork - INFO -   Serialized GTFS stop data for workers: bus=37083 stops
2026-10-01 18:13:28 - models.plan_generator_nonwork - INFO -   Prepared shared data with 19,068 home blocks
2026-10-01 18:13:28 - models.plan_generator_nonwork - INFO -   POI categories: 6
2026-10-01 18:13:28 - models.plan_generator_nonwork - INFO -   Chain patterns: 11
2026-10-01 18:13:28 - models.plan_generator_nonwork - INFO - Split 22094 OD pairs into 31 chunks
2026-10-01 18:14:16 - models.plan_generator_nonwork - INFO - 
2026-10-01 18:14:16 - models.plan_generator_nonwork - INFO - Social GENERATION COMPLETE
2026-10-01 18:14:16 - models.plan_generator_nonwork - INFO -   Plans generated: 42,891
2026-10-01 18:14:16 - models.plan_generator_nonwork - INFO -   Failed plans: 11
2026-10-01 18:14:16 - models.plan_generator_nonwork - INFO -   Chain retries: 35,034 / 105,173 attempts
2026-10-01 18:14:16 - models.plan_generator_nonwork - INFO -     Too short: 35,034
2026-10-01 18:14:16 - models.plan_generator_nonwork - INFO -     Bad structure (not Home-...-Home): 0
2026-10-01 18:14:16 - models.plan_generator_nonwork - INFO -     Missing purpose: 0
2026-10-01 18:14:16 - models.plan_generator_nonwork - INFO -     Contains Work: 0
2026-10-01 18:14:16 - models.plan_generator_nonwork - INFO -   POI retries: 25,047
2026-10-01 18:14:16 - models.plan_generator_nonwork - INFO -   Time retries: 26,492
2026-10-01 18:14:16 - models.plan_generator_nonwork - INFO -   Schedules built: 46,665
2026-10-01 18:14:16 - models.plan_generator_nonwork - INFO -     Trimmed to fit 24h: 0 (0.00%)
2026-10-01 18:14:16 - models.plan_generator_nonwork - INFO -     Dropped, over budget: 0 (0.00%)
2026-10-01 18:14:16 - models.plan_generator_nonwork - INFO -     Resampled, over budget (over_budget=resample): 3,774
2026-10-01 18:14:16 - models.plan_generator_nonwork - INFO - ============================================================
2026-10-01 18:14:16 - models.mode_choice - INFO - ==================================================
2026-10-01 18:14:16 - models.mode_choice - INFO - MODE CHOICE STATISTICS
2026-10-01 18:14:16 - models.mode_choice - INFO - ==================================================
2026-10-01 18:14:16 - models.mode_choice - INFO -   Total mode choices: 119856
2026-10-01 18:14:16 - models.mode_choice - INFO -   Fallback mode used: 0 times
2026-10-01 18:14:16 - models.mode_choice - INFO -   Chain retries: 0
2026-10-01 18:14:16 - models.mode_choice - INFO -   Mode distribution in generated plans:
2026-10-01 18:14:16 - models.mode_choice - INFO -     car: 94.9%
2026-10-01 18:14:16 - models.mode_choice - INFO -     walk: 3.4%
2026-10-01 18:14:16 - models.mode_choice - INFO -     bus: 1.7%
2026-10-01 18:14:16 - models.mode_choice - INFO -   Purposes using 'all' rates: ['Social']
2026-10-01 18:14:16 - models.mode_choice - INFO - ==================================================
2026-10-01 18:14:16 - __main__ - INFO - Generated 42,891 Social plans
2026-10-01 18:14:16 - __main__ - INFO - 
2026-10-01 18:14:16 - __main__ - INFO - ------------------------------------------------------------
2026-10-01 18:14:16 - __main__ - INFO - GENERATING DINING PLANS
2026-10-01 18:14:16 - __main__ - INFO - ------------------------------------------------------------
2026-10-01 18:14:16 - models.plan_generator_nonwork - INFO - Initialized NonWorkPlanGenerator for Dining
2026-10-01 18:14:16 - utils.coordinates - INFO - Initialized coordinate converter: EPSG:4326 <-> EPSG:26916
2026-10-01 18:14:16 - models.plan_generator_nonwork - INFO -   Coordinate system: WGS84 -> EPSG:26916
2026-10-01 18:14:16 - models.plan_generator_nonwork - INFO - Using pre-loaded shared data...
2026-10-01 18:14:16 - models.plan_generator_nonwork - INFO -   Using 19,068 home blocks (pre-loaded)
2026-10-01 18:14:16 - models.plan_generator_nonwork - INFO -   Using 7,981 POIs (pre-loaded)
2026-10-01 18:14:16 - models.plan_generator_nonwork - INFO -   Using 1,071 survey trips (pre-loaded)
2026-10-01 18:14:16 - models.plan_generator_nonwork - INFO -   Using 423 persons (pre-loaded)
2026-10-01 18:14:16 - models.plan_generator_nonwork - INFO -   Using 166 trip chains (pre-loaded)
2026-10-01 18:14:16 - models.plan_generator_nonwork - INFO -   Using 7,981 POI-to-block mappings (pre-computed)
2026-10-01 18:14:16 - models.plan_generator_nonwork - INFO -   Using shared trip duration model (pre-initialized)
2026-10-01 18:14:16 - models.plan_generator_nonwork - INFO -   Using shared activity duration model (pre-initialized)
2026-10-01 18:14:16 - models.plan_generator_nonwork - INFO -   Using shared POI spatial index (pre-built)
2026-10-01 18:14:16 - models.plan_generator_nonwork - INFO - Initializing time models...
2026-10-01 18:14:16 - models.plan_generator_nonwork - INFO -   Using shared trip duration model
2026-10-01 18:14:16 - models.plan_generator_nonwork - INFO -   Using shared activity duration model
2026-10-01 18:14:16 - models.plan_generator_nonwork - INFO -   Time models initialized
2026-10-01 18:14:16 - models.plan_generator_nonwork - INFO -   Average trip duration: 21.7 minutes
2026-10-01 18:14:16 - models.plan_generator_nonwork - INFO - Initializing POI components...
2026-10-01 18:14:16 - models.plan_generator_nonwork - INFO -   Using shared POI spatial index: 6 activity types, 7,981 POIs
2026-10-01 18:14:16 - models.plan_generator_nonwork - INFO -   POI weighting enabled: True
2026-10-01 18:14:16 - models.plan_generator_nonwork - INFO - Initializing chain model...
2026-10-01 18:14:16 - models.plan_generator_nonwork - INFO -   Dining: budget chain model, 16 main-purpose patterns
2026-10-01 18:14:16 - models.plan_generator_nonwork - INFO - Initializing GTFS transit availability...
2026-10-01 18:14:17 - models.plan_generator_nonwork - INFO -   GTFS availability rebuilt from shared data: bus=37083 stops
2026-10-01 18:14:17 - models.plan_generator_nonwork - INFO - Initializing mode choice model...
2026-10-01 18:14:17 - models.mode_choice - INFO - Computing mode shares from survey data...
2026-10-01 18:14:17 - models.mode_choice - INFO - Computed mode rates for 7 purposes
2026-10-01 18:14:17 - models.mode_choice - INFO -   Overall mode distribution: car=88.4%, rideshare=6.8%, walk=2.6%, bus=1.9%, bike=0.3%
2026-10-01 18:14:17 - models.mode_choice - INFO - ModeChoiceModel initialized with 3 modes: ['car', 'bus', 'walk']
2026-10-01 18:14:17 - models.plan_generator_nonwork - INFO - Creating Dining OD matrix...
2026-10-01 18:14:17 - models.plan_generator_nonwork - INFO -   Using pre-computed POI-to-block mapping
2026-10-01 18:14:17 - models.od_matrix_nonwork - INFO - ======================================================================
2026-10-01 18:14:17 - models.od_matrix_nonwork - INFO - CREATING NON-WORK OD MATRIX - DINING
2026-10-01 18:14:17 - models.od_matrix_nonwork - INFO - ======================================================================
2026-10-01 18:14:17 - models.od_matrix_nonwork - INFO - Configuration:
2026-10-01 18:14:17 - models.od_matrix_nonwork - INFO -   Beta (distance decay): 2
2026-10-01 18:14:17 - models.od_matrix_nonwork - INFO -   Alpha (survey weight): 0.1
2026-10-01 18:14:17 - models.od_matrix_nonwork - INFO -   Distance mode: cosine_km
2026-10-01 18:14:17 - models.od_matrix_nonwork - INFO - Calculating POI density for Dining...
2026-10-01 18:14:17 - models.od_matrix_nonwork - INFO -   Total POIs to process: 7,981
2026-10-01 18:14:17 - models.od_matrix_nonwork - INFO -   Filtered to 1,153 Dining POIs
2026-10-01 18:14:17 - models.od_matrix_nonwork - INFO -   Using pre-computed POI-to-block mapping (fast path)
2026-10-01 18:14:17 - models.od_matrix_nonwork - INFO -   POI assignment complete:
2026-10-01 18:14:17 - models.od_matrix_nonwork - INFO -     Blocks with POIs: 499
2026-10-01 18:14:17 - models.od_matrix_nonwork - INFO -     Total POIs assigned: 1,153
2026-10-01 18:14:17 - models.od_matrix_nonwork - INFO -     Avg POIs per block (non-zero): 2.3
2026-10-01 18:14:17 - models.od_matrix_nonwork - INFO - Creating survey OD matrix for Dining...
2026-10-01 18:14:17 - models.od_matrix_nonwork - INFO -   Filtered to 86 trips (from 1,071 total)
2026-10-01 18:14:17 - models.od_matrix_nonwork - INFO -   Survey OD matrix created: (1, 1)
2026-10-01 18:14:17 - models.od_matrix_nonwork - INFO -   Total trips in survey matrix: 86
2026-10-01 18:14:17 - models.od_matrix_nonwork - INFO - ======================================================================
2026-10-01 18:14:17 - models.od_matrix_nonwork - INFO - SINGLY-CONSTRAINED GRAVITY MODEL - DINING
2026-10-01 18:14:17 - models.od_matrix_nonwork - INFO - ======================================================================
2026-10-01 18:14:17 - models.od_matrix_nonwork - INFO - Origins from the demand budget ('nw_origin_Dining' per home block)
2026-10-01 18:14:17 - models.od_matrix_nonwork - INFO -   Pre-aggregated 19,068 blocks -> 719 block_groups (home)
2026-10-01 18:14:17 - models.od_matrix_nonwork - INFO -   Pre-aggregated POI blocks -> 243 block_groups with POIs
2026-10-01 18:14:17 - models.od_matrix_nonwork - INFO - Number of home block_groups: 719
2026-10-01 18:14:17 - models.od_matrix_nonwork - INFO - Number of destination block_groups (with POIs): 243
2026-10-01 18:14:17 - models.od_matrix_nonwork - INFO - Distance decay beta: 2
2026-10-01 18:14:17 - models.od_matrix_nonwork - INFO - Total non-employees (base): 505,852
2026-10-01 18:14:17 - models.od_matrix_nonwork - INFO - Total travelers (demand budget): 86,050
2026-10-01 18:14:17 - models.od_matrix_nonwork - INFO - Total POIs (destination): 1,153
2026-10-01 18:14:17 - models.od_matrix_nonwork - INFO - Extracting coordinates...
2026-10-01 18:14:17 - models.od_matrix_nonwork - INFO - Calculating distances and friction factors (mode: cosine_km)...
2026-10-01 18:14:17 - models.od_matrix_v3 - INFO -   Intrazonal distance set from zone area on 243 diagonal cells (factor 0.5): median 0 m -> 393 m
2026-10-01 18:14:17 - models.od_matrix_nonwork - INFO -   Distances in km: median 19.64, min 0.056, max 90.5
2026-10-01 18:14:17 - models.od_matrix_nonwork - INFO - Initial gravity model total trips: 86,050
2026-10-01 18:14:17 - models.od_matrix_nonwork - INFO - 
Running IPF iterations (max 50)...
2026-10-01 18:14:17 - models.od_matrix_nonwork - INFO -   Iteration 1: Max relative difference = 3.90e-16
2026-10-01 18:14:17 - models.od_matrix_nonwork - INFO - Converged after 1 iterations
2026-10-01 18:14:17 - models.od_matrix_nonwork - INFO - ======================================================================
2026-10-01 18:14:17 - models.od_matrix_nonwork - INFO - VERIFICATION
2026-10-01 18:14:17 - models.od_matrix_nonwork - INFO - ======================================================================
2026-10-01 18:14:17 - models.od_matrix_nonwork - INFO - Origin total: 86,050 | Matrix row sum: 86,050
2026-10-01 18:14:17 - models.od_matrix_nonwork - INFO - Max row constraint error: 5.68e-14
2026-10-01 18:14:17 - models.od_matrix_nonwork - INFO - Total trips in gravity model: 86,050
2026-10-01 18:14:17 - models.od_matrix_nonwork - INFO - 
2026-10-01 18:14:17 - models.od_matrix_nonwork - INFO -   Gravity model (block-group level): (719, 243)
2026-10-01 18:14:17 - models.od_matrix_nonwork - INFO -   Survey matrix: (1, 1)
2026-10-01 18:14:17 - models.od_matrix_nonwork - INFO - 
Combining survey and gravity models...
2026-10-01 18:14:17 - models.od_matrix_v3 - INFO - ======================================================================
2026-10-01 18:14:17 - models.od_matrix_v3 - INFO - COMBINING OD MATRICES
2026-10-01 18:14:17 - models.od_matrix_v3 - INFO - ======================================================================
2026-10-01 18:14:17 - models.od_matrix_v3 - INFO - Survey matrix shape: (1, 1)
2026-10-01 18:14:17 - models.od_matrix_v3 - INFO - Local matrix shape: (719, 243)
2026-10-01 18:14:17 - models.od_matrix_v3 - INFO - Alpha (survey weight): 0.10
2026-10-01 18:14:17 - models.od_matrix_v3 - INFO - Local weight: 0.90
2026-10-01 18:14:17 - models.od_matrix_v3 - INFO - Aligning survey to local matrix structure...
2026-10-01 18:14:17 - models.od_matrix_v3 - INFO - Combining matrices (alpha blend where survey exists, local only where survey is empty)...
2026-10-01 18:14:18 - models.od_matrix_v3 - INFO - No scaling target specified. Using local matrix total: 86,050
2026-10-01 18:14:18 - models.od_matrix_v3 - INFO - Matrix total before scaling: 86,050
2026-10-01 18:14:18 - models.od_matrix_v3 - INFO - Scale factor: 0.999999
2026-10-01 18:14:18 - models.od_matrix_v3 - INFO - Applying robust rounding to guarantee target total...
2026-10-01 18:14:18 - models.od_matrix_v3 - INFO - Total after flooring: 59,192
2026-10-01 18:14:18 - models.od_matrix_v3 - INFO - Remainder to distribute: 26,858
2026-10-01 18:14:18 - models.od_matrix_v3 - INFO - ======================================================================
2026-10-01 18:14:18 - models.od_matrix_v3 - INFO - VERIFICATION
2026-10-01 18:14:18 - models.od_matrix_v3 - INFO - ======================================================================
2026-10-01 18:14:18 - models.od_matrix_v3 - INFO - Survey total trips: 86
2026-10-01 18:14:18 - models.od_matrix_v3 - INFO - Local total trips: 86,050
2026-10-01 18:14:18 - models.od_matrix_v3 - INFO - Combined total trips (before scaling): 86,050
2026-10-01 18:14:18 - models.od_matrix_v3 - INFO - Combined total trips (after scaling & rounding): 86,050
2026-10-01 18:14:18 - models.od_matrix_v3 - INFO - Target total: 86,050
2026-10-01 18:14:18 - models.od_matrix_v3 - INFO - Difference: 0
2026-10-01 18:14:18 - models.od_matrix_v3 - INFO - Combined matrix shape: (719, 243)
2026-10-01 18:14:18 - models.od_matrix_nonwork - INFO - ======================================================================
2026-10-01 18:14:18 - models.od_matrix_nonwork - INFO - NONWORK OD MATRIX CREATION COMPLETE - DINING
2026-10-01 18:14:18 - models.od_matrix_nonwork - INFO - ======================================================================
2026-10-01 18:14:18 - models.plan_generator_nonwork - INFO -   OD matrix shape: (719, 243)
2026-10-01 18:14:18 - models.plan_generator_nonwork - INFO -   Unscaled total trips: 86,050
2026-10-01 18:14:18 - models.plan_generator_nonwork - INFO -   Scaling factor: 0.25
2026-10-01 18:14:18 - models.plan_generator_nonwork - INFO -   Scaled total trips: 21,645
2026-10-01 18:14:18 - models.plan_generator_nonwork - INFO - NonWorkPlanGenerator initialization complete
2026-10-01 18:14:18 - models.plan_generator_nonwork - INFO - ============================================================
2026-10-01 18:14:18 - models.plan_generator_nonwork - INFO - DINING PLAN GENERATION
2026-10-01 18:14:18 - models.plan_generator_nonwork - INFO - ============================================================
2026-10-01 18:14:18 - models.plan_generator_nonwork - INFO -   Population base (non-employees in region): 505,852
2026-10-01 18:14:18 - models.plan_generator_nonwork - INFO -   Unscaled Dining trips: 86,050
2026-10-01 18:14:18 - models.plan_generator_nonwork - INFO -   Scaling factor: 0.25
2026-10-01 18:14:18 - models.plan_generator_nonwork - INFO -   Scaled Dining trips: 21,645
2026-10-01 18:14:18 - models.plan_generator_nonwork - INFO -   Expected scaled trips: 21,512
2026-10-01 18:14:18 - models.plan_generator_nonwork - INFO -   Scaling accuracy: 100.6%
2026-10-01 18:14:18 - models.plan_generator_nonwork - INFO - 
2026-10-01 18:14:18 - models.plan_generator_nonwork - INFO - Generating all Dining plans using multiprocessing...
2026-10-01 18:14:18 - models.plan_generator_nonwork - INFO -   Using all 21,645 trips from scaled OD matrix
2026-10-01 18:14:18 - models.plan_generator_nonwork - INFO - Using 30 processes for Dining plan generation
2026-10-01 18:14:18 - models.plan_generator_nonwork - INFO - Pre-loading data for Dining multiprocessing...
2026-10-01 18:14:18 - models.plan_generator_nonwork - INFO -   Serialized GTFS stop data for workers: bus=37083 stops
2026-10-01 18:14:18 - models.plan_generator_nonwork - INFO -   Prepared shared data with 19,068 home blocks
2026-10-01 18:14:18 - models.plan_generator_nonwork - INFO -   POI categories: 6
2026-10-01 18:14:18 - models.plan_generator_nonwork - INFO -   Chain patterns: 16
2026-10-01 18:14:18 - models.plan_generator_nonwork - INFO - Split 12878 OD pairs into 31 chunks
2026-10-01 18:14:42 - models.plan_generator_nonwork - INFO - 
2026-10-01 18:14:42 - models.plan_generator_nonwork - INFO - Dining GENERATION COMPLETE
2026-10-01 18:14:42 - models.plan_generator_nonwork - INFO -   Plans generated: 21,645
2026-10-01 18:14:42 - models.plan_generator_nonwork - INFO -   Failed plans: 0
2026-10-01 18:14:42 - models.plan_generator_nonwork - INFO -   Chain retries: 3,743 / 28,172 attempts
2026-10-01 18:14:42 - models.plan_generator_nonwork - INFO -     Too short: 3,743
2026-10-01 18:14:42 - models.plan_generator_nonwork - INFO -     Bad structure (not Home-...-Home): 0
2026-10-01 18:14:42 - models.plan_generator_nonwork - INFO -     Missing purpose: 0
2026-10-01 18:14:42 - models.plan_generator_nonwork - INFO -     Contains Work: 0
2026-10-01 18:14:42 - models.plan_generator_nonwork - INFO -   POI retries: 12,108
2026-10-01 18:14:42 - models.plan_generator_nonwork - INFO -   Time retries: 2,546
2026-10-01 18:14:42 - models.plan_generator_nonwork - INFO -   Schedules built: 23,603
2026-10-01 18:14:42 - models.plan_generator_nonwork - INFO -     Trimmed to fit 24h: 0 (0.00%)
2026-10-01 18:14:42 - models.plan_generator_nonwork - INFO -     Dropped, over budget: 0 (0.00%)
2026-10-01 18:14:42 - models.plan_generator_nonwork - INFO -     Resampled, over budget (over_budget=resample): 1,958
2026-10-01 18:14:42 - models.plan_generator_nonwork - INFO - ============================================================
2026-10-01 18:14:42 - models.mode_choice - INFO - ==================================================
2026-10-01 18:14:42 - models.mode_choice - INFO - MODE CHOICE STATISTICS
2026-10-01 18:14:42 - models.mode_choice - INFO - ==================================================
2026-10-01 18:14:42 - models.mode_choice - INFO -   Total mode choices: 70402
2026-10-01 18:14:42 - models.mode_choice - INFO -   Fallback mode used: 0 times
2026-10-01 18:14:42 - models.mode_choice - INFO -   Chain retries: 0
2026-10-01 18:14:42 - models.mode_choice - INFO -   Mode distribution in generated plans:
2026-10-01 18:14:42 - models.mode_choice - INFO -     car: 90.3%
2026-10-01 18:14:42 - models.mode_choice - INFO -     walk: 8.0%
2026-10-01 18:14:42 - models.mode_choice - INFO -     bus: 1.6%
2026-10-01 18:14:42 - models.mode_choice - INFO - ==================================================
2026-10-01 18:14:42 - __main__ - INFO - Generated 21,645 Dining plans
2026-10-01 18:14:42 - __main__ - INFO - 
2026-10-01 18:14:42 - __main__ - INFO - ------------------------------------------------------------
2026-10-01 18:14:42 - __main__ - INFO - GENERATING OTHER PLANS
2026-10-01 18:14:42 - __main__ - INFO - ------------------------------------------------------------
2026-10-01 18:14:42 - models.plan_generator_nonwork - INFO - Initialized NonWorkPlanGenerator for Other
2026-10-01 18:14:42 - utils.coordinates - INFO - Initialized coordinate converter: EPSG:4326 <-> EPSG:26916
2026-10-01 18:14:42 - models.plan_generator_nonwork - INFO -   Coordinate system: WGS84 -> EPSG:26916
2026-10-01 18:14:42 - models.plan_generator_nonwork - INFO - Using pre-loaded shared data...
2026-10-01 18:14:42 - models.plan_generator_nonwork - INFO -   Using 19,068 home blocks (pre-loaded)
2026-10-01 18:14:42 - models.plan_generator_nonwork - INFO -   Using 7,981 POIs (pre-loaded)
2026-10-01 18:14:42 - models.plan_generator_nonwork - INFO -   Using 1,071 survey trips (pre-loaded)
2026-10-01 18:14:42 - models.plan_generator_nonwork - INFO -   Using 423 persons (pre-loaded)
2026-10-01 18:14:42 - models.plan_generator_nonwork - INFO -   Using 166 trip chains (pre-loaded)
2026-10-01 18:14:42 - models.plan_generator_nonwork - INFO -   Using 7,981 POI-to-block mappings (pre-computed)
2026-10-01 18:14:42 - models.plan_generator_nonwork - INFO -   Using shared trip duration model (pre-initialized)
2026-10-01 18:14:42 - models.plan_generator_nonwork - INFO -   Using shared activity duration model (pre-initialized)
2026-10-01 18:14:42 - models.plan_generator_nonwork - INFO -   Using shared POI spatial index (pre-built)
2026-10-01 18:14:42 - models.plan_generator_nonwork - INFO - Initializing time models...
2026-10-01 18:14:42 - models.plan_generator_nonwork - INFO -   Using shared trip duration model
2026-10-01 18:14:42 - models.plan_generator_nonwork - INFO -   Using shared activity duration model
2026-10-01 18:14:42 - models.plan_generator_nonwork - INFO -   Time models initialized
2026-10-01 18:14:42 - models.plan_generator_nonwork - INFO -   Average trip duration: 21.7 minutes
2026-10-01 18:14:42 - models.plan_generator_nonwork - INFO - Initializing POI components...
2026-10-01 18:14:42 - models.plan_generator_nonwork - INFO -   Using shared POI spatial index: 6 activity types, 7,981 POIs
2026-10-01 18:14:42 - models.plan_generator_nonwork - INFO -   POI weighting enabled: True
2026-10-01 18:14:42 - models.plan_generator_nonwork - INFO - Initializing chain model...
2026-10-01 18:14:42 - models.plan_generator_nonwork - INFO -   Other: budget chain model, 21 main-purpose patterns
2026-10-01 18:14:42 - models.plan_generator_nonwork - INFO - Initializing GTFS transit availability...
2026-10-01 18:14:42 - models.plan_generator_nonwork - INFO -   GTFS availability rebuilt from shared data: bus=37083 stops
2026-10-01 18:14:42 - models.plan_generator_nonwork - INFO - Initializing mode choice model...
2026-10-01 18:14:42 - models.mode_choice - INFO - Computing mode shares from survey data...
2026-10-01 18:14:42 - models.mode_choice - INFO - Computed mode rates for 7 purposes
2026-10-01 18:14:42 - models.mode_choice - INFO -   Overall mode distribution: car=88.4%, rideshare=6.8%, walk=2.6%, bus=1.9%, bike=0.3%
2026-10-01 18:14:42 - models.mode_choice - INFO - ModeChoiceModel initialized with 3 modes: ['car', 'bus', 'walk']
2026-10-01 18:14:42 - models.plan_generator_nonwork - INFO - Creating Other OD matrix...
2026-10-01 18:14:42 - models.plan_generator_nonwork - INFO -   Using pre-computed POI-to-block mapping
2026-10-01 18:14:42 - models.od_matrix_nonwork - INFO - ======================================================================
2026-10-01 18:14:42 - models.od_matrix_nonwork - INFO - CREATING NON-WORK OD MATRIX - OTHER
2026-10-01 18:14:42 - models.od_matrix_nonwork - INFO - ======================================================================
2026-10-01 18:14:42 - models.od_matrix_nonwork - INFO - Configuration:
2026-10-01 18:14:42 - models.od_matrix_nonwork - INFO -   Beta (distance decay): 2
2026-10-01 18:14:42 - models.od_matrix_nonwork - INFO -   Alpha (survey weight): 0.1
2026-10-01 18:14:42 - models.od_matrix_nonwork - INFO -   Distance mode: cosine_km
2026-10-01 18:14:42 - models.od_matrix_nonwork - INFO - Calculating POI density for Other...
2026-10-01 18:14:42 - models.od_matrix_nonwork - INFO -   Total POIs to process: 7,981
2026-10-01 18:14:42 - models.od_matrix_nonwork - INFO -   Filtered to 4,185 Other POIs
2026-10-01 18:14:42 - models.od_matrix_nonwork - INFO -   Using pre-computed POI-to-block mapping (fast path)
2026-10-01 18:14:42 - models.od_matrix_nonwork - INFO -   POI assignment complete:
2026-10-01 18:14:42 - models.od_matrix_nonwork - INFO -     Blocks with POIs: 1,286
2026-10-01 18:14:42 - models.od_matrix_nonwork - INFO -     Total POIs assigned: 4,185
2026-10-01 18:14:42 - models.od_matrix_nonwork - INFO -     Avg POIs per block (non-zero): 3.3
2026-10-01 18:14:42 - models.od_matrix_nonwork - INFO - Creating survey OD matrix for Other...
2026-10-01 18:14:42 - models.od_matrix_nonwork - INFO -   Filtered to 89 trips (from 1,071 total)
2026-10-01 18:14:42 - models.od_matrix_nonwork - INFO -   Survey OD matrix created: (1, 1)
2026-10-01 18:14:42 - models.od_matrix_nonwork - INFO -   Total trips in survey matrix: 89
2026-10-01 18:14:42 - models.od_matrix_nonwork - INFO - ======================================================================
2026-10-01 18:14:42 - models.od_matrix_nonwork - INFO - SINGLY-CONSTRAINED GRAVITY MODEL - OTHER
2026-10-01 18:14:42 - models.od_matrix_nonwork - INFO - ======================================================================
2026-10-01 18:14:42 - models.od_matrix_nonwork - INFO - Origins from the demand budget ('nw_origin_Other' per home block)
2026-10-01 18:14:42 - models.od_matrix_nonwork - INFO -   Pre-aggregated 19,068 blocks -> 719 block_groups (home)
2026-10-01 18:14:42 - models.od_matrix_nonwork - INFO -   Pre-aggregated POI blocks -> 403 block_groups with POIs
2026-10-01 18:14:42 - models.od_matrix_nonwork - INFO - Number of home block_groups: 719
2026-10-01 18:14:42 - models.od_matrix_nonwork - INFO - Number of destination block_groups (with POIs): 403
2026-10-01 18:14:42 - models.od_matrix_nonwork - INFO - Distance decay beta: 2
2026-10-01 18:14:42 - models.od_matrix_nonwork - INFO - Total non-employees (base): 505,852
2026-10-01 18:14:42 - models.od_matrix_nonwork - INFO - Total travelers (demand budget): 79,217
2026-10-01 18:14:42 - models.od_matrix_nonwork - INFO - Total POIs (destination): 4,185
2026-10-01 18:14:42 - models.od_matrix_nonwork - INFO - Extracting coordinates...
2026-10-01 18:14:42 - models.od_matrix_nonwork - INFO - Calculating distances and friction factors (mode: cosine_km)...
2026-10-01 18:14:42 - models.od_matrix_v3 - INFO -   Intrazonal distance set from zone area on 403 diagonal cells (factor 0.5): median 0 m -> 350 m
2026-10-01 18:14:42 - models.od_matrix_nonwork - INFO -   Distances in km: median 19.59, min 0.050, max 89.2
2026-10-01 18:14:42 - models.od_matrix_nonwork - INFO - Initial gravity model total trips: 79,217
2026-10-01 18:14:42 - models.od_matrix_nonwork - INFO - 
Running IPF iterations (max 50)...
2026-10-01 18:14:42 - models.od_matrix_nonwork - INFO -   Iteration 1: Max relative difference = 4.23e-16
2026-10-01 18:14:42 - models.od_matrix_nonwork - INFO - Converged after 1 iterations
2026-10-01 18:14:42 - models.od_matrix_nonwork - INFO - ======================================================================
2026-10-01 18:14:42 - models.od_matrix_nonwork - INFO - VERIFICATION
2026-10-01 18:14:42 - models.od_matrix_nonwork - INFO - ======================================================================
2026-10-01 18:14:42 - models.od_matrix_nonwork - INFO - Origin total: 79,217 | Matrix row sum: 79,217
2026-10-01 18:14:42 - models.od_matrix_nonwork - INFO - Max row constraint error: 8.53e-14
2026-10-01 18:14:42 - models.od_matrix_nonwork - INFO - Total trips in gravity model: 79,217
2026-10-01 18:14:42 - models.od_matrix_nonwork - INFO - 
2026-10-01 18:14:42 - models.od_matrix_nonwork - INFO -   Gravity model (block-group level): (719, 403)
2026-10-01 18:14:42 - models.od_matrix_nonwork - INFO -   Survey matrix: (1, 1)
2026-10-01 18:14:42 - models.od_matrix_nonwork - INFO - 
Combining survey and gravity models...
2026-10-01 18:14:42 - models.od_matrix_v3 - INFO - ======================================================================
2026-10-01 18:14:42 - models.od_matrix_v3 - INFO - COMBINING OD MATRICES
2026-10-01 18:14:42 - models.od_matrix_v3 - INFO - ======================================================================
2026-10-01 18:14:42 - models.od_matrix_v3 - INFO - Survey matrix shape: (1, 1)
2026-10-01 18:14:42 - models.od_matrix_v3 - INFO - Local matrix shape: (719, 403)
2026-10-01 18:14:42 - models.od_matrix_v3 - INFO - Alpha (survey weight): 0.10
2026-10-01 18:14:42 - models.od_matrix_v3 - INFO - Local weight: 0.90
2026-10-01 18:14:42 - models.od_matrix_v3 - INFO - Aligning survey to local matrix structure...
2026-10-01 18:14:42 - models.od_matrix_v3 - INFO - Combining matrices (alpha blend where survey exists, local only where survey is empty)...
2026-10-01 18:14:42 - models.od_matrix_v3 - INFO - No scaling target specified. Using local matrix total: 79,216
2026-10-01 18:14:42 - models.od_matrix_v3 - INFO - Matrix total before scaling: 79,217
2026-10-01 18:14:42 - models.od_matrix_v3 - INFO - Scale factor: 0.999993
2026-10-01 18:14:42 - models.od_matrix_v3 - INFO - Applying robust rounding to guarantee target total...
2026-10-01 18:14:42 - models.od_matrix_v3 - INFO - Total after flooring: 48,625
2026-10-01 18:14:42 - models.od_matrix_v3 - INFO - Remainder to distribute: 30,591
2026-10-01 18:14:42 - models.od_matrix_v3 - INFO - ======================================================================
2026-10-01 18:14:42 - models.od_matrix_v3 - INFO - VERIFICATION
2026-10-01 18:14:42 - models.od_matrix_v3 - INFO - ======================================================================
2026-10-01 18:14:42 - models.od_matrix_v3 - INFO - Survey total trips: 89
2026-10-01 18:14:42 - models.od_matrix_v3 - INFO - Local total trips: 79,217
2026-10-01 18:14:42 - models.od_matrix_v3 - INFO - Combined total trips (before scaling): 79,217
2026-10-01 18:14:42 - models.od_matrix_v3 - INFO - Combined total trips (after scaling & rounding): 79,216
2026-10-01 18:14:42 - models.od_matrix_v3 - INFO - Target total: 79,216
2026-10-01 18:14:42 - models.od_matrix_v3 - INFO - Difference: 0
2026-10-01 18:14:42 - models.od_matrix_v3 - INFO - Combined matrix shape: (719, 403)
2026-10-01 18:14:42 - models.od_matrix_nonwork - INFO - ======================================================================
2026-10-01 18:14:42 - models.od_matrix_nonwork - INFO - NONWORK OD MATRIX CREATION COMPLETE - OTHER
2026-10-01 18:14:42 - models.od_matrix_nonwork - INFO - ======================================================================
2026-10-01 18:14:42 - models.plan_generator_nonwork - INFO -   OD matrix shape: (719, 403)
2026-10-01 18:14:42 - models.plan_generator_nonwork - INFO -   Unscaled total trips: 79,216
2026-10-01 18:14:42 - models.plan_generator_nonwork - INFO -   Scaling factor: 0.25
2026-10-01 18:14:42 - models.plan_generator_nonwork - INFO -   Scaled total trips: 19,679
2026-10-01 18:14:42 - models.plan_generator_nonwork - INFO - NonWorkPlanGenerator initialization complete
2026-10-01 18:14:42 - models.plan_generator_nonwork - INFO - ============================================================
2026-10-01 18:14:42 - models.plan_generator_nonwork - INFO - OTHER PLAN GENERATION
2026-10-01 18:14:42 - models.plan_generator_nonwork - INFO - ============================================================
2026-10-01 18:14:42 - models.plan_generator_nonwork - INFO -   Population base (non-employees in region): 505,852
2026-10-01 18:14:42 - models.plan_generator_nonwork - INFO -   Unscaled Other trips: 79,216
2026-10-01 18:14:42 - models.plan_generator_nonwork - INFO -   Scaling factor: 0.25
2026-10-01 18:14:42 - models.plan_generator_nonwork - INFO -   Scaled Other trips: 19,679
2026-10-01 18:14:42 - models.plan_generator_nonwork - INFO -   Expected scaled trips: 19,804
2026-10-01 18:14:42 - models.plan_generator_nonwork - INFO -   Scaling accuracy: 99.4%
2026-10-01 18:14:42 - models.plan_generator_nonwork - INFO - 
2026-10-01 18:14:42 - models.plan_generator_nonwork - INFO - Generating all Other plans using multiprocessing...
2026-10-01 18:14:42 - models.plan_generator_nonwork - INFO -   Using all 19,679 trips from scaled OD matrix
2026-10-01 18:14:42 - models.plan_generator_nonwork - INFO - Using 30 processes for Other plan generation
2026-10-01 18:14:42 - models.plan_generator_nonwork - INFO - Pre-loading data for Other multiprocessing...
2026-10-01 18:14:42 - models.plan_generator_nonwork - INFO -   Serialized GTFS stop data for workers: bus=37083 stops
2026-10-01 18:14:42 - models.plan_generator_nonwork - INFO -   Prepared shared data with 19,068 home blocks
2026-10-01 18:14:42 - models.plan_generator_nonwork - INFO -   POI categories: 6
2026-10-01 18:14:42 - models.plan_generator_nonwork - INFO -   Chain patterns: 21
2026-10-01 18:14:42 - models.plan_generator_nonwork - INFO - Split 13714 OD pairs into 31 chunks
2026-10-01 18:15:10 - models.plan_generator_nonwork - INFO - 
2026-10-01 18:15:10 - models.plan_generator_nonwork - INFO - Other GENERATION COMPLETE
2026-10-01 18:15:10 - models.plan_generator_nonwork - INFO -   Plans generated: 19,679
2026-10-01 18:15:10 - models.plan_generator_nonwork - INFO -   Failed plans: 0
2026-10-01 18:15:10 - models.plan_generator_nonwork - INFO -   Chain retries: 4,412 / 24,232 attempts
2026-10-01 18:15:10 - models.plan_generator_nonwork - INFO -     Too short: 4,412
2026-10-01 18:15:10 - models.plan_generator_nonwork - INFO -     Bad structure (not Home-...-Home): 0
2026-10-01 18:15:10 - models.plan_generator_nonwork - INFO -     Missing purpose: 0
2026-10-01 18:15:10 - models.plan_generator_nonwork - INFO -     Contains Work: 0
2026-10-01 18:15:10 - models.plan_generator_nonwork - INFO -   POI retries: 6,798
2026-10-01 18:15:10 - models.plan_generator_nonwork - INFO -   Time retries: 0
2026-10-01 18:15:10 - models.plan_generator_nonwork - INFO -   Schedules built: 20,626
2026-10-01 18:15:10 - models.plan_generator_nonwork - INFO -     Trimmed to fit 24h: 0 (0.00%)
2026-10-01 18:15:10 - models.plan_generator_nonwork - INFO -     Dropped, over budget: 0 (0.00%)
2026-10-01 18:15:10 - models.plan_generator_nonwork - INFO -     Resampled, over budget (over_budget=resample): 947
2026-10-01 18:15:10 - models.plan_generator_nonwork - INFO - ============================================================
2026-10-01 18:15:10 - models.mode_choice - INFO - ==================================================
2026-10-01 18:15:10 - models.mode_choice - INFO - MODE CHOICE STATISTICS
2026-10-01 18:15:10 - models.mode_choice - INFO - ==================================================
2026-10-01 18:15:10 - models.mode_choice - INFO -   Total mode choices: 59946
2026-10-01 18:15:10 - models.mode_choice - INFO -   Fallback mode used: 0 times
2026-10-01 18:15:10 - models.mode_choice - INFO -   Chain retries: 0
2026-10-01 18:15:10 - models.mode_choice - INFO -   Mode distribution in generated plans:
2026-10-01 18:15:10 - models.mode_choice - INFO -     car: 94.6%
2026-10-01 18:15:10 - models.mode_choice - INFO -     walk: 3.5%
2026-10-01 18:15:10 - models.mode_choice - INFO -     bus: 1.9%
2026-10-01 18:15:10 - models.mode_choice - INFO - ==================================================
2026-10-01 18:15:10 - __main__ - INFO - Generated 19,679 Other plans
2026-10-01 18:15:10 - __main__ - INFO - 
2026-10-01 18:15:10 - models.freight.plans - INFO - ============================================================
2026-10-01 18:15:10 - models.freight.plans - INFO - GENERATING BOUNDARY FREIGHT
2026-10-01 18:15:10 - models.freight.plans - INFO - ============================================================
2026-10-01 18:15:10 - utils.coordinates - INFO - Initialized coordinate converter: EPSG:4326 <-> EPSG:26916
2026-10-01 18:15:15 - models.freight.cordons - INFO - Network: 89,851 nodes, 204,379 links; reach 40.9-68.4 km by direction
2026-10-01 18:15:16 - models.freight.cordons - INFO - Motorway termini past peripherality 0.6: 87 inbound, 76 outbound
2026-10-01 18:15:16 - models.freight.cordons - INFO - Cordons after deduplication: 104
2026-10-01 18:15:17 - models.work_locs_v2 - INFO - Loading work locations for 2 counties from config...
2026-10-01 18:15:17 - models.work_locs_v2 - INFO - Loaded 6,459 work location blocks for 2 counties
2026-10-01 18:15:17 - models.freight.plans - INFO - Loaded 6,459 freight zones, total attractor 136,974 (freight_employment)
2026-10-01 18:15:17 - models.freight.generator - INFO - Anchored 104 cordons to zones: median 11765 m, max 36361 m
2026-10-01 18:15:17 - models.freight.truck_share - INFO - TMAS f_system for AL ['073', '117']: 1U (145/156 station-directions)
2026-10-01 18:15:17 - models.freight.truck_share - INFO - Truck share from HPMS cache: 16.27%
2026-10-01 18:15:18 - models.freight.hpms_match - INFO - HPMS geometry from cache: 42,971 segments (3.7 days old)
2026-10-01 18:15:22 - models.freight.hpms_match - INFO - Parsed 43,019 HPMS segments carrying truck traffic
2026-10-01 18:21:15 - models.freight.hpms_match - INFO - HPMS match: 103/104 cordons matched an observed truck volume (150 links)
2026-10-01 18:21:15 - models.freight.demand - INFO - Cordon weights (hpms_truck_aadt): 103 from observed truck AADT, 1 from capacity x 8.0 x truck share
2026-10-01 18:21:15 - models.freight.demand - INFO - Freight demand: 4,570 trips (E->I 1,599, I->E 1,600, E->E 1,371)
2026-10-01 18:21:15 - models.freight.demand - INFO -   60,935 unscaled x demand_scale 0.3 x scaling_factor 0.25 = 4,570.2
2026-10-01 18:21:15 - models.freight.generator - INFO - Generated 4,570 freight trips
2026-10-01 18:21:15 - models.freight.plans - INFO - Built 4,570 freight plans (subpopulation=freight)
2026-10-01 18:21:15 - models.freight.validation - INFO -   [PASS] trip_count_matches_demand: generated 4,570, demand resolved 4,570
2026-10-01 18:21:15 - models.freight.validation - INFO -   [PASS] class_count_external_to_internal: 1,599 generated vs 1,599 demanded
2026-10-01 18:21:15 - models.freight.validation - INFO -   [PASS] class_count_internal_to_external: 1,600 generated vs 1,600 demanded
2026-10-01 18:21:15 - models.freight.validation - INFO -   [PASS] class_count_through: 1,371 generated vs 1,371 demanded
2026-10-01 18:21:15 - models.freight.validation - INFO -   [PASS] class_share_external_to_internal: realised 0.350 vs configured 0.350
2026-10-01 18:21:15 - models.freight.validation - INFO -   [PASS] class_share_internal_to_external: realised 0.350 vs configured 0.350
2026-10-01 18:21:15 - models.freight.validation - INFO -   [PASS] class_share_through: realised 0.300 vs configured 0.300
2026-10-01 18:21:15 - models.freight.validation - INFO -   [PASS] departure_profile_external_to_internal: max hourly deviation 0.0062 over 1,599 trips
2026-10-01 18:21:15 - models.freight.validation - INFO -   [PASS] departure_profile_internal_to_external: max hourly deviation 0.0143 over 1,600 trips
2026-10-01 18:21:15 - models.freight.validation - INFO -   [PASS] departure_profile_through: max hourly deviation 0.0143 over 1,371 trips
2026-10-01 18:21:15 - models.freight.validation - INFO -   [PASS] cordon_ids_valid: 0 trip ends reference an unknown cordon
2026-10-01 18:21:15 - models.freight.validation - INFO -   [PASS] cordon_direction_respected: 0 trips enter on an outbound cordon or leave on an inbound one
2026-10-01 18:21:15 - models.freight.validation - INFO -   [PASS] through_trips_use_distinct_cordons: 0 through trips start and end at the same cordon
2026-10-01 18:21:15 - models.freight.validation - INFO -   [PASS] departure_times_in_range: 0 departures outside 00:00-30:00
2026-10-01 18:21:15 - models.freight.plans - INFO - Freight summary written to /media/volume/Tareek-instance_vol-1/Tareek-work/Tareek/experiments/bham_local_hermes_w12_nw20_fr03_10iter/freight_summary.json
2026-10-01 18:21:15 - __main__ - INFO - ============================================================
2026-10-01 18:21:15 - __main__ - INFO - COMBINING WORK + NON-WORK + FREIGHT PLANS
2026-10-01 18:21:15 - __main__ - INFO - ============================================================
2026-10-01 18:21:15 - __main__ - INFO - Plan generation summary (scaling_factor=0.25):
2026-10-01 18:21:15 - __main__ - INFO -   Work plans: 87,170
2026-10-01 18:21:15 - __main__ - INFO -   Non-work plans: 214,107
2026-10-01 18:21:15 - __main__ - INFO -   Freight plans: 4,570 (1.5% of total)
2026-10-01 18:21:15 - __main__ - INFO -   Combined total (scaled): 305,847
2026-10-01 18:21:15 - __main__ - INFO -   Represents full population of: ~1,223,388 travelers
2026-10-01 18:21:15 - __main__ - INFO - 
2026-10-01 18:21:15 - __main__ - INFO - Assigning unique person IDs...
2026-10-01 18:21:16 - __main__ - INFO - Writing combined plans to XML...
2026-10-01 18:21:16 - models.plan_generator - INFO - Writing 305847 plans to /media/volume/Tareek-instance_vol-1/Tareek-work/Tareek/experiments/bham_local_hermes_w12_nw20_fr03_10iter/plans.xml
2026-10-01 18:21:16 - utils.coordinates - INFO - Initialized coordinate converter: EPSG:4326 <-> EPSG:26916
2026-10-01 18:21:16 - models.plan_generator - INFO - Converting coordinates from lat/lon to EPSG:26916
2026-10-01 18:22:32 - models.plan_generator - INFO - Successfully wrote plans to /media/volume/Tareek-instance_vol-1/Tareek-work/Tareek/experiments/bham_local_hermes_w12_nw20_fr03_10iter/plans.xml (coordinates in EPSG:26916)
2026-10-01 18:22:32 - models.plan_generator - INFO - Plans XML saved to experiment directory: /media/volume/Tareek-instance_vol-1/Tareek-work/Tareek/experiments/bham_local_hermes_w12_nw20_fr03_10iter/plans.xml
2026-10-01 18:22:32 - models.plan_generator - INFO -   Coordinate system: EPSG:26916
2026-10-01 18:22:33 - __main__ - INFO - Plans XML ready: /media/volume/Tareek-instance_vol-1/Tareek-work/Tareek/experiments/bham_local_hermes_w12_nw20_fr03_10iter/plans.xml
2026-10-01 18:22:33 - __main__ - INFO -   File size: 143.16 MB
2026-10-01 18:22:33 - __main__ - INFO -   Total persons: 305,847
2026-10-01 18:22:33 - __main__ - INFO - 
2026-10-01 18:22:34 - __main__ - INFO - ============================================================
2026-10-01 18:22:34 - __main__ - INFO - STEP 5: RUNNING MATSIM SIMULATION
2026-10-01 18:22:34 - __main__ - INFO - ============================================================
2026-10-01 18:22:51 - __main__ - INFO - Released plan-generation memory before MATSim: 5.3 GB -> 0.9 GB RSS (freed 4.4 GB)
2026-10-01 18:22:51 - matsim.osm_downloader - INFO - OSM cache directory: /media/volume/Tareek-instance_vol-1/Tareek-work/Tareek/data/osm_cache
2026-10-01 18:22:51 - matsim.orchestrator - INFO - MATSim Orchestrator initialized
2026-10-01 18:22:51 - __main__ - INFO - MATSim mode: basic
2026-10-01 18:22:51 - __main__ - INFO - Custom parameters: {'coordinateSystem': 'auto', 'lastIteration': 10, 'outputDirectory': 'output', 'controller.mobsim': 'hermes', '_controller.mobsim_help': 'qsim | hermes. hermes is faster but is a simplified queue model that ignores trafficDynamics, linkDynamics and full stuckTime semantics. Use qsim for any congestion- or mode-choice-sensitive experiment.', 'global.numberOfThreads': 30, 'qsim.numberOfThreads': 30, 'qsim.flowCapacityFactor': 0.25, 'qsim.storageCapacityFactor': 0.3, 'qsim.stuckTime': 10.0, '_qsim.stuckTime_help': "Seconds the frontmost vehicle on a link may fail to move before it is pushed onto the next link. Gridlock escape valve: HIGHER = waits LONGER. 10.0 is MATSim's own default. Mersini & Ziemke (2026) instead give stuckTime = 30s / sample_share, which is 120.0 at this 25% sample; the basic template uses 30.0 (Berlin/Dresden, 100% sample). Currently set to the MATSim default for an A/B against the 120.0 arm (bham_stage1b_25pct_qsim_pt). Only qsim honours this; hermes ignores it.", 'linkStats.averageLinkStatsOverIterations': 5, 'scoring.waitingPt': -3.0, '_estimator_scoring.waitingPt': 'Cold start (no prior experiment). Seeding waitingPt=-3.0 util/hr for transit density 0.43% (near-zero transit (under 1%)).', '_qsim.storageCapacityFactor_help': "Deliberately ABOVE flowCapacityFactor (1.2x, matching the basic template's own 0.1/0.12 ratio). Storage must be scaled superlinearly at reduced samples (Nagel & Floetteroed 2012): scaling it down linearly leaves short links holding too few vehicles to form a realistic queue, producing artificial gridlock. flowCapacityFactor must stay equal to scaling_factor because countsScaleFactor is derived as 1/flowCapacityFactor.", 'hermes.endTime': '36:00:00'}
2026-10-01 18:22:51 - __main__ - INFO - 
2026-10-01 18:22:51 - matsim.orchestrator - INFO - Setting up experiment: bham_local_hermes_w12_nw20_fr03_10iter
2026-10-01 18:22:51 - matsim.orchestrator - INFO - Created experiment directory: /media/volume/Tareek-instance_vol-1/Tareek-work/Tareek/experiments/bham_local_hermes_w12_nw20_fr03_10iter
2026-10-01 18:22:51 - matsim.orchestrator - INFO - Plans file already exists at destination: /media/volume/Tareek-instance_vol-1/Tareek-work/Tareek/experiments/bham_local_hermes_w12_nw20_fr03_10iter/plans.xml
2026-10-01 18:22:51 - matsim.config_manager - INFO - Generating MATSim config for mode: basic
2026-10-01 18:22:51 - matsim.config_manager - INFO - Using config template: /media/volume/Tareek-instance_vol-1/Tareek-work/Tareek/matsim/configs/basic/config.xml
2026-10-01 18:22:51 - matsim.config_manager - INFO - Auto-set writeLinkStatsInterval = 10 (matches lastIteration)
2026-10-01 18:22:51 - matsim.config_manager - INFO - Auto-set write*Interval = 10 (bulky per-iteration output written only at the final iteration; set matsim.write_intermediate_output=true to write every iteration)
2026-10-01 18:22:51 - matsim.config_manager - INFO - Auto-set counts.countsScaleFactor = 4.0 (1/0.25 flowCapacityFactor)
2026-10-01 18:22:51 - matsim.config_manager - INFO - Auto-set counts.writeCountsInterval = 10 (matches lastIteration)
2026-10-01 18:22:51 - matsim.config_manager - INFO - Applied configurable param: controller.mobsim = hermes
2026-10-01 18:22:51 - matsim.config_manager - INFO - Applied configurable param: global.numberOfThreads = 30
2026-10-01 18:22:51 - matsim.config_manager - INFO - Applied configurable param: qsim.numberOfThreads = 30
2026-10-01 18:22:51 - matsim.config_manager - INFO - Applied configurable param: qsim.flowCapacityFactor = 0.25
2026-10-01 18:22:51 - matsim.config_manager - INFO - Mirrored qsim.flowCapacityFactor -> hermes.flowCapacityFactor = 0.25
2026-10-01 18:22:51 - matsim.config_manager - INFO - Applied configurable param: qsim.storageCapacityFactor = 0.3
2026-10-01 18:22:51 - matsim.config_manager - INFO - Mirrored qsim.storageCapacityFactor -> hermes.storageCapacityFactor = 0.3
2026-10-01 18:22:51 - matsim.config_manager - INFO - Applied configurable param: qsim.stuckTime = 10.0
2026-10-01 18:22:51 - matsim.config_manager - INFO - Applied configurable param: linkStats.averageLinkStatsOverIterations = 5
2026-10-01 18:22:51 - matsim.config_manager - INFO - Applied scoring.waitingPt = -3.0
2026-10-01 18:22:51 - matsim.config_manager - INFO - Applied configurable param: hermes.endTime = 36:00:00
2026-10-01 18:22:51 - matsim.config_manager - INFO - Mirrored qsim.flowCapacityFactor -> hermes.flowCapacityFactor = 0.25
2026-10-01 18:22:51 - matsim.config_manager - INFO - Mirrored qsim.storageCapacityFactor -> hermes.storageCapacityFactor = 0.3
2026-10-01 18:22:51 - matsim.config_manager - INFO - Applied scoring.waitingPt = -3.0
2026-10-01 18:22:51 - matsim.config_manager - INFO - Enabled transit module with transitModes=pt (from enabled modes: ['bus']) (preserved existing params on: transitRouter)
2026-10-01 18:22:51 - matsim.config_manager - INFO - Registered scoring activityParams for 'Dining'
2026-10-01 18:22:51 - matsim.config_manager - INFO - Registered scoring activityParams for 'Home'
2026-10-01 18:22:51 - matsim.config_manager - INFO - Registered scoring activityParams for 'Other'
2026-10-01 18:22:51 - matsim.config_manager - INFO - Registered scoring activityParams for 'School'
2026-10-01 18:22:51 - matsim.config_manager - INFO - Registered scoring activityParams for 'Shopping'
2026-10-01 18:22:51 - matsim.config_manager - INFO - Registered scoring activityParams for 'Social'
2026-10-01 18:22:51 - matsim.config_manager - INFO - Registered scoring activityParams for 'Work'
2026-10-01 18:22:51 - matsim.config_manager - INFO - Activity typicalDuration from survey: Dining=45min, Home=720min, Other=65min, School=175min, Shopping=60min, Social=110min, Work=460min
2026-10-01 18:22:51 - matsim.config_manager - INFO - No survey activity scoring windows available; openingTime, closingTime and minimalDuration stay undefined
2026-10-01 18:22:51 - matsim.config_manager - INFO - Registered scoring activityParams for 'freight_origin'
2026-10-01 18:22:51 - matsim.config_manager - INFO - Registered scoring activityParams for 'freight_destination'
2026-10-01 18:22:51 - matsim.config_manager - INFO - Set replanning strategies for freight: ChangeExpBeta=0.8, ReRoute=0.2
2026-10-01 18:22:51 - matsim.config_manager - INFO - Freight: writeEventsInterval = 10 so the final iteration emits events (needed to isolate the truck stream)
2026-10-01 18:22:58 - matsim.config_manager - INFO - Activity params cover all 9 activity types in plans.xml: ['Dining', 'Home', 'Other', 'School', 'Shopping', 'Social', 'Work', 'freight_destination', 'freight_origin']
2026-10-01 18:22:58 - matsim.config_manager - INFO - Config saved to: /media/volume/Tareek-instance_vol-1/Tareek-work/Tareek/experiments/bham_local_hermes_w12_nw20_fr03_10iter/config.xml
2026-10-01 18:22:58 - matsim.orchestrator - INFO - Experiment setup complete: /media/volume/Tareek-instance_vol-1/Tareek-work/Tareek/experiments/bham_local_hermes_w12_nw20_fr03_10iter
2026-10-01 18:22:58 - matsim.orchestrator - INFO - Validating MATSim setup...
2026-10-01 18:22:58 - matsim.runner - INFO - Validating MATSim setup...
2026-10-01 18:22:58 - matsim.runner - INFO - Java version: openjdk
2026-10-01 18:22:58 - matsim.runner - INFO - Using JAR file: /media/volume/Tareek-instance_vol-1/Tareek-work/Tareek/matsim/matsim_25/matsim_25.jar
2026-10-01 18:22:58 - matsim.runner - INFO - No lib directory found in /media/volume/Tareek-instance_vol-1/Tareek-work/Tareek/matsim/matsim_25 (may not be needed)
2026-10-01 18:22:58 - matsim.runner - INFO - MATSim setup validation passed
2026-10-01 18:22:58 - matsim.orchestrator - INFO - Validating experiment configuration...
2026-10-01 18:22:58 - matsim.config_manager - INFO - Found network.xml: /media/volume/Tareek-instance_vol-1/Tareek-work/Tareek/experiments/bham_local_hermes_w12_nw20_fr03_10iter/network.xml
2026-10-01 18:22:58 - matsim.config_manager - INFO - Found plans.xml: /media/volume/Tareek-instance_vol-1/Tareek-work/Tareek/experiments/bham_local_hermes_w12_nw20_fr03_10iter/plans.xml
2026-10-01 18:22:58 - matsim.config_manager - INFO - Found transitScheduleFile: /media/volume/Tareek-instance_vol-1/Tareek-work/Tareek/experiments/bham_local_hermes_w12_nw20_fr03_10iter/transitSchedule.xml
2026-10-01 18:22:58 - matsim.config_manager - INFO - Found vehiclesFile: /media/volume/Tareek-instance_vol-1/Tareek-work/Tareek/experiments/bham_local_hermes_w12_nw20_fr03_10iter/transitVehicles.xml
2026-10-01 18:22:58 - matsim.orchestrator - INFO - Starting MATSim simulation. Log file: /media/volume/Tareek-instance_vol-1/Tareek-work/Tareek/experiments/bham_local_hermes_w12_nw20_fr03_10iter/matsim_output.log
2026-10-01 18:22:58 - matsim.runner - INFO - Starting MATSim simulation with config: /media/volume/Tareek-instance_vol-1/Tareek-work/Tareek/experiments/bham_local_hermes_w12_nw20_fr03_10iter/config.xml
2026-10-01 18:22:58 - matsim.runner - INFO - Using JAR file: /media/volume/Tareek-instance_vol-1/Tareek-work/Tareek/matsim/matsim_25/matsim_25.jar
2026-10-01 18:22:58 - matsim.runner - INFO - No lib directory found in /media/volume/Tareek-instance_vol-1/Tareek-work/Tareek/matsim/matsim_25 (may not be needed)
2026-10-01 18:22:59 - matsim.runner - INFO - Command: java -Xmx70g -Xms70g -XX:+UseG1GC -XX:+ParallelRefProcEnabled -XX:MaxGCPauseMillis=200 -XX:+HeapDumpOnOutOfMemoryError -XX:HeapDumpPath=./heap_dumps -cp /media/volume/Tareek-instance_vol-1/Tareek-work/Tareek/matsim/matsim_25/matsim_25.jar org.matsim.core.controler.Controler /media/volume/Tareek-instance_vol-1/Tareek-work/Tareek/experiments/bham_local_hermes_w12_nw20_fr03_10iter/config.xml
2026-10-01 18:22:59 - matsim.runner - INFO - Waiting for simulation to complete...
2026-10-01 19:06:42 - matsim.runner - INFO - Simulation completed in 2623.48 seconds
2026-10-01 19:06:42 - matsim.runner - INFO - Simulation completed successfully
2026-10-01 19:06:42 - matsim.orchestrator - INFO - Simulation completed
2026-10-01 19:06:42 - __main__ - INFO - 
2026-10-01 19:06:42 - __main__ - INFO - Simulation status: completed
2026-10-01 19:06:42 - __main__ - INFO - 
2026-10-01 19:06:42 - __main__ - INFO - ============================================================
2026-10-01 19:06:42 - __main__ - INFO - STEP 6: EVALUATING SIMULATION
2026-10-01 19:06:42 - __main__ - INFO - ============================================================
2026-10-01 19:06:42 - __main__ - INFO - Initializing evaluator with ground truth data from: data/evaluation
2026-10-01 19:06:42 - __main__ - INFO - Running evaluation...
2026-10-01 19:06:42 - __main__ - INFO - 
2026-10-01 19:06:42 - matsim.trip_timing - INFO - Trip timing figures: planned schedule (output/ITERS/it.0/0.plans.xml.gz) against iteration 10
2026-10-01 19:07:14 - matsim.trip_timing - INFO - Saved dep_arr_by_activity_demand.png
2026-10-01 19:07:15 - matsim.trip_timing - INFO - Saved dep_arr_by_activity_sim.png
2026-10-01 19:07:18 - matsim.trip_timing - INFO - Saved trip_duration_by_hour_demand.png
2026-10-01 19:07:19 - matsim.trip_timing - INFO - Saved trip_duration_by_hour_sim.png
2026-10-01 19:07:21 - matsim.trip_timing - INFO -   it.10 activity durations: left out 160986 open-ended rows that are not a Home-to-Home overnight stay, and 0 all-day stays
2026-10-01 19:07:23 - matsim.trip_timing - INFO - Saved activity_duration_by_type.png
2026-10-01 19:07:23 - matsim.evaluator - INFO - Loading matched devices from: /media/volume/Tareek-instance_vol-1/Tareek-work/Tareek/experiments/bham_local_hermes_w12_nw20_fr03_10iter/matched_devices.csv
2026-10-01 19:07:23 - matsim.evaluator - INFO - Loaded 62 devices matched to network links
2026-10-01 19:07:23 - matsim.evaluator - INFO - Using MATSim countscompare file: output/ITERS/it.10/10.countscompare.txt
2026-10-01 19:07:23 - matsim.evaluator - INFO - Auto-detected network file: output/output_network.xml.gz
2026-10-01 19:07:23 - matsim.evaluator - INFO - Auto-detected linkstats file: output/ITERS/it.10/10.linkstats.txt.gz
2026-10-01 19:07:23 - matsim.evaluator - INFO - Loading scaling factors from experiment config...
2026-10-01 19:07:23 - matsim.evaluator - INFO - Loaded scaling factors: population=0.25, flow=0.25, storage=0.3
2026-10-01 19:07:23 - matsim.evaluator - INFO - Loading network for spatial visualization...
2026-10-01 19:07:43 - matsim.evaluator - INFO - Loaded 204,379 links
2026-10-01 19:07:43 - matsim.evaluator - INFO - Loading linkstats...
2026-10-01 19:07:45 - matsim.evaluator - INFO - Scaled simulated volumes by 4.00x (1/0.25 population scaling)
2026-10-01 19:07:45 - matsim.evaluator - INFO - Loaded 204,379 links from linkstats
2026-10-01 19:07:45 - matsim.evaluator - INFO - Comparing volumes from MATSim countscompare.txt...
2026-10-01 19:07:45 - matsim.evaluator - INFO - Read 1,392 station-hour comparisons from 10.countscompare.txt (58 stations)
2026-10-01 19:07:45 - matsim.evaluator - INFO - Generated 1,392 station-hour comparisons
2026-10-01 19:07:45 - matsim.evaluator - INFO - Calculating summary metrics...
2026-10-01 19:07:45 - matsim.evaluator - INFO - Saved comparison results to /media/volume/Tareek-instance_vol-1/Tareek-work/Tareek/experiments/bham_local_hermes_w12_nw20_fr03_10iter/evaluation/volume_comparison.csv
2026-10-01 19:07:46 - matsim.evaluator - INFO - Saved hourly relative-error box plot to /media/volume/Tareek-instance_vol-1/Tareek-work/Tareek/experiments/bham_local_hermes_w12_nw20_fr03_10iter/evaluation/hourly_relative_error_box.png
2026-10-01 19:07:46 - matsim.evaluator - INFO - Saved hourly bias plot to /media/volume/Tareek-instance_vol-1/Tareek-work/Tareek/experiments/bham_local_hermes_w12_nw20_fr03_10iter/evaluation/hourly_bias.png
2026-10-01 19:07:46 - matsim.evaluator - INFO - Saved station ratio dot plot to /media/volume/Tareek-instance_vol-1/Tareek-work/Tareek/experiments/bham_local_hermes_w12_nw20_fr03_10iter/evaluation/station_ratio_dotplot.png
2026-10-01 19:07:46 - matsim.evaluator - INFO - Generating hourly count station error maps...
2026-10-01 19:07:47 - utils.region_utils - INFO - Loaded 2 county boundary polygons
2026-10-01 19:07:49 - matsim.evaluator - INFO - Saved hourly pct-error map to /media/volume/Tareek-instance_vol-1/Tareek-work/Tareek/experiments/bham_local_hermes_w12_nw20_fr03_10iter/evaluation/count_error_h00.png
2026-10-01 19:07:51 - matsim.evaluator - INFO - Saved hourly pct-error map to /media/volume/Tareek-instance_vol-1/Tareek-work/Tareek/experiments/bham_local_hermes_w12_nw20_fr03_10iter/evaluation/count_error_h01.png
2026-10-01 19:07:54 - matsim.evaluator - INFO - Saved hourly pct-error map to /media/volume/Tareek-instance_vol-1/Tareek-work/Tareek/experiments/bham_local_hermes_w12_nw20_fr03_10iter/evaluation/count_error_h02.png
2026-10-01 19:07:56 - matsim.evaluator - INFO - Saved hourly pct-error map to /media/volume/Tareek-instance_vol-1/Tareek-work/Tareek/experiments/bham_local_hermes_w12_nw20_fr03_10iter/evaluation/count_error_h03.png
2026-10-01 19:07:59 - matsim.evaluator - INFO - Saved hourly pct-error map to /media/volume/Tareek-instance_vol-1/Tareek-work/Tareek/experiments/bham_local_hermes_w12_nw20_fr03_10iter/evaluation/count_error_h04.png
2026-10-01 19:08:01 - matsim.evaluator - INFO - Saved hourly pct-error map to /media/volume/Tareek-instance_vol-1/Tareek-work/Tareek/experiments/bham_local_hermes_w12_nw20_fr03_10iter/evaluation/count_error_h05.png
2026-10-01 19:08:04 - matsim.evaluator - INFO - Saved hourly pct-error map to /media/volume/Tareek-instance_vol-1/Tareek-work/Tareek/experiments/bham_local_hermes_w12_nw20_fr03_10iter/evaluation/count_error_h06.png
2026-10-01 19:08:06 - matsim.evaluator - INFO - Saved hourly pct-error map to /media/volume/Tareek-instance_vol-1/Tareek-work/Tareek/experiments/bham_local_hermes_w12_nw20_fr03_10iter/evaluation/count_error_h07.png
2026-10-01 19:08:09 - matsim.evaluator - INFO - Saved hourly pct-error map to /media/volume/Tareek-instance_vol-1/Tareek-work/Tareek/experiments/bham_local_hermes_w12_nw20_fr03_10iter/evaluation/count_error_h08.png
2026-10-01 19:08:12 - matsim.evaluator - INFO - Saved hourly pct-error map to /media/volume/Tareek-instance_vol-1/Tareek-work/Tareek/experiments/bham_local_hermes_w12_nw20_fr03_10iter/evaluation/count_error_h09.png
2026-10-01 19:08:14 - matsim.evaluator - INFO - Saved hourly pct-error map to /media/volume/Tareek-instance_vol-1/Tareek-work/Tareek/experiments/bham_local_hermes_w12_nw20_fr03_10iter/evaluation/count_error_h10.png
2026-10-01 19:08:16 - matsim.evaluator - INFO - Saved hourly pct-error map to /media/volume/Tareek-instance_vol-1/Tareek-work/Tareek/experiments/bham_local_hermes_w12_nw20_fr03_10iter/evaluation/count_error_h11.png
2026-10-01 19:08:19 - matsim.evaluator - INFO - Saved hourly pct-error map to /media/volume/Tareek-instance_vol-1/Tareek-work/Tareek/experiments/bham_local_hermes_w12_nw20_fr03_10iter/evaluation/count_error_h12.png
2026-10-01 19:08:21 - matsim.evaluator - INFO - Saved hourly pct-error map to /media/volume/Tareek-instance_vol-1/Tareek-work/Tareek/experiments/bham_local_hermes_w12_nw20_fr03_10iter/evaluation/count_error_h13.png
2026-10-01 19:08:24 - matsim.evaluator - INFO - Saved hourly pct-error map to /media/volume/Tareek-instance_vol-1/Tareek-work/Tareek/experiments/bham_local_hermes_w12_nw20_fr03_10iter/evaluation/count_error_h14.png
2026-10-01 19:08:26 - matsim.evaluator - INFO - Saved hourly pct-error map to /media/volume/Tareek-instance_vol-1/Tareek-work/Tareek/experiments/bham_local_hermes_w12_nw20_fr03_10iter/evaluation/count_error_h15.png
2026-10-01 19:08:29 - matsim.evaluator - INFO - Saved hourly pct-error map to /media/volume/Tareek-instance_vol-1/Tareek-work/Tareek/experiments/bham_local_hermes_w12_nw20_fr03_10iter/evaluation/count_error_h16.png
2026-10-01 19:08:31 - matsim.evaluator - INFO - Saved hourly pct-error map to /media/volume/Tareek-instance_vol-1/Tareek-work/Tareek/experiments/bham_local_hermes_w12_nw20_fr03_10iter/evaluation/count_error_h17.png
2026-10-01 19:08:34 - matsim.evaluator - INFO - Saved hourly pct-error map to /media/volume/Tareek-instance_vol-1/Tareek-work/Tareek/experiments/bham_local_hermes_w12_nw20_fr03_10iter/evaluation/count_error_h18.png
2026-10-01 19:08:36 - matsim.evaluator - INFO - Saved hourly pct-error map to /media/volume/Tareek-instance_vol-1/Tareek-work/Tareek/experiments/bham_local_hermes_w12_nw20_fr03_10iter/evaluation/count_error_h19.png
2026-10-01 19:08:39 - matsim.evaluator - INFO - Saved hourly pct-error map to /media/volume/Tareek-instance_vol-1/Tareek-work/Tareek/experiments/bham_local_hermes_w12_nw20_fr03_10iter/evaluation/count_error_h20.png
2026-10-01 19:08:41 - matsim.evaluator - INFO - Saved hourly pct-error map to /media/volume/Tareek-instance_vol-1/Tareek-work/Tareek/experiments/bham_local_hermes_w12_nw20_fr03_10iter/evaluation/count_error_h21.png
2026-10-01 19:08:44 - matsim.evaluator - INFO - Saved hourly pct-error map to /media/volume/Tareek-instance_vol-1/Tareek-work/Tareek/experiments/bham_local_hermes_w12_nw20_fr03_10iter/evaluation/count_error_h22.png
2026-10-01 19:08:46 - matsim.evaluator - INFO - Saved hourly pct-error map to /media/volume/Tareek-instance_vol-1/Tareek-work/Tareek/experiments/bham_local_hermes_w12_nw20_fr03_10iter/evaluation/count_error_h23.png
2026-10-01 19:08:46 - matsim.evaluator - INFO - Generating highway congestion heatmaps for 24 hour(s)...
2026-10-01 19:08:49 - matsim.evaluator - INFO -   Highway links for peak heatmaps: 12,136 (of 204,379 total)
2026-10-01 19:08:49 - matsim.evaluator - INFO -   Free travel time offset (p90 of recorded - rounded free time, near-empty links in the quietest hour h2): +1.00 s
2026-10-01 19:08:58 - matsim.evaluator - INFO -   12 AM congestion, share of 1,738 highway km with traffic — Severe 0.0%, Congested 0.0%, Moderate 0.0%, Free flow 100.0%; no traffic: 3,411 links
2026-10-01 19:08:59 - matsim.evaluator - INFO - Saved congestion heatmap to /media/volume/Tareek-instance_vol-1/Tareek-work/Tareek/experiments/bham_local_hermes_w12_nw20_fr03_10iter/evaluation/heatmap_h00_highways.png
2026-10-01 19:09:08 - matsim.evaluator - INFO -   1 AM congestion, share of 1,789 highway km with traffic — Severe 0.0%, Congested 0.0%, Moderate 0.0%, Free flow 100.0%; no traffic: 3,641 links
2026-10-01 19:09:10 - matsim.evaluator - INFO - Saved congestion heatmap to /media/volume/Tareek-instance_vol-1/Tareek-work/Tareek/experiments/bham_local_hermes_w12_nw20_fr03_10iter/evaluation/heatmap_h01_highways.png
2026-10-01 19:09:19 - matsim.evaluator - INFO -   2 AM congestion, share of 1,840 highway km with traffic — Severe 0.0%, Congested 0.0%, Moderate 0.0%, Free flow 100.0%; no traffic: 3,332 links
2026-10-01 19:09:20 - matsim.evaluator - INFO - Saved congestion heatmap to /media/volume/Tareek-instance_vol-1/Tareek-work/Tareek/experiments/bham_local_hermes_w12_nw20_fr03_10iter/evaluation/heatmap_h02_highways.png
2026-10-01 19:09:29 - matsim.evaluator - INFO -   3 AM congestion, share of 2,003 highway km with traffic — Severe 0.0%, Congested 0.0%, Moderate 0.0%, Free flow 100.0%; no traffic: 2,172 links
2026-10-01 19:09:30 - matsim.evaluator - INFO - Saved congestion heatmap to /media/volume/Tareek-instance_vol-1/Tareek-work/Tareek/experiments/bham_local_hermes_w12_nw20_fr03_10iter/evaluation/heatmap_h03_highways.png
2026-10-01 19:09:40 - matsim.evaluator - INFO -   4 AM congestion, share of 1,980 highway km with traffic — Severe 0.0%, Congested 0.0%, Moderate 0.0%, Free flow 100.0%; no traffic: 2,280 links
2026-10-01 19:09:41 - matsim.evaluator - INFO - Saved congestion heatmap to /media/volume/Tareek-instance_vol-1/Tareek-work/Tareek/experiments/bham_local_hermes_w12_nw20_fr03_10iter/evaluation/heatmap_h04_highways.png
2026-10-01 19:09:50 - matsim.evaluator - INFO -   5 AM congestion, share of 2,104 highway km with traffic — Severe 0.0%, Congested 0.0%, Moderate 0.0%, Free flow 100.0%; no traffic: 1,713 links
2026-10-01 19:09:51 - matsim.evaluator - INFO - Saved congestion heatmap to /media/volume/Tareek-instance_vol-1/Tareek-work/Tareek/experiments/bham_local_hermes_w12_nw20_fr03_10iter/evaluation/heatmap_h05_highways.png
2026-10-01 19:10:01 - matsim.evaluator - INFO -   6 AM congestion, share of 2,126 highway km with traffic — Severe 0.0%, Congested 0.0%, Moderate 0.1%, Free flow 99.9%; no traffic: 1,549 links
2026-10-01 19:10:02 - matsim.evaluator - INFO - Saved congestion heatmap to /media/volume/Tareek-instance_vol-1/Tareek-work/Tareek/experiments/bham_local_hermes_w12_nw20_fr03_10iter/evaluation/heatmap_h06_highways.png
2026-10-01 19:10:11 - matsim.evaluator - INFO -   7 AM congestion, share of 2,168 highway km with traffic — Severe 1.3%, Congested 1.1%, Moderate 1.5%, Free flow 96.2%; no traffic: 1,244 links
2026-10-01 19:10:13 - matsim.evaluator - INFO - Saved congestion heatmap to /media/volume/Tareek-instance_vol-1/Tareek-work/Tareek/experiments/bham_local_hermes_w12_nw20_fr03_10iter/evaluation/heatmap_h07_highways.png
2026-10-01 19:10:22 - matsim.evaluator - INFO -   8 AM congestion, share of 2,245 highway km with traffic — Severe 4.5%, Congested 1.3%, Moderate 1.8%, Free flow 92.5%; no traffic: 997 links
2026-10-01 19:10:23 - matsim.evaluator - INFO - Saved congestion heatmap to /media/volume/Tareek-instance_vol-1/Tareek-work/Tareek/experiments/bham_local_hermes_w12_nw20_fr03_10iter/evaluation/heatmap_8am_highways.png
2026-10-01 19:10:32 - matsim.evaluator - INFO -   9 AM congestion, share of 2,245 highway km with traffic — Severe 4.3%, Congested 1.0%, Moderate 1.7%, Free flow 93.0%; no traffic: 985 links
2026-10-01 19:10:34 - matsim.evaluator - INFO - Saved congestion heatmap to /media/volume/Tareek-instance_vol-1/Tareek-work/Tareek/experiments/bham_local_hermes_w12_nw20_fr03_10iter/evaluation/heatmap_h09_highways.png
2026-10-01 19:10:43 - matsim.evaluator - INFO -   10 AM congestion, share of 2,221 highway km with traffic — Severe 2.6%, Congested 0.6%, Moderate 1.0%, Free flow 95.8%; no traffic: 1,084 links
2026-10-01 19:10:44 - matsim.evaluator - INFO - Saved congestion heatmap to /media/volume/Tareek-instance_vol-1/Tareek-work/Tareek/experiments/bham_local_hermes_w12_nw20_fr03_10iter/evaluation/heatmap_h10_highways.png
2026-10-01 19:10:53 - matsim.evaluator - INFO -   11 AM congestion, share of 2,251 highway km with traffic — Severe 1.4%, Congested 0.4%, Moderate 0.8%, Free flow 97.4%; no traffic: 984 links
2026-10-01 19:10:55 - matsim.evaluator - INFO - Saved congestion heatmap to /media/volume/Tareek-instance_vol-1/Tareek-work/Tareek/experiments/bham_local_hermes_w12_nw20_fr03_10iter/evaluation/heatmap_h11_highways.png
2026-10-01 19:11:04 - matsim.evaluator - INFO -   12 PM congestion, share of 2,231 highway km with traffic — Severe 0.7%, Congested 0.3%, Moderate 0.6%, Free flow 98.5%; no traffic: 1,070 links
2026-10-01 19:11:05 - matsim.evaluator - INFO - Saved congestion heatmap to /media/volume/Tareek-instance_vol-1/Tareek-work/Tareek/experiments/bham_local_hermes_w12_nw20_fr03_10iter/evaluation/heatmap_h12_highways.png
2026-10-01 19:11:14 - matsim.evaluator - INFO -   1 PM congestion, share of 2,216 highway km with traffic — Severe 0.3%, Congested 0.3%, Moderate 0.8%, Free flow 98.7%; no traffic: 1,142 links
2026-10-01 19:11:16 - matsim.evaluator - INFO - Saved congestion heatmap to /media/volume/Tareek-instance_vol-1/Tareek-work/Tareek/experiments/bham_local_hermes_w12_nw20_fr03_10iter/evaluation/heatmap_h13_highways.png
2026-10-01 19:11:25 - matsim.evaluator - INFO -   2 PM congestion, share of 2,206 highway km with traffic — Severe 0.2%, Congested 0.2%, Moderate 0.9%, Free flow 98.7%; no traffic: 1,146 links
2026-10-01 19:11:26 - matsim.evaluator - INFO - Saved congestion heatmap to /media/volume/Tareek-instance_vol-1/Tareek-work/Tareek/experiments/bham_local_hermes_w12_nw20_fr03_10iter/evaluation/heatmap_h14_highways.png
2026-10-01 19:11:36 - matsim.evaluator - INFO -   3 PM congestion, share of 2,257 highway km with traffic — Severe 0.2%, Congested 0.3%, Moderate 1.0%, Free flow 98.6%; no traffic: 999 links
2026-10-01 19:11:37 - matsim.evaluator - INFO - Saved congestion heatmap to /media/volume/Tareek-instance_vol-1/Tareek-work/Tareek/experiments/bham_local_hermes_w12_nw20_fr03_10iter/evaluation/heatmap_h15_highways.png
2026-10-01 19:11:46 - matsim.evaluator - INFO -   4 PM congestion, share of 2,192 highway km with traffic — Severe 0.3%, Congested 0.5%, Moderate 0.9%, Free flow 98.3%; no traffic: 1,205 links
2026-10-01 19:11:48 - matsim.evaluator - INFO - Saved congestion heatmap to /media/volume/Tareek-instance_vol-1/Tareek-work/Tareek/experiments/bham_local_hermes_w12_nw20_fr03_10iter/evaluation/heatmap_h16_highways.png
2026-10-01 19:11:57 - matsim.evaluator - INFO -   5 PM congestion, share of 2,183 highway km with traffic — Severe 0.6%, Congested 0.4%, Moderate 1.0%, Free flow 98.0%; no traffic: 1,254 links
2026-10-01 19:11:58 - matsim.evaluator - INFO - Saved congestion heatmap to /media/volume/Tareek-instance_vol-1/Tareek-work/Tareek/experiments/bham_local_hermes_w12_nw20_fr03_10iter/evaluation/heatmap_5pm_highways.png
2026-10-01 19:12:08 - matsim.evaluator - INFO -   6 PM congestion, share of 2,139 highway km with traffic — Severe 0.4%, Congested 0.3%, Moderate 0.9%, Free flow 98.4%; no traffic: 1,435 links
2026-10-01 19:12:09 - matsim.evaluator - INFO - Saved congestion heatmap to /media/volume/Tareek-instance_vol-1/Tareek-work/Tareek/experiments/bham_local_hermes_w12_nw20_fr03_10iter/evaluation/heatmap_h18_highways.png
2026-10-01 19:12:18 - matsim.evaluator - INFO -   7 PM congestion, share of 2,141 highway km with traffic — Severe 0.4%, Congested 0.2%, Moderate 0.8%, Free flow 98.5%; no traffic: 1,406 links
2026-10-01 19:12:19 - matsim.evaluator - INFO - Saved congestion heatmap to /media/volume/Tareek-instance_vol-1/Tareek-work/Tareek/experiments/bham_local_hermes_w12_nw20_fr03_10iter/evaluation/heatmap_h19_highways.png
2026-10-01 19:12:29 - matsim.evaluator - INFO -   8 PM congestion, share of 2,129 highway km with traffic — Severe 0.3%, Congested 0.1%, Moderate 0.3%, Free flow 99.3%; no traffic: 1,529 links
2026-10-01 19:12:30 - matsim.evaluator - INFO - Saved congestion heatmap to /media/volume/Tareek-instance_vol-1/Tareek-work/Tareek/experiments/bham_local_hermes_w12_nw20_fr03_10iter/evaluation/heatmap_h20_highways.png
2026-10-01 19:12:40 - matsim.evaluator - INFO -   9 PM congestion, share of 2,161 highway km with traffic — Severe 0.1%, Congested 0.0%, Moderate 0.2%, Free flow 99.6%; no traffic: 1,389 links
2026-10-01 19:12:41 - matsim.evaluator - INFO - Saved congestion heatmap to /media/volume/Tareek-instance_vol-1/Tareek-work/Tareek/experiments/bham_local_hermes_w12_nw20_fr03_10iter/evaluation/heatmap_h21_highways.png
2026-10-01 19:12:50 - matsim.evaluator - INFO -   10 PM congestion, share of 2,109 highway km with traffic — Severe 0.1%, Congested 0.1%, Moderate 0.2%, Free flow 99.7%; no traffic: 1,604 links
2026-10-01 19:12:51 - matsim.evaluator - INFO - Saved congestion heatmap to /media/volume/Tareek-instance_vol-1/Tareek-work/Tareek/experiments/bham_local_hermes_w12_nw20_fr03_10iter/evaluation/heatmap_h22_highways.png
2026-10-01 19:13:00 - matsim.evaluator - INFO -   11 PM congestion, share of 2,083 highway km with traffic — Severe 0.0%, Congested 0.0%, Moderate 0.1%, Free flow 99.9%; no traffic: 1,804 links
2026-10-01 19:13:02 - matsim.evaluator - INFO - Saved congestion heatmap to /media/volume/Tareek-instance_vol-1/Tareek-work/Tareek/experiments/bham_local_hermes_w12_nw20_fr03_10iter/evaluation/heatmap_h23_highways.png
2026-10-01 19:13:10 - matsim.evaluator - INFO - Saved 24 log-log scatter plot(s) to /media/volume/Tareek-instance_vol-1/Tareek-work/Tareek/experiments/bham_local_hermes_w12_nw20_fr03_10iter/evaluation
2026-10-01 19:13:10 - matsim.evaluator - INFO - Generating per-device reports...
2026-10-01 19:13:10 - matsim.evaluator - INFO - Generating per-device reports for 62 devices...
2026-10-01 19:13:46 - matsim.evaluator - INFO - Per-device reports saved to /media/volume/Tareek-instance_vol-1/Tareek-work/Tareek/experiments/bham_local_hermes_w12_nw20_fr03_10iter/evaluation/device_reports
2026-10-01 19:13:46 - __main__ - INFO - 
2026-10-01 19:13:46 - __main__ - INFO - ============================================================
2026-10-01 19:13:46 - __main__ - INFO - EVALUATION RESULTS
2026-10-01 19:13:46 - __main__ - INFO - ============================================================
2026-10-01 19:13:46 - __main__ - INFO - Devices validated: 41
2026-10-01 19:13:46 - __main__ - INFO - Total comparisons: 1,392
2026-10-01 19:13:46 - __main__ - INFO - Mean Absolute Error (MAE): 469.76 vehicles
2026-10-01 19:13:46 - __main__ - INFO - Root Mean Square Error (RMSE): 703.76 vehicles
2026-10-01 19:13:46 - __main__ - INFO - GEH < 5 (hourly counts, target >=85%): 24.7%
2026-10-01 19:13:46 - __main__ - INFO - GEH < 5 (station daily totals): 8.6%
2026-10-01 19:13:46 - __main__ - INFO - Correlation: 0.757
2026-10-01 19:13:46 - __main__ - INFO - Peak-hour correlation (6-9,15-18): 0.604
2026-10-01 19:13:46 - __main__ - INFO - 
2026-10-01 19:13:46 - __main__ - INFO - Results saved to: /media/volume/Tareek-instance_vol-1/Tareek-work/Tareek/experiments/bham_local_hermes_w12_nw20_fr03_10iter/evaluation
2026-10-01 19:13:46 - __main__ - INFO - ============================================================
2026-10-01 19:13:46 - __main__ - INFO - 
2026-10-01 19:14:50 - validate_demand - INFO - Survey sources in DB: {('bham_local', 'undated'): np.int64(1071), ('nhts', '2022'): np.int64(30462)}
2026-10-01 19:14:50 - validate_demand - INFO - Ignoring survey 'nhts': not declared by this run's config. It belongs to a different region, so it is not a valid reference here.
2026-10-01 19:14:50 - validate_demand - INFO - Simulated trips: /media/volume/Tareek-instance_vol-1/Tareek-work/Tareek/experiments/bham_local_hermes_w12_nw20_fr03_10iter/output/ITERS/it.10/10.trips.csv.gz
2026-10-01 19:15:07 - __main__ - INFO -   Demand validation vs survey added to summary
2026-10-01 19:15:07 - __main__ - INFO - Experiment summary saved to: /media/volume/Tareek-instance_vol-1/Tareek-work/Tareek/experiments/bham_local_hermes_w12_nw20_fr03_10iter/experiment_summary.json
2026-10-01 19:15:11 - __main__ - INFO - Experiment report saved to: /media/volume/Tareek-instance_vol-1/Tareek-work/Tareek/experiments/bham_local_hermes_w12_nw20_fr03_10iter/report.html
2026-10-01 19:15:11 - __main__ - INFO -   For a PDF: python scripts/experiment_report.py --html-to-pdf <that file>  (needs a browser)
2026-10-01 19:15:11 - __main__ - INFO - Experiment tracked in: /media/volume/Tareek-instance_vol-1/Tareek-work/Tareek/experiments/experiment_comparison.csv
2026-10-01 19:15:11 - __main__ - INFO - Suggestion: Increase iterations from 10 to 15-20 for better convergence.
2026-10-01 19:15:11 - __main__ - INFO - ============================================================
2026-10-01 19:15:11 - __main__ - INFO - EXPERIMENT COMPLETE
2026-10-01 19:15:11 - __main__ - INFO - ============================================================
2026-10-01 19:15:11 - __main__ - INFO - Experiment ID: bham_local_hermes_w12_nw20_fr03_10iter
2026-10-01 19:15:11 - __main__ - INFO - Experiment directory: /media/volume/Tareek-instance_vol-1/Tareek-work/Tareek/experiments/bham_local_hermes_w12_nw20_fr03_10iter
2026-10-01 19:15:11 - __main__ - INFO - Status: completed
2026-10-01 19:15:11 - __main__ - INFO - 
2026-10-01 19:15:11 - __main__ - INFO - Results available at:
2026-10-01 19:15:11 - __main__ - INFO -   Network: network.xml
2026-10-01 19:15:11 - __main__ - INFO -   Plans: plans.xml
2026-10-01 19:15:11 - __main__ - INFO -   Output: output/
2026-10-01 19:15:11 - __main__ - INFO -   Evaluation: evaluation/
2026-10-01 19:15:11 - __main__ - INFO - ============================================================
