2026-09-27 21:49:49 - data_sources.base_survey_trip - INFO - Logging to: /media/volume/Tareek-instance_vol-1/Tareek-work/Tareek/logs/plan_generation_20260927_214949.log
2026-09-27 21:49:50 - __main__ - INFO - ============================================================
2026-09-27 21:49:50 - __main__ - INFO - STEP 1: VALIDATING CONFIGURATION
2026-09-27 21:49:50 - __main__ - INFO - ============================================================
2026-09-27 21:49:50 - utils.config_validator - INFO - Loaded config from: config/USA/TwinCities/config_10iter_tc_hermes_nw14_fr03.json
2026-09-27 21:49:50 - utils.config_validator - INFO - Validating configuration...
2026-09-27 21:49:50 - utils.config_validator - INFO - Network config: Using 15 counties
2026-09-27 21:49:50 - utils.config_validator - INFO - MATSim config: mode=basic, run_simulation=True
2026-09-27 21:49:50 - utils.config_validator - INFO - Plan generation config: target_plans=all, scaling_factor=0.15
2026-09-27 21:49:50 - utils.config_validator - INFO - Data directory validated: /media/volume/Tareek-instance_vol-1/Tareek-work/Tareek/data
2026-09-27 21:49:50 - utils.config_validator - INFO - Counts config: enabled=True, custom=False
2026-09-27 21:49:50 - utils.config_validator - WARNING - nonwork_purposes.nonwork_trip_share = 1.4 (neutral = 1.0): this scales the survey value
2026-09-27 21:49:50 - utils.config_validator - INFO - External tools found: java
2026-09-27 21:49:50 - utils.config_validator - INFO - Configuration validation passed
2026-09-27 21:49:50 - __main__ - INFO - Configuration file: config/USA/TwinCities/config_10iter_tc_hermes_nw14_fr03.json
2026-09-27 21:49:50 - __main__ - INFO - Experiment ID: tc_pf_hermes_nw14_fr03_10iter
2026-09-27 21:49:50 - __main__ - INFO - 
2026-09-27 21:49:50 - __main__ - INFO - ============================================================
2026-09-27 21:49:50 - __main__ - INFO - DETECTING COORDINATE SYSTEM
2026-09-27 21:49:50 - __main__ - INFO - ============================================================
2026-09-27 21:49:51 - __main__ - INFO -   Counties: Mille Lacs, Wright, Scott, Chisago, Dakota, Anoka, Ramsey, Isanti, Washington, Sherburne, Le Sueur, Hennepin, Carver, Pierce, St. Croix
2026-09-27 21:49:51 - __main__ - INFO -   Average centroid: (45.0820, -93.2851)
2026-09-27 21:49:51 - __main__ - INFO -   Detected UTM EPSG: EPSG:26915
2026-09-27 21:49:51 - __main__ - INFO -   All downstream components will use EPSG:26915
2026-09-27 21:49:51 - __main__ - INFO - 
2026-09-27 21:49:51 - __main__ - INFO - ============================================================
2026-09-27 21:49:51 - __main__ - INFO - STEP 2: SETTING UP EXPERIMENT DIRECTORY
2026-09-27 21:49:51 - __main__ - INFO - ============================================================
2026-09-27 21:49:51 - utils.logger - INFO - Logging reconfigured from /media/volume/Tareek-instance_vol-1/Tareek-work/Tareek/logs/plan_generation_20260927_214949.log to /media/volume/Tareek-instance_vol-1/Tareek-work/Tareek/experiments/tc_pf_hermes_nw14_fr03_10iter/experiment_20260927_214951.log
2026-09-27 21:49:51 - utils.logger - INFO - Removed temporary log file: /media/volume/Tareek-instance_vol-1/Tareek-work/Tareek/logs/plan_generation_20260927_214949.log
2026-09-27 21:49:51 - __main__ - INFO - Created new experiment directory: /media/volume/Tareek-instance_vol-1/Tareek-work/Tareek/experiments/tc_pf_hermes_nw14_fr03_10iter
2026-09-27 21:49:51 - __main__ - INFO - All experiment logs will be saved to: /media/volume/Tareek-instance_vol-1/Tareek-work/Tareek/experiments/tc_pf_hermes_nw14_fr03_10iter/experiment_20260927_214951.log
2026-09-27 21:49:51 - __main__ - INFO - 
2026-09-27 21:49:51 - __main__ - INFO - ============================================================
2026-09-27 21:49:51 - __main__ - INFO - STEP 2b: GENERATING MATSIM config.xml
2026-09-27 21:49:51 - __main__ - INFO - ============================================================
2026-09-27 21:49:51 - matsim.config_manager - INFO - Generating MATSim config for mode: basic
2026-09-27 21:49:51 - matsim.config_manager - INFO - Using config template: /media/volume/Tareek-instance_vol-1/Tareek-work/Tareek/matsim/configs/basic/config.xml
2026-09-27 21:49:51 - matsim.config_manager - INFO - Auto-set writeLinkStatsInterval = 10 (matches lastIteration)
2026-09-27 21:49:51 - matsim.config_manager - INFO - Auto-set write*Interval = 10 (bulky per-iteration output written only at the final iteration; set matsim.write_intermediate_output=true to write every iteration)
2026-09-27 21:49:51 - matsim.config_manager - INFO - Auto-set counts.countsScaleFactor = 6.666666666666667 (1/0.15 flowCapacityFactor)
2026-09-27 21:49:51 - matsim.config_manager - INFO - Auto-set counts.writeCountsInterval = 10 (matches lastIteration)
2026-09-27 21:49:51 - matsim.config_manager - INFO - Applied configurable param: controller.mobsim = hermes
2026-09-27 21:49:51 - matsim.config_manager - INFO - Applied configurable param: global.numberOfThreads = 30
2026-09-27 21:49:51 - matsim.config_manager - INFO - Applied configurable param: qsim.numberOfThreads = 30
2026-09-27 21:49:51 - matsim.config_manager - INFO - Applied configurable param: qsim.flowCapacityFactor = 0.15
2026-09-27 21:49:51 - matsim.config_manager - INFO - Mirrored qsim.flowCapacityFactor -> hermes.flowCapacityFactor = 0.15
2026-09-27 21:49:51 - matsim.config_manager - INFO - Applied configurable param: qsim.storageCapacityFactor = 0.18
2026-09-27 21:49:51 - matsim.config_manager - INFO - Mirrored qsim.storageCapacityFactor -> hermes.storageCapacityFactor = 0.18
2026-09-27 21:49:51 - matsim.config_manager - INFO - Applied configurable param: qsim.stuckTime = 10.0
2026-09-27 21:49:51 - matsim.config_manager - INFO - Applied configurable param: linkStats.averageLinkStatsOverIterations = 5
2026-09-27 21:49:51 - matsim.config_manager - INFO - Applied scoring.waitingPt = -3.0
2026-09-27 21:49:51 - matsim.config_manager - INFO - Applied scoring.modeParams.walk.constant = -1.0
2026-09-27 21:49:51 - matsim.config_manager - INFO - Applied configurable param: transitRouter.maxBeelineWalkConnectionDistance = 250.0
2026-09-27 21:49:51 - matsim.config_manager - INFO - Applied configurable param: transitRouter.directWalkFactor = 1.3
2026-09-27 21:49:51 - matsim.config_manager - INFO - Applied configurable param: hermes.endTime = 36:00:00
2026-09-27 21:49:51 - matsim.config_manager - INFO - Mirrored qsim.flowCapacityFactor -> hermes.flowCapacityFactor = 0.15
2026-09-27 21:49:51 - matsim.config_manager - INFO - Mirrored qsim.storageCapacityFactor -> hermes.storageCapacityFactor = 0.18
2026-09-27 21:49:51 - matsim.config_manager - INFO - Applied scoring.waitingPt = -3.0
2026-09-27 21:49:51 - matsim.config_manager - INFO - Applied scoring.modeParams.walk.constant = -1.0
2026-09-27 21:49:51 - matsim.config_manager - INFO - Enabled transit module with transitModes=pt (from enabled modes: ['bus', 'rail']) (preserved existing params on: transitRouter)
2026-09-27 21:49:51 - matsim.config_manager - INFO - Registered scoring activityParams for 'freight_origin'
2026-09-27 21:49:51 - matsim.config_manager - INFO - Registered scoring activityParams for 'freight_destination'
2026-09-27 21:49:51 - matsim.config_manager - INFO - Set replanning strategies for freight: ChangeExpBeta=0.8, ReRoute=0.2
2026-09-27 21:49:51 - matsim.config_manager - INFO - Freight: writeEventsInterval = 10 so the final iteration emits events (needed to isolate the truck stream)
2026-09-27 21:49:51 - matsim.config_manager - INFO - Config saved to: /media/volume/Tareek-instance_vol-1/Tareek-work/Tareek/experiments/tc_pf_hermes_nw14_fr03_10iter/config.xml
2026-09-27 21:49:51 - models.freight.vehicles - INFO - Freight PCE is off; no vehicles.xml written (pce=1.0 run)
2026-09-27 21:49:51 - __main__ - INFO -   Generated: /media/volume/Tareek-instance_vol-1/Tareek-work/Tareek/experiments/tc_pf_hermes_nw14_fr03_10iter/config.xml
2026-09-27 21:49:51 - __main__ - INFO - 
2026-09-27 21:49:51 - __main__ - INFO - ============================================================
2026-09-27 21:49:51 - __main__ - INFO - STEP 3: SETTING UP NETWORK
2026-09-27 21:49:51 - __main__ - INFO - ============================================================
2026-09-27 21:49:51 - matsim.osm_downloader - INFO - OSM cache directory: /media/volume/Tareek-instance_vol-1/Tareek-work/Tareek/data/osm_cache
2026-09-27 21:49:53 - utils.region_utils - INFO - Retrieved 15 county names for network generation
2026-09-27 21:49:53 - __main__ - INFO - Converted 15 FIPS codes to county names
2026-09-27 21:49:54 - __main__ - INFO - Transit network enabled - setting up GTFS feeds...
2026-09-27 21:49:54 - data_sources.gtfs_manager - INFO - ==================================================
2026-09-27 21:49:54 - data_sources.gtfs_manager - INFO - GTFS SETUP
2026-09-27 21:49:54 - data_sources.gtfs_manager - INFO - ==================================================
2026-09-27 21:49:54 - data_sources.gtfs_manager - INFO - GTFS modes configured: ['bus', 'rail']
2026-09-27 21:49:54 - data_sources.gtfs_manager - INFO - Region bbox: (-94.2615, 44.1961, -92.1349, 46.2472) (took 0.2s)
2026-09-27 21:49:54 - data_sources.gtfs_manager - INFO - Using cached catalog: data/gtfs/feeds_v2.csv
2026-09-27 21:49:54 - data_sources.gtfs_manager - INFO - Catalog has 6475 total entries
2026-09-27 21:49:54 - data_sources.gtfs_manager - INFO -   After data_type=gtfs filter: 4548
2026-09-27 21:49:54 - data_sources.gtfs_manager - INFO -   After country=US filter: 1689
2026-09-27 21:49:54 - data_sources.gtfs_manager - INFO -   After excluding deprecated/inactive: 913
2026-09-27 21:49:54 - data_sources.gtfs_manager - INFO -   Skipped 4 feeds with bboxes too broad for region
2026-09-27 21:49:54 - data_sources.gtfs_manager - INFO - Found 4 GTFS feeds for region (took 0.1s):
2026-09-27 21:49:54 - data_sources.gtfs_manager - INFO -   - Metro Transit (mdb-205): Minnesota Anoka
2026-09-27 21:49:54 - data_sources.gtfs_manager - INFO -   - Minnesota Valley Transit Authority (MVTA) (mdb-206): Minnesota Apple Valley
2026-09-27 21:49:54 - data_sources.gtfs_manager - INFO -   - Hiawathaland Transit (mdb-2859): Minnesota Faribault
2026-09-27 21:49:54 - data_sources.gtfs_manager - INFO -   - St. Cloud Metropolitan Transit Commission (ntd-50028): Minnesota Stearns County
2026-09-27 21:49:54 - data_sources.gtfs_manager - INFO - Checking integrity of 6 feeds in database...
2026-09-27 21:49:54 - data_sources.gtfs_manager - INFO - All feeds are complete
2026-09-27 21:49:54 - data_sources.gtfs_manager - INFO - Feed mdb-205 is up to date (cached)
2026-09-27 21:49:54 - data_sources.gtfs_manager - INFO - Feed mdb-205 already in database, skipping
2026-09-27 21:49:54 - data_sources.gtfs_manager - INFO - Feed mdb-206 is up to date (cached)
2026-09-27 21:49:54 - data_sources.gtfs_manager - INFO - Feed mdb-206 already in database, skipping
2026-09-27 21:49:54 - data_sources.gtfs_manager - INFO - Feed mdb-2859 is up to date (cached)
2026-09-27 21:49:55 - data_sources.gtfs_manager - INFO - Feed mdb-2859 already in database, skipping
2026-09-27 21:49:55 - data_sources.gtfs_manager - INFO - Feed ntd-50028 is up to date (cached)
2026-09-27 21:49:55 - data_sources.gtfs_manager - INFO - Feed ntd-50028 already in database, skipping
2026-09-27 21:49:55 - data_sources.gtfs_manager - INFO - GTFS setup complete in 0.8s: 0 newly loaded, 4 already in DB, 0 failed (total 4 feeds)
2026-09-27 21:49:55 - data_sources.gtfs_manager - INFO - ==================================================
2026-09-27 21:49:55 - __main__ - INFO - GTFS setup complete
2026-09-27 21:49:55 - matsim.network_manager - INFO - Found existing network: /media/volume/Tareek-instance_vol-1/Tareek-work/Tareek/data/networks/c8696e6924712e09/network.xml
2026-09-27 21:49:55 - matsim.network_manager - INFO - Network ID: c8696e6924712e09
2026-09-27 21:49:55 - matsim.network_manager - INFO - Counties: 15 counties
2026-09-27 21:49:55 - matsim.network_manager - INFO - Copied cached network to: /media/volume/Tareek-instance_vol-1/Tareek-work/Tareek/experiments/tc_pf_hermes_nw14_fr03_10iter/network.xml
2026-09-27 21:49:55 - matsim.network_manager - INFO - Copied cached transitSchedule.xml to: /media/volume/Tareek-instance_vol-1/Tareek-work/Tareek/experiments/tc_pf_hermes_nw14_fr03_10iter/transitSchedule.xml
2026-09-27 21:49:55 - matsim.network_manager - INFO - Copied cached transitVehicles.xml to: /media/volume/Tareek-instance_vol-1/Tareek-work/Tareek/experiments/tc_pf_hermes_nw14_fr03_10iter/transitVehicles.xml
2026-09-27 21:49:55 - __main__ - INFO - Network ready: /media/volume/Tareek-instance_vol-1/Tareek-work/Tareek/experiments/tc_pf_hermes_nw14_fr03_10iter/network.xml
2026-09-27 21:49:55 - __main__ - INFO -   Nodes: 276140
2026-09-27 21:49:55 - __main__ - INFO -   Links: 636217
2026-09-27 21:49:55 - __main__ - INFO -   Coordinate system: EPSG:26915
2026-09-27 21:49:55 - __main__ - INFO -   Transit schedule: /media/volume/Tareek-instance_vol-1/Tareek-work/Tareek/experiments/tc_pf_hermes_nw14_fr03_10iter/transitSchedule.xml (exists=True)
2026-09-27 21:49:55 - __main__ - INFO -   Transit vehicles: /media/volume/Tareek-instance_vol-1/Tareek-work/Tareek/experiments/tc_pf_hermes_nw14_fr03_10iter/transitVehicles.xml (exists=True)
2026-09-27 21:49:55 - __main__ - INFO - 
2026-09-27 21:49:55 - __main__ - INFO - ============================================================
2026-09-27 21:49:55 - __main__ - INFO - STEP 3b: GENERATING COUNTS FILE
2026-09-27 21:49:55 - __main__ - INFO - ============================================================
2026-09-27 21:49:56 - data_sources.fha_counts_manager - INFO - Setting up FHA counts data...
2026-09-27 21:49:56 - data_sources.fha_counts_manager - INFO - FHA counts rebuild requested — clearing existing data and re-running ETL
2026-09-27 21:49:56 - utils.duckdb_manager - INFO - Successfully deleted records from fha_hourly_volumes
2026-09-27 21:49:56 - utils.duckdb_manager - INFO - Successfully deleted records from fha_stations
2026-09-27 21:49:56 - utils.duckdb_manager - INFO - Successfully deleted records from fha_hourly_volumes
2026-09-27 21:49:57 - utils.duckdb_manager - INFO - Successfully deleted records from fha_stations
2026-09-27 21:49:57 - data_sources.fha_counts_manager - INFO - FHA: cleared existing data for state(s) ['27', '55']
2026-09-27 21:49:57 - data_sources.fha_counts_manager - INFO - FHA: parsing stations for state MN, filtering to counties ['003', '019', '025', '037', '053', '059', '079', '095', '123', '139', '141', '163', '171']
2026-09-27 21:49:57 - data_sources.fha_counts_manager - INFO - FHA: dropped 2 station rows with non-cardinal travel_dir (diagonal codes 2/4/6/8)
2026-09-27 21:49:57 - data_sources.fha_counts_manager - INFO - FHA: parsing volumes for state MN, 53 station IDs
2026-09-27 21:49:57 - data_sources.fha_counts_manager - INFO - FHA: parsing stations for state WI, filtering to counties ['093', '109']
2026-09-27 21:49:57 - data_sources.fha_counts_manager - INFO - FHA: parsing volumes for state WI, 7 station IDs
2026-09-27 21:49:57 - data_sources.fha_counts_manager - INFO - FHA: 20 station-directions in STA have no volume data — skipped
2026-09-27 21:49:57 - utils.duckdb_manager - INFO - Successfully inserted 100 records into fha_stations
2026-09-27 21:49:57 - utils.duckdb_manager - INFO - Successfully inserted 100 records into fha_hourly_volumes
2026-09-27 21:49:57 - data_sources.fha_counts_manager - INFO - FHA: loaded 100 station-directions, 100 volume records for 2 state(s)
2026-09-27 21:49:57 - matsim.counts_generator - INFO - Generating counts.xml for MATSim validation...
2026-09-27 21:49:57 - matsim.counts_generator - INFO - Loading network from /media/volume/Tareek-instance_vol-1/Tareek-work/Tareek/experiments/tc_pf_hermes_nw14_fr03_10iter/network.xml
2026-09-27 21:52:02 - matsim.counts_generator - INFO - Loaded 636,217 links
2026-09-27 21:52:02 - matsim.counts_generator - INFO - FHA: 96 stations within network area (of 157 total)
2026-09-27 21:52:11 - matsim.counts_generator - INFO - FHA directional matching: 96 assigned, 0 dropped (0 for facility-class mismatch, rest no distinct carriageway)
2026-09-27 21:52:11 - matsim.counts_generator - INFO - FHA: 48 stations matched via HPMS functional-class constraint
2026-09-27 21:52:11 - matsim.counts_generator - INFO - FHA: matched 96 station-directions to network links
2026-09-27 21:52:11 - matsim.counts_generator - INFO - Counts sources: FHA only (96 stations)
2026-09-27 21:52:11 - utils.region_utils - INFO - Loaded 15 county boundary polygons
2026-09-27 21:52:46 - matsim.counts_generator - INFO - County boundary filter: removed 2 devices matched to buffer-zone links (outside county polygons)
2026-09-27 21:52:46 - matsim.counts_generator - INFO - County boundary filter: 94 devices retained
2026-09-27 21:52:46 - matsim.counts_generator - INFO - Generated counts.xml with 94 count locations
2026-09-27 21:52:46 - matsim.counts_generator - INFO -   - FHA per-direction counts: 94
2026-09-27 21:52:46 - matsim.counts_generator - INFO -   - Custom bidirectional sensors (50/50 split): 0
2026-09-27 21:52:46 - matsim.counts_generator - INFO -   - Saved to: /media/volume/Tareek-instance_vol-1/Tareek-work/Tareek/experiments/tc_pf_hermes_nw14_fr03_10iter/counts.xml
2026-09-27 21:52:46 - matsim.counts_generator - INFO -   - Saved matched devices to: /media/volume/Tareek-instance_vol-1/Tareek-work/Tareek/experiments/tc_pf_hermes_nw14_fr03_10iter/matched_devices.csv
2026-09-27 21:52:46 - __main__ - INFO - 
2026-09-27 21:52:47 - __main__ - INFO - ============================================================
2026-09-27 21:52:47 - __main__ - INFO - STEP 4: GENERATING ACTIVITY PLANS (WORK + NON-WORK)
2026-09-27 21:52:47 - __main__ - INFO - ============================================================
2026-09-27 21:52:48 - models.home_locs_v2 - INFO - Home locations already exist for all 15 configured counties
2026-09-27 21:52:50 - models.work_locs_v2 - INFO - Work locations already exist for all 15 configured counties
2026-09-27 21:52:51 - models.poi_manager - INFO - [OK] All 15 counties already have POIs in database
2026-09-27 21:52:51 - __main__ - INFO - Target total plans: all
2026-09-27 21:52:51 - __main__ - INFO - Scaling factor: 0.15
2026-09-27 21:52:51 - __main__ - INFO - 
2026-09-27 21:52:51 - __main__ - INFO - ------------------------------------------------------------
2026-09-27 21:52:51 - __main__ - INFO - LOADING SHARED DATA FOR NON-WORK PLANS
2026-09-27 21:52:51 - __main__ - INFO - ------------------------------------------------------------
2026-09-27 21:52:52 - models.home_locs_v2 - INFO - Loading home locations for 15 counties from config...
2026-09-27 21:52:53 - models.home_locs_v2 - INFO - Loaded 48,457 home location blocks for 15 counties
2026-09-27 21:52:53 - __main__ - INFO -   Loaded 48,457 home blocks (county-filtered)
2026-09-27 21:52:54 - models.poi_manager - INFO - Loaded 45,377 POIs across 6 activity types (county-filtered)
2026-09-27 21:52:54 - __main__ - INFO -   Loaded 45,377 POIs in 6 activity types (county-filtered)
2026-09-27 21:52:54 - __main__ - INFO -   Pre-computing POI-to-block mapping...
2026-09-27 21:52:54 - models.od_matrix_nonwork - INFO - Pre-computing POI-to-block mapping for ALL POIs...
2026-09-27 21:52:54 - models.od_matrix_nonwork - INFO -   Total POIs: 45,377
2026-09-27 21:52:54 - models.od_matrix_nonwork - INFO -   Blocks with coordinates: 48,457
2026-09-27 21:52:55 - models.od_matrix_nonwork - INFO -   Built KD-tree spatial index
2026-09-27 21:52:55 - models.od_matrix_nonwork - INFO -   POIs with valid coordinates: 45,377
2026-09-27 21:52:55 - models.od_matrix_nonwork - INFO -   Converting POI coordinates to EPSG:26915...
2026-09-27 21:52:56 - models.od_matrix_nonwork - INFO -   Finding nearest block for each POI...
2026-09-27 21:52:56 - models.od_matrix_nonwork - INFO -   POI-to-block mapping complete: 45,377 POIs mapped
2026-09-27 21:52:56 - __main__ - INFO -   POI-to-block mapping complete: 45,377 POIs mapped
2026-09-27 21:52:57 - data_sources.survey_manager - INFO - Survey data already exists for all 1 active source(s)
2026-09-27 21:52:57 - data_sources.survey_manager - INFO - Skipping survey source 'tbi' (weight=0)
2026-09-27 21:52:57 - data_sources.survey_manager - INFO - Initialized survey source: nhts (year=2022)
2026-09-27 21:52:57 - data_sources.base_survey_trip - INFO - Loading survey data from DuckDB...
2026-09-27 21:53:00 - data_sources.base_survey_trip - INFO - Loaded 30462 records from DuckDB
2026-09-27 21:53:00 - data_sources.survey_manager - INFO - Survey 'nhts': kept 22,851/30,462 weekday trips (dropped 7,611)
2026-09-27 21:53:00 - data_sources.nhts_survey_trip - INFO - NHTS person-days: 16,997 from /media/volume/Tareek-instance_vol-1/Tareek-work/Tareek/data/nhts/csv/perv2pub.csv
2026-09-27 21:53:00 - data_sources.survey_manager - INFO - Survey 'nhts': month window [3, 4, 5, 9, 10, 11] keeps 6,309/12,186 weekday person-days
2026-09-27 21:53:00 - data_sources.survey_manager - INFO - Survey 'nhts': month/person-day filter kept 12,403/22,851 trips
2026-09-27 21:53:00 - data_sources.survey_manager - INFO - Loaded 12403 records for 'nhts'
2026-09-27 21:53:00 - data_sources.survey_manager - INFO - Survey 'nhts': kept 22,851/30,462 weekday trips (dropped 7,611)
2026-09-27 21:53:00 - data_sources.survey_manager - INFO - Survey 'nhts': month/person-day filter kept 12,403/22,851 trips
2026-09-27 21:53:00 - data_sources.base_survey_trip - INFO - Processing persons and trips...
2026-09-27 21:53:04 - data_sources.base_survey_trip - INFO - Processed 4172 persons across 4172 person-days
2026-09-27 21:53:04 - data_sources.survey_manager - INFO - Processed 4172 persons for 'nhts'
2026-09-27 21:53:04 - __main__ - INFO -   Loaded 12,403 survey trips
2026-09-27 21:53:04 - __main__ - INFO -   Processed 4,172 persons
2026-09-27 21:53:04 - models.chains - INFO - Starting trip chain processing...
2026-09-27 21:53:05 - models.chains - INFO - Successfully processed 4172 trip chains
2026-09-27 21:53:05 - __main__ - INFO -   Processed 787 trip chains
2026-09-27 21:53:05 - __main__ - INFO -   Initializing shared time models...
2026-09-27 21:53:05 - models.time - INFO - Clock-time KDE bandwidth: 10 min
2026-09-27 21:53:05 - models.time - WARNING - INSUFFICIENT DATA: Only 5 departure samples for ('Dining', 'School') (need >5). No KDE model fitted for this pair.
2026-09-27 21:53:05 - models.time - WARNING - INSUFFICIENT DATA: Only 5 arrival samples for ('Dining', 'School') (need >5). No KDE model fitted for this pair.
2026-09-27 21:53:05 - models.time - INFO - Fitted models for 49 activity pairs
2026-09-27 21:53:05 - models.time - INFO - Mean trip durations: global=20.0min, per-pair=49 pairs
2026-09-27 21:53:05 - models.time - INFO - First-of-day departure KDEs: 18 pairs from 4172 first trips (of 12403 trips)
2026-09-27 21:53:07 - models.time - WARNING - FILTER: Rejected 1136 activity durations from survey (outside per-activity [min_minutes, max_minutes] bounds from config). Kept 7095 valid durations.
2026-09-27 21:53:07 - models.time - INFO - Extracted 7095 activity durations from survey
2026-09-27 21:53:07 - models.time - INFO -   Activity 'Dining': fitted survey KDE from 675 samples (mean=46.7 min, std=41.8 min)
2026-09-27 21:53:07 - models.time - INFO -   Activity 'Home': fitted survey KDE from 929 samples (mean=165.4 min, std=144.1 min)
2026-09-27 21:53:07 - models.time - INFO -   Activity 'Other': fitted survey KDE from 432 samples (mean=73.4 min, std=61.3 min)
2026-09-27 21:53:07 - models.time - INFO -   Activity 'School': fitted survey KDE from 750 samples (mean=344.9 min, std=160.1 min)
2026-09-27 21:53:07 - models.time - INFO -   Activity 'Shopping': fitted survey KDE from 2067 samples (mean=39.9 min, std=44.1 min)
2026-09-27 21:53:07 - models.time - INFO -   Activity 'Social': fitted survey KDE from 840 samples (mean=111.4 min, std=69.8 min)
2026-09-27 21:53:07 - models.time - INFO -   Activity 'Work': fitted survey KDE from 1402 samples (mean=363.5 min, std=188.3 min)
2026-09-27 21:53:07 - models.time - INFO - Fitted 7 survey KDE models for activity types
2026-09-27 21:53:07 - models.time - INFO - Fitted 3 target KDE models for activity types
2026-09-27 21:53:07 - models.time - INFO -   Activity 'Dining' bin 'afternoon': fitted binned KDE from 216 samples (mean=46.9 min, std=42.2 min)
2026-09-27 21:53:07 - models.time - INFO -   Activity 'Dining' bin 'evening': fitted binned KDE from 151 samples (mean=49.5 min, std=45.6 min)
2026-09-27 21:53:07 - models.time - INFO -   Activity 'Dining' bin 'midday': fitted binned KDE from 236 samples (mean=45.3 min, std=39.2 min)
2026-09-27 21:53:07 - models.time - INFO -   Activity 'Dining' bin 'morning': fitted binned KDE from 72 samples (mean=44.8 min, std=39.7 min)
2026-09-27 21:53:07 - models.time - INFO -   Activity 'Home' bin 'afternoon': fitted binned KDE from 363 samples (mean=101.0 min, std=73.5 min)
2026-09-27 21:53:07 - models.time - INFO -   Activity 'Home' bin 'evening': fitted binned KDE from 61 samples (mean=80.4 min, std=68.9 min)
2026-09-27 21:53:07 - models.time - INFO -   Activity 'Home' bin 'midday': fitted binned KDE from 291 samples (mean=172.9 min, std=125.6 min)
2026-09-27 21:53:07 - models.time - INFO -   Activity 'Home' bin 'morning': fitted binned KDE from 214 samples (mean=288.6 min, std=183.9 min)
2026-09-27 21:53:07 - models.time - INFO -   Activity 'Other' bin 'afternoon': fitted binned KDE from 98 samples (mean=70.3 min, std=69.5 min)
2026-09-27 21:53:07 - models.time - INFO -   Activity 'Other' bin 'midday': fitted binned KDE from 197 samples (mean=73.1 min, std=58.9 min)
2026-09-27 21:53:07 - models.time - INFO -   Activity 'Other' bin 'morning': fitted binned KDE from 124 samples (mean=73.9 min, std=57.1 min)
2026-09-27 21:53:07 - models.time - INFO -   Activity 'School' bin 'afternoon': fitted binned KDE from 48 samples (mean=103.6 min, std=90.6 min)
2026-09-27 21:53:07 - models.time - INFO -   Activity 'School' bin 'evening': fitted binned KDE from 47 samples (mean=101.0 min, std=50.4 min)
2026-09-27 21:53:07 - models.time - INFO -   Activity 'School' bin 'midday': fitted binned KDE from 62 samples (mean=158.3 min, std=125.7 min)
2026-09-27 21:53:07 - models.time - INFO -   Activity 'School' bin 'morning': fitted binned KDE from 593 samples (mean=403.3 min, std=115.9 min)
2026-09-27 21:53:07 - models.time - INFO -   Activity 'Shopping' bin 'afternoon': fitted binned KDE from 765 samples (mean=34.0 min, std=34.3 min)
2026-09-27 21:53:07 - models.time - INFO -   Activity 'Shopping' bin 'evening': fitted binned KDE from 192 samples (mean=26.2 min, std=26.4 min)
2026-09-27 21:53:07 - models.time - INFO -   Activity 'Shopping' bin 'midday': fitted binned KDE from 817 samples (mean=47.9 min, std=51.8 min)
2026-09-27 21:53:07 - models.time - INFO -   Activity 'Shopping' bin 'morning': fitted binned KDE from 293 samples (mean=42.4 min, std=48.1 min)
2026-09-27 21:53:07 - models.time - INFO -   Activity 'Social' bin 'afternoon': fitted binned KDE from 322 samples (mean=117.1 min, std=72.4 min)
2026-09-27 21:53:07 - models.time - INFO -   Activity 'Social' bin 'evening': fitted binned KDE from 150 samples (mean=115.8 min, std=64.9 min)
2026-09-27 21:53:07 - models.time - INFO -   Activity 'Social' bin 'midday': fitted binned KDE from 211 samples (mean=115.0 min, std=73.2 min)
2026-09-27 21:53:07 - models.time - INFO -   Activity 'Social' bin 'morning': fitted binned KDE from 157 samples (mean=90.5 min, std=59.5 min)
2026-09-27 21:53:07 - models.time - INFO -   Activity 'Work' bin 'afternoon': fitted binned KDE from 150 samples (mean=178.3 min, std=159.6 min)
2026-09-27 21:53:07 - models.time - INFO -   Activity 'Work' bin 'evening': fitted binned KDE from 23 samples (mean=88.9 min, std=63.1 min)
2026-09-27 21:53:07 - models.time - INFO -   Activity 'Work' bin 'midday': fitted binned KDE from 255 samples (mean=218.9 min, std=154.9 min)
2026-09-27 21:53:07 - models.time - INFO -   Activity 'Work' bin 'morning': fitted binned KDE from 974 samples (mean=436.4 min, std=151.3 min)
2026-09-27 21:53:07 - models.time - INFO - Fitted 27 arrival-time-binned KDE models
2026-09-27 21:53:07 - __main__ - INFO -   Time models initialized
2026-09-27 21:53:07 - __main__ - INFO -   Building shared POI spatial index...
2026-09-27 21:53:09 - __main__ - INFO -   POI spatial index built: 6 activity types, 45,377 POIs
2026-09-27 21:53:11 - models.chains - INFO - Starting trip chain processing...
2026-09-27 21:53:13 - models.chains - INFO - Successfully processed 893 trip chains
2026-09-27 21:53:13 - models.chains - INFO - Starting trip chain processing...
2026-09-27 21:53:14 - models.chains - INFO - Successfully processed 642 trip chains
2026-09-27 21:53:14 - models.chains - INFO - Starting trip chain processing...
2026-09-27 21:53:16 - models.chains - INFO - Successfully processed 589 trip chains
2026-09-27 21:53:16 - models.chains - INFO - Starting trip chain processing...
2026-09-27 21:53:17 - models.chains - INFO - Successfully processed 297 trip chains
2026-09-27 21:53:17 - models.chains - INFO - Starting trip chain processing...
2026-09-27 21:53:19 - models.chains - INFO - Successfully processed 279 trip chains
2026-09-27 21:53:19 - models.demand_budget - INFO - ======================================================================
2026-09-27 21:53:19 - models.demand_budget - INFO - DEMAND BUDGET (person-first)
2026-09-27 21:53:19 - models.demand_budget - INFO - ======================================================================
2026-09-27 21:53:19 - models.demand_budget - INFO -   worker           persons    1,900,761 | commute 52.5%  other travel 31.6%  no travel 15.9%
2026-09-27 21:53:19 - models.demand_budget - INFO -   student          persons      635,060 | commute 0.2%  other travel 83.9%  no travel 16.0%
2026-09-27 21:53:19 - models.demand_budget - INFO -   nonworker_adult  persons      931,687 | commute 2.3%  other travel 59.4%  no travel 38.3%
2026-09-27 21:53:19 - models.demand_budget - INFO -   child_0_4        persons      222,104 (no own plan) | age split: ACS 2023 B01001 (cache)
2026-09-27 21:53:19 - models.demand_budget - INFO -   P(commute) of workers: 52.5%
2026-09-27 21:53:19 - models.demand_budget - INFO -   Shopping   unscaled persons      685,979 (knob factor 1.400, 160 chain patterns)
2026-09-27 21:53:19 - models.demand_budget - INFO -   School     unscaled persons      750,000 (knob factor 1.400, 96 chain patterns)
2026-09-27 21:53:19 - models.demand_budget - INFO -   Social     unscaled persons      481,254 (knob factor 1.400, 151 chain patterns)
2026-09-27 21:53:19 - models.demand_budget - INFO -   Dining     unscaled persons      235,089 (knob factor 1.400, 75 chain patterns)
2026-09-27 21:53:19 - models.demand_budget - INFO -   Other      unscaled persons      207,228 (knob factor 1.400, 67 chain patterns)
2026-09-27 21:53:19 - models.demand_budget - INFO -   NOTE: nonworker_adult: 2.3% of days are commute days; work plans come from LODES workers only, so these are not generated
2026-09-27 21:53:19 - models.demand_budget - INFO - ======================================================================
2026-09-27 21:53:19 - __main__ - INFO - ------------------------------------------------------------
2026-09-27 21:53:19 - __main__ - INFO - ------------------------------------------------------------
2026-09-27 21:53:19 - __main__ - INFO - GENERATING WORK PLANS
2026-09-27 21:53:19 - __main__ - INFO - ------------------------------------------------------------
2026-09-27 21:53:19 - models.plan_generator - INFO - ======================================================================
2026-09-27 21:53:19 - models.plan_generator - INFO - INITIALIZING PLAN GENERATOR
2026-09-27 21:53:19 - models.plan_generator - INFO - ======================================================================
2026-09-27 21:53:19 - models.plan_generator - INFO - Loading location data...
2026-09-27 21:53:19 - models.plan_generator - INFO -   Using data directory: /media/volume/Tareek-instance_vol-1/Tareek-work/Tareek/data
2026-09-27 21:53:19 - models.plan_generator - INFO -   Filtering by 15 counties from config
2026-09-27 21:53:20 - models.home_locs_v2 - INFO - Loading home locations for 15 counties from config...
2026-09-27 21:53:21 - models.home_locs_v2 - INFO - Loaded 48,457 home location blocks for 15 counties
2026-09-27 21:53:22 - models.work_locs_v2 - INFO - Loading work locations for 15 counties from config...
2026-09-27 21:53:23 - models.work_locs_v2 - INFO - Loaded 23,742 work location blocks for 15 counties
2026-09-27 21:53:23 - models.plan_generator - INFO -   Loaded 48457 home blocks
2026-09-27 21:53:23 - models.plan_generator - INFO -   Loaded 23742 work blocks
2026-09-27 21:53:23 - models.plan_generator - INFO - Loading survey data...
2026-09-27 21:53:24 - data_sources.survey_manager - INFO - Survey data already exists for all 1 active source(s)
2026-09-27 21:53:24 - data_sources.survey_manager - INFO - Skipping survey source 'tbi' (weight=0)
2026-09-27 21:53:24 - data_sources.survey_manager - INFO - Initialized survey source: nhts (year=2022)
2026-09-27 21:53:24 - data_sources.base_survey_trip - INFO - Loading survey data from DuckDB...
2026-09-27 21:53:26 - data_sources.base_survey_trip - INFO - Loaded 30462 records from DuckDB
2026-09-27 21:53:26 - data_sources.survey_manager - INFO - Survey 'nhts': kept 22,851/30,462 weekday trips (dropped 7,611)
2026-09-27 21:53:26 - data_sources.nhts_survey_trip - INFO - NHTS person-days: 16,997 from /media/volume/Tareek-instance_vol-1/Tareek-work/Tareek/data/nhts/csv/perv2pub.csv
2026-09-27 21:53:26 - data_sources.survey_manager - INFO - Survey 'nhts': month window [3, 4, 5, 9, 10, 11] keeps 6,309/12,186 weekday person-days
2026-09-27 21:53:26 - data_sources.survey_manager - INFO - Survey 'nhts': month/person-day filter kept 12,403/22,851 trips
2026-09-27 21:53:26 - data_sources.survey_manager - INFO - Loaded 12403 records for 'nhts'
2026-09-27 21:53:26 - data_sources.survey_manager - INFO - Survey 'nhts': kept 22,851/30,462 weekday trips (dropped 7,611)
2026-09-27 21:53:26 - data_sources.survey_manager - INFO - Survey 'nhts': month/person-day filter kept 12,403/22,851 trips
2026-09-27 21:53:26 - data_sources.base_survey_trip - INFO - Processing persons and trips...
2026-09-27 21:53:31 - data_sources.base_survey_trip - INFO - Processed 4172 persons across 4172 person-days
2026-09-27 21:53:31 - data_sources.survey_manager - INFO - Processed 4172 persons for 'nhts'
2026-09-27 21:53:31 - models.plan_generator - INFO -   Loaded 12403 survey trips
2026-09-27 21:53:31 - models.plan_generator - INFO -   Processed 4172 persons
2026-09-27 21:53:31 - models.plan_generator - INFO -   Detected survey geo level: block_group
2026-09-27 21:53:31 - models.plan_generator - INFO - Initializing statistical models...
2026-09-27 21:53:31 - models.plan_generator - INFO -   Single survey source — using direct models
2026-09-27 21:53:31 - models.chains - INFO - Starting trip chain processing...
2026-09-27 21:53:32 - models.chains - INFO - Successfully processed 4172 trip chains
2026-09-27 21:53:32 - models.chains - INFO - Filtered chains by type 'contains_work': 286/787 chains match
2026-09-27 21:53:32 - models.plan_generator - INFO -   Chain model fitted with 286 patterns (length dist from 787 unfiltered)
2026-09-27 21:53:32 - models.time - INFO - Clock-time KDE bandwidth: 10 min
2026-09-27 21:53:32 - models.time - WARNING - INSUFFICIENT DATA: Only 5 departure samples for ('Dining', 'School') (need >5). No KDE model fitted for this pair.
2026-09-27 21:53:32 - models.time - WARNING - INSUFFICIENT DATA: Only 5 arrival samples for ('Dining', 'School') (need >5). No KDE model fitted for this pair.
2026-09-27 21:53:32 - models.time - INFO - Fitted models for 49 activity pairs
2026-09-27 21:53:32 - models.time - INFO - Mean trip durations: global=20.0min, per-pair=49 pairs
2026-09-27 21:53:32 - models.time - INFO - First-of-day departure KDEs: 18 pairs from 4172 first trips (of 12403 trips)
2026-09-27 21:53:34 - models.time - WARNING - FILTER: Rejected 1136 activity durations from survey (outside per-activity [min_minutes, max_minutes] bounds from config). Kept 7095 valid durations.
2026-09-27 21:53:34 - models.time - INFO - Extracted 7095 activity durations from survey
2026-09-27 21:53:34 - models.time - INFO -   Activity 'Dining': fitted survey KDE from 675 samples (mean=46.7 min, std=41.8 min)
2026-09-27 21:53:34 - models.time - INFO -   Activity 'Home': fitted survey KDE from 929 samples (mean=165.4 min, std=144.1 min)
2026-09-27 21:53:34 - models.time - INFO -   Activity 'Other': fitted survey KDE from 432 samples (mean=73.4 min, std=61.3 min)
2026-09-27 21:53:34 - models.time - INFO -   Activity 'School': fitted survey KDE from 750 samples (mean=344.9 min, std=160.1 min)
2026-09-27 21:53:34 - models.time - INFO -   Activity 'Shopping': fitted survey KDE from 2067 samples (mean=39.9 min, std=44.1 min)
2026-09-27 21:53:34 - models.time - INFO -   Activity 'Social': fitted survey KDE from 840 samples (mean=111.4 min, std=69.8 min)
2026-09-27 21:53:34 - models.time - INFO -   Activity 'Work': fitted survey KDE from 1402 samples (mean=363.5 min, std=188.3 min)
2026-09-27 21:53:34 - models.time - INFO - Fitted 7 survey KDE models for activity types
2026-09-27 21:53:34 - models.time - INFO - Fitted 3 target KDE models for activity types
2026-09-27 21:53:34 - models.time - INFO -   Activity 'Dining' bin 'afternoon': fitted binned KDE from 216 samples (mean=46.9 min, std=42.2 min)
2026-09-27 21:53:34 - models.time - INFO -   Activity 'Dining' bin 'evening': fitted binned KDE from 151 samples (mean=49.5 min, std=45.6 min)
2026-09-27 21:53:34 - models.time - INFO -   Activity 'Dining' bin 'midday': fitted binned KDE from 236 samples (mean=45.3 min, std=39.2 min)
2026-09-27 21:53:34 - models.time - INFO -   Activity 'Dining' bin 'morning': fitted binned KDE from 72 samples (mean=44.8 min, std=39.7 min)
2026-09-27 21:53:34 - models.time - INFO -   Activity 'Home' bin 'afternoon': fitted binned KDE from 363 samples (mean=101.0 min, std=73.5 min)
2026-09-27 21:53:34 - models.time - INFO -   Activity 'Home' bin 'evening': fitted binned KDE from 61 samples (mean=80.4 min, std=68.9 min)
2026-09-27 21:53:34 - models.time - INFO -   Activity 'Home' bin 'midday': fitted binned KDE from 291 samples (mean=172.9 min, std=125.6 min)
2026-09-27 21:53:34 - models.time - INFO -   Activity 'Home' bin 'morning': fitted binned KDE from 214 samples (mean=288.6 min, std=183.9 min)
2026-09-27 21:53:34 - models.time - INFO -   Activity 'Other' bin 'afternoon': fitted binned KDE from 98 samples (mean=70.3 min, std=69.5 min)
2026-09-27 21:53:34 - models.time - INFO -   Activity 'Other' bin 'midday': fitted binned KDE from 197 samples (mean=73.1 min, std=58.9 min)
2026-09-27 21:53:34 - models.time - INFO -   Activity 'Other' bin 'morning': fitted binned KDE from 124 samples (mean=73.9 min, std=57.1 min)
2026-09-27 21:53:34 - models.time - INFO -   Activity 'School' bin 'afternoon': fitted binned KDE from 48 samples (mean=103.6 min, std=90.6 min)
2026-09-27 21:53:34 - models.time - INFO -   Activity 'School' bin 'evening': fitted binned KDE from 47 samples (mean=101.0 min, std=50.4 min)
2026-09-27 21:53:34 - models.time - INFO -   Activity 'School' bin 'midday': fitted binned KDE from 62 samples (mean=158.3 min, std=125.7 min)
2026-09-27 21:53:34 - models.time - INFO -   Activity 'School' bin 'morning': fitted binned KDE from 593 samples (mean=403.3 min, std=115.9 min)
2026-09-27 21:53:34 - models.time - INFO -   Activity 'Shopping' bin 'afternoon': fitted binned KDE from 765 samples (mean=34.0 min, std=34.3 min)
2026-09-27 21:53:34 - models.time - INFO -   Activity 'Shopping' bin 'evening': fitted binned KDE from 192 samples (mean=26.2 min, std=26.4 min)
2026-09-27 21:53:34 - models.time - INFO -   Activity 'Shopping' bin 'midday': fitted binned KDE from 817 samples (mean=47.9 min, std=51.8 min)
2026-09-27 21:53:34 - models.time - INFO -   Activity 'Shopping' bin 'morning': fitted binned KDE from 293 samples (mean=42.4 min, std=48.1 min)
2026-09-27 21:53:34 - models.time - INFO -   Activity 'Social' bin 'afternoon': fitted binned KDE from 322 samples (mean=117.1 min, std=72.4 min)
2026-09-27 21:53:34 - models.time - INFO -   Activity 'Social' bin 'evening': fitted binned KDE from 150 samples (mean=115.8 min, std=64.9 min)
2026-09-27 21:53:34 - models.time - INFO -   Activity 'Social' bin 'midday': fitted binned KDE from 211 samples (mean=115.0 min, std=73.2 min)
2026-09-27 21:53:34 - models.time - INFO -   Activity 'Social' bin 'morning': fitted binned KDE from 157 samples (mean=90.5 min, std=59.5 min)
2026-09-27 21:53:34 - models.time - INFO -   Activity 'Work' bin 'afternoon': fitted binned KDE from 150 samples (mean=178.3 min, std=159.6 min)
2026-09-27 21:53:34 - models.time - INFO -   Activity 'Work' bin 'evening': fitted binned KDE from 23 samples (mean=88.9 min, std=63.1 min)
2026-09-27 21:53:34 - models.time - INFO -   Activity 'Work' bin 'midday': fitted binned KDE from 255 samples (mean=218.9 min, std=154.9 min)
2026-09-27 21:53:34 - models.time - INFO -   Activity 'Work' bin 'morning': fitted binned KDE from 974 samples (mean=436.4 min, std=151.3 min)
2026-09-27 21:53:34 - models.time - INFO - Fitted 27 arrival-time-binned KDE models
2026-09-27 21:53:34 - models.time - INFO - Home typicalDuration: using 720 min (overnight anchor) instead of the measured mid-chain median 125 min — MATSim allows only one value per activity type and the overnight stay dominates the day
2026-09-27 21:53:34 - models.plan_generator - INFO -   Survey typicalDuration for MATSim: Dining=30min, Home=720min, Other=60min, School=420min, Shopping=25min, Social=95min, Work=450min
2026-09-27 21:53:34 - models.time - INFO - Home typicalDuration: using 720 min (overnight anchor) instead of the measured mid-chain median 125 min — MATSim allows only one value per activity type and the overnight stay dominates the day
2026-09-27 21:53:34 - models.plan_generator - INFO -   Survey activity scoring windows for MATSim: Dining=9.0-21.0h/min5m, Other=7.4-20.9h/min5m, School=7.1-18.8h/min60m, Shopping=7.9-19.5h/min5m, Social=7.0-21.5h/min20m, Work=6.0-21.2h/min30m
2026-09-27 21:53:34 - models.plan_generator - INFO - Initializing POI manager...
2026-09-27 21:53:36 - models.poi_manager - INFO - POIManager initialized (Overpass servers: 3 configured)
2026-09-27 21:53:36 - models.poi_manager - INFO -   1. [primary] https://overpass-api.de/api/interpreter
2026-09-27 21:53:36 - models.poi_manager - INFO -   2. [fallback] https://overpass.kumi.systems/api/interpreter
2026-09-27 21:53:36 - models.poi_manager - INFO -   3. [fallback] https://overpass.private.coffee/api/interpreter
2026-09-27 21:53:38 - models.plan_generator - INFO -   POI manager initialized: 62751 POIs loaded
2026-09-27 21:53:38 - models.plan_generator - INFO - Generating OD matrix...
2026-09-27 21:53:38 - models.plan_generator - INFO -   Aggregated to 2861 home block groups
2026-09-27 21:53:38 - models.plan_generator - INFO -   Aggregated to 2892 work block groups
2026-09-27 21:53:39 - data_sources.lodes_od - INFO - ======================================================================
2026-09-27 21:53:39 - data_sources.lodes_od - INFO - LOADING OBSERVED LODES OD FLOWS
2026-09-27 21:53:39 - data_sources.lodes_od - INFO - ======================================================================
2026-09-27 21:53:39 - data_sources.lodes_od - INFO -   Year: 2023 | Version: LODES8 | Job type: JT00 | Segment: S000
2026-09-27 21:53:39 - data_sources.lodes_od - INFO -   Region: 15 counties across 2 state(s): ['MN', 'WI']
2026-09-27 21:53:43 - data_sources.lodes_od - INFO -   mn_main: 2,468,379 rows downloaded
2026-09-27 21:53:43 - data_sources.lodes_od - INFO -   mn_aux: 107,050 rows downloaded
2026-09-27 21:53:47 - data_sources.lodes_od - INFO -   wi_main: 2,553,959 rows downloaded
2026-09-27 21:53:47 - data_sources.lodes_od - INFO -   wi_aux: 117,613 rows downloaded
2026-09-27 21:53:47 - data_sources.lodes_od - INFO -   Combined: 5,247,001 block-pair rows across all files
2026-09-27 21:53:50 - data_sources.lodes_od - INFO - ----------------------------------------------------------------------
2026-09-27 21:53:50 - data_sources.lodes_od - INFO -   Observed flow classes (after county filter):
2026-09-27 21:53:50 - data_sources.lodes_od - INFO -     I-I internal:     1,773,395
2026-09-27 21:53:50 - data_sources.lodes_od - INFO -     I-E outbound:       109,568  (dropped unless boundary_policy=anchor)
2026-09-27 21:53:50 - data_sources.lodes_od - INFO -     E-I inbound:        185,300  (dropped unless boundary_policy=anchor)
2026-09-27 21:53:50 - data_sources.lodes_od - INFO -     internal_share (resident-side, I-I/(I-I+I-E)): 0.9418
2026-09-27 21:53:50 - data_sources.lodes_od - INFO -     job-side share (I-I/(I-I+E-I)):                0.9054
2026-09-27 21:53:50 - data_sources.lodes_od - INFO -     two-sided share (I-I/all region-touching):     0.8574
2026-09-27 21:53:50 - data_sources.lodes_od - WARNING -   294,868 boundary commutes (109,568 I-E + 185,300 E-I) are outside the region's internal matrix — 14.3% of region-touching flow. 109,568 employed residents (5.8%) get no work trip from observed OD.
2026-09-27 21:53:50 - data_sources.lodes_od - INFO -     I-I sourced from aux files: 28,509 (1.61%)
2026-09-27 21:53:50 - data_sources.lodes_od - INFO - ----------------------------------------------------------------------
2026-09-27 21:53:50 - data_sources.lodes_od - INFO -   Loaded assembled OD matrix from cache: /media/volume/Tareek-instance_vol-1/Tareek-work/Tareek/data/lodes_od_cache/od_matrix_f347cd5f2b966c86.parquet
2026-09-27 21:53:50 - data_sources.lodes_od - INFO -   Reconciliation OK: matrix 2,068,263 vs direct aggregation 2,068,263 (1,773,395 I-I + 294,868 anchored) (delta +0)
2026-09-27 21:53:50 - utils.od_diagnostics - INFO - OD source: lodes_od
2026-09-27 21:53:50 - models.od_matrix_v3 - INFO - ======================================================================
2026-09-27 21:53:50 - models.od_matrix_v3 - INFO - COMBINING OD MATRICES
2026-09-27 21:53:50 - models.od_matrix_v3 - INFO - ======================================================================
2026-09-27 21:53:50 - models.od_matrix_v3 - INFO - Survey matrix shape: (1, 1)
2026-09-27 21:53:50 - models.od_matrix_v3 - INFO - Local matrix shape: (2861, 2892)
2026-09-27 21:53:50 - models.od_matrix_v3 - INFO - Alpha (survey weight): 0.10
2026-09-27 21:53:50 - models.od_matrix_v3 - INFO - Local weight: 0.90
2026-09-27 21:53:50 - models.od_matrix_v3 - INFO - Aligning survey to local matrix structure...
2026-09-27 21:53:50 - models.od_matrix_v3 - INFO - Combining matrices (alpha blend where survey exists, local only where survey is empty)...
2026-09-27 21:53:50 - models.od_matrix_v3 - INFO - No scaling target specified. Using local matrix total: 2,068,263
2026-09-27 21:53:50 - models.od_matrix_v3 - INFO - Matrix total before scaling: 2,068,263
2026-09-27 21:53:50 - models.od_matrix_v3 - INFO - Scale factor: 1.000000
2026-09-27 21:53:50 - models.od_matrix_v3 - INFO - Applying robust rounding to guarantee target total...
2026-09-27 21:53:50 - models.od_matrix_v3 - INFO - Total after flooring: 2,068,263
2026-09-27 21:53:50 - models.od_matrix_v3 - INFO - Remainder to distribute: 0
2026-09-27 21:53:50 - models.od_matrix_v3 - INFO - ======================================================================
2026-09-27 21:53:50 - models.od_matrix_v3 - INFO - VERIFICATION
2026-09-27 21:53:50 - models.od_matrix_v3 - INFO - ======================================================================
2026-09-27 21:53:50 - models.od_matrix_v3 - INFO - Survey total trips: 10,696,964,320
2026-09-27 21:53:50 - models.od_matrix_v3 - INFO - Local total trips: 2,068,263
2026-09-27 21:53:50 - models.od_matrix_v3 - INFO - Combined total trips (before scaling): 2,068,263
2026-09-27 21:53:50 - models.od_matrix_v3 - INFO - Combined total trips (after scaling & rounding): 2,068,263
2026-09-27 21:53:50 - models.od_matrix_v3 - INFO - Target total: 2,068,263
2026-09-27 21:53:50 - models.od_matrix_v3 - INFO - Difference: 0
2026-09-27 21:53:50 - models.od_matrix_v3 - INFO - Combined matrix shape: (2861, 2892)
2026-09-27 21:53:50 - models.plan_generator - INFO -   Combined OD matrix shape: (2861, 2892)
2026-09-27 21:53:50 - models.plan_generator - INFO -   Total trips in matrix: 2,068,263
2026-09-27 21:53:50 - data_sources.lodes_od - INFO -   Matrix: 2,861 × 2,892, 899,405 non-zero pairs (10.9% dense), 2,068,263 trips
2026-09-27 21:53:50 - data_sources.lodes_od - INFO -   Zero-rows: 0 | Zero-cols: 0
2026-09-27 21:53:51 - utils.od_diagnostics - INFO -   Trip length: mean 27.89 km, median 18.37 km, p25 8.91 km, p75 33.86 km
2026-09-27 21:53:51 - utils.od_diagnostics - INFO -   Intrazonal share: 1.19%
2026-09-27 21:53:51 - models.plan_generator - WARNING -   Survey blend ran but changed no cells — the survey's H->W trips do not overlap the base matrix. alpha=0.10 had no practical effect.
2026-09-27 21:53:51 - utils.od_diagnostics - INFO -   vs gravity base: 2,068,263 / 1,900,761 = 1.0881 (+8.81% agents)
2026-09-27 21:53:51 - models.plan_generator - INFO -   Observed I-I gives 1,773,395 trips vs 1,900,761 employed residents (-6.70% agents) — E1
2026-09-27 21:53:54 - models.plan_generator - INFO -   Saved base (pre-blend) OD matrix to: /media/volume/Tareek-instance_vol-1/Tareek-work/Tareek/experiments/tc_pf_hermes_nw14_fr03_10iter/base_od_matrix.csv
2026-09-27 21:53:55 - models.plan_generator - INFO -   Saved combined OD matrix to: /media/volume/Tareek-instance_vol-1/Tareek-work/Tareek/experiments/tc_pf_hermes_nw14_fr03_10iter/combined_od_matrix.csv
2026-09-27 21:53:55 - utils.od_diagnostics - INFO -   Wrote OD diagnostics to: /media/volume/Tareek-instance_vol-1/Tareek-work/Tareek/experiments/tc_pf_hermes_nw14_fr03_10iter/od_matrix_diagnostics.json
2026-09-27 21:53:55 - models.plan_generator - INFO - Initializing GTFS transit availability...
2026-09-27 21:53:57 - models.plan_generator - INFO -   GTFS feeds already in DB, skipping redundant setup
2026-09-27 21:53:57 - models.gtfs_availability - INFO - Building GTFS spatial indices...
2026-09-27 21:53:58 - models.gtfs_availability - INFO -   Built index for bus: 12113 stops (route_types=[3, 11], took 1.18s)
2026-09-27 21:53:58 - models.gtfs_availability - INFO -   Built index for rail: 75 stops (route_types=[0, 1, 2, 12], took 0.04s)
2026-09-27 21:53:58 - models.gtfs_availability - INFO - GTFS spatial indices built: 2 modes, 12188 total stops (took 1.2s)
2026-09-27 21:53:58 - models.plan_generator - INFO -   GTFS availability ready: 2 modes, 12188 stops indexed
2026-09-27 21:53:58 - models.plan_generator - INFO - Initializing mode choice model...
2026-09-27 21:53:58 - models.mode_choice - INFO - Computing mode shares from survey data...
2026-09-27 21:53:58 - models.mode_choice - INFO - Computed mode rates for 8 purposes
2026-09-27 21:53:58 - models.mode_choice - INFO -   Overall mode distribution: car=87.2%, walk=6.3%, school_bus=3.2%, bike=1.2%, bus=0.8%, rail=0.6%, rideshare=0.5%, other=0.3%
2026-09-27 21:53:58 - models.mode_choice - INFO - ModeChoiceModel initialized with 4 modes: ['car', 'bus', 'rail', 'walk']
2026-09-27 21:53:58 - models.plan_generator - INFO - Plan generator initialized successfully!
2026-09-27 21:53:58 - models.plan_generator - INFO - ======================================================================
2026-09-27 21:53:58 - models.plan_generator - INFO - Using provided experiment directory: /media/volume/Tareek-instance_vol-1/Tareek-work/Tareek/experiments/tc_pf_hermes_nw14_fr03_10iter
2026-09-27 21:53:58 - models.plan_generator - INFO - All logs will be saved to: /media/volume/Tareek-instance_vol-1/Tareek-work/Tareek/experiments/tc_pf_hermes_nw14_fr03_10iter/experiment_20260927_214951.log
2026-09-27 21:53:58 - models.plan_generator - INFO - ======================================================================
2026-09-27 21:53:58 - models.plan_generator - INFO - GENERATING PLANS
2026-09-27 21:53:58 - models.plan_generator - INFO - Target plans: all
2026-09-27 21:53:58 - models.plan_generator - INFO - Scaling factor: 0.15
2026-09-27 21:53:58 - models.plan_generator - INFO - Experiment directory: /media/volume/Tareek-instance_vol-1/Tareek-work/Tareek/experiments/tc_pf_hermes_nw14_fr03_10iter
2026-09-27 21:53:58 - models.plan_generator - INFO - ======================================================================
2026-09-27 21:53:58 - models.plan_generator - INFO - P(commute) of workers (survey): 0.525
2026-09-27 21:53:58 - models.plan_generator - INFO - Effective work scaling: 0.15 x 0.525 x 1.0 = 0.0788
2026-09-27 21:53:58 - models.plan_generator - INFO - Initial OD pairs: 147288
2026-09-27 21:53:58 - models.plan_generator - INFO - Original total trips: 2,068,263
2026-09-27 21:53:58 - models.plan_generator - INFO - Expected scaled trips: 162,984
2026-09-27 21:53:58 - models.plan_generator - INFO - Actual scaled trips: 162,640
2026-09-27 21:53:58 - models.plan_generator - INFO - Scaling accuracy: 99.8%
2026-09-27 21:53:58 - models.plan_generator - INFO - Using ALL scaled OD pairs (representative sample)
2026-09-27 21:53:58 - models.plan_generator - INFO - Total plans to generate: 162,640
2026-09-27 21:53:58 - models.plan_generator - INFO - Using 30 processes
2026-09-27 21:53:58 - models.plan_generator - INFO - Pre-loading data for multiprocessing...
2026-09-27 21:54:01 - models.poi_manager - INFO - Loaded 45,377 POIs across 6 activity types (county-filtered)
2026-09-27 21:54:01 - models.plan_generator - INFO - Loading POIs from database: found 45377 POIs (county-filtered)
2026-09-27 21:54:01 - models.plan_generator - INFO - Grouped POIs into 6 activity categories:
2026-09-27 21:54:01 - models.plan_generator - INFO -   - Shopping: 2177 POIs
2026-09-27 21:54:01 - models.plan_generator - INFO -   - Other: 23574 POIs
2026-09-27 21:54:01 - models.plan_generator - INFO -   - Social: 12577 POIs
2026-09-27 21:54:01 - models.plan_generator - INFO -   - School: 1753 POIs
2026-09-27 21:54:01 - models.plan_generator - INFO -   - Dining: 4918 POIs
2026-09-27 21:54:01 - models.plan_generator - INFO -   - Escort: 378 POIs
2026-09-27 21:54:01 - models.plan_generator - INFO -   Loaded 45377 POIs across 6 activities
2026-09-27 21:54:01 - models.plan_generator - INFO -   Pre-processed 286 chain patterns
2026-09-27 21:54:01 - models.plan_generator - INFO -   Serialized GTFS stop data for workers: bus=12113 stops, rail=75 stops
2026-09-27 21:54:01 - models.plan_generator - INFO - Split 147288 OD pairs into 31 chunks
2026-09-27 21:54:01 - models.plan_generator - INFO - Workers will log to: /media/volume/Tareek-instance_vol-1/Tareek-work/Tareek/experiments/tc_pf_hermes_nw14_fr03_10iter/experiment_20260927_214951.log
2026-09-27 21:54:04 - [ForkPoolWorker-1] models.plan_generator - INFO - Worker ForkPoolWorker-1 started - processing 4909 OD pairs
2026-09-27 21:54:04 - [ForkPoolWorker-1] models.time - INFO - Fitted models for 49 activity pairs
2026-09-27 21:54:04 - [ForkPoolWorker-1] models.time - INFO - Mean trip durations: global=20.0min, per-pair=49 pairs
2026-09-27 21:54:04 - [ForkPoolWorker-2] models.plan_generator - INFO - Worker ForkPoolWorker-2 started - processing 4909 OD pairs
2026-09-27 21:54:04 - [ForkPoolWorker-2] models.time - INFO - Fitted models for 49 activity pairs
2026-09-27 21:54:04 - [ForkPoolWorker-2] models.time - INFO - Mean trip durations: global=20.0min, per-pair=49 pairs
2026-09-27 21:54:05 - [ForkPoolWorker-3] models.plan_generator - INFO - Worker ForkPoolWorker-3 started - processing 4909 OD pairs
2026-09-27 21:54:05 - [ForkPoolWorker-3] models.time - INFO - Fitted models for 49 activity pairs
2026-09-27 21:54:05 - [ForkPoolWorker-3] models.time - INFO - Mean trip durations: global=20.0min, per-pair=49 pairs
2026-09-27 21:54:06 - [ForkPoolWorker-4] models.plan_generator - INFO - Worker ForkPoolWorker-4 started - processing 4909 OD pairs
2026-09-27 21:54:06 - [ForkPoolWorker-4] models.time - INFO - Fitted models for 49 activity pairs
2026-09-27 21:54:06 - [ForkPoolWorker-4] models.time - INFO - Mean trip durations: global=20.0min, per-pair=49 pairs
2026-09-27 21:54:06 - [ForkPoolWorker-5] models.plan_generator - INFO - Worker ForkPoolWorker-5 started - processing 4909 OD pairs
2026-09-27 21:54:07 - [ForkPoolWorker-5] models.time - INFO - Fitted models for 49 activity pairs
2026-09-27 21:54:07 - [ForkPoolWorker-5] models.time - INFO - Mean trip durations: global=20.0min, per-pair=49 pairs
2026-09-27 21:54:07 - [ForkPoolWorker-6] models.plan_generator - INFO - Worker ForkPoolWorker-6 started - processing 4909 OD pairs
2026-09-27 21:54:07 - [ForkPoolWorker-6] models.time - INFO - Fitted models for 49 activity pairs
2026-09-27 21:54:07 - [ForkPoolWorker-6] models.time - INFO - Mean trip durations: global=20.0min, per-pair=49 pairs
2026-09-27 21:54:07 - [ForkPoolWorker-1] models.mode_availability - DEBUG - Registered availability checker for car: UniversalAvailability
2026-09-27 21:54:07 - [ForkPoolWorker-1] models.mode_availability - DEBUG - Registered availability checker for bus: GTFSTransitAvailability
2026-09-27 21:54:07 - [ForkPoolWorker-1] models.mode_availability - DEBUG - Registered availability checker for rail: GTFSTransitAvailability
2026-09-27 21:54:07 - [ForkPoolWorker-1] models.mode_availability - DEBUG - Registered availability checker for walk: DistanceBasedAvailability
2026-09-27 21:54:07 - [ForkPoolWorker-1] models.mode_choice - INFO - Computing mode shares from survey data...
2026-09-27 21:54:07 - [ForkPoolWorker-1] models.mode_choice - DEBUG -   Survey weights (normalized): {'default': 1.0}
2026-09-27 21:54:07 - [ForkPoolWorker-1] models.mode_choice - DEBUG -   Computing rates for purposes: ['School', 'Home', 'Work', 'Social', 'Dining', 'Shopping', 'Other', 'all']
2026-09-27 21:54:07 - [ForkPoolWorker-1] models.mode_choice - DEBUG -   Mode rates for 'School': car=65.5%, school_bus=22.9%, walk=7.7%, bike=2.3%, bus=0.9%, other=0.4%, rail=0.2%, rideshare=0.1%
2026-09-27 21:54:07 - [ForkPoolWorker-1] models.mode_choice - DEBUG -   Mode rates for 'Home': car=88.1%, walk=5.0%, school_bus=3.8%, bike=1.1%, bus=0.7%, rideshare=0.5%, rail=0.5%, other=0.3%
2026-09-27 21:54:07 - [ForkPoolWorker-1] models.mode_choice - DEBUG -   Mode rates for 'Work': car=92.5%, walk=2.3%, rail=1.6%, bus=1.2%, bike=1.0%, school_bus=0.6%, rideshare=0.5%, other=0.2%
2026-09-27 21:54:07 - [ForkPoolWorker-1] models.mode_choice - DEBUG -   Mode rates for 'Social': car=73.8%, walk=19.5%, bike=3.5%, other=1.0%, rail=0.6%, rideshare=0.6%, bus=0.6%, school_bus=0.4%
2026-09-27 21:54:07 - [ForkPoolWorker-1] models.mode_choice - DEBUG -   Mode rates for 'Dining': car=91.1%, walk=6.8%, bike=1.2%, rail=0.3%, other=0.3%, rideshare=0.3%, bus=0.1%
2026-09-27 21:54:07 - [ForkPoolWorker-1] models.mode_choice - DEBUG -   Mode rates for 'Shopping': car=93.6%, walk=5.1%, bike=0.4%, bus=0.4%, rail=0.2%, school_bus=0.2%, rideshare=0.1%
2026-09-27 21:54:07 - [ForkPoolWorker-1] models.mode_choice - DEBUG -   Mode rates for 'Other': car=88.3%, walk=4.6%, bus=3.1%, rideshare=1.7%, school_bus=1.0%, rail=0.6%, bike=0.6%, other=0.2%
2026-09-27 21:54:07 - [ForkPoolWorker-1] models.mode_choice - DEBUG -   Mode rates for 'all': car=87.2%, walk=6.3%, school_bus=3.2%, bike=1.2%, bus=0.8%, rail=0.6%, rideshare=0.5%, other=0.3%
2026-09-27 21:54:07 - [ForkPoolWorker-1] models.mode_choice - INFO - Computed mode rates for 8 purposes
2026-09-27 21:54:07 - [ForkPoolWorker-1] models.mode_choice - INFO -   Overall mode distribution: car=87.2%, walk=6.3%, school_bus=3.2%, bike=1.2%, bus=0.8%, rail=0.6%, rideshare=0.5%, other=0.3%
2026-09-27 21:54:07 - [ForkPoolWorker-1] models.mode_choice - INFO - ModeChoiceModel initialized with 4 modes: ['car', 'bus', 'rail', 'walk']
2026-09-27 21:54:07 - [ForkPoolWorker-7] models.plan_generator - INFO - Worker ForkPoolWorker-7 started - processing 4909 OD pairs
2026-09-27 21:54:08 - [ForkPoolWorker-7] models.time - INFO - Fitted models for 49 activity pairs
2026-09-27 21:54:08 - [ForkPoolWorker-7] models.time - INFO - Mean trip durations: global=20.0min, per-pair=49 pairs
2026-09-27 21:54:08 - [ForkPoolWorker-2] models.mode_availability - DEBUG - Registered availability checker for car: UniversalAvailability
2026-09-27 21:54:08 - [ForkPoolWorker-2] models.mode_availability - DEBUG - Registered availability checker for bus: GTFSTransitAvailability
2026-09-27 21:54:08 - [ForkPoolWorker-2] models.mode_availability - DEBUG - Registered availability checker for rail: GTFSTransitAvailability
2026-09-27 21:54:08 - [ForkPoolWorker-2] models.mode_availability - DEBUG - Registered availability checker for walk: DistanceBasedAvailability
2026-09-27 21:54:08 - [ForkPoolWorker-2] models.mode_choice - INFO - Computing mode shares from survey data...
2026-09-27 21:54:08 - [ForkPoolWorker-2] models.mode_choice - DEBUG -   Survey weights (normalized): {'default': 1.0}
2026-09-27 21:54:08 - [ForkPoolWorker-2] models.mode_choice - DEBUG -   Computing rates for purposes: ['School', 'Home', 'Work', 'Social', 'Dining', 'Shopping', 'Other', 'all']
2026-09-27 21:54:08 - [ForkPoolWorker-2] models.mode_choice - DEBUG -   Mode rates for 'School': car=65.5%, school_bus=22.9%, walk=7.7%, bike=2.3%, bus=0.9%, other=0.4%, rail=0.2%, rideshare=0.1%
2026-09-27 21:54:08 - [ForkPoolWorker-2] models.mode_choice - DEBUG -   Mode rates for 'Home': car=88.1%, walk=5.0%, school_bus=3.8%, bike=1.1%, bus=0.7%, rideshare=0.5%, rail=0.5%, other=0.3%
2026-09-27 21:54:08 - [ForkPoolWorker-2] models.mode_choice - DEBUG -   Mode rates for 'Work': car=92.5%, walk=2.3%, rail=1.6%, bus=1.2%, bike=1.0%, school_bus=0.6%, rideshare=0.5%, other=0.2%
2026-09-27 21:54:08 - [ForkPoolWorker-2] models.mode_choice - DEBUG -   Mode rates for 'Social': car=73.8%, walk=19.5%, bike=3.5%, other=1.0%, rail=0.6%, rideshare=0.6%, bus=0.6%, school_bus=0.4%
2026-09-27 21:54:08 - [ForkPoolWorker-2] models.mode_choice - DEBUG -   Mode rates for 'Dining': car=91.1%, walk=6.8%, bike=1.2%, rail=0.3%, other=0.3%, rideshare=0.3%, bus=0.1%
2026-09-27 21:54:08 - [ForkPoolWorker-2] models.mode_choice - DEBUG -   Mode rates for 'Shopping': car=93.6%, walk=5.1%, bike=0.4%, bus=0.4%, rail=0.2%, school_bus=0.2%, rideshare=0.1%
2026-09-27 21:54:08 - [ForkPoolWorker-2] models.mode_choice - DEBUG -   Mode rates for 'Other': car=88.3%, walk=4.6%, bus=3.1%, rideshare=1.7%, school_bus=1.0%, rail=0.6%, bike=0.6%, other=0.2%
2026-09-27 21:54:08 - [ForkPoolWorker-2] models.mode_choice - DEBUG -   Mode rates for 'all': car=87.2%, walk=6.3%, school_bus=3.2%, bike=1.2%, bus=0.8%, rail=0.6%, rideshare=0.5%, other=0.3%
2026-09-27 21:54:08 - [ForkPoolWorker-2] models.mode_choice - INFO - Computed mode rates for 8 purposes
2026-09-27 21:54:08 - [ForkPoolWorker-2] models.mode_choice - INFO -   Overall mode distribution: car=87.2%, walk=6.3%, school_bus=3.2%, bike=1.2%, bus=0.8%, rail=0.6%, rideshare=0.5%, other=0.3%
2026-09-27 21:54:08 - [ForkPoolWorker-2] models.mode_choice - INFO - ModeChoiceModel initialized with 4 modes: ['car', 'bus', 'rail', 'walk']
2026-09-27 21:54:08 - [ForkPoolWorker-8] models.plan_generator - INFO - Worker ForkPoolWorker-8 started - processing 4909 OD pairs
2026-09-27 21:54:08 - [ForkPoolWorker-3] models.mode_availability - DEBUG - Registered availability checker for car: UniversalAvailability
2026-09-27 21:54:08 - [ForkPoolWorker-3] models.mode_availability - DEBUG - Registered availability checker for bus: GTFSTransitAvailability
2026-09-27 21:54:08 - [ForkPoolWorker-3] models.mode_availability - DEBUG - Registered availability checker for rail: GTFSTransitAvailability
2026-09-27 21:54:08 - [ForkPoolWorker-3] models.mode_availability - DEBUG - Registered availability checker for walk: DistanceBasedAvailability
2026-09-27 21:54:08 - [ForkPoolWorker-3] models.mode_choice - INFO - Computing mode shares from survey data...
2026-09-27 21:54:08 - [ForkPoolWorker-3] models.mode_choice - DEBUG -   Survey weights (normalized): {'default': 1.0}
2026-09-27 21:54:08 - [ForkPoolWorker-3] models.mode_choice - DEBUG -   Computing rates for purposes: ['School', 'Home', 'Work', 'Social', 'Dining', 'Shopping', 'Other', 'all']
2026-09-27 21:54:08 - [ForkPoolWorker-3] models.mode_choice - DEBUG -   Mode rates for 'School': car=65.5%, school_bus=22.9%, walk=7.7%, bike=2.3%, bus=0.9%, other=0.4%, rail=0.2%, rideshare=0.1%
2026-09-27 21:54:08 - [ForkPoolWorker-3] models.mode_choice - DEBUG -   Mode rates for 'Home': car=88.1%, walk=5.0%, school_bus=3.8%, bike=1.1%, bus=0.7%, rideshare=0.5%, rail=0.5%, other=0.3%
2026-09-27 21:54:08 - [ForkPoolWorker-3] models.mode_choice - DEBUG -   Mode rates for 'Work': car=92.5%, walk=2.3%, rail=1.6%, bus=1.2%, bike=1.0%, school_bus=0.6%, rideshare=0.5%, other=0.2%
2026-09-27 21:54:08 - [ForkPoolWorker-3] models.mode_choice - DEBUG -   Mode rates for 'Social': car=73.8%, walk=19.5%, bike=3.5%, other=1.0%, rail=0.6%, rideshare=0.6%, bus=0.6%, school_bus=0.4%
2026-09-27 21:54:08 - [ForkPoolWorker-3] models.mode_choice - DEBUG -   Mode rates for 'Dining': car=91.1%, walk=6.8%, bike=1.2%, rail=0.3%, other=0.3%, rideshare=0.3%, bus=0.1%
2026-09-27 21:54:08 - [ForkPoolWorker-3] models.mode_choice - DEBUG -   Mode rates for 'Shopping': car=93.6%, walk=5.1%, bike=0.4%, bus=0.4%, rail=0.2%, school_bus=0.2%, rideshare=0.1%
2026-09-27 21:54:08 - [ForkPoolWorker-3] models.mode_choice - DEBUG -   Mode rates for 'Other': car=88.3%, walk=4.6%, bus=3.1%, rideshare=1.7%, school_bus=1.0%, rail=0.6%, bike=0.6%, other=0.2%
2026-09-27 21:54:08 - [ForkPoolWorker-3] models.mode_choice - DEBUG -   Mode rates for 'all': car=87.2%, walk=6.3%, school_bus=3.2%, bike=1.2%, bus=0.8%, rail=0.6%, rideshare=0.5%, other=0.3%
2026-09-27 21:54:08 - [ForkPoolWorker-3] models.mode_choice - INFO - Computed mode rates for 8 purposes
2026-09-27 21:54:08 - [ForkPoolWorker-3] models.mode_choice - INFO -   Overall mode distribution: car=87.2%, walk=6.3%, school_bus=3.2%, bike=1.2%, bus=0.8%, rail=0.6%, rideshare=0.5%, other=0.3%
2026-09-27 21:54:08 - [ForkPoolWorker-3] models.mode_choice - INFO - ModeChoiceModel initialized with 4 modes: ['car', 'bus', 'rail', 'walk']
2026-09-27 21:54:09 - [ForkPoolWorker-8] models.time - INFO - Fitted models for 49 activity pairs
2026-09-27 21:54:09 - [ForkPoolWorker-8] models.time - INFO - Mean trip durations: global=20.0min, per-pair=49 pairs
2026-09-27 21:54:09 - [ForkPoolWorker-9] models.plan_generator - INFO - Worker ForkPoolWorker-9 started - processing 4909 OD pairs
2026-09-27 21:54:09 - [ForkPoolWorker-9] models.time - INFO - Fitted models for 49 activity pairs
2026-09-27 21:54:09 - [ForkPoolWorker-9] models.time - INFO - Mean trip durations: global=20.0min, per-pair=49 pairs
2026-09-27 21:54:09 - [ForkPoolWorker-10] models.plan_generator - INFO - Worker ForkPoolWorker-10 started - processing 4909 OD pairs
2026-09-27 21:54:09 - [ForkPoolWorker-10] models.time - INFO - Fitted models for 49 activity pairs
2026-09-27 21:54:09 - [ForkPoolWorker-10] models.time - INFO - Mean trip durations: global=20.0min, per-pair=49 pairs
2026-09-27 21:54:10 - [ForkPoolWorker-4] models.mode_availability - DEBUG - Registered availability checker for car: UniversalAvailability
2026-09-27 21:54:10 - [ForkPoolWorker-4] models.mode_availability - DEBUG - Registered availability checker for bus: GTFSTransitAvailability
2026-09-27 21:54:10 - [ForkPoolWorker-4] models.mode_availability - DEBUG - Registered availability checker for rail: GTFSTransitAvailability
2026-09-27 21:54:10 - [ForkPoolWorker-4] models.mode_availability - DEBUG - Registered availability checker for walk: DistanceBasedAvailability
2026-09-27 21:54:10 - [ForkPoolWorker-4] models.mode_choice - INFO - Computing mode shares from survey data...
2026-09-27 21:54:10 - [ForkPoolWorker-4] models.mode_choice - DEBUG -   Survey weights (normalized): {'default': 1.0}
2026-09-27 21:54:10 - [ForkPoolWorker-4] models.mode_choice - DEBUG -   Computing rates for purposes: ['School', 'Home', 'Work', 'Social', 'Dining', 'Shopping', 'Other', 'all']
2026-09-27 21:54:10 - [ForkPoolWorker-4] models.mode_choice - DEBUG -   Mode rates for 'School': car=65.5%, school_bus=22.9%, walk=7.7%, bike=2.3%, bus=0.9%, other=0.4%, rail=0.2%, rideshare=0.1%
2026-09-27 21:54:10 - [ForkPoolWorker-4] models.mode_choice - DEBUG -   Mode rates for 'Home': car=88.1%, walk=5.0%, school_bus=3.8%, bike=1.1%, bus=0.7%, rideshare=0.5%, rail=0.5%, other=0.3%
2026-09-27 21:54:10 - [ForkPoolWorker-4] models.mode_choice - DEBUG -   Mode rates for 'Work': car=92.5%, walk=2.3%, rail=1.6%, bus=1.2%, bike=1.0%, school_bus=0.6%, rideshare=0.5%, other=0.2%
2026-09-27 21:54:10 - [ForkPoolWorker-4] models.mode_choice - DEBUG -   Mode rates for 'Social': car=73.8%, walk=19.5%, bike=3.5%, other=1.0%, rail=0.6%, rideshare=0.6%, bus=0.6%, school_bus=0.4%
2026-09-27 21:54:10 - [ForkPoolWorker-4] models.mode_choice - DEBUG -   Mode rates for 'Dining': car=91.1%, walk=6.8%, bike=1.2%, rail=0.3%, other=0.3%, rideshare=0.3%, bus=0.1%
2026-09-27 21:54:10 - [ForkPoolWorker-4] models.mode_choice - DEBUG -   Mode rates for 'Shopping': car=93.6%, walk=5.1%, bike=0.4%, bus=0.4%, rail=0.2%, school_bus=0.2%, rideshare=0.1%
2026-09-27 21:54:10 - [ForkPoolWorker-4] models.mode_choice - DEBUG -   Mode rates for 'Other': car=88.3%, walk=4.6%, bus=3.1%, rideshare=1.7%, school_bus=1.0%, rail=0.6%, bike=0.6%, other=0.2%
2026-09-27 21:54:10 - [ForkPoolWorker-4] models.mode_choice - DEBUG -   Mode rates for 'all': car=87.2%, walk=6.3%, school_bus=3.2%, bike=1.2%, bus=0.8%, rail=0.6%, rideshare=0.5%, other=0.3%
2026-09-27 21:54:10 - [ForkPoolWorker-4] models.mode_choice - INFO - Computed mode rates for 8 purposes
2026-09-27 21:54:10 - [ForkPoolWorker-4] models.mode_choice - INFO -   Overall mode distribution: car=87.2%, walk=6.3%, school_bus=3.2%, bike=1.2%, bus=0.8%, rail=0.6%, rideshare=0.5%, other=0.3%
2026-09-27 21:54:10 - [ForkPoolWorker-4] models.mode_choice - INFO - ModeChoiceModel initialized with 4 modes: ['car', 'bus', 'rail', 'walk']
2026-09-27 21:54:10 - [ForkPoolWorker-11] models.plan_generator - INFO - Worker ForkPoolWorker-11 started - processing 4909 OD pairs
2026-09-27 21:54:10 - [ForkPoolWorker-5] models.mode_availability - DEBUG - Registered availability checker for car: UniversalAvailability
2026-09-27 21:54:10 - [ForkPoolWorker-5] models.mode_availability - DEBUG - Registered availability checker for bus: GTFSTransitAvailability
2026-09-27 21:54:10 - [ForkPoolWorker-5] models.mode_availability - DEBUG - Registered availability checker for rail: GTFSTransitAvailability
2026-09-27 21:54:10 - [ForkPoolWorker-5] models.mode_availability - DEBUG - Registered availability checker for walk: DistanceBasedAvailability
2026-09-27 21:54:10 - [ForkPoolWorker-5] models.mode_choice - INFO - Computing mode shares from survey data...
2026-09-27 21:54:10 - [ForkPoolWorker-5] models.mode_choice - DEBUG -   Survey weights (normalized): {'default': 1.0}
2026-09-27 21:54:10 - [ForkPoolWorker-5] models.mode_choice - DEBUG -   Computing rates for purposes: ['School', 'Home', 'Work', 'Social', 'Dining', 'Shopping', 'Other', 'all']
2026-09-27 21:54:10 - [ForkPoolWorker-5] models.mode_choice - DEBUG -   Mode rates for 'School': car=65.5%, school_bus=22.9%, walk=7.7%, bike=2.3%, bus=0.9%, other=0.4%, rail=0.2%, rideshare=0.1%
2026-09-27 21:54:10 - [ForkPoolWorker-5] models.mode_choice - DEBUG -   Mode rates for 'Home': car=88.1%, walk=5.0%, school_bus=3.8%, bike=1.1%, bus=0.7%, rideshare=0.5%, rail=0.5%, other=0.3%
2026-09-27 21:54:10 - [ForkPoolWorker-5] models.mode_choice - DEBUG -   Mode rates for 'Work': car=92.5%, walk=2.3%, rail=1.6%, bus=1.2%, bike=1.0%, school_bus=0.6%, rideshare=0.5%, other=0.2%
2026-09-27 21:54:10 - [ForkPoolWorker-5] models.mode_choice - DEBUG -   Mode rates for 'Social': car=73.8%, walk=19.5%, bike=3.5%, other=1.0%, rail=0.6%, rideshare=0.6%, bus=0.6%, school_bus=0.4%
2026-09-27 21:54:10 - [ForkPoolWorker-5] models.mode_choice - DEBUG -   Mode rates for 'Dining': car=91.1%, walk=6.8%, bike=1.2%, rail=0.3%, other=0.3%, rideshare=0.3%, bus=0.1%
2026-09-27 21:54:10 - [ForkPoolWorker-5] models.mode_choice - DEBUG -   Mode rates for 'Shopping': car=93.6%, walk=5.1%, bike=0.4%, bus=0.4%, rail=0.2%, school_bus=0.2%, rideshare=0.1%
2026-09-27 21:54:10 - [ForkPoolWorker-5] models.mode_choice - DEBUG -   Mode rates for 'Other': car=88.3%, walk=4.6%, bus=3.1%, rideshare=1.7%, school_bus=1.0%, rail=0.6%, bike=0.6%, other=0.2%
2026-09-27 21:54:10 - [ForkPoolWorker-5] models.mode_choice - DEBUG -   Mode rates for 'all': car=87.2%, walk=6.3%, school_bus=3.2%, bike=1.2%, bus=0.8%, rail=0.6%, rideshare=0.5%, other=0.3%
2026-09-27 21:54:10 - [ForkPoolWorker-5] models.mode_choice - INFO - Computed mode rates for 8 purposes
2026-09-27 21:54:10 - [ForkPoolWorker-5] models.mode_choice - INFO -   Overall mode distribution: car=87.2%, walk=6.3%, school_bus=3.2%, bike=1.2%, bus=0.8%, rail=0.6%, rideshare=0.5%, other=0.3%
2026-09-27 21:54:10 - [ForkPoolWorker-5] models.mode_choice - INFO - ModeChoiceModel initialized with 4 modes: ['car', 'bus', 'rail', 'walk']
2026-09-27 21:54:10 - [ForkPoolWorker-11] models.time - INFO - Fitted models for 49 activity pairs
2026-09-27 21:54:10 - [ForkPoolWorker-11] models.time - INFO - Mean trip durations: global=20.0min, per-pair=49 pairs
2026-09-27 21:54:11 - [ForkPoolWorker-12] models.plan_generator - INFO - Worker ForkPoolWorker-12 started - processing 4909 OD pairs
2026-09-27 21:54:11 - [ForkPoolWorker-6] models.mode_availability - DEBUG - Registered availability checker for car: UniversalAvailability
2026-09-27 21:54:11 - [ForkPoolWorker-6] models.mode_availability - DEBUG - Registered availability checker for bus: GTFSTransitAvailability
2026-09-27 21:54:11 - [ForkPoolWorker-6] models.mode_availability - DEBUG - Registered availability checker for rail: GTFSTransitAvailability
2026-09-27 21:54:11 - [ForkPoolWorker-6] models.mode_availability - DEBUG - Registered availability checker for walk: DistanceBasedAvailability
2026-09-27 21:54:11 - [ForkPoolWorker-6] models.mode_choice - INFO - Computing mode shares from survey data...
2026-09-27 21:54:11 - [ForkPoolWorker-6] models.mode_choice - DEBUG -   Survey weights (normalized): {'default': 1.0}
2026-09-27 21:54:11 - [ForkPoolWorker-6] models.mode_choice - DEBUG -   Computing rates for purposes: ['School', 'Home', 'Work', 'Social', 'Dining', 'Shopping', 'Other', 'all']
2026-09-27 21:54:11 - [ForkPoolWorker-6] models.mode_choice - DEBUG -   Mode rates for 'School': car=65.5%, school_bus=22.9%, walk=7.7%, bike=2.3%, bus=0.9%, other=0.4%, rail=0.2%, rideshare=0.1%
2026-09-27 21:54:11 - [ForkPoolWorker-6] models.mode_choice - DEBUG -   Mode rates for 'Home': car=88.1%, walk=5.0%, school_bus=3.8%, bike=1.1%, bus=0.7%, rideshare=0.5%, rail=0.5%, other=0.3%
2026-09-27 21:54:11 - [ForkPoolWorker-6] models.mode_choice - DEBUG -   Mode rates for 'Work': car=92.5%, walk=2.3%, rail=1.6%, bus=1.2%, bike=1.0%, school_bus=0.6%, rideshare=0.5%, other=0.2%
2026-09-27 21:54:11 - [ForkPoolWorker-6] models.mode_choice - DEBUG -   Mode rates for 'Social': car=73.8%, walk=19.5%, bike=3.5%, other=1.0%, rail=0.6%, rideshare=0.6%, bus=0.6%, school_bus=0.4%
2026-09-27 21:54:11 - [ForkPoolWorker-12] models.time - INFO - Fitted models for 49 activity pairs
2026-09-27 21:54:11 - [ForkPoolWorker-12] models.time - INFO - Mean trip durations: global=20.0min, per-pair=49 pairs
2026-09-27 21:54:11 - [ForkPoolWorker-6] models.mode_choice - DEBUG -   Mode rates for 'Dining': car=91.1%, walk=6.8%, bike=1.2%, rail=0.3%, other=0.3%, rideshare=0.3%, bus=0.1%
2026-09-27 21:54:11 - [ForkPoolWorker-6] models.mode_choice - DEBUG -   Mode rates for 'Shopping': car=93.6%, walk=5.1%, bike=0.4%, bus=0.4%, rail=0.2%, school_bus=0.2%, rideshare=0.1%
2026-09-27 21:54:11 - [ForkPoolWorker-6] models.mode_choice - DEBUG -   Mode rates for 'Other': car=88.3%, walk=4.6%, bus=3.1%, rideshare=1.7%, school_bus=1.0%, rail=0.6%, bike=0.6%, other=0.2%
2026-09-27 21:54:11 - [ForkPoolWorker-6] models.mode_choice - DEBUG -   Mode rates for 'all': car=87.2%, walk=6.3%, school_bus=3.2%, bike=1.2%, bus=0.8%, rail=0.6%, rideshare=0.5%, other=0.3%
2026-09-27 21:54:11 - [ForkPoolWorker-6] models.mode_choice - INFO - Computed mode rates for 8 purposes
2026-09-27 21:54:11 - [ForkPoolWorker-6] models.mode_choice - INFO -   Overall mode distribution: car=87.2%, walk=6.3%, school_bus=3.2%, bike=1.2%, bus=0.8%, rail=0.6%, rideshare=0.5%, other=0.3%
2026-09-27 21:54:11 - [ForkPoolWorker-6] models.mode_choice - INFO - ModeChoiceModel initialized with 4 modes: ['car', 'bus', 'rail', 'walk']
2026-09-27 21:54:11 - [ForkPoolWorker-13] models.plan_generator - INFO - Worker ForkPoolWorker-13 started - processing 4909 OD pairs
2026-09-27 21:54:11 - [ForkPoolWorker-7] models.mode_availability - DEBUG - Registered availability checker for car: UniversalAvailability
2026-09-27 21:54:11 - [ForkPoolWorker-7] models.mode_availability - DEBUG - Registered availability checker for bus: GTFSTransitAvailability
2026-09-27 21:54:11 - [ForkPoolWorker-7] models.mode_availability - DEBUG - Registered availability checker for rail: GTFSTransitAvailability
2026-09-27 21:54:11 - [ForkPoolWorker-7] models.mode_availability - DEBUG - Registered availability checker for walk: DistanceBasedAvailability
2026-09-27 21:54:11 - [ForkPoolWorker-7] models.mode_choice - INFO - Computing mode shares from survey data...
2026-09-27 21:54:11 - [ForkPoolWorker-7] models.mode_choice - DEBUG -   Survey weights (normalized): {'default': 1.0}
2026-09-27 21:54:11 - [ForkPoolWorker-7] models.mode_choice - DEBUG -   Computing rates for purposes: ['School', 'Home', 'Work', 'Social', 'Dining', 'Shopping', 'Other', 'all']
2026-09-27 21:54:11 - [ForkPoolWorker-7] models.mode_choice - DEBUG -   Mode rates for 'School': car=65.5%, school_bus=22.9%, walk=7.7%, bike=2.3%, bus=0.9%, other=0.4%, rail=0.2%, rideshare=0.1%
2026-09-27 21:54:11 - [ForkPoolWorker-13] models.time - INFO - Fitted models for 49 activity pairs
2026-09-27 21:54:11 - [ForkPoolWorker-13] models.time - INFO - Mean trip durations: global=20.0min, per-pair=49 pairs
2026-09-27 21:54:11 - [ForkPoolWorker-7] models.mode_choice - DEBUG -   Mode rates for 'Home': car=88.1%, walk=5.0%, school_bus=3.8%, bike=1.1%, bus=0.7%, rideshare=0.5%, rail=0.5%, other=0.3%
2026-09-27 21:54:11 - [ForkPoolWorker-7] models.mode_choice - DEBUG -   Mode rates for 'Work': car=92.5%, walk=2.3%, rail=1.6%, bus=1.2%, bike=1.0%, school_bus=0.6%, rideshare=0.5%, other=0.2%
2026-09-27 21:54:11 - [ForkPoolWorker-7] models.mode_choice - DEBUG -   Mode rates for 'Social': car=73.8%, walk=19.5%, bike=3.5%, other=1.0%, rail=0.6%, rideshare=0.6%, bus=0.6%, school_bus=0.4%
2026-09-27 21:54:11 - [ForkPoolWorker-7] models.mode_choice - DEBUG -   Mode rates for 'Dining': car=91.1%, walk=6.8%, bike=1.2%, rail=0.3%, other=0.3%, rideshare=0.3%, bus=0.1%
2026-09-27 21:54:11 - [ForkPoolWorker-7] models.mode_choice - DEBUG -   Mode rates for 'Shopping': car=93.6%, walk=5.1%, bike=0.4%, bus=0.4%, rail=0.2%, school_bus=0.2%, rideshare=0.1%
2026-09-27 21:54:11 - [ForkPoolWorker-7] models.mode_choice - DEBUG -   Mode rates for 'Other': car=88.3%, walk=4.6%, bus=3.1%, rideshare=1.7%, school_bus=1.0%, rail=0.6%, bike=0.6%, other=0.2%
2026-09-27 21:54:11 - [ForkPoolWorker-7] models.mode_choice - DEBUG -   Mode rates for 'all': car=87.2%, walk=6.3%, school_bus=3.2%, bike=1.2%, bus=0.8%, rail=0.6%, rideshare=0.5%, other=0.3%
2026-09-27 21:54:11 - [ForkPoolWorker-7] models.mode_choice - INFO - Computed mode rates for 8 purposes
2026-09-27 21:54:11 - [ForkPoolWorker-7] models.mode_choice - INFO -   Overall mode distribution: car=87.2%, walk=6.3%, school_bus=3.2%, bike=1.2%, bus=0.8%, rail=0.6%, rideshare=0.5%, other=0.3%
2026-09-27 21:54:11 - [ForkPoolWorker-7] models.mode_choice - INFO - ModeChoiceModel initialized with 4 modes: ['car', 'bus', 'rail', 'walk']
2026-09-27 21:54:11 - [ForkPoolWorker-14] models.plan_generator - INFO - Worker ForkPoolWorker-14 started - processing 4909 OD pairs
2026-09-27 21:54:12 - [ForkPoolWorker-14] models.time - INFO - Fitted models for 49 activity pairs
2026-09-27 21:54:12 - [ForkPoolWorker-14] models.time - INFO - Mean trip durations: global=20.0min, per-pair=49 pairs
2026-09-27 21:54:12 - [ForkPoolWorker-8] models.mode_availability - DEBUG - Registered availability checker for car: UniversalAvailability
2026-09-27 21:54:12 - [ForkPoolWorker-8] models.mode_availability - DEBUG - Registered availability checker for bus: GTFSTransitAvailability
2026-09-27 21:54:12 - [ForkPoolWorker-8] models.mode_availability - DEBUG - Registered availability checker for rail: GTFSTransitAvailability
2026-09-27 21:54:12 - [ForkPoolWorker-8] models.mode_availability - DEBUG - Registered availability checker for walk: DistanceBasedAvailability
2026-09-27 21:54:12 - [ForkPoolWorker-8] models.mode_choice - INFO - Computing mode shares from survey data...
2026-09-27 21:54:12 - [ForkPoolWorker-8] models.mode_choice - DEBUG -   Survey weights (normalized): {'default': 1.0}
2026-09-27 21:54:12 - [ForkPoolWorker-8] models.mode_choice - DEBUG -   Computing rates for purposes: ['School', 'Home', 'Work', 'Social', 'Dining', 'Shopping', 'Other', 'all']
2026-09-27 21:54:12 - [ForkPoolWorker-8] models.mode_choice - DEBUG -   Mode rates for 'School': car=65.5%, school_bus=22.9%, walk=7.7%, bike=2.3%, bus=0.9%, other=0.4%, rail=0.2%, rideshare=0.1%
2026-09-27 21:54:12 - [ForkPoolWorker-8] models.mode_choice - DEBUG -   Mode rates for 'Home': car=88.1%, walk=5.0%, school_bus=3.8%, bike=1.1%, bus=0.7%, rideshare=0.5%, rail=0.5%, other=0.3%
2026-09-27 21:54:12 - [ForkPoolWorker-8] models.mode_choice - DEBUG -   Mode rates for 'Work': car=92.5%, walk=2.3%, rail=1.6%, bus=1.2%, bike=1.0%, school_bus=0.6%, rideshare=0.5%, other=0.2%
2026-09-27 21:54:12 - [ForkPoolWorker-8] models.mode_choice - DEBUG -   Mode rates for 'Social': car=73.8%, walk=19.5%, bike=3.5%, other=1.0%, rail=0.6%, rideshare=0.6%, bus=0.6%, school_bus=0.4%
2026-09-27 21:54:12 - [ForkPoolWorker-8] models.mode_choice - DEBUG -   Mode rates for 'Dining': car=91.1%, walk=6.8%, bike=1.2%, rail=0.3%, other=0.3%, rideshare=0.3%, bus=0.1%
2026-09-27 21:54:12 - [ForkPoolWorker-8] models.mode_choice - DEBUG -   Mode rates for 'Shopping': car=93.6%, walk=5.1%, bike=0.4%, bus=0.4%, rail=0.2%, school_bus=0.2%, rideshare=0.1%
2026-09-27 21:54:12 - [ForkPoolWorker-8] models.mode_choice - DEBUG -   Mode rates for 'Other': car=88.3%, walk=4.6%, bus=3.1%, rideshare=1.7%, school_bus=1.0%, rail=0.6%, bike=0.6%, other=0.2%
2026-09-27 21:54:12 - [ForkPoolWorker-8] models.mode_choice - DEBUG -   Mode rates for 'all': car=87.2%, walk=6.3%, school_bus=3.2%, bike=1.2%, bus=0.8%, rail=0.6%, rideshare=0.5%, other=0.3%
2026-09-27 21:54:12 - [ForkPoolWorker-8] models.mode_choice - INFO - Computed mode rates for 8 purposes
2026-09-27 21:54:12 - [ForkPoolWorker-8] models.mode_choice - INFO -   Overall mode distribution: car=87.2%, walk=6.3%, school_bus=3.2%, bike=1.2%, bus=0.8%, rail=0.6%, rideshare=0.5%, other=0.3%
2026-09-27 21:54:12 - [ForkPoolWorker-8] models.mode_choice - INFO - ModeChoiceModel initialized with 4 modes: ['car', 'bus', 'rail', 'walk']
2026-09-27 21:54:12 - [ForkPoolWorker-15] models.plan_generator - INFO - Worker ForkPoolWorker-15 started - processing 4909 OD pairs
2026-09-27 21:54:12 - [ForkPoolWorker-9] models.mode_availability - DEBUG - Registered availability checker for car: UniversalAvailability
2026-09-27 21:54:12 - [ForkPoolWorker-9] models.mode_availability - DEBUG - Registered availability checker for bus: GTFSTransitAvailability
2026-09-27 21:54:12 - [ForkPoolWorker-9] models.mode_availability - DEBUG - Registered availability checker for rail: GTFSTransitAvailability
2026-09-27 21:54:12 - [ForkPoolWorker-9] models.mode_availability - DEBUG - Registered availability checker for walk: DistanceBasedAvailability
2026-09-27 21:54:12 - [ForkPoolWorker-9] models.mode_choice - INFO - Computing mode shares from survey data...
2026-09-27 21:54:12 - [ForkPoolWorker-9] models.mode_choice - DEBUG -   Survey weights (normalized): {'default': 1.0}
2026-09-27 21:54:12 - [ForkPoolWorker-9] models.mode_choice - DEBUG -   Computing rates for purposes: ['School', 'Home', 'Work', 'Social', 'Dining', 'Shopping', 'Other', 'all']
2026-09-27 21:54:12 - [ForkPoolWorker-9] models.mode_choice - DEBUG -   Mode rates for 'School': car=65.5%, school_bus=22.9%, walk=7.7%, bike=2.3%, bus=0.9%, other=0.4%, rail=0.2%, rideshare=0.1%
2026-09-27 21:54:12 - [ForkPoolWorker-9] models.mode_choice - DEBUG -   Mode rates for 'Home': car=88.1%, walk=5.0%, school_bus=3.8%, bike=1.1%, bus=0.7%, rideshare=0.5%, rail=0.5%, other=0.3%
2026-09-27 21:54:12 - [ForkPoolWorker-9] models.mode_choice - DEBUG -   Mode rates for 'Work': car=92.5%, walk=2.3%, rail=1.6%, bus=1.2%, bike=1.0%, school_bus=0.6%, rideshare=0.5%, other=0.2%
2026-09-27 21:54:12 - [ForkPoolWorker-9] models.mode_choice - DEBUG -   Mode rates for 'Social': car=73.8%, walk=19.5%, bike=3.5%, other=1.0%, rail=0.6%, rideshare=0.6%, bus=0.6%, school_bus=0.4%
2026-09-27 21:54:12 - [ForkPoolWorker-9] models.mode_choice - DEBUG -   Mode rates for 'Dining': car=91.1%, walk=6.8%, bike=1.2%, rail=0.3%, other=0.3%, rideshare=0.3%, bus=0.1%
2026-09-27 21:54:12 - [ForkPoolWorker-9] models.mode_choice - DEBUG -   Mode rates for 'Shopping': car=93.6%, walk=5.1%, bike=0.4%, bus=0.4%, rail=0.2%, school_bus=0.2%, rideshare=0.1%
2026-09-27 21:54:12 - [ForkPoolWorker-9] models.mode_choice - DEBUG -   Mode rates for 'Other': car=88.3%, walk=4.6%, bus=3.1%, rideshare=1.7%, school_bus=1.0%, rail=0.6%, bike=0.6%, other=0.2%
2026-09-27 21:54:12 - [ForkPoolWorker-9] models.mode_choice - DEBUG -   Mode rates for 'all': car=87.2%, walk=6.3%, school_bus=3.2%, bike=1.2%, bus=0.8%, rail=0.6%, rideshare=0.5%, other=0.3%
2026-09-27 21:54:12 - [ForkPoolWorker-9] models.mode_choice - INFO - Computed mode rates for 8 purposes
2026-09-27 21:54:12 - [ForkPoolWorker-9] models.mode_choice - INFO -   Overall mode distribution: car=87.2%, walk=6.3%, school_bus=3.2%, bike=1.2%, bus=0.8%, rail=0.6%, rideshare=0.5%, other=0.3%
2026-09-27 21:54:12 - [ForkPoolWorker-9] models.mode_choice - INFO - ModeChoiceModel initialized with 4 modes: ['car', 'bus', 'rail', 'walk']
2026-09-27 21:54:13 - [ForkPoolWorker-15] models.time - INFO - Fitted models for 49 activity pairs
2026-09-27 21:54:13 - [ForkPoolWorker-15] models.time - INFO - Mean trip durations: global=20.0min, per-pair=49 pairs
2026-09-27 21:54:13 - [ForkPoolWorker-10] models.mode_availability - DEBUG - Registered availability checker for car: UniversalAvailability
2026-09-27 21:54:13 - [ForkPoolWorker-10] models.mode_availability - DEBUG - Registered availability checker for bus: GTFSTransitAvailability
2026-09-27 21:54:13 - [ForkPoolWorker-10] models.mode_availability - DEBUG - Registered availability checker for rail: GTFSTransitAvailability
2026-09-27 21:54:13 - [ForkPoolWorker-10] models.mode_availability - DEBUG - Registered availability checker for walk: DistanceBasedAvailability
2026-09-27 21:54:13 - [ForkPoolWorker-10] models.mode_choice - INFO - Computing mode shares from survey data...
2026-09-27 21:54:13 - [ForkPoolWorker-10] models.mode_choice - DEBUG -   Survey weights (normalized): {'default': 1.0}
2026-09-27 21:54:13 - [ForkPoolWorker-10] models.mode_choice - DEBUG -   Computing rates for purposes: ['School', 'Home', 'Work', 'Social', 'Dining', 'Shopping', 'Other', 'all']
2026-09-27 21:54:13 - [ForkPoolWorker-10] models.mode_choice - DEBUG -   Mode rates for 'School': car=65.5%, school_bus=22.9%, walk=7.7%, bike=2.3%, bus=0.9%, other=0.4%, rail=0.2%, rideshare=0.1%
2026-09-27 21:54:13 - [ForkPoolWorker-10] models.mode_choice - DEBUG -   Mode rates for 'Home': car=88.1%, walk=5.0%, school_bus=3.8%, bike=1.1%, bus=0.7%, rideshare=0.5%, rail=0.5%, other=0.3%
2026-09-27 21:54:13 - [ForkPoolWorker-10] models.mode_choice - DEBUG -   Mode rates for 'Work': car=92.5%, walk=2.3%, rail=1.6%, bus=1.2%, bike=1.0%, school_bus=0.6%, rideshare=0.5%, other=0.2%
2026-09-27 21:54:13 - [ForkPoolWorker-10] models.mode_choice - DEBUG -   Mode rates for 'Social': car=73.8%, walk=19.5%, bike=3.5%, other=1.0%, rail=0.6%, rideshare=0.6%, bus=0.6%, school_bus=0.4%
2026-09-27 21:54:13 - [ForkPoolWorker-10] models.mode_choice - DEBUG -   Mode rates for 'Dining': car=91.1%, walk=6.8%, bike=1.2%, rail=0.3%, other=0.3%, rideshare=0.3%, bus=0.1%
2026-09-27 21:54:13 - [ForkPoolWorker-10] models.mode_choice - DEBUG -   Mode rates for 'Shopping': car=93.6%, walk=5.1%, bike=0.4%, bus=0.4%, rail=0.2%, school_bus=0.2%, rideshare=0.1%
2026-09-27 21:54:13 - [ForkPoolWorker-10] models.mode_choice - DEBUG -   Mode rates for 'Other': car=88.3%, walk=4.6%, bus=3.1%, rideshare=1.7%, school_bus=1.0%, rail=0.6%, bike=0.6%, other=0.2%
2026-09-27 21:54:13 - [ForkPoolWorker-10] models.mode_choice - DEBUG -   Mode rates for 'all': car=87.2%, walk=6.3%, school_bus=3.2%, bike=1.2%, bus=0.8%, rail=0.6%, rideshare=0.5%, other=0.3%
2026-09-27 21:54:13 - [ForkPoolWorker-10] models.mode_choice - INFO - Computed mode rates for 8 purposes
2026-09-27 21:54:13 - [ForkPoolWorker-10] models.mode_choice - INFO -   Overall mode distribution: car=87.2%, walk=6.3%, school_bus=3.2%, bike=1.2%, bus=0.8%, rail=0.6%, rideshare=0.5%, other=0.3%
2026-09-27 21:54:13 - [ForkPoolWorker-10] models.mode_choice - INFO - ModeChoiceModel initialized with 4 modes: ['car', 'bus', 'rail', 'walk']
2026-09-27 21:54:13 - [ForkPoolWorker-16] models.plan_generator - INFO - Worker ForkPoolWorker-16 started - processing 4909 OD pairs
2026-09-27 21:54:13 - [ForkPoolWorker-16] models.time - INFO - Fitted models for 49 activity pairs
2026-09-27 21:54:13 - [ForkPoolWorker-16] models.time - INFO - Mean trip durations: global=20.0min, per-pair=49 pairs
2026-09-27 21:54:14 - [ForkPoolWorker-17] models.plan_generator - INFO - Worker ForkPoolWorker-17 started - processing 4909 OD pairs
2026-09-27 21:54:14 - [ForkPoolWorker-11] models.mode_availability - DEBUG - Registered availability checker for car: UniversalAvailability
2026-09-27 21:54:14 - [ForkPoolWorker-11] models.mode_availability - DEBUG - Registered availability checker for bus: GTFSTransitAvailability
2026-09-27 21:54:14 - [ForkPoolWorker-11] models.mode_availability - DEBUG - Registered availability checker for rail: GTFSTransitAvailability
2026-09-27 21:54:14 - [ForkPoolWorker-11] models.mode_availability - DEBUG - Registered availability checker for walk: DistanceBasedAvailability
2026-09-27 21:54:14 - [ForkPoolWorker-11] models.mode_choice - INFO - Computing mode shares from survey data...
2026-09-27 21:54:14 - [ForkPoolWorker-11] models.mode_choice - DEBUG -   Survey weights (normalized): {'default': 1.0}
2026-09-27 21:54:14 - [ForkPoolWorker-11] models.mode_choice - DEBUG -   Computing rates for purposes: ['School', 'Home', 'Work', 'Social', 'Dining', 'Shopping', 'Other', 'all']
2026-09-27 21:54:14 - [ForkPoolWorker-11] models.mode_choice - DEBUG -   Mode rates for 'School': car=65.5%, school_bus=22.9%, walk=7.7%, bike=2.3%, bus=0.9%, other=0.4%, rail=0.2%, rideshare=0.1%
2026-09-27 21:54:14 - [ForkPoolWorker-11] models.mode_choice - DEBUG -   Mode rates for 'Home': car=88.1%, walk=5.0%, school_bus=3.8%, bike=1.1%, bus=0.7%, rideshare=0.5%, rail=0.5%, other=0.3%
2026-09-27 21:54:14 - [ForkPoolWorker-11] models.mode_choice - DEBUG -   Mode rates for 'Work': car=92.5%, walk=2.3%, rail=1.6%, bus=1.2%, bike=1.0%, school_bus=0.6%, rideshare=0.5%, other=0.2%
2026-09-27 21:54:14 - [ForkPoolWorker-11] models.mode_choice - DEBUG -   Mode rates for 'Social': car=73.8%, walk=19.5%, bike=3.5%, other=1.0%, rail=0.6%, rideshare=0.6%, bus=0.6%, school_bus=0.4%
2026-09-27 21:54:14 - [ForkPoolWorker-11] models.mode_choice - DEBUG -   Mode rates for 'Dining': car=91.1%, walk=6.8%, bike=1.2%, rail=0.3%, other=0.3%, rideshare=0.3%, bus=0.1%
2026-09-27 21:54:14 - [ForkPoolWorker-11] models.mode_choice - DEBUG -   Mode rates for 'Shopping': car=93.6%, walk=5.1%, bike=0.4%, bus=0.4%, rail=0.2%, school_bus=0.2%, rideshare=0.1%
2026-09-27 21:54:14 - [ForkPoolWorker-11] models.mode_choice - DEBUG -   Mode rates for 'Other': car=88.3%, walk=4.6%, bus=3.1%, rideshare=1.7%, school_bus=1.0%, rail=0.6%, bike=0.6%, other=0.2%
2026-09-27 21:54:14 - [ForkPoolWorker-11] models.mode_choice - DEBUG -   Mode rates for 'all': car=87.2%, walk=6.3%, school_bus=3.2%, bike=1.2%, bus=0.8%, rail=0.6%, rideshare=0.5%, other=0.3%
2026-09-27 21:54:14 - [ForkPoolWorker-11] models.mode_choice - INFO - Computed mode rates for 8 purposes
2026-09-27 21:54:14 - [ForkPoolWorker-11] models.mode_choice - INFO -   Overall mode distribution: car=87.2%, walk=6.3%, school_bus=3.2%, bike=1.2%, bus=0.8%, rail=0.6%, rideshare=0.5%, other=0.3%
2026-09-27 21:54:14 - [ForkPoolWorker-11] models.mode_choice - INFO - ModeChoiceModel initialized with 4 modes: ['car', 'bus', 'rail', 'walk']
2026-09-27 21:54:14 - [ForkPoolWorker-17] models.time - INFO - Fitted models for 49 activity pairs
2026-09-27 21:54:14 - [ForkPoolWorker-17] models.time - INFO - Mean trip durations: global=20.0min, per-pair=49 pairs
2026-09-27 21:54:14 - [ForkPoolWorker-18] models.plan_generator - INFO - Worker ForkPoolWorker-18 started - processing 4909 OD pairs
2026-09-27 21:54:14 - [ForkPoolWorker-12] models.mode_availability - DEBUG - Registered availability checker for car: UniversalAvailability
2026-09-27 21:54:14 - [ForkPoolWorker-12] models.mode_availability - DEBUG - Registered availability checker for bus: GTFSTransitAvailability
2026-09-27 21:54:14 - [ForkPoolWorker-12] models.mode_availability - DEBUG - Registered availability checker for rail: GTFSTransitAvailability
2026-09-27 21:54:14 - [ForkPoolWorker-12] models.mode_availability - DEBUG - Registered availability checker for walk: DistanceBasedAvailability
2026-09-27 21:54:14 - [ForkPoolWorker-12] models.mode_choice - INFO - Computing mode shares from survey data...
2026-09-27 21:54:14 - [ForkPoolWorker-12] models.mode_choice - DEBUG -   Survey weights (normalized): {'default': 1.0}
2026-09-27 21:54:14 - [ForkPoolWorker-12] models.mode_choice - DEBUG -   Computing rates for purposes: ['School', 'Home', 'Work', 'Social', 'Dining', 'Shopping', 'Other', 'all']
2026-09-27 21:54:14 - [ForkPoolWorker-12] models.mode_choice - DEBUG -   Mode rates for 'School': car=65.5%, school_bus=22.9%, walk=7.7%, bike=2.3%, bus=0.9%, other=0.4%, rail=0.2%, rideshare=0.1%
2026-09-27 21:54:14 - [ForkPoolWorker-12] models.mode_choice - DEBUG -   Mode rates for 'Home': car=88.1%, walk=5.0%, school_bus=3.8%, bike=1.1%, bus=0.7%, rideshare=0.5%, rail=0.5%, other=0.3%
2026-09-27 21:54:14 - [ForkPoolWorker-12] models.mode_choice - DEBUG -   Mode rates for 'Work': car=92.5%, walk=2.3%, rail=1.6%, bus=1.2%, bike=1.0%, school_bus=0.6%, rideshare=0.5%, other=0.2%
2026-09-27 21:54:14 - [ForkPoolWorker-12] models.mode_choice - DEBUG -   Mode rates for 'Social': car=73.8%, walk=19.5%, bike=3.5%, other=1.0%, rail=0.6%, rideshare=0.6%, bus=0.6%, school_bus=0.4%
2026-09-27 21:54:14 - [ForkPoolWorker-18] models.time - INFO - Fitted models for 49 activity pairs
2026-09-27 21:54:14 - [ForkPoolWorker-18] models.time - INFO - Mean trip durations: global=20.0min, per-pair=49 pairs
2026-09-27 21:54:14 - [ForkPoolWorker-12] models.mode_choice - DEBUG -   Mode rates for 'Dining': car=91.1%, walk=6.8%, bike=1.2%, rail=0.3%, other=0.3%, rideshare=0.3%, bus=0.1%
2026-09-27 21:54:14 - [ForkPoolWorker-12] models.mode_choice - DEBUG -   Mode rates for 'Shopping': car=93.6%, walk=5.1%, bike=0.4%, bus=0.4%, rail=0.2%, school_bus=0.2%, rideshare=0.1%
2026-09-27 21:54:14 - [ForkPoolWorker-12] models.mode_choice - DEBUG -   Mode rates for 'Other': car=88.3%, walk=4.6%, bus=3.1%, rideshare=1.7%, school_bus=1.0%, rail=0.6%, bike=0.6%, other=0.2%
2026-09-27 21:54:14 - [ForkPoolWorker-12] models.mode_choice - DEBUG -   Mode rates for 'all': car=87.2%, walk=6.3%, school_bus=3.2%, bike=1.2%, bus=0.8%, rail=0.6%, rideshare=0.5%, other=0.3%
2026-09-27 21:54:14 - [ForkPoolWorker-12] models.mode_choice - INFO - Computed mode rates for 8 purposes
2026-09-27 21:54:14 - [ForkPoolWorker-12] models.mode_choice - INFO -   Overall mode distribution: car=87.2%, walk=6.3%, school_bus=3.2%, bike=1.2%, bus=0.8%, rail=0.6%, rideshare=0.5%, other=0.3%
2026-09-27 21:54:14 - [ForkPoolWorker-12] models.mode_choice - INFO - ModeChoiceModel initialized with 4 modes: ['car', 'bus', 'rail', 'walk']
2026-09-27 21:54:15 - [ForkPoolWorker-13] models.mode_availability - DEBUG - Registered availability checker for car: UniversalAvailability
2026-09-27 21:54:15 - [ForkPoolWorker-13] models.mode_availability - DEBUG - Registered availability checker for bus: GTFSTransitAvailability
2026-09-27 21:54:15 - [ForkPoolWorker-13] models.mode_availability - DEBUG - Registered availability checker for rail: GTFSTransitAvailability
2026-09-27 21:54:15 - [ForkPoolWorker-13] models.mode_availability - DEBUG - Registered availability checker for walk: DistanceBasedAvailability
2026-09-27 21:54:15 - [ForkPoolWorker-13] models.mode_choice - INFO - Computing mode shares from survey data...
2026-09-27 21:54:15 - [ForkPoolWorker-13] models.mode_choice - DEBUG -   Survey weights (normalized): {'default': 1.0}
2026-09-27 21:54:15 - [ForkPoolWorker-13] models.mode_choice - DEBUG -   Computing rates for purposes: ['School', 'Home', 'Work', 'Social', 'Dining', 'Shopping', 'Other', 'all']
2026-09-27 21:54:15 - [ForkPoolWorker-13] models.mode_choice - DEBUG -   Mode rates for 'School': car=65.5%, school_bus=22.9%, walk=7.7%, bike=2.3%, bus=0.9%, other=0.4%, rail=0.2%, rideshare=0.1%
2026-09-27 21:54:15 - [ForkPoolWorker-13] models.mode_choice - DEBUG -   Mode rates for 'Home': car=88.1%, walk=5.0%, school_bus=3.8%, bike=1.1%, bus=0.7%, rideshare=0.5%, rail=0.5%, other=0.3%
2026-09-27 21:54:15 - [ForkPoolWorker-13] models.mode_choice - DEBUG -   Mode rates for 'Work': car=92.5%, walk=2.3%, rail=1.6%, bus=1.2%, bike=1.0%, school_bus=0.6%, rideshare=0.5%, other=0.2%
2026-09-27 21:54:15 - [ForkPoolWorker-13] models.mode_choice - DEBUG -   Mode rates for 'Social': car=73.8%, walk=19.5%, bike=3.5%, other=1.0%, rail=0.6%, rideshare=0.6%, bus=0.6%, school_bus=0.4%
2026-09-27 21:54:15 - [ForkPoolWorker-13] models.mode_choice - DEBUG -   Mode rates for 'Dining': car=91.1%, walk=6.8%, bike=1.2%, rail=0.3%, other=0.3%, rideshare=0.3%, bus=0.1%
2026-09-27 21:54:15 - [ForkPoolWorker-13] models.mode_choice - DEBUG -   Mode rates for 'Shopping': car=93.6%, walk=5.1%, bike=0.4%, bus=0.4%, rail=0.2%, school_bus=0.2%, rideshare=0.1%
2026-09-27 21:54:15 - [ForkPoolWorker-13] models.mode_choice - DEBUG -   Mode rates for 'Other': car=88.3%, walk=4.6%, bus=3.1%, rideshare=1.7%, school_bus=1.0%, rail=0.6%, bike=0.6%, other=0.2%
2026-09-27 21:54:15 - [ForkPoolWorker-13] models.mode_choice - DEBUG -   Mode rates for 'all': car=87.2%, walk=6.3%, school_bus=3.2%, bike=1.2%, bus=0.8%, rail=0.6%, rideshare=0.5%, other=0.3%
2026-09-27 21:54:15 - [ForkPoolWorker-13] models.mode_choice - INFO - Computed mode rates for 8 purposes
2026-09-27 21:54:15 - [ForkPoolWorker-13] models.mode_choice - INFO -   Overall mode distribution: car=87.2%, walk=6.3%, school_bus=3.2%, bike=1.2%, bus=0.8%, rail=0.6%, rideshare=0.5%, other=0.3%
2026-09-27 21:54:15 - [ForkPoolWorker-13] models.mode_choice - INFO - ModeChoiceModel initialized with 4 modes: ['car', 'bus', 'rail', 'walk']
2026-09-27 21:54:15 - [ForkPoolWorker-14] models.mode_availability - DEBUG - Registered availability checker for car: UniversalAvailability
2026-09-27 21:54:15 - [ForkPoolWorker-14] models.mode_availability - DEBUG - Registered availability checker for bus: GTFSTransitAvailability
2026-09-27 21:54:15 - [ForkPoolWorker-14] models.mode_availability - DEBUG - Registered availability checker for rail: GTFSTransitAvailability
2026-09-27 21:54:15 - [ForkPoolWorker-14] models.mode_availability - DEBUG - Registered availability checker for walk: DistanceBasedAvailability
2026-09-27 21:54:15 - [ForkPoolWorker-14] models.mode_choice - INFO - Computing mode shares from survey data...
2026-09-27 21:54:15 - [ForkPoolWorker-14] models.mode_choice - DEBUG -   Survey weights (normalized): {'default': 1.0}
2026-09-27 21:54:15 - [ForkPoolWorker-14] models.mode_choice - DEBUG -   Computing rates for purposes: ['School', 'Home', 'Work', 'Social', 'Dining', 'Shopping', 'Other', 'all']
2026-09-27 21:54:15 - [ForkPoolWorker-14] models.mode_choice - DEBUG -   Mode rates for 'School': car=65.5%, school_bus=22.9%, walk=7.7%, bike=2.3%, bus=0.9%, other=0.4%, rail=0.2%, rideshare=0.1%
2026-09-27 21:54:15 - [ForkPoolWorker-14] models.mode_choice - DEBUG -   Mode rates for 'Home': car=88.1%, walk=5.0%, school_bus=3.8%, bike=1.1%, bus=0.7%, rideshare=0.5%, rail=0.5%, other=0.3%
2026-09-27 21:54:15 - [ForkPoolWorker-14] models.mode_choice - DEBUG -   Mode rates for 'Work': car=92.5%, walk=2.3%, rail=1.6%, bus=1.2%, bike=1.0%, school_bus=0.6%, rideshare=0.5%, other=0.2%
2026-09-27 21:54:15 - [ForkPoolWorker-14] models.mode_choice - DEBUG -   Mode rates for 'Social': car=73.8%, walk=19.5%, bike=3.5%, other=1.0%, rail=0.6%, rideshare=0.6%, bus=0.6%, school_bus=0.4%
2026-09-27 21:54:15 - [ForkPoolWorker-14] models.mode_choice - DEBUG -   Mode rates for 'Dining': car=91.1%, walk=6.8%, bike=1.2%, rail=0.3%, other=0.3%, rideshare=0.3%, bus=0.1%
2026-09-27 21:54:15 - [ForkPoolWorker-14] models.mode_choice - DEBUG -   Mode rates for 'Shopping': car=93.6%, walk=5.1%, bike=0.4%, bus=0.4%, rail=0.2%, school_bus=0.2%, rideshare=0.1%
2026-09-27 21:54:15 - [ForkPoolWorker-14] models.mode_choice - DEBUG -   Mode rates for 'Other': car=88.3%, walk=4.6%, bus=3.1%, rideshare=1.7%, school_bus=1.0%, rail=0.6%, bike=0.6%, other=0.2%
2026-09-27 21:54:15 - [ForkPoolWorker-14] models.mode_choice - DEBUG -   Mode rates for 'all': car=87.2%, walk=6.3%, school_bus=3.2%, bike=1.2%, bus=0.8%, rail=0.6%, rideshare=0.5%, other=0.3%
2026-09-27 21:54:15 - [ForkPoolWorker-14] models.mode_choice - INFO - Computed mode rates for 8 purposes
2026-09-27 21:54:15 - [ForkPoolWorker-14] models.mode_choice - INFO -   Overall mode distribution: car=87.2%, walk=6.3%, school_bus=3.2%, bike=1.2%, bus=0.8%, rail=0.6%, rideshare=0.5%, other=0.3%
2026-09-27 21:54:15 - [ForkPoolWorker-14] models.mode_choice - INFO - ModeChoiceModel initialized with 4 modes: ['car', 'bus', 'rail', 'walk']
2026-09-27 21:54:15 - [ForkPoolWorker-19] models.plan_generator - INFO - Worker ForkPoolWorker-19 started - processing 4909 OD pairs
2026-09-27 21:54:15 - [ForkPoolWorker-19] models.time - INFO - Fitted models for 49 activity pairs
2026-09-27 21:54:15 - [ForkPoolWorker-19] models.time - INFO - Mean trip durations: global=20.0min, per-pair=49 pairs
2026-09-27 21:54:16 - [ForkPoolWorker-20] models.plan_generator - INFO - Worker ForkPoolWorker-20 started - processing 4909 OD pairs
2026-09-27 21:54:16 - [ForkPoolWorker-20] models.time - INFO - Fitted models for 49 activity pairs
2026-09-27 21:54:16 - [ForkPoolWorker-20] models.time - INFO - Mean trip durations: global=20.0min, per-pair=49 pairs
2026-09-27 21:54:16 - [ForkPoolWorker-15] models.mode_availability - DEBUG - Registered availability checker for car: UniversalAvailability
2026-09-27 21:54:16 - [ForkPoolWorker-15] models.mode_availability - DEBUG - Registered availability checker for bus: GTFSTransitAvailability
2026-09-27 21:54:16 - [ForkPoolWorker-15] models.mode_availability - DEBUG - Registered availability checker for rail: GTFSTransitAvailability
2026-09-27 21:54:16 - [ForkPoolWorker-15] models.mode_availability - DEBUG - Registered availability checker for walk: DistanceBasedAvailability
2026-09-27 21:54:16 - [ForkPoolWorker-15] models.mode_choice - INFO - Computing mode shares from survey data...
2026-09-27 21:54:16 - [ForkPoolWorker-15] models.mode_choice - DEBUG -   Survey weights (normalized): {'default': 1.0}
2026-09-27 21:54:16 - [ForkPoolWorker-15] models.mode_choice - DEBUG -   Computing rates for purposes: ['School', 'Home', 'Work', 'Social', 'Dining', 'Shopping', 'Other', 'all']
2026-09-27 21:54:16 - [ForkPoolWorker-15] models.mode_choice - DEBUG -   Mode rates for 'School': car=65.5%, school_bus=22.9%, walk=7.7%, bike=2.3%, bus=0.9%, other=0.4%, rail=0.2%, rideshare=0.1%
2026-09-27 21:54:16 - [ForkPoolWorker-15] models.mode_choice - DEBUG -   Mode rates for 'Home': car=88.1%, walk=5.0%, school_bus=3.8%, bike=1.1%, bus=0.7%, rideshare=0.5%, rail=0.5%, other=0.3%
2026-09-27 21:54:16 - [ForkPoolWorker-15] models.mode_choice - DEBUG -   Mode rates for 'Work': car=92.5%, walk=2.3%, rail=1.6%, bus=1.2%, bike=1.0%, school_bus=0.6%, rideshare=0.5%, other=0.2%
2026-09-27 21:54:16 - [ForkPoolWorker-15] models.mode_choice - DEBUG -   Mode rates for 'Social': car=73.8%, walk=19.5%, bike=3.5%, other=1.0%, rail=0.6%, rideshare=0.6%, bus=0.6%, school_bus=0.4%
2026-09-27 21:54:16 - [ForkPoolWorker-15] models.mode_choice - DEBUG -   Mode rates for 'Dining': car=91.1%, walk=6.8%, bike=1.2%, rail=0.3%, other=0.3%, rideshare=0.3%, bus=0.1%
2026-09-27 21:54:16 - [ForkPoolWorker-15] models.mode_choice - DEBUG -   Mode rates for 'Shopping': car=93.6%, walk=5.1%, bike=0.4%, bus=0.4%, rail=0.2%, school_bus=0.2%, rideshare=0.1%
2026-09-27 21:54:16 - [ForkPoolWorker-15] models.mode_choice - DEBUG -   Mode rates for 'Other': car=88.3%, walk=4.6%, bus=3.1%, rideshare=1.7%, school_bus=1.0%, rail=0.6%, bike=0.6%, other=0.2%
2026-09-27 21:54:16 - [ForkPoolWorker-15] models.mode_choice - DEBUG -   Mode rates for 'all': car=87.2%, walk=6.3%, school_bus=3.2%, bike=1.2%, bus=0.8%, rail=0.6%, rideshare=0.5%, other=0.3%
2026-09-27 21:54:16 - [ForkPoolWorker-15] models.mode_choice - INFO - Computed mode rates for 8 purposes
2026-09-27 21:54:16 - [ForkPoolWorker-15] models.mode_choice - INFO -   Overall mode distribution: car=87.2%, walk=6.3%, school_bus=3.2%, bike=1.2%, bus=0.8%, rail=0.6%, rideshare=0.5%, other=0.3%
2026-09-27 21:54:16 - [ForkPoolWorker-15] models.mode_choice - INFO - ModeChoiceModel initialized with 4 modes: ['car', 'bus', 'rail', 'walk']
2026-09-27 21:54:16 - [ForkPoolWorker-21] models.plan_generator - INFO - Worker ForkPoolWorker-21 started - processing 4909 OD pairs
2026-09-27 21:54:16 - [ForkPoolWorker-21] models.time - INFO - Fitted models for 49 activity pairs
2026-09-27 21:54:16 - [ForkPoolWorker-21] models.time - INFO - Mean trip durations: global=20.0min, per-pair=49 pairs
2026-09-27 21:54:17 - [ForkPoolWorker-16] models.mode_availability - DEBUG - Registered availability checker for car: UniversalAvailability
2026-09-27 21:54:17 - [ForkPoolWorker-16] models.mode_availability - DEBUG - Registered availability checker for bus: GTFSTransitAvailability
2026-09-27 21:54:17 - [ForkPoolWorker-16] models.mode_availability - DEBUG - Registered availability checker for rail: GTFSTransitAvailability
2026-09-27 21:54:17 - [ForkPoolWorker-16] models.mode_availability - DEBUG - Registered availability checker for walk: DistanceBasedAvailability
2026-09-27 21:54:17 - [ForkPoolWorker-16] models.mode_choice - INFO - Computing mode shares from survey data...
2026-09-27 21:54:17 - [ForkPoolWorker-16] models.mode_choice - DEBUG -   Survey weights (normalized): {'default': 1.0}
2026-09-27 21:54:17 - [ForkPoolWorker-16] models.mode_choice - DEBUG -   Computing rates for purposes: ['School', 'Home', 'Work', 'Social', 'Dining', 'Shopping', 'Other', 'all']
2026-09-27 21:54:17 - [ForkPoolWorker-16] models.mode_choice - DEBUG -   Mode rates for 'School': car=65.5%, school_bus=22.9%, walk=7.7%, bike=2.3%, bus=0.9%, other=0.4%, rail=0.2%, rideshare=0.1%
2026-09-27 21:54:17 - [ForkPoolWorker-16] models.mode_choice - DEBUG -   Mode rates for 'Home': car=88.1%, walk=5.0%, school_bus=3.8%, bike=1.1%, bus=0.7%, rideshare=0.5%, rail=0.5%, other=0.3%
2026-09-27 21:54:17 - [ForkPoolWorker-16] models.mode_choice - DEBUG -   Mode rates for 'Work': car=92.5%, walk=2.3%, rail=1.6%, bus=1.2%, bike=1.0%, school_bus=0.6%, rideshare=0.5%, other=0.2%
2026-09-27 21:54:17 - [ForkPoolWorker-16] models.mode_choice - DEBUG -   Mode rates for 'Social': car=73.8%, walk=19.5%, bike=3.5%, other=1.0%, rail=0.6%, rideshare=0.6%, bus=0.6%, school_bus=0.4%
2026-09-27 21:54:17 - [ForkPoolWorker-16] models.mode_choice - DEBUG -   Mode rates for 'Dining': car=91.1%, walk=6.8%, bike=1.2%, rail=0.3%, other=0.3%, rideshare=0.3%, bus=0.1%
2026-09-27 21:54:17 - [ForkPoolWorker-16] models.mode_choice - DEBUG -   Mode rates for 'Shopping': car=93.6%, walk=5.1%, bike=0.4%, bus=0.4%, rail=0.2%, school_bus=0.2%, rideshare=0.1%
2026-09-27 21:54:17 - [ForkPoolWorker-16] models.mode_choice - DEBUG -   Mode rates for 'Other': car=88.3%, walk=4.6%, bus=3.1%, rideshare=1.7%, school_bus=1.0%, rail=0.6%, bike=0.6%, other=0.2%
2026-09-27 21:54:17 - [ForkPoolWorker-16] models.mode_choice - DEBUG -   Mode rates for 'all': car=87.2%, walk=6.3%, school_bus=3.2%, bike=1.2%, bus=0.8%, rail=0.6%, rideshare=0.5%, other=0.3%
2026-09-27 21:54:17 - [ForkPoolWorker-16] models.mode_choice - INFO - Computed mode rates for 8 purposes
2026-09-27 21:54:17 - [ForkPoolWorker-16] models.mode_choice - INFO -   Overall mode distribution: car=87.2%, walk=6.3%, school_bus=3.2%, bike=1.2%, bus=0.8%, rail=0.6%, rideshare=0.5%, other=0.3%
2026-09-27 21:54:17 - [ForkPoolWorker-16] models.mode_choice - INFO - ModeChoiceModel initialized with 4 modes: ['car', 'bus', 'rail', 'walk']
2026-09-27 21:54:17 - [ForkPoolWorker-22] models.plan_generator - INFO - Worker ForkPoolWorker-22 started - processing 4909 OD pairs
2026-09-27 21:54:17 - [ForkPoolWorker-22] models.time - INFO - Fitted models for 49 activity pairs
2026-09-27 21:54:17 - [ForkPoolWorker-22] models.time - INFO - Mean trip durations: global=20.0min, per-pair=49 pairs
2026-09-27 21:54:17 - [ForkPoolWorker-17] models.mode_availability - DEBUG - Registered availability checker for car: UniversalAvailability
2026-09-27 21:54:17 - [ForkPoolWorker-17] models.mode_availability - DEBUG - Registered availability checker for bus: GTFSTransitAvailability
2026-09-27 21:54:17 - [ForkPoolWorker-17] models.mode_availability - DEBUG - Registered availability checker for rail: GTFSTransitAvailability
2026-09-27 21:54:17 - [ForkPoolWorker-17] models.mode_availability - DEBUG - Registered availability checker for walk: DistanceBasedAvailability
2026-09-27 21:54:17 - [ForkPoolWorker-17] models.mode_choice - INFO - Computing mode shares from survey data...
2026-09-27 21:54:17 - [ForkPoolWorker-17] models.mode_choice - DEBUG -   Survey weights (normalized): {'default': 1.0}
2026-09-27 21:54:17 - [ForkPoolWorker-17] models.mode_choice - DEBUG -   Computing rates for purposes: ['School', 'Home', 'Work', 'Social', 'Dining', 'Shopping', 'Other', 'all']
2026-09-27 21:54:17 - [ForkPoolWorker-17] models.mode_choice - DEBUG -   Mode rates for 'School': car=65.5%, school_bus=22.9%, walk=7.7%, bike=2.3%, bus=0.9%, other=0.4%, rail=0.2%, rideshare=0.1%
2026-09-27 21:54:17 - [ForkPoolWorker-17] models.mode_choice - DEBUG -   Mode rates for 'Home': car=88.1%, walk=5.0%, school_bus=3.8%, bike=1.1%, bus=0.7%, rideshare=0.5%, rail=0.5%, other=0.3%
2026-09-27 21:54:17 - [ForkPoolWorker-17] models.mode_choice - DEBUG -   Mode rates for 'Work': car=92.5%, walk=2.3%, rail=1.6%, bus=1.2%, bike=1.0%, school_bus=0.6%, rideshare=0.5%, other=0.2%
2026-09-27 21:54:17 - [ForkPoolWorker-17] models.mode_choice - DEBUG -   Mode rates for 'Social': car=73.8%, walk=19.5%, bike=3.5%, other=1.0%, rail=0.6%, rideshare=0.6%, bus=0.6%, school_bus=0.4%
2026-09-27 21:54:17 - [ForkPoolWorker-17] models.mode_choice - DEBUG -   Mode rates for 'Dining': car=91.1%, walk=6.8%, bike=1.2%, rail=0.3%, other=0.3%, rideshare=0.3%, bus=0.1%
2026-09-27 21:54:17 - [ForkPoolWorker-17] models.mode_choice - DEBUG -   Mode rates for 'Shopping': car=93.6%, walk=5.1%, bike=0.4%, bus=0.4%, rail=0.2%, school_bus=0.2%, rideshare=0.1%
2026-09-27 21:54:17 - [ForkPoolWorker-17] models.mode_choice - DEBUG -   Mode rates for 'Other': car=88.3%, walk=4.6%, bus=3.1%, rideshare=1.7%, school_bus=1.0%, rail=0.6%, bike=0.6%, other=0.2%
2026-09-27 21:54:17 - [ForkPoolWorker-17] models.mode_choice - DEBUG -   Mode rates for 'all': car=87.2%, walk=6.3%, school_bus=3.2%, bike=1.2%, bus=0.8%, rail=0.6%, rideshare=0.5%, other=0.3%
2026-09-27 21:54:17 - [ForkPoolWorker-17] models.mode_choice - INFO - Computed mode rates for 8 purposes
2026-09-27 21:54:17 - [ForkPoolWorker-17] models.mode_choice - INFO -   Overall mode distribution: car=87.2%, walk=6.3%, school_bus=3.2%, bike=1.2%, bus=0.8%, rail=0.6%, rideshare=0.5%, other=0.3%
2026-09-27 21:54:17 - [ForkPoolWorker-17] models.mode_choice - INFO - ModeChoiceModel initialized with 4 modes: ['car', 'bus', 'rail', 'walk']
2026-09-27 21:54:18 - [ForkPoolWorker-23] models.plan_generator - INFO - Worker ForkPoolWorker-23 started - processing 4909 OD pairs
2026-09-27 21:54:18 - [ForkPoolWorker-18] models.mode_availability - DEBUG - Registered availability checker for car: UniversalAvailability
2026-09-27 21:54:18 - [ForkPoolWorker-18] models.mode_availability - DEBUG - Registered availability checker for bus: GTFSTransitAvailability
2026-09-27 21:54:18 - [ForkPoolWorker-18] models.mode_availability - DEBUG - Registered availability checker for rail: GTFSTransitAvailability
2026-09-27 21:54:18 - [ForkPoolWorker-18] models.mode_availability - DEBUG - Registered availability checker for walk: DistanceBasedAvailability
2026-09-27 21:54:18 - [ForkPoolWorker-18] models.mode_choice - INFO - Computing mode shares from survey data...
2026-09-27 21:54:18 - [ForkPoolWorker-18] models.mode_choice - DEBUG -   Survey weights (normalized): {'default': 1.0}
2026-09-27 21:54:18 - [ForkPoolWorker-18] models.mode_choice - DEBUG -   Computing rates for purposes: ['School', 'Home', 'Work', 'Social', 'Dining', 'Shopping', 'Other', 'all']
2026-09-27 21:54:18 - [ForkPoolWorker-18] models.mode_choice - DEBUG -   Mode rates for 'School': car=65.5%, school_bus=22.9%, walk=7.7%, bike=2.3%, bus=0.9%, other=0.4%, rail=0.2%, rideshare=0.1%
2026-09-27 21:54:18 - [ForkPoolWorker-18] models.mode_choice - DEBUG -   Mode rates for 'Home': car=88.1%, walk=5.0%, school_bus=3.8%, bike=1.1%, bus=0.7%, rideshare=0.5%, rail=0.5%, other=0.3%
2026-09-27 21:54:18 - [ForkPoolWorker-18] models.mode_choice - DEBUG -   Mode rates for 'Work': car=92.5%, walk=2.3%, rail=1.6%, bus=1.2%, bike=1.0%, school_bus=0.6%, rideshare=0.5%, other=0.2%
2026-09-27 21:54:18 - [ForkPoolWorker-18] models.mode_choice - DEBUG -   Mode rates for 'Social': car=73.8%, walk=19.5%, bike=3.5%, other=1.0%, rail=0.6%, rideshare=0.6%, bus=0.6%, school_bus=0.4%
2026-09-27 21:54:18 - [ForkPoolWorker-18] models.mode_choice - DEBUG -   Mode rates for 'Dining': car=91.1%, walk=6.8%, bike=1.2%, rail=0.3%, other=0.3%, rideshare=0.3%, bus=0.1%
2026-09-27 21:54:18 - [ForkPoolWorker-18] models.mode_choice - DEBUG -   Mode rates for 'Shopping': car=93.6%, walk=5.1%, bike=0.4%, bus=0.4%, rail=0.2%, school_bus=0.2%, rideshare=0.1%
2026-09-27 21:54:18 - [ForkPoolWorker-18] models.mode_choice - DEBUG -   Mode rates for 'Other': car=88.3%, walk=4.6%, bus=3.1%, rideshare=1.7%, school_bus=1.0%, rail=0.6%, bike=0.6%, other=0.2%
2026-09-27 21:54:18 - [ForkPoolWorker-18] models.mode_choice - DEBUG -   Mode rates for 'all': car=87.2%, walk=6.3%, school_bus=3.2%, bike=1.2%, bus=0.8%, rail=0.6%, rideshare=0.5%, other=0.3%
2026-09-27 21:54:18 - [ForkPoolWorker-18] models.mode_choice - INFO - Computed mode rates for 8 purposes
2026-09-27 21:54:18 - [ForkPoolWorker-18] models.mode_choice - INFO -   Overall mode distribution: car=87.2%, walk=6.3%, school_bus=3.2%, bike=1.2%, bus=0.8%, rail=0.6%, rideshare=0.5%, other=0.3%
2026-09-27 21:54:18 - [ForkPoolWorker-18] models.mode_choice - INFO - ModeChoiceModel initialized with 4 modes: ['car', 'bus', 'rail', 'walk']
2026-09-27 21:54:18 - [ForkPoolWorker-23] models.time - INFO - Fitted models for 49 activity pairs
2026-09-27 21:54:18 - [ForkPoolWorker-23] models.time - INFO - Mean trip durations: global=20.0min, per-pair=49 pairs
2026-09-27 21:54:18 - [ForkPoolWorker-24] models.plan_generator - INFO - Worker ForkPoolWorker-24 started - processing 4909 OD pairs
2026-09-27 21:54:18 - [ForkPoolWorker-24] models.time - INFO - Fitted models for 49 activity pairs
2026-09-27 21:54:18 - [ForkPoolWorker-24] models.time - INFO - Mean trip durations: global=20.0min, per-pair=49 pairs
2026-09-27 21:54:19 - [ForkPoolWorker-25] models.plan_generator - INFO - Worker ForkPoolWorker-25 started - processing 4909 OD pairs
2026-09-27 21:54:19 - [ForkPoolWorker-19] models.mode_availability - DEBUG - Registered availability checker for car: UniversalAvailability
2026-09-27 21:54:19 - [ForkPoolWorker-19] models.mode_availability - DEBUG - Registered availability checker for bus: GTFSTransitAvailability
2026-09-27 21:54:19 - [ForkPoolWorker-19] models.mode_availability - DEBUG - Registered availability checker for rail: GTFSTransitAvailability
2026-09-27 21:54:19 - [ForkPoolWorker-19] models.mode_availability - DEBUG - Registered availability checker for walk: DistanceBasedAvailability
2026-09-27 21:54:19 - [ForkPoolWorker-19] models.mode_choice - INFO - Computing mode shares from survey data...
2026-09-27 21:54:19 - [ForkPoolWorker-19] models.mode_choice - DEBUG -   Survey weights (normalized): {'default': 1.0}
2026-09-27 21:54:19 - [ForkPoolWorker-19] models.mode_choice - DEBUG -   Computing rates for purposes: ['School', 'Home', 'Work', 'Social', 'Dining', 'Shopping', 'Other', 'all']
2026-09-27 21:54:19 - [ForkPoolWorker-19] models.mode_choice - DEBUG -   Mode rates for 'School': car=65.5%, school_bus=22.9%, walk=7.7%, bike=2.3%, bus=0.9%, other=0.4%, rail=0.2%, rideshare=0.1%
2026-09-27 21:54:19 - [ForkPoolWorker-19] models.mode_choice - DEBUG -   Mode rates for 'Home': car=88.1%, walk=5.0%, school_bus=3.8%, bike=1.1%, bus=0.7%, rideshare=0.5%, rail=0.5%, other=0.3%
2026-09-27 21:54:19 - [ForkPoolWorker-19] models.mode_choice - DEBUG -   Mode rates for 'Work': car=92.5%, walk=2.3%, rail=1.6%, bus=1.2%, bike=1.0%, school_bus=0.6%, rideshare=0.5%, other=0.2%
2026-09-27 21:54:19 - [ForkPoolWorker-19] models.mode_choice - DEBUG -   Mode rates for 'Social': car=73.8%, walk=19.5%, bike=3.5%, other=1.0%, rail=0.6%, rideshare=0.6%, bus=0.6%, school_bus=0.4%
2026-09-27 21:54:19 - [ForkPoolWorker-19] models.mode_choice - DEBUG -   Mode rates for 'Dining': car=91.1%, walk=6.8%, bike=1.2%, rail=0.3%, other=0.3%, rideshare=0.3%, bus=0.1%
2026-09-27 21:54:19 - [ForkPoolWorker-19] models.mode_choice - DEBUG -   Mode rates for 'Shopping': car=93.6%, walk=5.1%, bike=0.4%, bus=0.4%, rail=0.2%, school_bus=0.2%, rideshare=0.1%
2026-09-27 21:54:19 - [ForkPoolWorker-19] models.mode_choice - DEBUG -   Mode rates for 'Other': car=88.3%, walk=4.6%, bus=3.1%, rideshare=1.7%, school_bus=1.0%, rail=0.6%, bike=0.6%, other=0.2%
2026-09-27 21:54:19 - [ForkPoolWorker-19] models.mode_choice - DEBUG -   Mode rates for 'all': car=87.2%, walk=6.3%, school_bus=3.2%, bike=1.2%, bus=0.8%, rail=0.6%, rideshare=0.5%, other=0.3%
2026-09-27 21:54:19 - [ForkPoolWorker-19] models.mode_choice - INFO - Computed mode rates for 8 purposes
2026-09-27 21:54:19 - [ForkPoolWorker-19] models.mode_choice - INFO -   Overall mode distribution: car=87.2%, walk=6.3%, school_bus=3.2%, bike=1.2%, bus=0.8%, rail=0.6%, rideshare=0.5%, other=0.3%
2026-09-27 21:54:19 - [ForkPoolWorker-19] models.mode_choice - INFO - ModeChoiceModel initialized with 4 modes: ['car', 'bus', 'rail', 'walk']
2026-09-27 21:54:19 - [ForkPoolWorker-25] models.time - INFO - Fitted models for 49 activity pairs
2026-09-27 21:54:19 - [ForkPoolWorker-25] models.time - INFO - Mean trip durations: global=20.0min, per-pair=49 pairs
2026-09-27 21:54:19 - [ForkPoolWorker-26] models.plan_generator - INFO - Worker ForkPoolWorker-26 started - processing 4909 OD pairs
2026-09-27 21:54:19 - [ForkPoolWorker-20] models.mode_availability - DEBUG - Registered availability checker for car: UniversalAvailability
2026-09-27 21:54:19 - [ForkPoolWorker-20] models.mode_availability - DEBUG - Registered availability checker for bus: GTFSTransitAvailability
2026-09-27 21:54:19 - [ForkPoolWorker-20] models.mode_availability - DEBUG - Registered availability checker for rail: GTFSTransitAvailability
2026-09-27 21:54:19 - [ForkPoolWorker-20] models.mode_availability - DEBUG - Registered availability checker for walk: DistanceBasedAvailability
2026-09-27 21:54:19 - [ForkPoolWorker-20] models.mode_choice - INFO - Computing mode shares from survey data...
2026-09-27 21:54:19 - [ForkPoolWorker-20] models.mode_choice - DEBUG -   Survey weights (normalized): {'default': 1.0}
2026-09-27 21:54:19 - [ForkPoolWorker-20] models.mode_choice - DEBUG -   Computing rates for purposes: ['School', 'Home', 'Work', 'Social', 'Dining', 'Shopping', 'Other', 'all']
2026-09-27 21:54:19 - [ForkPoolWorker-20] models.mode_choice - DEBUG -   Mode rates for 'School': car=65.5%, school_bus=22.9%, walk=7.7%, bike=2.3%, bus=0.9%, other=0.4%, rail=0.2%, rideshare=0.1%
2026-09-27 21:54:19 - [ForkPoolWorker-20] models.mode_choice - DEBUG -   Mode rates for 'Home': car=88.1%, walk=5.0%, school_bus=3.8%, bike=1.1%, bus=0.7%, rideshare=0.5%, rail=0.5%, other=0.3%
2026-09-27 21:54:19 - [ForkPoolWorker-20] models.mode_choice - DEBUG -   Mode rates for 'Work': car=92.5%, walk=2.3%, rail=1.6%, bus=1.2%, bike=1.0%, school_bus=0.6%, rideshare=0.5%, other=0.2%
2026-09-27 21:54:19 - [ForkPoolWorker-20] models.mode_choice - DEBUG -   Mode rates for 'Social': car=73.8%, walk=19.5%, bike=3.5%, other=1.0%, rail=0.6%, rideshare=0.6%, bus=0.6%, school_bus=0.4%
2026-09-27 21:54:19 - [ForkPoolWorker-20] models.mode_choice - DEBUG -   Mode rates for 'Dining': car=91.1%, walk=6.8%, bike=1.2%, rail=0.3%, other=0.3%, rideshare=0.3%, bus=0.1%
2026-09-27 21:54:19 - [ForkPoolWorker-20] models.mode_choice - DEBUG -   Mode rates for 'Shopping': car=93.6%, walk=5.1%, bike=0.4%, bus=0.4%, rail=0.2%, school_bus=0.2%, rideshare=0.1%
2026-09-27 21:54:19 - [ForkPoolWorker-20] models.mode_choice - DEBUG -   Mode rates for 'Other': car=88.3%, walk=4.6%, bus=3.1%, rideshare=1.7%, school_bus=1.0%, rail=0.6%, bike=0.6%, other=0.2%
2026-09-27 21:54:19 - [ForkPoolWorker-20] models.mode_choice - DEBUG -   Mode rates for 'all': car=87.2%, walk=6.3%, school_bus=3.2%, bike=1.2%, bus=0.8%, rail=0.6%, rideshare=0.5%, other=0.3%
2026-09-27 21:54:19 - [ForkPoolWorker-20] models.mode_choice - INFO - Computed mode rates for 8 purposes
2026-09-27 21:54:19 - [ForkPoolWorker-20] models.mode_choice - INFO -   Overall mode distribution: car=87.2%, walk=6.3%, school_bus=3.2%, bike=1.2%, bus=0.8%, rail=0.6%, rideshare=0.5%, other=0.3%
2026-09-27 21:54:19 - [ForkPoolWorker-20] models.mode_choice - INFO - ModeChoiceModel initialized with 4 modes: ['car', 'bus', 'rail', 'walk']
2026-09-27 21:54:19 - [ForkPoolWorker-26] models.time - INFO - Fitted models for 49 activity pairs
2026-09-27 21:54:19 - [ForkPoolWorker-26] models.time - INFO - Mean trip durations: global=20.0min, per-pair=49 pairs
2026-09-27 21:54:20 - [ForkPoolWorker-21] models.mode_availability - DEBUG - Registered availability checker for car: UniversalAvailability
2026-09-27 21:54:20 - [ForkPoolWorker-21] models.mode_availability - DEBUG - Registered availability checker for bus: GTFSTransitAvailability
2026-09-27 21:54:20 - [ForkPoolWorker-21] models.mode_availability - DEBUG - Registered availability checker for rail: GTFSTransitAvailability
2026-09-27 21:54:20 - [ForkPoolWorker-21] models.mode_availability - DEBUG - Registered availability checker for walk: DistanceBasedAvailability
2026-09-27 21:54:20 - [ForkPoolWorker-21] models.mode_choice - INFO - Computing mode shares from survey data...
2026-09-27 21:54:20 - [ForkPoolWorker-21] models.mode_choice - DEBUG -   Survey weights (normalized): {'default': 1.0}
2026-09-27 21:54:20 - [ForkPoolWorker-21] models.mode_choice - DEBUG -   Computing rates for purposes: ['School', 'Home', 'Work', 'Social', 'Dining', 'Shopping', 'Other', 'all']
2026-09-27 21:54:20 - [ForkPoolWorker-21] models.mode_choice - DEBUG -   Mode rates for 'School': car=65.5%, school_bus=22.9%, walk=7.7%, bike=2.3%, bus=0.9%, other=0.4%, rail=0.2%, rideshare=0.1%
2026-09-27 21:54:20 - [ForkPoolWorker-21] models.mode_choice - DEBUG -   Mode rates for 'Home': car=88.1%, walk=5.0%, school_bus=3.8%, bike=1.1%, bus=0.7%, rideshare=0.5%, rail=0.5%, other=0.3%
2026-09-27 21:54:20 - [ForkPoolWorker-21] models.mode_choice - DEBUG -   Mode rates for 'Work': car=92.5%, walk=2.3%, rail=1.6%, bus=1.2%, bike=1.0%, school_bus=0.6%, rideshare=0.5%, other=0.2%
2026-09-27 21:54:20 - [ForkPoolWorker-21] models.mode_choice - DEBUG -   Mode rates for 'Social': car=73.8%, walk=19.5%, bike=3.5%, other=1.0%, rail=0.6%, rideshare=0.6%, bus=0.6%, school_bus=0.4%
2026-09-27 21:54:20 - [ForkPoolWorker-21] models.mode_choice - DEBUG -   Mode rates for 'Dining': car=91.1%, walk=6.8%, bike=1.2%, rail=0.3%, other=0.3%, rideshare=0.3%, bus=0.1%
2026-09-27 21:54:20 - [ForkPoolWorker-21] models.mode_choice - DEBUG -   Mode rates for 'Shopping': car=93.6%, walk=5.1%, bike=0.4%, bus=0.4%, rail=0.2%, school_bus=0.2%, rideshare=0.1%
2026-09-27 21:54:20 - [ForkPoolWorker-21] models.mode_choice - DEBUG -   Mode rates for 'Other': car=88.3%, walk=4.6%, bus=3.1%, rideshare=1.7%, school_bus=1.0%, rail=0.6%, bike=0.6%, other=0.2%
2026-09-27 21:54:20 - [ForkPoolWorker-21] models.mode_choice - DEBUG -   Mode rates for 'all': car=87.2%, walk=6.3%, school_bus=3.2%, bike=1.2%, bus=0.8%, rail=0.6%, rideshare=0.5%, other=0.3%
2026-09-27 21:54:20 - [ForkPoolWorker-21] models.mode_choice - INFO - Computed mode rates for 8 purposes
2026-09-27 21:54:20 - [ForkPoolWorker-21] models.mode_choice - INFO -   Overall mode distribution: car=87.2%, walk=6.3%, school_bus=3.2%, bike=1.2%, bus=0.8%, rail=0.6%, rideshare=0.5%, other=0.3%
2026-09-27 21:54:20 - [ForkPoolWorker-21] models.mode_choice - INFO - ModeChoiceModel initialized with 4 modes: ['car', 'bus', 'rail', 'walk']
2026-09-27 21:54:20 - [ForkPoolWorker-27] models.plan_generator - INFO - Worker ForkPoolWorker-27 started - processing 4909 OD pairs
2026-09-27 21:54:20 - [ForkPoolWorker-27] models.time - INFO - Fitted models for 49 activity pairs
2026-09-27 21:54:20 - [ForkPoolWorker-27] models.time - INFO - Mean trip durations: global=20.0min, per-pair=49 pairs
2026-09-27 21:54:20 - [ForkPoolWorker-28] models.plan_generator - INFO - Worker ForkPoolWorker-28 started - processing 4909 OD pairs
2026-09-27 21:54:20 - [ForkPoolWorker-22] models.mode_availability - DEBUG - Registered availability checker for car: UniversalAvailability
2026-09-27 21:54:20 - [ForkPoolWorker-22] models.mode_availability - DEBUG - Registered availability checker for bus: GTFSTransitAvailability
2026-09-27 21:54:20 - [ForkPoolWorker-22] models.mode_availability - DEBUG - Registered availability checker for rail: GTFSTransitAvailability
2026-09-27 21:54:20 - [ForkPoolWorker-22] models.mode_availability - DEBUG - Registered availability checker for walk: DistanceBasedAvailability
2026-09-27 21:54:20 - [ForkPoolWorker-22] models.mode_choice - INFO - Computing mode shares from survey data...
2026-09-27 21:54:20 - [ForkPoolWorker-22] models.mode_choice - DEBUG -   Survey weights (normalized): {'default': 1.0}
2026-09-27 21:54:20 - [ForkPoolWorker-22] models.mode_choice - DEBUG -   Computing rates for purposes: ['School', 'Home', 'Work', 'Social', 'Dining', 'Shopping', 'Other', 'all']
2026-09-27 21:54:20 - [ForkPoolWorker-22] models.mode_choice - DEBUG -   Mode rates for 'School': car=65.5%, school_bus=22.9%, walk=7.7%, bike=2.3%, bus=0.9%, other=0.4%, rail=0.2%, rideshare=0.1%
2026-09-27 21:54:20 - [ForkPoolWorker-22] models.mode_choice - DEBUG -   Mode rates for 'Home': car=88.1%, walk=5.0%, school_bus=3.8%, bike=1.1%, bus=0.7%, rideshare=0.5%, rail=0.5%, other=0.3%
2026-09-27 21:54:20 - [ForkPoolWorker-22] models.mode_choice - DEBUG -   Mode rates for 'Work': car=92.5%, walk=2.3%, rail=1.6%, bus=1.2%, bike=1.0%, school_bus=0.6%, rideshare=0.5%, other=0.2%
2026-09-27 21:54:20 - [ForkPoolWorker-22] models.mode_choice - DEBUG -   Mode rates for 'Social': car=73.8%, walk=19.5%, bike=3.5%, other=1.0%, rail=0.6%, rideshare=0.6%, bus=0.6%, school_bus=0.4%
2026-09-27 21:54:20 - [ForkPoolWorker-22] models.mode_choice - DEBUG -   Mode rates for 'Dining': car=91.1%, walk=6.8%, bike=1.2%, rail=0.3%, other=0.3%, rideshare=0.3%, bus=0.1%
2026-09-27 21:54:20 - [ForkPoolWorker-22] models.mode_choice - DEBUG -   Mode rates for 'Shopping': car=93.6%, walk=5.1%, bike=0.4%, bus=0.4%, rail=0.2%, school_bus=0.2%, rideshare=0.1%
2026-09-27 21:54:20 - [ForkPoolWorker-22] models.mode_choice - DEBUG -   Mode rates for 'Other': car=88.3%, walk=4.6%, bus=3.1%, rideshare=1.7%, school_bus=1.0%, rail=0.6%, bike=0.6%, other=0.2%
2026-09-27 21:54:20 - [ForkPoolWorker-22] models.mode_choice - DEBUG -   Mode rates for 'all': car=87.2%, walk=6.3%, school_bus=3.2%, bike=1.2%, bus=0.8%, rail=0.6%, rideshare=0.5%, other=0.3%
2026-09-27 21:54:20 - [ForkPoolWorker-22] models.mode_choice - INFO - Computed mode rates for 8 purposes
2026-09-27 21:54:20 - [ForkPoolWorker-22] models.mode_choice - INFO -   Overall mode distribution: car=87.2%, walk=6.3%, school_bus=3.2%, bike=1.2%, bus=0.8%, rail=0.6%, rideshare=0.5%, other=0.3%
2026-09-27 21:54:20 - [ForkPoolWorker-22] models.mode_choice - INFO - ModeChoiceModel initialized with 4 modes: ['car', 'bus', 'rail', 'walk']
2026-09-27 21:54:21 - [ForkPoolWorker-28] models.time - INFO - Fitted models for 49 activity pairs
2026-09-27 21:54:21 - [ForkPoolWorker-28] models.time - INFO - Mean trip durations: global=20.0min, per-pair=49 pairs
2026-09-27 21:54:21 - [ForkPoolWorker-29] models.plan_generator - INFO - Worker ForkPoolWorker-29 started - processing 4909 OD pairs
2026-09-27 21:54:21 - [ForkPoolWorker-29] models.time - INFO - Fitted models for 49 activity pairs
2026-09-27 21:54:21 - [ForkPoolWorker-29] models.time - INFO - Mean trip durations: global=20.0min, per-pair=49 pairs
2026-09-27 21:54:21 - [ForkPoolWorker-23] models.mode_availability - DEBUG - Registered availability checker for car: UniversalAvailability
2026-09-27 21:54:21 - [ForkPoolWorker-23] models.mode_availability - DEBUG - Registered availability checker for bus: GTFSTransitAvailability
2026-09-27 21:54:21 - [ForkPoolWorker-23] models.mode_availability - DEBUG - Registered availability checker for rail: GTFSTransitAvailability
2026-09-27 21:54:21 - [ForkPoolWorker-23] models.mode_availability - DEBUG - Registered availability checker for walk: DistanceBasedAvailability
2026-09-27 21:54:21 - [ForkPoolWorker-23] models.mode_choice - INFO - Computing mode shares from survey data...
2026-09-27 21:54:21 - [ForkPoolWorker-23] models.mode_choice - DEBUG -   Survey weights (normalized): {'default': 1.0}
2026-09-27 21:54:21 - [ForkPoolWorker-23] models.mode_choice - DEBUG -   Computing rates for purposes: ['School', 'Home', 'Work', 'Social', 'Dining', 'Shopping', 'Other', 'all']
2026-09-27 21:54:21 - [ForkPoolWorker-23] models.mode_choice - DEBUG -   Mode rates for 'School': car=65.5%, school_bus=22.9%, walk=7.7%, bike=2.3%, bus=0.9%, other=0.4%, rail=0.2%, rideshare=0.1%
2026-09-27 21:54:21 - [ForkPoolWorker-23] models.mode_choice - DEBUG -   Mode rates for 'Home': car=88.1%, walk=5.0%, school_bus=3.8%, bike=1.1%, bus=0.7%, rideshare=0.5%, rail=0.5%, other=0.3%
2026-09-27 21:54:21 - [ForkPoolWorker-23] models.mode_choice - DEBUG -   Mode rates for 'Work': car=92.5%, walk=2.3%, rail=1.6%, bus=1.2%, bike=1.0%, school_bus=0.6%, rideshare=0.5%, other=0.2%
2026-09-27 21:54:21 - [ForkPoolWorker-23] models.mode_choice - DEBUG -   Mode rates for 'Social': car=73.8%, walk=19.5%, bike=3.5%, other=1.0%, rail=0.6%, rideshare=0.6%, bus=0.6%, school_bus=0.4%
2026-09-27 21:54:21 - [ForkPoolWorker-23] models.mode_choice - DEBUG -   Mode rates for 'Dining': car=91.1%, walk=6.8%, bike=1.2%, rail=0.3%, other=0.3%, rideshare=0.3%, bus=0.1%
2026-09-27 21:54:21 - [ForkPoolWorker-23] models.mode_choice - DEBUG -   Mode rates for 'Shopping': car=93.6%, walk=5.1%, bike=0.4%, bus=0.4%, rail=0.2%, school_bus=0.2%, rideshare=0.1%
2026-09-27 21:54:21 - [ForkPoolWorker-23] models.mode_choice - DEBUG -   Mode rates for 'Other': car=88.3%, walk=4.6%, bus=3.1%, rideshare=1.7%, school_bus=1.0%, rail=0.6%, bike=0.6%, other=0.2%
2026-09-27 21:54:21 - [ForkPoolWorker-23] models.mode_choice - DEBUG -   Mode rates for 'all': car=87.2%, walk=6.3%, school_bus=3.2%, bike=1.2%, bus=0.8%, rail=0.6%, rideshare=0.5%, other=0.3%
2026-09-27 21:54:21 - [ForkPoolWorker-23] models.mode_choice - INFO - Computed mode rates for 8 purposes
2026-09-27 21:54:21 - [ForkPoolWorker-23] models.mode_choice - INFO -   Overall mode distribution: car=87.2%, walk=6.3%, school_bus=3.2%, bike=1.2%, bus=0.8%, rail=0.6%, rideshare=0.5%, other=0.3%
2026-09-27 21:54:21 - [ForkPoolWorker-23] models.mode_choice - INFO - ModeChoiceModel initialized with 4 modes: ['car', 'bus', 'rail', 'walk']
2026-09-27 21:54:21 - [ForkPoolWorker-30] models.plan_generator - INFO - Worker ForkPoolWorker-30 started - processing 4909 OD pairs
2026-09-27 21:54:22 - [ForkPoolWorker-30] models.time - INFO - Fitted models for 49 activity pairs
2026-09-27 21:54:22 - [ForkPoolWorker-30] models.time - INFO - Mean trip durations: global=20.0min, per-pair=49 pairs
2026-09-27 21:54:22 - [ForkPoolWorker-24] models.mode_availability - DEBUG - Registered availability checker for car: UniversalAvailability
2026-09-27 21:54:22 - [ForkPoolWorker-24] models.mode_availability - DEBUG - Registered availability checker for bus: GTFSTransitAvailability
2026-09-27 21:54:22 - [ForkPoolWorker-24] models.mode_availability - DEBUG - Registered availability checker for rail: GTFSTransitAvailability
2026-09-27 21:54:22 - [ForkPoolWorker-24] models.mode_availability - DEBUG - Registered availability checker for walk: DistanceBasedAvailability
2026-09-27 21:54:22 - [ForkPoolWorker-24] models.mode_choice - INFO - Computing mode shares from survey data...
2026-09-27 21:54:22 - [ForkPoolWorker-24] models.mode_choice - DEBUG -   Survey weights (normalized): {'default': 1.0}
2026-09-27 21:54:22 - [ForkPoolWorker-24] models.mode_choice - DEBUG -   Computing rates for purposes: ['School', 'Home', 'Work', 'Social', 'Dining', 'Shopping', 'Other', 'all']
2026-09-27 21:54:22 - [ForkPoolWorker-24] models.mode_choice - DEBUG -   Mode rates for 'School': car=65.5%, school_bus=22.9%, walk=7.7%, bike=2.3%, bus=0.9%, other=0.4%, rail=0.2%, rideshare=0.1%
2026-09-27 21:54:22 - [ForkPoolWorker-24] models.mode_choice - DEBUG -   Mode rates for 'Home': car=88.1%, walk=5.0%, school_bus=3.8%, bike=1.1%, bus=0.7%, rideshare=0.5%, rail=0.5%, other=0.3%
2026-09-27 21:54:22 - [ForkPoolWorker-24] models.mode_choice - DEBUG -   Mode rates for 'Work': car=92.5%, walk=2.3%, rail=1.6%, bus=1.2%, bike=1.0%, school_bus=0.6%, rideshare=0.5%, other=0.2%
2026-09-27 21:54:22 - [ForkPoolWorker-24] models.mode_choice - DEBUG -   Mode rates for 'Social': car=73.8%, walk=19.5%, bike=3.5%, other=1.0%, rail=0.6%, rideshare=0.6%, bus=0.6%, school_bus=0.4%
2026-09-27 21:54:22 - [ForkPoolWorker-24] models.mode_choice - DEBUG -   Mode rates for 'Dining': car=91.1%, walk=6.8%, bike=1.2%, rail=0.3%, other=0.3%, rideshare=0.3%, bus=0.1%
2026-09-27 21:54:22 - [ForkPoolWorker-24] models.mode_choice - DEBUG -   Mode rates for 'Shopping': car=93.6%, walk=5.1%, bike=0.4%, bus=0.4%, rail=0.2%, school_bus=0.2%, rideshare=0.1%
2026-09-27 21:54:22 - [ForkPoolWorker-24] models.mode_choice - DEBUG -   Mode rates for 'Other': car=88.3%, walk=4.6%, bus=3.1%, rideshare=1.7%, school_bus=1.0%, rail=0.6%, bike=0.6%, other=0.2%
2026-09-27 21:54:22 - [ForkPoolWorker-24] models.mode_choice - DEBUG -   Mode rates for 'all': car=87.2%, walk=6.3%, school_bus=3.2%, bike=1.2%, bus=0.8%, rail=0.6%, rideshare=0.5%, other=0.3%
2026-09-27 21:54:22 - [ForkPoolWorker-24] models.mode_choice - INFO - Computed mode rates for 8 purposes
2026-09-27 21:54:22 - [ForkPoolWorker-24] models.mode_choice - INFO -   Overall mode distribution: car=87.2%, walk=6.3%, school_bus=3.2%, bike=1.2%, bus=0.8%, rail=0.6%, rideshare=0.5%, other=0.3%
2026-09-27 21:54:22 - [ForkPoolWorker-24] models.mode_choice - INFO - ModeChoiceModel initialized with 4 modes: ['car', 'bus', 'rail', 'walk']
2026-09-27 21:54:22 - [ForkPoolWorker-25] models.mode_availability - DEBUG - Registered availability checker for car: UniversalAvailability
2026-09-27 21:54:22 - [ForkPoolWorker-25] models.mode_availability - DEBUG - Registered availability checker for bus: GTFSTransitAvailability
2026-09-27 21:54:22 - [ForkPoolWorker-25] models.mode_availability - DEBUG - Registered availability checker for rail: GTFSTransitAvailability
2026-09-27 21:54:22 - [ForkPoolWorker-25] models.mode_availability - DEBUG - Registered availability checker for walk: DistanceBasedAvailability
2026-09-27 21:54:22 - [ForkPoolWorker-25] models.mode_choice - INFO - Computing mode shares from survey data...
2026-09-27 21:54:22 - [ForkPoolWorker-25] models.mode_choice - DEBUG -   Survey weights (normalized): {'default': 1.0}
2026-09-27 21:54:22 - [ForkPoolWorker-25] models.mode_choice - DEBUG -   Computing rates for purposes: ['School', 'Home', 'Work', 'Social', 'Dining', 'Shopping', 'Other', 'all']
2026-09-27 21:54:22 - [ForkPoolWorker-25] models.mode_choice - DEBUG -   Mode rates for 'School': car=65.5%, school_bus=22.9%, walk=7.7%, bike=2.3%, bus=0.9%, other=0.4%, rail=0.2%, rideshare=0.1%
2026-09-27 21:54:22 - [ForkPoolWorker-25] models.mode_choice - DEBUG -   Mode rates for 'Home': car=88.1%, walk=5.0%, school_bus=3.8%, bike=1.1%, bus=0.7%, rideshare=0.5%, rail=0.5%, other=0.3%
2026-09-27 21:54:22 - [ForkPoolWorker-25] models.mode_choice - DEBUG -   Mode rates for 'Work': car=92.5%, walk=2.3%, rail=1.6%, bus=1.2%, bike=1.0%, school_bus=0.6%, rideshare=0.5%, other=0.2%
2026-09-27 21:54:22 - [ForkPoolWorker-25] models.mode_choice - DEBUG -   Mode rates for 'Social': car=73.8%, walk=19.5%, bike=3.5%, other=1.0%, rail=0.6%, rideshare=0.6%, bus=0.6%, school_bus=0.4%
2026-09-27 21:54:22 - [ForkPoolWorker-25] models.mode_choice - DEBUG -   Mode rates for 'Dining': car=91.1%, walk=6.8%, bike=1.2%, rail=0.3%, other=0.3%, rideshare=0.3%, bus=0.1%
2026-09-27 21:54:22 - [ForkPoolWorker-25] models.mode_choice - DEBUG -   Mode rates for 'Shopping': car=93.6%, walk=5.1%, bike=0.4%, bus=0.4%, rail=0.2%, school_bus=0.2%, rideshare=0.1%
2026-09-27 21:54:22 - [ForkPoolWorker-25] models.mode_choice - DEBUG -   Mode rates for 'Other': car=88.3%, walk=4.6%, bus=3.1%, rideshare=1.7%, school_bus=1.0%, rail=0.6%, bike=0.6%, other=0.2%
2026-09-27 21:54:22 - [ForkPoolWorker-25] models.mode_choice - DEBUG -   Mode rates for 'all': car=87.2%, walk=6.3%, school_bus=3.2%, bike=1.2%, bus=0.8%, rail=0.6%, rideshare=0.5%, other=0.3%
2026-09-27 21:54:22 - [ForkPoolWorker-25] models.mode_choice - INFO - Computed mode rates for 8 purposes
2026-09-27 21:54:22 - [ForkPoolWorker-25] models.mode_choice - INFO -   Overall mode distribution: car=87.2%, walk=6.3%, school_bus=3.2%, bike=1.2%, bus=0.8%, rail=0.6%, rideshare=0.5%, other=0.3%
2026-09-27 21:54:22 - [ForkPoolWorker-25] models.mode_choice - INFO - ModeChoiceModel initialized with 4 modes: ['car', 'bus', 'rail', 'walk']
2026-09-27 21:54:23 - [ForkPoolWorker-26] models.mode_availability - DEBUG - Registered availability checker for car: UniversalAvailability
2026-09-27 21:54:23 - [ForkPoolWorker-26] models.mode_availability - DEBUG - Registered availability checker for bus: GTFSTransitAvailability
2026-09-27 21:54:23 - [ForkPoolWorker-26] models.mode_availability - DEBUG - Registered availability checker for rail: GTFSTransitAvailability
2026-09-27 21:54:23 - [ForkPoolWorker-26] models.mode_availability - DEBUG - Registered availability checker for walk: DistanceBasedAvailability
2026-09-27 21:54:23 - [ForkPoolWorker-26] models.mode_choice - INFO - Computing mode shares from survey data...
2026-09-27 21:54:23 - [ForkPoolWorker-26] models.mode_choice - DEBUG -   Survey weights (normalized): {'default': 1.0}
2026-09-27 21:54:23 - [ForkPoolWorker-26] models.mode_choice - DEBUG -   Computing rates for purposes: ['School', 'Home', 'Work', 'Social', 'Dining', 'Shopping', 'Other', 'all']
2026-09-27 21:54:23 - [ForkPoolWorker-26] models.mode_choice - DEBUG -   Mode rates for 'School': car=65.5%, school_bus=22.9%, walk=7.7%, bike=2.3%, bus=0.9%, other=0.4%, rail=0.2%, rideshare=0.1%
2026-09-27 21:54:23 - [ForkPoolWorker-26] models.mode_choice - DEBUG -   Mode rates for 'Home': car=88.1%, walk=5.0%, school_bus=3.8%, bike=1.1%, bus=0.7%, rideshare=0.5%, rail=0.5%, other=0.3%
2026-09-27 21:54:23 - [ForkPoolWorker-26] models.mode_choice - DEBUG -   Mode rates for 'Work': car=92.5%, walk=2.3%, rail=1.6%, bus=1.2%, bike=1.0%, school_bus=0.6%, rideshare=0.5%, other=0.2%
2026-09-27 21:54:23 - [ForkPoolWorker-26] models.mode_choice - DEBUG -   Mode rates for 'Social': car=73.8%, walk=19.5%, bike=3.5%, other=1.0%, rail=0.6%, rideshare=0.6%, bus=0.6%, school_bus=0.4%
2026-09-27 21:54:23 - [ForkPoolWorker-26] models.mode_choice - DEBUG -   Mode rates for 'Dining': car=91.1%, walk=6.8%, bike=1.2%, rail=0.3%, other=0.3%, rideshare=0.3%, bus=0.1%
2026-09-27 21:54:23 - [ForkPoolWorker-26] models.mode_choice - DEBUG -   Mode rates for 'Shopping': car=93.6%, walk=5.1%, bike=0.4%, bus=0.4%, rail=0.2%, school_bus=0.2%, rideshare=0.1%
2026-09-27 21:54:23 - [ForkPoolWorker-26] models.mode_choice - DEBUG -   Mode rates for 'Other': car=88.3%, walk=4.6%, bus=3.1%, rideshare=1.7%, school_bus=1.0%, rail=0.6%, bike=0.6%, other=0.2%
2026-09-27 21:54:23 - [ForkPoolWorker-26] models.mode_choice - DEBUG -   Mode rates for 'all': car=87.2%, walk=6.3%, school_bus=3.2%, bike=1.2%, bus=0.8%, rail=0.6%, rideshare=0.5%, other=0.3%
2026-09-27 21:54:23 - [ForkPoolWorker-26] models.mode_choice - INFO - Computed mode rates for 8 purposes
2026-09-27 21:54:23 - [ForkPoolWorker-26] models.mode_choice - INFO -   Overall mode distribution: car=87.2%, walk=6.3%, school_bus=3.2%, bike=1.2%, bus=0.8%, rail=0.6%, rideshare=0.5%, other=0.3%
2026-09-27 21:54:23 - [ForkPoolWorker-26] models.mode_choice - INFO - ModeChoiceModel initialized with 4 modes: ['car', 'bus', 'rail', 'walk']
2026-09-27 21:54:23 - [ForkPoolWorker-27] models.mode_availability - DEBUG - Registered availability checker for car: UniversalAvailability
2026-09-27 21:54:23 - [ForkPoolWorker-27] models.mode_availability - DEBUG - Registered availability checker for bus: GTFSTransitAvailability
2026-09-27 21:54:23 - [ForkPoolWorker-27] models.mode_availability - DEBUG - Registered availability checker for rail: GTFSTransitAvailability
2026-09-27 21:54:23 - [ForkPoolWorker-27] models.mode_availability - DEBUG - Registered availability checker for walk: DistanceBasedAvailability
2026-09-27 21:54:23 - [ForkPoolWorker-27] models.mode_choice - INFO - Computing mode shares from survey data...
2026-09-27 21:54:23 - [ForkPoolWorker-27] models.mode_choice - DEBUG -   Survey weights (normalized): {'default': 1.0}
2026-09-27 21:54:23 - [ForkPoolWorker-27] models.mode_choice - DEBUG -   Computing rates for purposes: ['School', 'Home', 'Work', 'Social', 'Dining', 'Shopping', 'Other', 'all']
2026-09-27 21:54:23 - [ForkPoolWorker-27] models.mode_choice - DEBUG -   Mode rates for 'School': car=65.5%, school_bus=22.9%, walk=7.7%, bike=2.3%, bus=0.9%, other=0.4%, rail=0.2%, rideshare=0.1%
2026-09-27 21:54:24 - [ForkPoolWorker-27] models.mode_choice - DEBUG -   Mode rates for 'Home': car=88.1%, walk=5.0%, school_bus=3.8%, bike=1.1%, bus=0.7%, rideshare=0.5%, rail=0.5%, other=0.3%
2026-09-27 21:54:24 - [ForkPoolWorker-27] models.mode_choice - DEBUG -   Mode rates for 'Work': car=92.5%, walk=2.3%, rail=1.6%, bus=1.2%, bike=1.0%, school_bus=0.6%, rideshare=0.5%, other=0.2%
2026-09-27 21:54:24 - [ForkPoolWorker-27] models.mode_choice - DEBUG -   Mode rates for 'Social': car=73.8%, walk=19.5%, bike=3.5%, other=1.0%, rail=0.6%, rideshare=0.6%, bus=0.6%, school_bus=0.4%
2026-09-27 21:54:24 - [ForkPoolWorker-27] models.mode_choice - DEBUG -   Mode rates for 'Dining': car=91.1%, walk=6.8%, bike=1.2%, rail=0.3%, other=0.3%, rideshare=0.3%, bus=0.1%
2026-09-27 21:54:24 - [ForkPoolWorker-27] models.mode_choice - DEBUG -   Mode rates for 'Shopping': car=93.6%, walk=5.1%, bike=0.4%, bus=0.4%, rail=0.2%, school_bus=0.2%, rideshare=0.1%
2026-09-27 21:54:24 - [ForkPoolWorker-27] models.mode_choice - DEBUG -   Mode rates for 'Other': car=88.3%, walk=4.6%, bus=3.1%, rideshare=1.7%, school_bus=1.0%, rail=0.6%, bike=0.6%, other=0.2%
2026-09-27 21:54:24 - [ForkPoolWorker-27] models.mode_choice - DEBUG -   Mode rates for 'all': car=87.2%, walk=6.3%, school_bus=3.2%, bike=1.2%, bus=0.8%, rail=0.6%, rideshare=0.5%, other=0.3%
2026-09-27 21:54:24 - [ForkPoolWorker-27] models.mode_choice - INFO - Computed mode rates for 8 purposes
2026-09-27 21:54:24 - [ForkPoolWorker-27] models.mode_choice - INFO -   Overall mode distribution: car=87.2%, walk=6.3%, school_bus=3.2%, bike=1.2%, bus=0.8%, rail=0.6%, rideshare=0.5%, other=0.3%
2026-09-27 21:54:24 - [ForkPoolWorker-27] models.mode_choice - INFO - ModeChoiceModel initialized with 4 modes: ['car', 'bus', 'rail', 'walk']
2026-09-27 21:54:24 - [ForkPoolWorker-28] models.mode_availability - DEBUG - Registered availability checker for car: UniversalAvailability
2026-09-27 21:54:24 - [ForkPoolWorker-28] models.mode_availability - DEBUG - Registered availability checker for bus: GTFSTransitAvailability
2026-09-27 21:54:24 - [ForkPoolWorker-28] models.mode_availability - DEBUG - Registered availability checker for rail: GTFSTransitAvailability
2026-09-27 21:54:24 - [ForkPoolWorker-28] models.mode_availability - DEBUG - Registered availability checker for walk: DistanceBasedAvailability
2026-09-27 21:54:24 - [ForkPoolWorker-28] models.mode_choice - INFO - Computing mode shares from survey data...
2026-09-27 21:54:24 - [ForkPoolWorker-28] models.mode_choice - DEBUG -   Survey weights (normalized): {'default': 1.0}
2026-09-27 21:54:24 - [ForkPoolWorker-28] models.mode_choice - DEBUG -   Computing rates for purposes: ['School', 'Home', 'Work', 'Social', 'Dining', 'Shopping', 'Other', 'all']
2026-09-27 21:54:24 - [ForkPoolWorker-28] models.mode_choice - DEBUG -   Mode rates for 'School': car=65.5%, school_bus=22.9%, walk=7.7%, bike=2.3%, bus=0.9%, other=0.4%, rail=0.2%, rideshare=0.1%
2026-09-27 21:54:24 - [ForkPoolWorker-28] models.mode_choice - DEBUG -   Mode rates for 'Home': car=88.1%, walk=5.0%, school_bus=3.8%, bike=1.1%, bus=0.7%, rideshare=0.5%, rail=0.5%, other=0.3%
2026-09-27 21:54:24 - [ForkPoolWorker-28] models.mode_choice - DEBUG -   Mode rates for 'Work': car=92.5%, walk=2.3%, rail=1.6%, bus=1.2%, bike=1.0%, school_bus=0.6%, rideshare=0.5%, other=0.2%
2026-09-27 21:54:24 - [ForkPoolWorker-28] models.mode_choice - DEBUG -   Mode rates for 'Social': car=73.8%, walk=19.5%, bike=3.5%, other=1.0%, rail=0.6%, rideshare=0.6%, bus=0.6%, school_bus=0.4%
2026-09-27 21:54:24 - [ForkPoolWorker-28] models.mode_choice - DEBUG -   Mode rates for 'Dining': car=91.1%, walk=6.8%, bike=1.2%, rail=0.3%, other=0.3%, rideshare=0.3%, bus=0.1%
2026-09-27 21:54:24 - [ForkPoolWorker-28] models.mode_choice - DEBUG -   Mode rates for 'Shopping': car=93.6%, walk=5.1%, bike=0.4%, bus=0.4%, rail=0.2%, school_bus=0.2%, rideshare=0.1%
2026-09-27 21:54:24 - [ForkPoolWorker-28] models.mode_choice - DEBUG -   Mode rates for 'Other': car=88.3%, walk=4.6%, bus=3.1%, rideshare=1.7%, school_bus=1.0%, rail=0.6%, bike=0.6%, other=0.2%
2026-09-27 21:54:24 - [ForkPoolWorker-28] models.mode_choice - DEBUG -   Mode rates for 'all': car=87.2%, walk=6.3%, school_bus=3.2%, bike=1.2%, bus=0.8%, rail=0.6%, rideshare=0.5%, other=0.3%
2026-09-27 21:54:24 - [ForkPoolWorker-28] models.mode_choice - INFO - Computed mode rates for 8 purposes
2026-09-27 21:54:24 - [ForkPoolWorker-28] models.mode_choice - INFO -   Overall mode distribution: car=87.2%, walk=6.3%, school_bus=3.2%, bike=1.2%, bus=0.8%, rail=0.6%, rideshare=0.5%, other=0.3%
2026-09-27 21:54:24 - [ForkPoolWorker-28] models.mode_choice - INFO - ModeChoiceModel initialized with 4 modes: ['car', 'bus', 'rail', 'walk']
2026-09-27 21:54:24 - [ForkPoolWorker-29] models.mode_availability - DEBUG - Registered availability checker for car: UniversalAvailability
2026-09-27 21:54:24 - [ForkPoolWorker-29] models.mode_availability - DEBUG - Registered availability checker for bus: GTFSTransitAvailability
2026-09-27 21:54:24 - [ForkPoolWorker-29] models.mode_availability - DEBUG - Registered availability checker for rail: GTFSTransitAvailability
2026-09-27 21:54:24 - [ForkPoolWorker-29] models.mode_availability - DEBUG - Registered availability checker for walk: DistanceBasedAvailability
2026-09-27 21:54:24 - [ForkPoolWorker-29] models.mode_choice - INFO - Computing mode shares from survey data...
2026-09-27 21:54:24 - [ForkPoolWorker-29] models.mode_choice - DEBUG -   Survey weights (normalized): {'default': 1.0}
2026-09-27 21:54:24 - [ForkPoolWorker-29] models.mode_choice - DEBUG -   Computing rates for purposes: ['School', 'Home', 'Work', 'Social', 'Dining', 'Shopping', 'Other', 'all']
2026-09-27 21:54:24 - [ForkPoolWorker-29] models.mode_choice - DEBUG -   Mode rates for 'School': car=65.5%, school_bus=22.9%, walk=7.7%, bike=2.3%, bus=0.9%, other=0.4%, rail=0.2%, rideshare=0.1%
2026-09-27 21:54:24 - [ForkPoolWorker-29] models.mode_choice - DEBUG -   Mode rates for 'Home': car=88.1%, walk=5.0%, school_bus=3.8%, bike=1.1%, bus=0.7%, rideshare=0.5%, rail=0.5%, other=0.3%
2026-09-27 21:54:24 - [ForkPoolWorker-29] models.mode_choice - DEBUG -   Mode rates for 'Work': car=92.5%, walk=2.3%, rail=1.6%, bus=1.2%, bike=1.0%, school_bus=0.6%, rideshare=0.5%, other=0.2%
2026-09-27 21:54:24 - [ForkPoolWorker-29] models.mode_choice - DEBUG -   Mode rates for 'Social': car=73.8%, walk=19.5%, bike=3.5%, other=1.0%, rail=0.6%, rideshare=0.6%, bus=0.6%, school_bus=0.4%
2026-09-27 21:54:24 - [ForkPoolWorker-29] models.mode_choice - DEBUG -   Mode rates for 'Dining': car=91.1%, walk=6.8%, bike=1.2%, rail=0.3%, other=0.3%, rideshare=0.3%, bus=0.1%
2026-09-27 21:54:24 - [ForkPoolWorker-29] models.mode_choice - DEBUG -   Mode rates for 'Shopping': car=93.6%, walk=5.1%, bike=0.4%, bus=0.4%, rail=0.2%, school_bus=0.2%, rideshare=0.1%
2026-09-27 21:54:24 - [ForkPoolWorker-29] models.mode_choice - DEBUG -   Mode rates for 'Other': car=88.3%, walk=4.6%, bus=3.1%, rideshare=1.7%, school_bus=1.0%, rail=0.6%, bike=0.6%, other=0.2%
2026-09-27 21:54:24 - [ForkPoolWorker-29] models.mode_choice - DEBUG -   Mode rates for 'all': car=87.2%, walk=6.3%, school_bus=3.2%, bike=1.2%, bus=0.8%, rail=0.6%, rideshare=0.5%, other=0.3%
2026-09-27 21:54:24 - [ForkPoolWorker-29] models.mode_choice - INFO - Computed mode rates for 8 purposes
2026-09-27 21:54:24 - [ForkPoolWorker-29] models.mode_choice - INFO -   Overall mode distribution: car=87.2%, walk=6.3%, school_bus=3.2%, bike=1.2%, bus=0.8%, rail=0.6%, rideshare=0.5%, other=0.3%
2026-09-27 21:54:24 - [ForkPoolWorker-29] models.mode_choice - INFO - ModeChoiceModel initialized with 4 modes: ['car', 'bus', 'rail', 'walk']
2026-09-27 21:54:25 - [ForkPoolWorker-30] models.mode_availability - DEBUG - Registered availability checker for car: UniversalAvailability
2026-09-27 21:54:25 - [ForkPoolWorker-30] models.mode_availability - DEBUG - Registered availability checker for bus: GTFSTransitAvailability
2026-09-27 21:54:25 - [ForkPoolWorker-30] models.mode_availability - DEBUG - Registered availability checker for rail: GTFSTransitAvailability
2026-09-27 21:54:25 - [ForkPoolWorker-30] models.mode_availability - DEBUG - Registered availability checker for walk: DistanceBasedAvailability
2026-09-27 21:54:25 - [ForkPoolWorker-30] models.mode_choice - INFO - Computing mode shares from survey data...
2026-09-27 21:54:25 - [ForkPoolWorker-30] models.mode_choice - DEBUG -   Survey weights (normalized): {'default': 1.0}
2026-09-27 21:54:25 - [ForkPoolWorker-30] models.mode_choice - DEBUG -   Computing rates for purposes: ['School', 'Home', 'Work', 'Social', 'Dining', 'Shopping', 'Other', 'all']
2026-09-27 21:54:25 - [ForkPoolWorker-30] models.mode_choice - DEBUG -   Mode rates for 'School': car=65.5%, school_bus=22.9%, walk=7.7%, bike=2.3%, bus=0.9%, other=0.4%, rail=0.2%, rideshare=0.1%
2026-09-27 21:54:25 - [ForkPoolWorker-30] models.mode_choice - DEBUG -   Mode rates for 'Home': car=88.1%, walk=5.0%, school_bus=3.8%, bike=1.1%, bus=0.7%, rideshare=0.5%, rail=0.5%, other=0.3%
2026-09-27 21:54:25 - [ForkPoolWorker-30] models.mode_choice - DEBUG -   Mode rates for 'Work': car=92.5%, walk=2.3%, rail=1.6%, bus=1.2%, bike=1.0%, school_bus=0.6%, rideshare=0.5%, other=0.2%
2026-09-27 21:54:25 - [ForkPoolWorker-30] models.mode_choice - DEBUG -   Mode rates for 'Social': car=73.8%, walk=19.5%, bike=3.5%, other=1.0%, rail=0.6%, rideshare=0.6%, bus=0.6%, school_bus=0.4%
2026-09-27 21:54:25 - [ForkPoolWorker-30] models.mode_choice - DEBUG -   Mode rates for 'Dining': car=91.1%, walk=6.8%, bike=1.2%, rail=0.3%, other=0.3%, rideshare=0.3%, bus=0.1%
2026-09-27 21:54:25 - [ForkPoolWorker-30] models.mode_choice - DEBUG -   Mode rates for 'Shopping': car=93.6%, walk=5.1%, bike=0.4%, bus=0.4%, rail=0.2%, school_bus=0.2%, rideshare=0.1%
2026-09-27 21:54:25 - [ForkPoolWorker-30] models.mode_choice - DEBUG -   Mode rates for 'Other': car=88.3%, walk=4.6%, bus=3.1%, rideshare=1.7%, school_bus=1.0%, rail=0.6%, bike=0.6%, other=0.2%
2026-09-27 21:54:25 - [ForkPoolWorker-30] models.mode_choice - DEBUG -   Mode rates for 'all': car=87.2%, walk=6.3%, school_bus=3.2%, bike=1.2%, bus=0.8%, rail=0.6%, rideshare=0.5%, other=0.3%
2026-09-27 21:54:25 - [ForkPoolWorker-30] models.mode_choice - INFO - Computed mode rates for 8 purposes
2026-09-27 21:54:25 - [ForkPoolWorker-30] models.mode_choice - INFO -   Overall mode distribution: car=87.2%, walk=6.3%, school_bus=3.2%, bike=1.2%, bus=0.8%, rail=0.6%, rideshare=0.5%, other=0.3%
2026-09-27 21:54:25 - [ForkPoolWorker-30] models.mode_choice - INFO - ModeChoiceModel initialized with 4 modes: ['car', 'bus', 'rail', 'walk']
2026-09-27 21:54:43 - [ForkPoolWorker-2] models.plan_generator - INFO - Worker ForkPoolWorker-2 completed: generated 4986 plans
2026-09-27 21:54:43 - [ForkPoolWorker-1] models.plan_generator - INFO - Worker ForkPoolWorker-1 completed: generated 5015 plans
2026-09-27 21:54:44 - [ForkPoolWorker-2] models.plan_generator - INFO - Worker ForkPoolWorker-2 started - processing 18 OD pairs
2026-09-27 21:54:45 - [ForkPoolWorker-2] models.time - INFO - Fitted models for 49 activity pairs
2026-09-27 21:54:45 - [ForkPoolWorker-2] models.time - INFO - Mean trip durations: global=20.0min, per-pair=49 pairs
2026-09-27 21:54:45 - [ForkPoolWorker-3] models.plan_generator - INFO - Worker ForkPoolWorker-3 completed: generated 5038 plans
2026-09-27 21:54:46 - [ForkPoolWorker-4] models.plan_generator - INFO - Worker ForkPoolWorker-4 completed: generated 5196 plans
2026-09-27 21:54:46 - [ForkPoolWorker-5] models.plan_generator - INFO - Worker ForkPoolWorker-5 completed: generated 5638 plans
2026-09-27 21:54:47 - [ForkPoolWorker-6] models.plan_generator - INFO - Worker ForkPoolWorker-6 completed: generated 5012 plans
2026-09-27 21:54:48 - [ForkPoolWorker-8] models.plan_generator - INFO - Worker ForkPoolWorker-8 completed: generated 5207 plans
2026-09-27 21:54:48 - [ForkPoolWorker-7] models.plan_generator - INFO - Worker ForkPoolWorker-7 completed: generated 5051 plans
2026-09-27 21:54:48 - [ForkPoolWorker-2] models.mode_availability - DEBUG - Registered availability checker for car: UniversalAvailability
2026-09-27 21:54:48 - [ForkPoolWorker-2] models.mode_availability - DEBUG - Registered availability checker for bus: GTFSTransitAvailability
2026-09-27 21:54:48 - [ForkPoolWorker-2] models.mode_availability - DEBUG - Registered availability checker for rail: GTFSTransitAvailability
2026-09-27 21:54:48 - [ForkPoolWorker-2] models.mode_availability - DEBUG - Registered availability checker for walk: DistanceBasedAvailability
2026-09-27 21:54:48 - [ForkPoolWorker-2] models.mode_choice - INFO - Computing mode shares from survey data...
2026-09-27 21:54:48 - [ForkPoolWorker-2] models.mode_choice - DEBUG -   Survey weights (normalized): {'default': 1.0}
2026-09-27 21:54:48 - [ForkPoolWorker-2] models.mode_choice - DEBUG -   Computing rates for purposes: ['School', 'Home', 'Work', 'Social', 'Dining', 'Shopping', 'Other', 'all']
2026-09-27 21:54:48 - [ForkPoolWorker-2] models.mode_choice - DEBUG -   Mode rates for 'School': car=65.5%, school_bus=22.9%, walk=7.7%, bike=2.3%, bus=0.9%, other=0.4%, rail=0.2%, rideshare=0.1%
2026-09-27 21:54:48 - [ForkPoolWorker-2] models.mode_choice - DEBUG -   Mode rates for 'Home': car=88.1%, walk=5.0%, school_bus=3.8%, bike=1.1%, bus=0.7%, rideshare=0.5%, rail=0.5%, other=0.3%
2026-09-27 21:54:48 - [ForkPoolWorker-2] models.mode_choice - DEBUG -   Mode rates for 'Work': car=92.5%, walk=2.3%, rail=1.6%, bus=1.2%, bike=1.0%, school_bus=0.6%, rideshare=0.5%, other=0.2%
2026-09-27 21:54:48 - [ForkPoolWorker-2] models.mode_choice - DEBUG -   Mode rates for 'Social': car=73.8%, walk=19.5%, bike=3.5%, other=1.0%, rail=0.6%, rideshare=0.6%, bus=0.6%, school_bus=0.4%
2026-09-27 21:54:48 - [ForkPoolWorker-2] models.mode_choice - DEBUG -   Mode rates for 'Dining': car=91.1%, walk=6.8%, bike=1.2%, rail=0.3%, other=0.3%, rideshare=0.3%, bus=0.1%
2026-09-27 21:54:48 - [ForkPoolWorker-2] models.mode_choice - DEBUG -   Mode rates for 'Shopping': car=93.6%, walk=5.1%, bike=0.4%, bus=0.4%, rail=0.2%, school_bus=0.2%, rideshare=0.1%
2026-09-27 21:54:48 - [ForkPoolWorker-2] models.mode_choice - DEBUG -   Mode rates for 'Other': car=88.3%, walk=4.6%, bus=3.1%, rideshare=1.7%, school_bus=1.0%, rail=0.6%, bike=0.6%, other=0.2%
2026-09-27 21:54:48 - [ForkPoolWorker-2] models.mode_choice - DEBUG -   Mode rates for 'all': car=87.2%, walk=6.3%, school_bus=3.2%, bike=1.2%, bus=0.8%, rail=0.6%, rideshare=0.5%, other=0.3%
2026-09-27 21:54:48 - [ForkPoolWorker-2] models.mode_choice - INFO - Computed mode rates for 8 purposes
2026-09-27 21:54:48 - [ForkPoolWorker-2] models.mode_choice - INFO -   Overall mode distribution: car=87.2%, walk=6.3%, school_bus=3.2%, bike=1.2%, bus=0.8%, rail=0.6%, rideshare=0.5%, other=0.3%
2026-09-27 21:54:48 - [ForkPoolWorker-2] models.mode_choice - INFO - ModeChoiceModel initialized with 4 modes: ['car', 'bus', 'rail', 'walk']
2026-09-27 21:54:48 - [ForkPoolWorker-2] models.plan_generator - INFO - Worker ForkPoolWorker-2 completed: generated 28 plans
2026-09-27 21:54:49 - [ForkPoolWorker-10] models.plan_generator - INFO - Worker ForkPoolWorker-10 completed: generated 4986 plans
2026-09-27 21:54:50 - [ForkPoolWorker-9] models.plan_generator - INFO - Worker ForkPoolWorker-9 completed: generated 5915 plans
2026-09-27 21:54:50 - [ForkPoolWorker-11] models.plan_generator - INFO - Worker ForkPoolWorker-11 completed: generated 5075 plans
2026-09-27 21:54:51 - [ForkPoolWorker-13] models.plan_generator - INFO - Worker ForkPoolWorker-13 completed: generated 5089 plans
2026-09-27 21:54:51 - [ForkPoolWorker-12] models.plan_generator - INFO - Worker ForkPoolWorker-12 completed: generated 5019 plans
2026-09-27 21:54:52 - [ForkPoolWorker-16] models.plan_generator - INFO - Worker ForkPoolWorker-16 completed: generated 5060 plans
2026-09-27 21:54:52 - [ForkPoolWorker-14] models.plan_generator - INFO - Worker ForkPoolWorker-14 completed: generated 5125 plans
2026-09-27 21:54:53 - [ForkPoolWorker-15] models.plan_generator - INFO - Worker ForkPoolWorker-15 completed: generated 5030 plans
2026-09-27 21:54:55 - [ForkPoolWorker-17] models.plan_generator - INFO - Worker ForkPoolWorker-17 completed: generated 5315 plans
2026-09-27 21:54:55 - [ForkPoolWorker-18] models.plan_generator - INFO - Worker ForkPoolWorker-18 completed: generated 5192 plans
2026-09-27 21:54:55 - [ForkPoolWorker-21] models.plan_generator - INFO - Worker ForkPoolWorker-21 completed: generated 5017 plans
2026-09-27 21:54:55 - [ForkPoolWorker-22] models.plan_generator - INFO - Worker ForkPoolWorker-22 completed: generated 5020 plans
2026-09-27 21:54:56 - [ForkPoolWorker-20] models.plan_generator - INFO - Worker ForkPoolWorker-20 completed: generated 6010 plans
2026-09-27 21:54:57 - [ForkPoolWorker-23] models.plan_generator - INFO - Worker ForkPoolWorker-23 completed: generated 5018 plans
2026-09-27 21:54:57 - [ForkPoolWorker-24] models.plan_generator - INFO - Worker ForkPoolWorker-24 completed: generated 5134 plans
2026-09-27 21:54:57 - [ForkPoolWorker-19] models.plan_generator - INFO - Worker ForkPoolWorker-19 completed: generated 7328 plans
2026-09-27 21:54:58 - [ForkPoolWorker-25] models.plan_generator - INFO - Worker ForkPoolWorker-25 completed: generated 5530 plans
2026-09-27 21:54:59 - [ForkPoolWorker-26] models.plan_generator - INFO - Worker ForkPoolWorker-26 completed: generated 6109 plans
2026-09-27 21:54:59 - [ForkPoolWorker-27] models.plan_generator - INFO - Worker ForkPoolWorker-27 completed: generated 5158 plans
2026-09-27 21:55:00 - [ForkPoolWorker-28] models.plan_generator - INFO - Worker ForkPoolWorker-28 completed: generated 5405 plans
2026-09-27 21:55:01 - [ForkPoolWorker-29] models.plan_generator - INFO - Worker ForkPoolWorker-29 completed: generated 6278 plans
2026-09-27 21:55:03 - [ForkPoolWorker-30] models.plan_generator - INFO - Worker ForkPoolWorker-30 completed: generated 7656 plans
2026-09-27 21:55:04 - models.plan_generator - INFO - ======================================================================
2026-09-27 21:55:04 - models.plan_generator - INFO - GENERATION COMPLETE
2026-09-27 21:55:04 - models.plan_generator - INFO -   Plans requested: 162,640
2026-09-27 21:55:04 - models.plan_generator - INFO -   Plans generated: 162,640
2026-09-27 21:55:04 - models.plan_generator - INFO -   Failed plans: 0
2026-09-27 21:55:04 - models.plan_generator - INFO -   Success rate: 100.00%
2026-09-27 21:55:04 - models.plan_generator - INFO -   Chain retries: 7,199 / 171,280 attempts
2026-09-27 21:55:04 - models.plan_generator - INFO -     Too short: 0
2026-09-27 21:55:04 - models.plan_generator - INFO -     Bad structure (not Home-...-Home): 0
2026-09-27 21:55:04 - models.plan_generator - INFO -     Missing Work: 0
2026-09-27 21:55:04 - models.plan_generator - INFO -     Too many Work: 7,199
2026-09-27 21:55:04 - models.plan_generator - INFO -   POI retries: 50,369
2026-09-27 21:55:04 - models.plan_generator - INFO -   Time retries: 0
2026-09-27 21:55:04 - models.plan_generator - INFO -   Schedules built: 179,260
2026-09-27 21:55:04 - models.plan_generator - INFO -     Trimmed to fit 24h: 418 (0.23%)
2026-09-27 21:55:04 - models.plan_generator - INFO -     Dropped, over budget: 0 (0.00%)
2026-09-27 21:55:04 - models.plan_generator - INFO -     Resampled, over budget (over_budget=resample): 16,620
2026-09-27 21:55:04 - models.plan_generator - INFO -     Excess per trimmed schedule: mean 487.2 min, max 1434.9 min
2026-09-27 21:55:04 - models.plan_generator - INFO -     Minutes actually removed: 198,741 total, mean 475.5 min
2026-09-27 21:55:04 - models.plan_generator - INFO -   Experiment directory: /media/volume/Tareek-instance_vol-1/Tareek-work/Tareek/experiments/tc_pf_hermes_nw14_fr03_10iter
2026-09-27 21:55:04 - models.plan_generator - INFO -   Full logs saved to: /media/volume/Tareek-instance_vol-1/Tareek-work/Tareek/experiments/tc_pf_hermes_nw14_fr03_10iter/experiment_20260927_214951.log
2026-09-27 21:55:04 - models.plan_generator - INFO - ======================================================================
2026-09-27 21:55:04 - models.mode_choice - INFO - ==================================================
2026-09-27 21:55:04 - models.mode_choice - INFO - MODE CHOICE STATISTICS
2026-09-27 21:55:04 - models.mode_choice - INFO - ==================================================
2026-09-27 21:55:04 - models.mode_choice - INFO -   Total mode choices: 456292
2026-09-27 21:55:04 - models.mode_choice - INFO -   Fallback mode used: 0 times
2026-09-27 21:55:04 - models.mode_choice - INFO -   Chain retries: 0
2026-09-27 21:55:04 - models.mode_choice - INFO -   Mode distribution in generated plans:
2026-09-27 21:55:04 - models.mode_choice - INFO -     car: 91.9%
2026-09-27 21:55:04 - models.mode_choice - INFO -     walk: 6.8%
2026-09-27 21:55:04 - models.mode_choice - INFO -     bus: 1.3%
2026-09-27 21:55:04 - models.mode_choice - INFO -     rail: 0.0%
2026-09-27 21:55:04 - models.mode_choice - INFO - ==================================================
2026-09-27 21:55:04 - models.plan_generator - INFO - Plan generation complete!
2026-09-27 21:55:04 - models.plan_generator - INFO -   Generated: 162,640 plans (100.00% success rate)
2026-09-27 21:55:04 - models.plan_generator - INFO -   Failed: 0 plans
2026-09-27 21:55:04 - models.plan_generator - INFO -   Experiment directory: /media/volume/Tareek-instance_vol-1/Tareek-work/Tareek/experiments/tc_pf_hermes_nw14_fr03_10iter
2026-09-27 21:55:04 - models.plan_generator - INFO -   Detailed logs: /media/volume/Tareek-instance_vol-1/Tareek-work/Tareek/experiments/tc_pf_hermes_nw14_fr03_10iter/experiment_20260927_214951.log
2026-09-27 21:55:04 - __main__ - INFO - Generated 162,640 work plans
2026-09-27 21:55:04 - __main__ - INFO - 
2026-09-27 21:55:04 - models.plan_generator - INFO -   Serialized GTFS stop data for workers: bus=12113 stops, rail=75 stops
2026-09-27 21:55:04 - __main__ - INFO - Sharing GTFS stop data with non-work generators
2026-09-27 21:55:04 - __main__ - INFO - Population stats: 3,689,612 total (1,900,761 employees, 1,788,851 non-employees)
2026-09-27 21:55:04 - __main__ - INFO - ------------------------------------------------------------
2026-09-27 21:55:04 - __main__ - INFO - GENERATING SHOPPING PLANS
2026-09-27 21:55:04 - __main__ - INFO - ------------------------------------------------------------
2026-09-27 21:55:04 - models.plan_generator_nonwork - INFO - Initialized NonWorkPlanGenerator for Shopping
2026-09-27 21:55:04 - utils.coordinates - INFO - Initialized coordinate converter: EPSG:4326 <-> EPSG:26915
2026-09-27 21:55:04 - models.plan_generator_nonwork - INFO -   Coordinate system: WGS84 -> EPSG:26915
2026-09-27 21:55:04 - models.plan_generator_nonwork - INFO - Using pre-loaded shared data...
2026-09-27 21:55:04 - models.plan_generator_nonwork - INFO -   Using 48,457 home blocks (pre-loaded)
2026-09-27 21:55:04 - models.plan_generator_nonwork - INFO -   Using 45,377 POIs (pre-loaded)
2026-09-27 21:55:04 - models.plan_generator_nonwork - INFO -   Using 12,403 survey trips (pre-loaded)
2026-09-27 21:55:04 - models.plan_generator_nonwork - INFO -   Using 4,172 persons (pre-loaded)
2026-09-27 21:55:04 - models.plan_generator_nonwork - INFO -   Using 787 trip chains (pre-loaded)
2026-09-27 21:55:04 - models.plan_generator_nonwork - INFO -   Using 45,377 POI-to-block mappings (pre-computed)
2026-09-27 21:55:04 - models.plan_generator_nonwork - INFO -   Using shared trip duration model (pre-initialized)
2026-09-27 21:55:04 - models.plan_generator_nonwork - INFO -   Using shared activity duration model (pre-initialized)
2026-09-27 21:55:04 - models.plan_generator_nonwork - INFO -   Using shared POI spatial index (pre-built)
2026-09-27 21:55:04 - models.plan_generator_nonwork - INFO - Initializing time models...
2026-09-27 21:55:04 - models.plan_generator_nonwork - INFO -   Using shared trip duration model
2026-09-27 21:55:04 - models.plan_generator_nonwork - INFO -   Using shared activity duration model
2026-09-27 21:55:04 - models.plan_generator_nonwork - INFO -   Time models initialized
2026-09-27 21:55:04 - models.plan_generator_nonwork - INFO -   Average trip duration: 20.4 minutes
2026-09-27 21:55:04 - models.plan_generator_nonwork - INFO - Initializing POI components...
2026-09-27 21:55:04 - models.plan_generator_nonwork - INFO -   Using shared POI spatial index: 6 activity types, 45,377 POIs
2026-09-27 21:55:04 - models.plan_generator_nonwork - INFO -   POI weighting enabled: True
2026-09-27 21:55:04 - models.plan_generator_nonwork - INFO - Initializing chain model...
2026-09-27 21:55:04 - models.plan_generator_nonwork - INFO -   Shopping: budget chain model, 160 main-purpose patterns
2026-09-27 21:55:04 - models.plan_generator_nonwork - INFO - Initializing GTFS transit availability...
2026-09-27 21:55:04 - models.plan_generator_nonwork - INFO -   GTFS availability rebuilt from shared data: bus=12113 stops, rail=75 stops
2026-09-27 21:55:04 - models.plan_generator_nonwork - INFO - Initializing mode choice model...
2026-09-27 21:55:04 - models.mode_choice - INFO - Computing mode shares from survey data...
2026-09-27 21:55:04 - models.mode_choice - INFO - Computed mode rates for 8 purposes
2026-09-27 21:55:04 - models.mode_choice - INFO -   Overall mode distribution: car=87.2%, walk=6.3%, school_bus=3.2%, bike=1.2%, bus=0.8%, rail=0.6%, rideshare=0.5%, other=0.3%
2026-09-27 21:55:04 - models.mode_choice - INFO - ModeChoiceModel initialized with 4 modes: ['car', 'bus', 'rail', 'walk']
2026-09-27 21:55:04 - models.plan_generator_nonwork - INFO - Creating Shopping OD matrix...
2026-09-27 21:55:04 - models.plan_generator_nonwork - INFO -   Using pre-computed POI-to-block mapping
2026-09-27 21:55:04 - models.od_matrix_nonwork - INFO - ======================================================================
2026-09-27 21:55:04 - models.od_matrix_nonwork - INFO - CREATING NON-WORK OD MATRIX - SHOPPING
2026-09-27 21:55:04 - models.od_matrix_nonwork - INFO - ======================================================================
2026-09-27 21:55:04 - models.od_matrix_nonwork - INFO - Configuration:
2026-09-27 21:55:04 - models.od_matrix_nonwork - INFO -   Beta (distance decay): 2.0
2026-09-27 21:55:04 - models.od_matrix_nonwork - INFO -   Alpha (survey weight): 0.1
2026-09-27 21:55:04 - models.od_matrix_nonwork - INFO -   Distance mode: cosine_km
2026-09-27 21:55:04 - models.od_matrix_nonwork - INFO - Calculating POI density for Shopping...
2026-09-27 21:55:04 - models.od_matrix_nonwork - INFO -   Total POIs to process: 45,377
2026-09-27 21:55:04 - models.od_matrix_nonwork - INFO -   Filtered to 2,177 Shopping POIs
2026-09-27 21:55:04 - models.od_matrix_nonwork - INFO -   Using pre-computed POI-to-block mapping (fast path)
2026-09-27 21:55:04 - models.od_matrix_nonwork - INFO -   POI assignment complete:
2026-09-27 21:55:04 - models.od_matrix_nonwork - INFO -     Blocks with POIs: 1,244
2026-09-27 21:55:04 - models.od_matrix_nonwork - INFO -     Total POIs assigned: 2,177
2026-09-27 21:55:04 - models.od_matrix_nonwork - INFO -     Avg POIs per block (non-zero): 1.8
2026-09-27 21:55:04 - models.od_matrix_nonwork - INFO - Creating survey OD matrix for Shopping...
2026-09-27 21:55:04 - models.od_matrix_nonwork - INFO -   Filtered to 2,684 trips (from 12,403 total)
2026-09-27 21:55:05 - models.od_matrix_nonwork - INFO -   Survey OD matrix created: (1, 1)
2026-09-27 21:55:05 - models.od_matrix_nonwork - INFO -   Total trips in survey matrix: 2,684
2026-09-27 21:55:05 - models.od_matrix_nonwork - INFO - ======================================================================
2026-09-27 21:55:05 - models.od_matrix_nonwork - INFO - SINGLY-CONSTRAINED GRAVITY MODEL - SHOPPING
2026-09-27 21:55:05 - models.od_matrix_nonwork - INFO - ======================================================================
2026-09-27 21:55:05 - models.od_matrix_nonwork - INFO - Origins from the demand budget ('nw_origin_Shopping' per home block)
2026-09-27 21:55:05 - models.od_matrix_nonwork - INFO -   Pre-aggregated 48,457 blocks -> 2,861 block_groups (home)
2026-09-27 21:55:05 - models.od_matrix_nonwork - INFO -   Pre-aggregated POI blocks -> 808 block_groups with POIs
2026-09-27 21:55:05 - models.od_matrix_nonwork - INFO - Number of home block_groups: 2861
2026-09-27 21:55:05 - models.od_matrix_nonwork - INFO - Number of destination block_groups (with POIs): 808
2026-09-27 21:55:05 - models.od_matrix_nonwork - INFO - Distance decay beta: 2.0
2026-09-27 21:55:05 - models.od_matrix_nonwork - INFO - Total non-employees (base): 1,788,851
2026-09-27 21:55:05 - models.od_matrix_nonwork - INFO - Total travelers (demand budget): 685,979
2026-09-27 21:55:05 - models.od_matrix_nonwork - INFO - Total POIs (destination): 2,177
2026-09-27 21:55:05 - models.od_matrix_nonwork - INFO - Extracting coordinates...
2026-09-27 21:55:05 - models.od_matrix_nonwork - INFO - Calculating distances and friction factors (mode: cosine_km)...
2026-09-27 21:55:05 - models.od_matrix_v3 - INFO -   Intrazonal distance set from zone area on 808 diagonal cells (factor 0.5): median 0 m -> 250 m
2026-09-27 21:55:05 - models.od_matrix_nonwork - INFO -   Distances in km: median 30.32, min 0.050, max 222.9
2026-09-27 21:55:05 - models.od_matrix_nonwork - INFO - Initial gravity model total trips: 685,979
2026-09-27 21:55:05 - models.od_matrix_nonwork - INFO - 
Running IPF iterations (max 50)...
2026-09-27 21:55:05 - models.od_matrix_nonwork - INFO -   Iteration 1: Max relative difference = 4.90e-16
2026-09-27 21:55:05 - models.od_matrix_nonwork - INFO - Converged after 1 iterations
2026-09-27 21:55:05 - models.od_matrix_nonwork - INFO - ======================================================================
2026-09-27 21:55:05 - models.od_matrix_nonwork - INFO - VERIFICATION
2026-09-27 21:55:05 - models.od_matrix_nonwork - INFO - ======================================================================
2026-09-27 21:55:05 - models.od_matrix_nonwork - INFO - Origin total: 685,979 | Matrix row sum: 685,979
2026-09-27 21:55:05 - models.od_matrix_nonwork - INFO - Max row constraint error: 2.27e-13
2026-09-27 21:55:05 - models.od_matrix_nonwork - INFO - Total trips in gravity model: 685,979
2026-09-27 21:55:05 - models.od_matrix_nonwork - INFO - 
2026-09-27 21:55:05 - models.od_matrix_nonwork - INFO -   Gravity model (block-group level): (2861, 808)
2026-09-27 21:55:05 - models.od_matrix_nonwork - INFO -   Survey matrix: (1, 1)
2026-09-27 21:55:05 - models.od_matrix_nonwork - INFO - 
Combining survey and gravity models...
2026-09-27 21:55:05 - models.od_matrix_v3 - INFO - ======================================================================
2026-09-27 21:55:05 - models.od_matrix_v3 - INFO - COMBINING OD MATRICES
2026-09-27 21:55:05 - models.od_matrix_v3 - INFO - ======================================================================
2026-09-27 21:55:05 - models.od_matrix_v3 - INFO - Survey matrix shape: (1, 1)
2026-09-27 21:55:05 - models.od_matrix_v3 - INFO - Local matrix shape: (2861, 808)
2026-09-27 21:55:05 - models.od_matrix_v3 - INFO - Alpha (survey weight): 0.10
2026-09-27 21:55:05 - models.od_matrix_v3 - INFO - Local weight: 0.90
2026-09-27 21:55:05 - models.od_matrix_v3 - INFO - Aligning survey to local matrix structure...
2026-09-27 21:55:05 - models.od_matrix_v3 - INFO - Combining matrices (alpha blend where survey exists, local only where survey is empty)...
2026-09-27 21:55:06 - models.od_matrix_v3 - INFO - No scaling target specified. Using local matrix total: 685,978
2026-09-27 21:55:06 - models.od_matrix_v3 - INFO - Matrix total before scaling: 685,979
2026-09-27 21:55:06 - models.od_matrix_v3 - INFO - Scale factor: 0.999999
2026-09-27 21:55:06 - models.od_matrix_v3 - INFO - Applying robust rounding to guarantee target total...
2026-09-27 21:55:06 - models.od_matrix_v3 - INFO - Total after flooring: 457,717
2026-09-27 21:55:06 - models.od_matrix_v3 - INFO - Remainder to distribute: 228,261
2026-09-27 21:55:07 - models.od_matrix_v3 - INFO - ======================================================================
2026-09-27 21:55:07 - models.od_matrix_v3 - INFO - VERIFICATION
2026-09-27 21:55:07 - models.od_matrix_v3 - INFO - ======================================================================
2026-09-27 21:55:07 - models.od_matrix_v3 - INFO - Survey total trips: 2,684
2026-09-27 21:55:07 - models.od_matrix_v3 - INFO - Local total trips: 685,979
2026-09-27 21:55:07 - models.od_matrix_v3 - INFO - Combined total trips (before scaling): 685,979
2026-09-27 21:55:07 - models.od_matrix_v3 - INFO - Combined total trips (after scaling & rounding): 685,978
2026-09-27 21:55:07 - models.od_matrix_v3 - INFO - Target total: 685,978
2026-09-27 21:55:07 - models.od_matrix_v3 - INFO - Difference: 0
2026-09-27 21:55:07 - models.od_matrix_v3 - INFO - Combined matrix shape: (2861, 808)
2026-09-27 21:55:07 - models.od_matrix_nonwork - INFO - ======================================================================
2026-09-27 21:55:07 - models.od_matrix_nonwork - INFO - NONWORK OD MATRIX CREATION COMPLETE - SHOPPING
2026-09-27 21:55:07 - models.od_matrix_nonwork - INFO - ======================================================================
2026-09-27 21:55:07 - models.plan_generator_nonwork - INFO -   OD matrix shape: (2861, 808)
2026-09-27 21:55:07 - models.plan_generator_nonwork - INFO -   Unscaled total trips: 685,978
2026-09-27 21:55:07 - models.plan_generator_nonwork - INFO -   Scaling factor: 0.15
2026-09-27 21:55:07 - models.plan_generator_nonwork - INFO -   Scaled total trips: 103,193
2026-09-27 21:55:07 - models.plan_generator_nonwork - INFO - NonWorkPlanGenerator initialization complete
2026-09-27 21:55:07 - models.plan_generator_nonwork - INFO - ============================================================
2026-09-27 21:55:07 - models.plan_generator_nonwork - INFO - SHOPPING PLAN GENERATION
2026-09-27 21:55:07 - models.plan_generator_nonwork - INFO - ============================================================
2026-09-27 21:55:07 - models.plan_generator_nonwork - INFO -   Population base (non-employees in region): 1,788,851
2026-09-27 21:55:07 - models.plan_generator_nonwork - INFO -   Unscaled Shopping trips: 685,978
2026-09-27 21:55:07 - models.plan_generator_nonwork - INFO -   Scaling factor: 0.15
2026-09-27 21:55:07 - models.plan_generator_nonwork - INFO -   Scaled Shopping trips: 103,193
2026-09-27 21:55:07 - models.plan_generator_nonwork - INFO -   Expected scaled trips: 102,897
2026-09-27 21:55:07 - models.plan_generator_nonwork - INFO -   Scaling accuracy: 100.3%
2026-09-27 21:55:07 - models.plan_generator_nonwork - INFO - 
2026-09-27 21:55:07 - models.plan_generator_nonwork - INFO - Generating all Shopping plans using multiprocessing...
2026-09-27 21:55:07 - models.plan_generator_nonwork - INFO -   Using all 103,193 trips from scaled OD matrix
2026-09-27 21:55:07 - models.plan_generator_nonwork - INFO - Using 30 processes for Shopping plan generation
2026-09-27 21:55:07 - models.plan_generator_nonwork - INFO - Pre-loading data for Shopping multiprocessing...
2026-09-27 21:55:07 - models.plan_generator_nonwork - INFO -   Serialized GTFS stop data for workers: bus=12113 stops, rail=75 stops
2026-09-27 21:55:07 - models.plan_generator_nonwork - INFO -   Prepared shared data with 48,457 home blocks
2026-09-27 21:55:07 - models.plan_generator_nonwork - INFO -   POI categories: 6
2026-09-27 21:55:07 - models.plan_generator_nonwork - INFO -   Chain patterns: 160
2026-09-27 21:55:07 - models.plan_generator_nonwork - INFO - Split 62387 OD pairs into 31 chunks
2026-09-27 21:57:27 - models.plan_generator_nonwork - INFO - 
2026-09-27 21:57:27 - models.plan_generator_nonwork - INFO - Shopping GENERATION COMPLETE
2026-09-27 21:57:27 - models.plan_generator_nonwork - INFO -   Plans generated: 103,193
2026-09-27 21:57:27 - models.plan_generator_nonwork - INFO -   Failed plans: 0
2026-09-27 21:57:27 - models.plan_generator_nonwork - INFO -   Chain retries: 4,941 / 108,227 attempts
2026-09-27 21:57:27 - models.plan_generator_nonwork - INFO -     Too short: 4,941
2026-09-27 21:57:27 - models.plan_generator_nonwork - INFO -     Bad structure (not Home-...-Home): 0
2026-09-27 21:57:27 - models.plan_generator_nonwork - INFO -     Missing purpose: 0
2026-09-27 21:57:27 - models.plan_generator_nonwork - INFO -     Contains Work: 0
2026-09-27 21:57:27 - models.plan_generator_nonwork - INFO -   POI retries: 12,709
2026-09-27 21:57:27 - models.plan_generator_nonwork - INFO -   Time retries: 0
2026-09-27 21:57:27 - models.plan_generator_nonwork - INFO -   Schedules built: 106,914
2026-09-27 21:57:27 - models.plan_generator_nonwork - INFO -     Trimmed to fit 24h: 43 (0.04%)
2026-09-27 21:57:27 - models.plan_generator_nonwork - INFO -     Dropped, over budget: 0 (0.00%)
2026-09-27 21:57:27 - models.plan_generator_nonwork - INFO -     Resampled, over budget (over_budget=resample): 3,721
2026-09-27 21:57:27 - models.plan_generator_nonwork - INFO -     Excess per trimmed schedule: mean 339.3 min, max 1092.3 min
2026-09-27 21:57:27 - models.plan_generator_nonwork - INFO -     Minutes actually removed: 14,478 total, mean 336.7 min
2026-09-27 21:57:27 - models.plan_generator_nonwork - INFO - ============================================================
2026-09-27 21:57:27 - models.mode_choice - INFO - ==================================================
2026-09-27 21:57:27 - models.mode_choice - INFO - MODE CHOICE STATISTICS
2026-09-27 21:57:27 - models.mode_choice - INFO - ==================================================
2026-09-27 21:57:27 - models.mode_choice - INFO -   Total mode choices: 311192
2026-09-27 21:57:27 - models.mode_choice - INFO -   Fallback mode used: 0 times
2026-09-27 21:57:27 - models.mode_choice - INFO -   Chain retries: 0
2026-09-27 21:57:27 - models.mode_choice - INFO -   Mode distribution in generated plans:
2026-09-27 21:57:27 - models.mode_choice - INFO -     car: 92.3%
2026-09-27 21:57:27 - models.mode_choice - INFO -     walk: 6.1%
2026-09-27 21:57:27 - models.mode_choice - INFO -     bus: 1.5%
2026-09-27 21:57:27 - models.mode_choice - INFO -     rail: 0.0%
2026-09-27 21:57:27 - models.mode_choice - INFO - ==================================================
2026-09-27 21:57:27 - __main__ - INFO - Generated 103,193 Shopping plans
2026-09-27 21:57:27 - __main__ - INFO - 
2026-09-27 21:57:27 - __main__ - INFO - ------------------------------------------------------------
2026-09-27 21:57:27 - __main__ - INFO - GENERATING SCHOOL PLANS
2026-09-27 21:57:27 - __main__ - INFO - ------------------------------------------------------------
2026-09-27 21:57:27 - models.plan_generator_nonwork - INFO - Initialized NonWorkPlanGenerator for School
2026-09-27 21:57:27 - utils.coordinates - INFO - Initialized coordinate converter: EPSG:4326 <-> EPSG:26915
2026-09-27 21:57:27 - models.plan_generator_nonwork - INFO -   Coordinate system: WGS84 -> EPSG:26915
2026-09-27 21:57:27 - models.plan_generator_nonwork - INFO - Using pre-loaded shared data...
2026-09-27 21:57:27 - models.plan_generator_nonwork - INFO -   Using 48,457 home blocks (pre-loaded)
2026-09-27 21:57:27 - models.plan_generator_nonwork - INFO -   Using 45,377 POIs (pre-loaded)
2026-09-27 21:57:27 - models.plan_generator_nonwork - INFO -   Using 12,403 survey trips (pre-loaded)
2026-09-27 21:57:27 - models.plan_generator_nonwork - INFO -   Using 4,172 persons (pre-loaded)
2026-09-27 21:57:27 - models.plan_generator_nonwork - INFO -   Using 787 trip chains (pre-loaded)
2026-09-27 21:57:27 - models.plan_generator_nonwork - INFO -   Using 45,377 POI-to-block mappings (pre-computed)
2026-09-27 21:57:27 - models.plan_generator_nonwork - INFO -   Using shared trip duration model (pre-initialized)
2026-09-27 21:57:27 - models.plan_generator_nonwork - INFO -   Using shared activity duration model (pre-initialized)
2026-09-27 21:57:27 - models.plan_generator_nonwork - INFO -   Using shared POI spatial index (pre-built)
2026-09-27 21:57:27 - models.plan_generator_nonwork - INFO - Initializing time models...
2026-09-27 21:57:27 - models.plan_generator_nonwork - INFO -   Using shared trip duration model
2026-09-27 21:57:27 - models.plan_generator_nonwork - INFO -   Using shared activity duration model
2026-09-27 21:57:27 - models.plan_generator_nonwork - INFO -   Time models initialized
2026-09-27 21:57:27 - models.plan_generator_nonwork - INFO -   Average trip duration: 20.4 minutes
2026-09-27 21:57:27 - models.plan_generator_nonwork - INFO - Initializing POI components...
2026-09-27 21:57:27 - models.plan_generator_nonwork - INFO -   Using shared POI spatial index: 6 activity types, 45,377 POIs
2026-09-27 21:57:27 - models.plan_generator_nonwork - INFO -   POI weighting enabled: True
2026-09-27 21:57:27 - models.plan_generator_nonwork - INFO - Initializing chain model...
2026-09-27 21:57:27 - models.plan_generator_nonwork - INFO -   School: budget chain model, 96 main-purpose patterns
2026-09-27 21:57:27 - models.plan_generator_nonwork - INFO - Initializing GTFS transit availability...
2026-09-27 21:57:28 - models.plan_generator_nonwork - INFO -   GTFS availability rebuilt from shared data: bus=12113 stops, rail=75 stops
2026-09-27 21:57:28 - models.plan_generator_nonwork - INFO - Initializing mode choice model...
2026-09-27 21:57:28 - models.mode_choice - INFO - Computing mode shares from survey data...
2026-09-27 21:57:28 - models.mode_choice - INFO - Computed mode rates for 8 purposes
2026-09-27 21:57:28 - models.mode_choice - INFO -   Overall mode distribution: car=87.2%, walk=6.3%, school_bus=3.2%, bike=1.2%, bus=0.8%, rail=0.6%, rideshare=0.5%, other=0.3%
2026-09-27 21:57:28 - models.mode_choice - INFO - ModeChoiceModel initialized with 4 modes: ['car', 'bus', 'rail', 'walk']
2026-09-27 21:57:28 - models.plan_generator_nonwork - INFO - Creating School OD matrix...
2026-09-27 21:57:28 - models.plan_generator_nonwork - INFO -   Using pre-computed POI-to-block mapping
2026-09-27 21:57:28 - models.od_matrix_nonwork - INFO - ======================================================================
2026-09-27 21:57:28 - models.od_matrix_nonwork - INFO - CREATING NON-WORK OD MATRIX - SCHOOL
2026-09-27 21:57:28 - models.od_matrix_nonwork - INFO - ======================================================================
2026-09-27 21:57:28 - models.od_matrix_nonwork - INFO - Configuration:
2026-09-27 21:57:28 - models.od_matrix_nonwork - INFO -   Beta (distance decay): 1.8
2026-09-27 21:57:28 - models.od_matrix_nonwork - INFO -   Alpha (survey weight): 0.15
2026-09-27 21:57:28 - models.od_matrix_nonwork - INFO -   Distance mode: cosine_km
2026-09-27 21:57:28 - models.od_matrix_nonwork - INFO - Calculating POI density for School...
2026-09-27 21:57:28 - models.od_matrix_nonwork - INFO -   Total POIs to process: 45,377
2026-09-27 21:57:28 - models.od_matrix_nonwork - INFO -   Filtered to 1,753 School POIs
2026-09-27 21:57:28 - models.od_matrix_nonwork - INFO -   Using pre-computed POI-to-block mapping (fast path)
2026-09-27 21:57:28 - models.od_matrix_nonwork - INFO -   POI assignment complete:
2026-09-27 21:57:28 - models.od_matrix_nonwork - INFO -     Blocks with POIs: 1,161
2026-09-27 21:57:28 - models.od_matrix_nonwork - INFO -     Total POIs assigned: 1,753
2026-09-27 21:57:28 - models.od_matrix_nonwork - INFO -     Avg POIs per block (non-zero): 1.5
2026-09-27 21:57:28 - models.od_matrix_nonwork - INFO - Creating survey OD matrix for School...
2026-09-27 21:57:28 - models.od_matrix_nonwork - INFO -   Filtered to 821 trips (from 12,403 total)
2026-09-27 21:57:28 - models.od_matrix_nonwork - INFO -   Survey OD matrix created: (1, 1)
2026-09-27 21:57:28 - models.od_matrix_nonwork - INFO -   Total trips in survey matrix: 821
2026-09-27 21:57:28 - models.od_matrix_nonwork - INFO - ======================================================================
2026-09-27 21:57:28 - models.od_matrix_nonwork - INFO - SINGLY-CONSTRAINED GRAVITY MODEL - SCHOOL
2026-09-27 21:57:28 - models.od_matrix_nonwork - INFO - ======================================================================
2026-09-27 21:57:28 - models.od_matrix_nonwork - INFO - Origins from the demand budget ('nw_origin_School' per home block)
2026-09-27 21:57:28 - models.od_matrix_nonwork - INFO -   Pre-aggregated 48,457 blocks -> 2,861 block_groups (home)
2026-09-27 21:57:28 - models.od_matrix_nonwork - INFO -   Pre-aggregated POI blocks -> 861 block_groups with POIs
2026-09-27 21:57:28 - models.od_matrix_nonwork - INFO - Number of home block_groups: 2861
2026-09-27 21:57:28 - models.od_matrix_nonwork - INFO - Number of destination block_groups (with POIs): 861
2026-09-27 21:57:28 - models.od_matrix_nonwork - INFO - Distance decay beta: 1.8
2026-09-27 21:57:28 - models.od_matrix_nonwork - INFO - Total non-employees (base): 1,788,851
2026-09-27 21:57:28 - models.od_matrix_nonwork - INFO - Total travelers (demand budget): 750,000
2026-09-27 21:57:28 - models.od_matrix_nonwork - INFO - Total POIs (destination): 1,753
2026-09-27 21:57:28 - models.od_matrix_nonwork - INFO - Extracting coordinates...
2026-09-27 21:57:28 - models.od_matrix_nonwork - INFO - Calculating distances and friction factors (mode: cosine_km)...
2026-09-27 21:57:28 - models.od_matrix_v3 - INFO -   Intrazonal distance set from zone area on 861 diagonal cells (factor 0.5): median 0 m -> 268 m
2026-09-27 21:57:28 - models.od_matrix_nonwork - INFO -   Distances in km: median 30.01, min 0.050, max 222.9
2026-09-27 21:57:28 - models.od_matrix_nonwork - INFO - Initial gravity model total trips: 750,000
2026-09-27 21:57:28 - models.od_matrix_nonwork - INFO - 
Running IPF iterations (max 50)...
2026-09-27 21:57:28 - models.od_matrix_nonwork - INFO -   Iteration 1: Max relative difference = 5.05e-16
2026-09-27 21:57:28 - models.od_matrix_nonwork - INFO - Converged after 1 iterations
2026-09-27 21:57:28 - models.od_matrix_nonwork - INFO - ======================================================================
2026-09-27 21:57:28 - models.od_matrix_nonwork - INFO - VERIFICATION
2026-09-27 21:57:28 - models.od_matrix_nonwork - INFO - ======================================================================
2026-09-27 21:57:28 - models.od_matrix_nonwork - INFO - Origin total: 750,000 | Matrix row sum: 750,000
2026-09-27 21:57:28 - models.od_matrix_nonwork - INFO - Max row constraint error: 2.27e-13
2026-09-27 21:57:28 - models.od_matrix_nonwork - INFO - Total trips in gravity model: 750,000
2026-09-27 21:57:28 - models.od_matrix_nonwork - INFO - 
2026-09-27 21:57:28 - models.od_matrix_nonwork - INFO -   Gravity model (block-group level): (2861, 861)
2026-09-27 21:57:28 - models.od_matrix_nonwork - INFO -   Survey matrix: (1, 1)
2026-09-27 21:57:28 - models.od_matrix_nonwork - INFO - 
Combining survey and gravity models...
2026-09-27 21:57:28 - models.od_matrix_v3 - INFO - ======================================================================
2026-09-27 21:57:28 - models.od_matrix_v3 - INFO - COMBINING OD MATRICES
2026-09-27 21:57:28 - models.od_matrix_v3 - INFO - ======================================================================
2026-09-27 21:57:28 - models.od_matrix_v3 - INFO - Survey matrix shape: (1, 1)
2026-09-27 21:57:28 - models.od_matrix_v3 - INFO - Local matrix shape: (2861, 861)
2026-09-27 21:57:28 - models.od_matrix_v3 - INFO - Alpha (survey weight): 0.15
2026-09-27 21:57:28 - models.od_matrix_v3 - INFO - Local weight: 0.85
2026-09-27 21:57:28 - models.od_matrix_v3 - INFO - Aligning survey to local matrix structure...
2026-09-27 21:57:28 - models.od_matrix_v3 - INFO - Combining matrices (alpha blend where survey exists, local only where survey is empty)...
2026-09-27 21:57:28 - models.od_matrix_v3 - INFO - No scaling target specified. Using local matrix total: 750,000
2026-09-27 21:57:28 - models.od_matrix_v3 - INFO - Matrix total before scaling: 750,000
2026-09-27 21:57:28 - models.od_matrix_v3 - INFO - Scale factor: 1.000000
2026-09-27 21:57:28 - models.od_matrix_v3 - INFO - Applying robust rounding to guarantee target total...
2026-09-27 21:57:28 - models.od_matrix_v3 - INFO - Total after flooring: 427,778
2026-09-27 21:57:28 - models.od_matrix_v3 - INFO - Remainder to distribute: 322,222
2026-09-27 21:57:28 - models.od_matrix_v3 - INFO - ======================================================================
2026-09-27 21:57:28 - models.od_matrix_v3 - INFO - VERIFICATION
2026-09-27 21:57:28 - models.od_matrix_v3 - INFO - ======================================================================
2026-09-27 21:57:28 - models.od_matrix_v3 - INFO - Survey total trips: 821
2026-09-27 21:57:28 - models.od_matrix_v3 - INFO - Local total trips: 750,000
2026-09-27 21:57:28 - models.od_matrix_v3 - INFO - Combined total trips (before scaling): 750,000
2026-09-27 21:57:28 - models.od_matrix_v3 - INFO - Combined total trips (after scaling & rounding): 750,000
2026-09-27 21:57:28 - models.od_matrix_v3 - INFO - Target total: 750,000
2026-09-27 21:57:28 - models.od_matrix_v3 - INFO - Difference: 0
2026-09-27 21:57:28 - models.od_matrix_v3 - INFO - Combined matrix shape: (2861, 861)
2026-09-27 21:57:28 - models.od_matrix_nonwork - INFO - ======================================================================
2026-09-27 21:57:28 - models.od_matrix_nonwork - INFO - NONWORK OD MATRIX CREATION COMPLETE - SCHOOL
2026-09-27 21:57:28 - models.od_matrix_nonwork - INFO - ======================================================================
2026-09-27 21:57:28 - models.plan_generator_nonwork - INFO -   OD matrix shape: (2861, 861)
2026-09-27 21:57:28 - models.plan_generator_nonwork - INFO -   Unscaled total trips: 750,000
2026-09-27 21:57:28 - models.plan_generator_nonwork - INFO -   Scaling factor: 0.15
2026-09-27 21:57:28 - models.plan_generator_nonwork - INFO -   Scaled total trips: 112,698
2026-09-27 21:57:28 - models.plan_generator_nonwork - INFO - NonWorkPlanGenerator initialization complete
2026-09-27 21:57:28 - models.plan_generator_nonwork - INFO - ============================================================
2026-09-27 21:57:28 - models.plan_generator_nonwork - INFO - SCHOOL PLAN GENERATION
2026-09-27 21:57:28 - models.plan_generator_nonwork - INFO - ============================================================
2026-09-27 21:57:28 - models.plan_generator_nonwork - INFO -   Population base (non-employees in region): 1,788,851
2026-09-27 21:57:28 - models.plan_generator_nonwork - INFO -   Unscaled School trips: 750,000
2026-09-27 21:57:28 - models.plan_generator_nonwork - INFO -   Scaling factor: 0.15
2026-09-27 21:57:28 - models.plan_generator_nonwork - INFO -   Scaled School trips: 112,698
2026-09-27 21:57:28 - models.plan_generator_nonwork - INFO -   Expected scaled trips: 112,500
2026-09-27 21:57:28 - models.plan_generator_nonwork - INFO -   Scaling accuracy: 100.2%
2026-09-27 21:57:28 - models.plan_generator_nonwork - INFO - 
2026-09-27 21:57:28 - models.plan_generator_nonwork - INFO - Generating all School plans using multiprocessing...
2026-09-27 21:57:28 - models.plan_generator_nonwork - INFO -   Using all 112,698 trips from scaled OD matrix
2026-09-27 21:57:28 - models.plan_generator_nonwork - INFO - Using 30 processes for School plan generation
2026-09-27 21:57:28 - models.plan_generator_nonwork - INFO - Pre-loading data for School multiprocessing...
2026-09-27 21:57:28 - models.plan_generator_nonwork - INFO -   Serialized GTFS stop data for workers: bus=12113 stops, rail=75 stops
2026-09-27 21:57:28 - models.plan_generator_nonwork - INFO -   Prepared shared data with 48,457 home blocks
2026-09-27 21:57:28 - models.plan_generator_nonwork - INFO -   POI categories: 6
2026-09-27 21:57:28 - models.plan_generator_nonwork - INFO -   Chain patterns: 96
2026-09-27 21:57:28 - models.plan_generator_nonwork - INFO - Split 75928 OD pairs into 31 chunks
2026-09-27 21:59:49 - models.plan_generator_nonwork - INFO - 
2026-09-27 21:59:49 - models.plan_generator_nonwork - INFO - School GENERATION COMPLETE
2026-09-27 21:59:49 - models.plan_generator_nonwork - INFO -   Plans generated: 112,698
2026-09-27 21:59:49 - models.plan_generator_nonwork - INFO -   Failed plans: 0
2026-09-27 21:59:49 - models.plan_generator_nonwork - INFO -   Chain retries: 683 / 113,477 attempts
2026-09-27 21:59:49 - models.plan_generator_nonwork - INFO -     Too short: 683
2026-09-27 21:59:49 - models.plan_generator_nonwork - INFO -     Bad structure (not Home-...-Home): 0
2026-09-27 21:59:49 - models.plan_generator_nonwork - INFO -     Missing purpose: 0
2026-09-27 21:59:49 - models.plan_generator_nonwork - INFO -     Contains Work: 0
2026-09-27 21:59:49 - models.plan_generator_nonwork - INFO -   POI retries: 11,484
2026-09-27 21:59:49 - models.plan_generator_nonwork - INFO -   Time retries: 0
2026-09-27 21:59:49 - models.plan_generator_nonwork - INFO -   Schedules built: 116,195
2026-09-27 21:59:49 - models.plan_generator_nonwork - INFO -     Trimmed to fit 24h: 44 (0.04%)
2026-09-27 21:59:49 - models.plan_generator_nonwork - INFO -     Dropped, over budget: 0 (0.00%)
2026-09-27 21:59:49 - models.plan_generator_nonwork - INFO -     Resampled, over budget (over_budget=resample): 3,497
2026-09-27 21:59:49 - models.plan_generator_nonwork - INFO -     Excess per trimmed schedule: mean 405.2 min, max 859.6 min
2026-09-27 21:59:49 - models.plan_generator_nonwork - INFO -     Minutes actually removed: 17,569 total, mean 399.3 min
2026-09-27 21:59:49 - models.plan_generator_nonwork - INFO - ============================================================
2026-09-27 21:59:49 - models.mode_choice - INFO - ==================================================
2026-09-27 21:59:49 - models.mode_choice - INFO - MODE CHOICE STATISTICS
2026-09-27 21:59:49 - models.mode_choice - INFO - ==================================================
2026-09-27 21:59:49 - models.mode_choice - INFO -   Total mode choices: 283646
2026-09-27 21:59:49 - models.mode_choice - INFO -   Fallback mode used: 0 times
2026-09-27 21:59:49 - models.mode_choice - INFO -   Chain retries: 0
2026-09-27 21:59:49 - models.mode_choice - INFO -   Mode distribution in generated plans:
2026-09-27 21:59:49 - models.mode_choice - INFO -     car: 93.8%
2026-09-27 21:59:49 - models.mode_choice - INFO -     walk: 4.2%
2026-09-27 21:59:49 - models.mode_choice - INFO -     bus: 2.0%
2026-09-27 21:59:49 - models.mode_choice - INFO -     rail: 0.0%
2026-09-27 21:59:49 - models.mode_choice - INFO - ==================================================
2026-09-27 21:59:49 - __main__ - INFO - Generated 112,698 School plans
2026-09-27 21:59:49 - __main__ - INFO - 
2026-09-27 21:59:49 - __main__ - INFO - ------------------------------------------------------------
2026-09-27 21:59:49 - __main__ - INFO - GENERATING SOCIAL PLANS
2026-09-27 21:59:49 - __main__ - INFO - ------------------------------------------------------------
2026-09-27 21:59:49 - models.plan_generator_nonwork - INFO - Initialized NonWorkPlanGenerator for Social
2026-09-27 21:59:49 - utils.coordinates - INFO - Initialized coordinate converter: EPSG:4326 <-> EPSG:26915
2026-09-27 21:59:49 - models.plan_generator_nonwork - INFO -   Coordinate system: WGS84 -> EPSG:26915
2026-09-27 21:59:49 - models.plan_generator_nonwork - INFO - Using pre-loaded shared data...
2026-09-27 21:59:49 - models.plan_generator_nonwork - INFO -   Using 48,457 home blocks (pre-loaded)
2026-09-27 21:59:49 - models.plan_generator_nonwork - INFO -   Using 45,377 POIs (pre-loaded)
2026-09-27 21:59:49 - models.plan_generator_nonwork - INFO -   Using 12,403 survey trips (pre-loaded)
2026-09-27 21:59:49 - models.plan_generator_nonwork - INFO -   Using 4,172 persons (pre-loaded)
2026-09-27 21:59:49 - models.plan_generator_nonwork - INFO -   Using 787 trip chains (pre-loaded)
2026-09-27 21:59:49 - models.plan_generator_nonwork - INFO -   Using 45,377 POI-to-block mappings (pre-computed)
2026-09-27 21:59:49 - models.plan_generator_nonwork - INFO -   Using shared trip duration model (pre-initialized)
2026-09-27 21:59:49 - models.plan_generator_nonwork - INFO -   Using shared activity duration model (pre-initialized)
2026-09-27 21:59:49 - models.plan_generator_nonwork - INFO -   Using shared POI spatial index (pre-built)
2026-09-27 21:59:49 - models.plan_generator_nonwork - INFO - Initializing time models...
2026-09-27 21:59:49 - models.plan_generator_nonwork - INFO -   Using shared trip duration model
2026-09-27 21:59:49 - models.plan_generator_nonwork - INFO -   Using shared activity duration model
2026-09-27 21:59:49 - models.plan_generator_nonwork - INFO -   Time models initialized
2026-09-27 21:59:49 - models.plan_generator_nonwork - INFO -   Average trip duration: 20.4 minutes
2026-09-27 21:59:49 - models.plan_generator_nonwork - INFO - Initializing POI components...
2026-09-27 21:59:49 - models.plan_generator_nonwork - INFO -   Using shared POI spatial index: 6 activity types, 45,377 POIs
2026-09-27 21:59:49 - models.plan_generator_nonwork - INFO -   POI weighting enabled: True
2026-09-27 21:59:49 - models.plan_generator_nonwork - INFO - Initializing chain model...
2026-09-27 21:59:49 - models.plan_generator_nonwork - INFO -   Social: budget chain model, 151 main-purpose patterns
2026-09-27 21:59:49 - models.plan_generator_nonwork - INFO - Initializing GTFS transit availability...
2026-09-27 21:59:49 - models.plan_generator_nonwork - INFO -   GTFS availability rebuilt from shared data: bus=12113 stops, rail=75 stops
2026-09-27 21:59:49 - models.plan_generator_nonwork - INFO - Initializing mode choice model...
2026-09-27 21:59:49 - models.mode_choice - INFO - Computing mode shares from survey data...
2026-09-27 21:59:49 - models.mode_choice - INFO - Computed mode rates for 8 purposes
2026-09-27 21:59:49 - models.mode_choice - INFO -   Overall mode distribution: car=87.2%, walk=6.3%, school_bus=3.2%, bike=1.2%, bus=0.8%, rail=0.6%, rideshare=0.5%, other=0.3%
2026-09-27 21:59:49 - models.mode_choice - INFO - ModeChoiceModel initialized with 4 modes: ['car', 'bus', 'rail', 'walk']
2026-09-27 21:59:49 - models.plan_generator_nonwork - INFO - Creating Social OD matrix...
2026-09-27 21:59:49 - models.plan_generator_nonwork - INFO -   Using pre-computed POI-to-block mapping
2026-09-27 21:59:49 - models.od_matrix_nonwork - INFO - ======================================================================
2026-09-27 21:59:49 - models.od_matrix_nonwork - INFO - CREATING NON-WORK OD MATRIX - SOCIAL
2026-09-27 21:59:49 - models.od_matrix_nonwork - INFO - ======================================================================
2026-09-27 21:59:49 - models.od_matrix_nonwork - INFO - Configuration:
2026-09-27 21:59:49 - models.od_matrix_nonwork - INFO -   Beta (distance decay): 2.0
2026-09-27 21:59:49 - models.od_matrix_nonwork - INFO -   Alpha (survey weight): 0.1
2026-09-27 21:59:49 - models.od_matrix_nonwork - INFO -   Distance mode: cosine_km
2026-09-27 21:59:49 - models.od_matrix_nonwork - INFO - Calculating POI density for Social...
2026-09-27 21:59:49 - models.od_matrix_nonwork - INFO -   Total POIs to process: 45,377
2026-09-27 21:59:49 - models.od_matrix_nonwork - INFO -   Filtered to 12,577 Social POIs
2026-09-27 21:59:49 - models.od_matrix_nonwork - INFO -   Using pre-computed POI-to-block mapping (fast path)
2026-09-27 21:59:49 - models.od_matrix_nonwork - INFO -   POI assignment complete:
2026-09-27 21:59:49 - models.od_matrix_nonwork - INFO -     Blocks with POIs: 7,399
2026-09-27 21:59:49 - models.od_matrix_nonwork - INFO -     Total POIs assigned: 12,577
2026-09-27 21:59:49 - models.od_matrix_nonwork - INFO -     Avg POIs per block (non-zero): 1.7
2026-09-27 21:59:49 - models.od_matrix_nonwork - INFO - Creating survey OD matrix for Social...
2026-09-27 21:59:49 - models.od_matrix_nonwork - INFO -   Filtered to 1,155 trips (from 12,403 total)
2026-09-27 21:59:49 - models.od_matrix_nonwork - INFO -   Survey OD matrix created: (1, 1)
2026-09-27 21:59:49 - models.od_matrix_nonwork - INFO -   Total trips in survey matrix: 1,155
2026-09-27 21:59:49 - models.od_matrix_nonwork - INFO - ======================================================================
2026-09-27 21:59:49 - models.od_matrix_nonwork - INFO - SINGLY-CONSTRAINED GRAVITY MODEL - SOCIAL
2026-09-27 21:59:49 - models.od_matrix_nonwork - INFO - ======================================================================
2026-09-27 21:59:49 - models.od_matrix_nonwork - INFO - Origins from the demand budget ('nw_origin_Social' per home block)
2026-09-27 21:59:49 - models.od_matrix_nonwork - INFO -   Pre-aggregated 48,457 blocks -> 2,861 block_groups (home)
2026-09-27 21:59:49 - models.od_matrix_nonwork - INFO -   Pre-aggregated POI blocks -> 2,328 block_groups with POIs
2026-09-27 21:59:49 - models.od_matrix_nonwork - INFO - Number of home block_groups: 2861
2026-09-27 21:59:49 - models.od_matrix_nonwork - INFO - Number of destination block_groups (with POIs): 2328
2026-09-27 21:59:49 - models.od_matrix_nonwork - INFO - Distance decay beta: 2.0
2026-09-27 21:59:49 - models.od_matrix_nonwork - INFO - Total non-employees (base): 1,788,851
2026-09-27 21:59:49 - models.od_matrix_nonwork - INFO - Total travelers (demand budget): 481,254
2026-09-27 21:59:49 - models.od_matrix_nonwork - INFO - Total POIs (destination): 12,577
2026-09-27 21:59:49 - models.od_matrix_nonwork - INFO - Extracting coordinates...
2026-09-27 21:59:49 - models.od_matrix_nonwork - INFO - Calculating distances and friction factors (mode: cosine_km)...
2026-09-27 21:59:49 - models.od_matrix_v3 - INFO -   Intrazonal distance set from zone area on 2,328 diagonal cells (factor 0.5): median 0 m -> 263 m
2026-09-27 21:59:49 - models.od_matrix_nonwork - INFO -   Distances in km: median 30.18, min 0.050, max 222.9
2026-09-27 21:59:49 - models.od_matrix_nonwork - INFO - Initial gravity model total trips: 481,254
2026-09-27 21:59:49 - models.od_matrix_nonwork - INFO - 
Running IPF iterations (max 50)...
2026-09-27 21:59:49 - models.od_matrix_nonwork - INFO -   Iteration 1: Max relative difference = 5.67e-16
2026-09-27 21:59:49 - models.od_matrix_nonwork - INFO - Converged after 1 iterations
2026-09-27 21:59:49 - models.od_matrix_nonwork - INFO - ======================================================================
2026-09-27 21:59:49 - models.od_matrix_nonwork - INFO - VERIFICATION
2026-09-27 21:59:49 - models.od_matrix_nonwork - INFO - ======================================================================
2026-09-27 21:59:49 - models.od_matrix_nonwork - INFO - Origin total: 481,254 | Matrix row sum: 481,254
2026-09-27 21:59:49 - models.od_matrix_nonwork - INFO - Max row constraint error: 2.27e-13
2026-09-27 21:59:49 - models.od_matrix_nonwork - INFO - Total trips in gravity model: 481,254
2026-09-27 21:59:49 - models.od_matrix_nonwork - INFO - 
2026-09-27 21:59:49 - models.od_matrix_nonwork - INFO -   Gravity model (block-group level): (2861, 2328)
2026-09-27 21:59:49 - models.od_matrix_nonwork - INFO -   Survey matrix: (1, 1)
2026-09-27 21:59:49 - models.od_matrix_nonwork - INFO - 
Combining survey and gravity models...
2026-09-27 21:59:49 - models.od_matrix_v3 - INFO - ======================================================================
2026-09-27 21:59:49 - models.od_matrix_v3 - INFO - COMBINING OD MATRICES
2026-09-27 21:59:49 - models.od_matrix_v3 - INFO - ======================================================================
2026-09-27 21:59:49 - models.od_matrix_v3 - INFO - Survey matrix shape: (1, 1)
2026-09-27 21:59:49 - models.od_matrix_v3 - INFO - Local matrix shape: (2861, 2328)
2026-09-27 21:59:49 - models.od_matrix_v3 - INFO - Alpha (survey weight): 0.10
2026-09-27 21:59:49 - models.od_matrix_v3 - INFO - Local weight: 0.90
2026-09-27 21:59:49 - models.od_matrix_v3 - INFO - Aligning survey to local matrix structure...
2026-09-27 21:59:49 - models.od_matrix_v3 - INFO - Combining matrices (alpha blend where survey exists, local only where survey is empty)...
2026-09-27 21:59:50 - models.od_matrix_v3 - INFO - No scaling target specified. Using local matrix total: 481,253
2026-09-27 21:59:50 - models.od_matrix_v3 - INFO - Matrix total before scaling: 481,254
2026-09-27 21:59:50 - models.od_matrix_v3 - INFO - Scale factor: 0.999998
2026-09-27 21:59:50 - models.od_matrix_v3 - INFO - Applying robust rounding to guarantee target total...
2026-09-27 21:59:50 - models.od_matrix_v3 - INFO - Total after flooring: 280,230
2026-09-27 21:59:50 - models.od_matrix_v3 - INFO - Remainder to distribute: 201,023
2026-09-27 21:59:51 - models.od_matrix_v3 - INFO - ======================================================================
2026-09-27 21:59:51 - models.od_matrix_v3 - INFO - VERIFICATION
2026-09-27 21:59:51 - models.od_matrix_v3 - INFO - ======================================================================
2026-09-27 21:59:51 - models.od_matrix_v3 - INFO - Survey total trips: 1,155
2026-09-27 21:59:51 - models.od_matrix_v3 - INFO - Local total trips: 481,254
2026-09-27 21:59:51 - models.od_matrix_v3 - INFO - Combined total trips (before scaling): 481,254
2026-09-27 21:59:51 - models.od_matrix_v3 - INFO - Combined total trips (after scaling & rounding): 481,253
2026-09-27 21:59:51 - models.od_matrix_v3 - INFO - Target total: 481,253
2026-09-27 21:59:51 - models.od_matrix_v3 - INFO - Difference: 0
2026-09-27 21:59:51 - models.od_matrix_v3 - INFO - Combined matrix shape: (2861, 2328)
2026-09-27 21:59:51 - models.od_matrix_nonwork - INFO - ======================================================================
2026-09-27 21:59:51 - models.od_matrix_nonwork - INFO - NONWORK OD MATRIX CREATION COMPLETE - SOCIAL
2026-09-27 21:59:51 - models.od_matrix_nonwork - INFO - ======================================================================
2026-09-27 21:59:51 - models.plan_generator_nonwork - INFO -   OD matrix shape: (2861, 2328)
2026-09-27 21:59:51 - models.plan_generator_nonwork - INFO -   Unscaled total trips: 481,253
2026-09-27 21:59:51 - models.plan_generator_nonwork - INFO -   Scaling factor: 0.15
2026-09-27 21:59:51 - models.plan_generator_nonwork - INFO -   Scaled total trips: 72,224
2026-09-27 21:59:51 - models.plan_generator_nonwork - INFO - NonWorkPlanGenerator initialization complete
2026-09-27 21:59:51 - models.plan_generator_nonwork - INFO - ============================================================
2026-09-27 21:59:51 - models.plan_generator_nonwork - INFO - SOCIAL PLAN GENERATION
2026-09-27 21:59:51 - models.plan_generator_nonwork - INFO - ============================================================
2026-09-27 21:59:51 - models.plan_generator_nonwork - INFO -   Population base (non-employees in region): 1,788,851
2026-09-27 21:59:51 - models.plan_generator_nonwork - INFO -   Unscaled Social trips: 481,253
2026-09-27 21:59:51 - models.plan_generator_nonwork - INFO -   Scaling factor: 0.15
2026-09-27 21:59:51 - models.plan_generator_nonwork - INFO -   Scaled Social trips: 72,224
2026-09-27 21:59:51 - models.plan_generator_nonwork - INFO -   Expected scaled trips: 72,188
2026-09-27 21:59:51 - models.plan_generator_nonwork - INFO -   Scaling accuracy: 100.0%
2026-09-27 21:59:51 - models.plan_generator_nonwork - INFO - 
2026-09-27 21:59:51 - models.plan_generator_nonwork - INFO - Generating all Social plans using multiprocessing...
2026-09-27 21:59:51 - models.plan_generator_nonwork - INFO -   Using all 72,224 trips from scaled OD matrix
2026-09-27 21:59:51 - models.plan_generator_nonwork - INFO - Using 30 processes for Social plan generation
2026-09-27 21:59:51 - models.plan_generator_nonwork - INFO - Pre-loading data for Social multiprocessing...
2026-09-27 21:59:51 - models.plan_generator_nonwork - INFO -   Serialized GTFS stop data for workers: bus=12113 stops, rail=75 stops
2026-09-27 21:59:51 - models.plan_generator_nonwork - INFO -   Prepared shared data with 48,457 home blocks
2026-09-27 21:59:51 - models.plan_generator_nonwork - INFO -   POI categories: 6
2026-09-27 21:59:51 - models.plan_generator_nonwork - INFO -   Chain patterns: 151
2026-09-27 21:59:51 - models.plan_generator_nonwork - INFO - Split 45310 OD pairs into 31 chunks
2026-09-27 22:01:38 - models.plan_generator_nonwork - INFO - 
2026-09-27 22:01:38 - models.plan_generator_nonwork - INFO - Social GENERATION COMPLETE
2026-09-27 22:01:38 - models.plan_generator_nonwork - INFO -   Plans generated: 72,224
2026-09-27 22:01:38 - models.plan_generator_nonwork - INFO -   Failed plans: 0
2026-09-27 22:01:38 - models.plan_generator_nonwork - INFO -   Chain retries: 16,273 / 88,641 attempts
2026-09-27 22:01:38 - models.plan_generator_nonwork - INFO -     Too short: 16,273
2026-09-27 22:01:38 - models.plan_generator_nonwork - INFO -     Bad structure (not Home-...-Home): 0
2026-09-27 22:01:38 - models.plan_generator_nonwork - INFO -     Missing purpose: 0
2026-09-27 22:01:38 - models.plan_generator_nonwork - INFO -     Contains Work: 0
2026-09-27 22:01:38 - models.plan_generator_nonwork - INFO -   POI retries: 20,589
2026-09-27 22:01:38 - models.plan_generator_nonwork - INFO -   Time retries: 0
2026-09-27 22:01:38 - models.plan_generator_nonwork - INFO -   Schedules built: 86,501
2026-09-27 22:01:38 - models.plan_generator_nonwork - INFO -     Trimmed to fit 24h: 459 (0.53%)
2026-09-27 22:01:38 - models.plan_generator_nonwork - INFO -     Dropped, over budget: 0 (0.00%)
2026-09-27 22:01:38 - models.plan_generator_nonwork - INFO -     Resampled, over budget (over_budget=resample): 14,277
2026-09-27 22:01:38 - models.plan_generator_nonwork - INFO -     Excess per trimmed schedule: mean 471.4 min, max 1759.0 min
2026-09-27 22:01:38 - models.plan_generator_nonwork - INFO -     Minutes actually removed: 209,429 total, mean 456.3 min
2026-09-27 22:01:38 - models.plan_generator_nonwork - INFO - ============================================================
2026-09-27 22:01:38 - models.mode_choice - INFO - ==================================================
2026-09-27 22:01:38 - models.mode_choice - INFO - MODE CHOICE STATISTICS
2026-09-27 22:01:38 - models.mode_choice - INFO - ==================================================
2026-09-27 22:01:38 - models.mode_choice - INFO -   Total mode choices: 239005
2026-09-27 22:01:38 - models.mode_choice - INFO -   Fallback mode used: 0 times
2026-09-27 22:01:38 - models.mode_choice - INFO -   Chain retries: 0
2026-09-27 22:01:38 - models.mode_choice - INFO -   Mode distribution in generated plans:
2026-09-27 22:01:38 - models.mode_choice - INFO -     car: 91.6%
2026-09-27 22:01:38 - models.mode_choice - INFO -     walk: 6.9%
2026-09-27 22:01:38 - models.mode_choice - INFO -     bus: 1.5%
2026-09-27 22:01:38 - models.mode_choice - INFO -     rail: 0.0%
2026-09-27 22:01:38 - models.mode_choice - INFO - ==================================================
2026-09-27 22:01:38 - __main__ - INFO - Generated 72,224 Social plans
2026-09-27 22:01:38 - __main__ - INFO - 
2026-09-27 22:01:38 - __main__ - INFO - ------------------------------------------------------------
2026-09-27 22:01:38 - __main__ - INFO - GENERATING DINING PLANS
2026-09-27 22:01:38 - __main__ - INFO - ------------------------------------------------------------
2026-09-27 22:01:38 - models.plan_generator_nonwork - INFO - Initialized NonWorkPlanGenerator for Dining
2026-09-27 22:01:38 - utils.coordinates - INFO - Initialized coordinate converter: EPSG:4326 <-> EPSG:26915
2026-09-27 22:01:38 - models.plan_generator_nonwork - INFO -   Coordinate system: WGS84 -> EPSG:26915
2026-09-27 22:01:38 - models.plan_generator_nonwork - INFO - Using pre-loaded shared data...
2026-09-27 22:01:38 - models.plan_generator_nonwork - INFO -   Using 48,457 home blocks (pre-loaded)
2026-09-27 22:01:38 - models.plan_generator_nonwork - INFO -   Using 45,377 POIs (pre-loaded)
2026-09-27 22:01:38 - models.plan_generator_nonwork - INFO -   Using 12,403 survey trips (pre-loaded)
2026-09-27 22:01:38 - models.plan_generator_nonwork - INFO -   Using 4,172 persons (pre-loaded)
2026-09-27 22:01:38 - models.plan_generator_nonwork - INFO -   Using 787 trip chains (pre-loaded)
2026-09-27 22:01:38 - models.plan_generator_nonwork - INFO -   Using 45,377 POI-to-block mappings (pre-computed)
2026-09-27 22:01:38 - models.plan_generator_nonwork - INFO -   Using shared trip duration model (pre-initialized)
2026-09-27 22:01:38 - models.plan_generator_nonwork - INFO -   Using shared activity duration model (pre-initialized)
2026-09-27 22:01:38 - models.plan_generator_nonwork - INFO -   Using shared POI spatial index (pre-built)
2026-09-27 22:01:38 - models.plan_generator_nonwork - INFO - Initializing time models...
2026-09-27 22:01:38 - models.plan_generator_nonwork - INFO -   Using shared trip duration model
2026-09-27 22:01:38 - models.plan_generator_nonwork - INFO -   Using shared activity duration model
2026-09-27 22:01:38 - models.plan_generator_nonwork - INFO -   Time models initialized
2026-09-27 22:01:38 - models.plan_generator_nonwork - INFO -   Average trip duration: 20.4 minutes
2026-09-27 22:01:38 - models.plan_generator_nonwork - INFO - Initializing POI components...
2026-09-27 22:01:38 - models.plan_generator_nonwork - INFO -   Using shared POI spatial index: 6 activity types, 45,377 POIs
2026-09-27 22:01:38 - models.plan_generator_nonwork - INFO -   POI weighting enabled: True
2026-09-27 22:01:38 - models.plan_generator_nonwork - INFO - Initializing chain model...
2026-09-27 22:01:38 - models.plan_generator_nonwork - INFO -   Dining: budget chain model, 75 main-purpose patterns
2026-09-27 22:01:38 - models.plan_generator_nonwork - INFO - Initializing GTFS transit availability...
2026-09-27 22:01:43 - models.plan_generator_nonwork - INFO -   GTFS availability rebuilt from shared data: bus=12113 stops, rail=75 stops
2026-09-27 22:01:43 - models.plan_generator_nonwork - INFO - Initializing mode choice model...
2026-09-27 22:01:43 - models.mode_choice - INFO - Computing mode shares from survey data...
2026-09-27 22:01:43 - models.mode_choice - INFO - Computed mode rates for 8 purposes
2026-09-27 22:01:43 - models.mode_choice - INFO -   Overall mode distribution: car=87.2%, walk=6.3%, school_bus=3.2%, bike=1.2%, bus=0.8%, rail=0.6%, rideshare=0.5%, other=0.3%
2026-09-27 22:01:43 - models.mode_choice - INFO - ModeChoiceModel initialized with 4 modes: ['car', 'bus', 'rail', 'walk']
2026-09-27 22:01:43 - models.plan_generator_nonwork - INFO - Creating Dining OD matrix...
2026-09-27 22:01:43 - models.plan_generator_nonwork - INFO -   Using pre-computed POI-to-block mapping
2026-09-27 22:01:43 - models.od_matrix_nonwork - INFO - ======================================================================
2026-09-27 22:01:43 - models.od_matrix_nonwork - INFO - CREATING NON-WORK OD MATRIX - DINING
2026-09-27 22:01:43 - models.od_matrix_nonwork - INFO - ======================================================================
2026-09-27 22:01:43 - models.od_matrix_nonwork - INFO - Configuration:
2026-09-27 22:01:43 - models.od_matrix_nonwork - INFO -   Beta (distance decay): 2.0
2026-09-27 22:01:43 - models.od_matrix_nonwork - INFO -   Alpha (survey weight): 0.1
2026-09-27 22:01:43 - models.od_matrix_nonwork - INFO -   Distance mode: cosine_km
2026-09-27 22:01:43 - models.od_matrix_nonwork - INFO - Calculating POI density for Dining...
2026-09-27 22:01:43 - models.od_matrix_nonwork - INFO -   Total POIs to process: 45,377
2026-09-27 22:01:43 - models.od_matrix_nonwork - INFO -   Filtered to 4,918 Dining POIs
2026-09-27 22:01:43 - models.od_matrix_nonwork - INFO -   Using pre-computed POI-to-block mapping (fast path)
2026-09-27 22:01:43 - models.od_matrix_nonwork - INFO -   POI assignment complete:
2026-09-27 22:01:43 - models.od_matrix_nonwork - INFO -     Blocks with POIs: 2,210
2026-09-27 22:01:43 - models.od_matrix_nonwork - INFO -     Total POIs assigned: 4,918
2026-09-27 22:01:43 - models.od_matrix_nonwork - INFO -     Avg POIs per block (non-zero): 2.2
2026-09-27 22:01:43 - models.od_matrix_nonwork - INFO - Creating survey OD matrix for Dining...
2026-09-27 22:01:43 - models.od_matrix_nonwork - INFO -   Filtered to 776 trips (from 12,403 total)
2026-09-27 22:01:43 - models.od_matrix_nonwork - INFO -   Survey OD matrix created: (1, 1)
2026-09-27 22:01:43 - models.od_matrix_nonwork - INFO -   Total trips in survey matrix: 776
2026-09-27 22:01:43 - models.od_matrix_nonwork - INFO - ======================================================================
2026-09-27 22:01:43 - models.od_matrix_nonwork - INFO - SINGLY-CONSTRAINED GRAVITY MODEL - DINING
2026-09-27 22:01:43 - models.od_matrix_nonwork - INFO - ======================================================================
2026-09-27 22:01:43 - models.od_matrix_nonwork - INFO - Origins from the demand budget ('nw_origin_Dining' per home block)
2026-09-27 22:01:43 - models.od_matrix_nonwork - INFO -   Pre-aggregated 48,457 blocks -> 2,861 block_groups (home)
2026-09-27 22:01:43 - models.od_matrix_nonwork - INFO -   Pre-aggregated POI blocks -> 1,228 block_groups with POIs
2026-09-27 22:01:43 - models.od_matrix_nonwork - INFO - Number of home block_groups: 2861
2026-09-27 22:01:43 - models.od_matrix_nonwork - INFO - Number of destination block_groups (with POIs): 1228
2026-09-27 22:01:43 - models.od_matrix_nonwork - INFO - Distance decay beta: 2.0
2026-09-27 22:01:43 - models.od_matrix_nonwork - INFO - Total non-employees (base): 1,788,851
2026-09-27 22:01:43 - models.od_matrix_nonwork - INFO - Total travelers (demand budget): 235,089
2026-09-27 22:01:43 - models.od_matrix_nonwork - INFO - Total POIs (destination): 4,918
2026-09-27 22:01:43 - models.od_matrix_nonwork - INFO - Extracting coordinates...
2026-09-27 22:01:43 - models.od_matrix_nonwork - INFO - Calculating distances and friction factors (mode: cosine_km)...
2026-09-27 22:01:43 - models.od_matrix_v3 - INFO -   Intrazonal distance set from zone area on 1,228 diagonal cells (factor 0.5): median 0 m -> 237 m
2026-09-27 22:01:43 - models.od_matrix_nonwork - INFO -   Distances in km: median 28.82, min 0.050, max 222.9
2026-09-27 22:01:43 - models.od_matrix_nonwork - INFO - Initial gravity model total trips: 235,089
2026-09-27 22:01:43 - models.od_matrix_nonwork - INFO - 
Running IPF iterations (max 50)...
2026-09-27 22:01:43 - models.od_matrix_nonwork - INFO -   Iteration 1: Max relative difference = 5.03e-16
2026-09-27 22:01:43 - models.od_matrix_nonwork - INFO - Converged after 1 iterations
2026-09-27 22:01:43 - models.od_matrix_nonwork - INFO - ======================================================================
2026-09-27 22:01:43 - models.od_matrix_nonwork - INFO - VERIFICATION
2026-09-27 22:01:43 - models.od_matrix_nonwork - INFO - ======================================================================
2026-09-27 22:01:43 - models.od_matrix_nonwork - INFO - Origin total: 235,089 | Matrix row sum: 235,089
2026-09-27 22:01:43 - models.od_matrix_nonwork - INFO - Max row constraint error: 8.53e-14
2026-09-27 22:01:43 - models.od_matrix_nonwork - INFO - Total trips in gravity model: 235,089
2026-09-27 22:01:43 - models.od_matrix_nonwork - INFO - 
2026-09-27 22:01:43 - models.od_matrix_nonwork - INFO -   Gravity model (block-group level): (2861, 1228)
2026-09-27 22:01:43 - models.od_matrix_nonwork - INFO -   Survey matrix: (1, 1)
2026-09-27 22:01:43 - models.od_matrix_nonwork - INFO - 
Combining survey and gravity models...
2026-09-27 22:01:43 - models.od_matrix_v3 - INFO - ======================================================================
2026-09-27 22:01:43 - models.od_matrix_v3 - INFO - COMBINING OD MATRICES
2026-09-27 22:01:43 - models.od_matrix_v3 - INFO - ======================================================================
2026-09-27 22:01:43 - models.od_matrix_v3 - INFO - Survey matrix shape: (1, 1)
2026-09-27 22:01:43 - models.od_matrix_v3 - INFO - Local matrix shape: (2861, 1228)
2026-09-27 22:01:43 - models.od_matrix_v3 - INFO - Alpha (survey weight): 0.10
2026-09-27 22:01:43 - models.od_matrix_v3 - INFO - Local weight: 0.90
2026-09-27 22:01:43 - models.od_matrix_v3 - INFO - Aligning survey to local matrix structure...
2026-09-27 22:01:43 - models.od_matrix_v3 - INFO - Combining matrices (alpha blend where survey exists, local only where survey is empty)...
2026-09-27 22:01:43 - models.od_matrix_v3 - INFO - No scaling target specified. Using local matrix total: 235,088
2026-09-27 22:01:43 - models.od_matrix_v3 - INFO - Matrix total before scaling: 235,089
2026-09-27 22:01:43 - models.od_matrix_v3 - INFO - Scale factor: 0.999998
2026-09-27 22:01:43 - models.od_matrix_v3 - INFO - Applying robust rounding to guarantee target total...
2026-09-27 22:01:43 - models.od_matrix_v3 - INFO - Total after flooring: 117,688
2026-09-27 22:01:43 - models.od_matrix_v3 - INFO - Remainder to distribute: 117,400
2026-09-27 22:01:44 - models.od_matrix_v3 - INFO - ======================================================================
2026-09-27 22:01:44 - models.od_matrix_v3 - INFO - VERIFICATION
2026-09-27 22:01:44 - models.od_matrix_v3 - INFO - ======================================================================
2026-09-27 22:01:44 - models.od_matrix_v3 - INFO - Survey total trips: 776
2026-09-27 22:01:44 - models.od_matrix_v3 - INFO - Local total trips: 235,089
2026-09-27 22:01:44 - models.od_matrix_v3 - INFO - Combined total trips (before scaling): 235,089
2026-09-27 22:01:44 - models.od_matrix_v3 - INFO - Combined total trips (after scaling & rounding): 235,088
2026-09-27 22:01:44 - models.od_matrix_v3 - INFO - Target total: 235,088
2026-09-27 22:01:44 - models.od_matrix_v3 - INFO - Difference: 0
2026-09-27 22:01:44 - models.od_matrix_v3 - INFO - Combined matrix shape: (2861, 1228)
2026-09-27 22:01:44 - models.od_matrix_nonwork - INFO - ======================================================================
2026-09-27 22:01:44 - models.od_matrix_nonwork - INFO - NONWORK OD MATRIX CREATION COMPLETE - DINING
2026-09-27 22:01:44 - models.od_matrix_nonwork - INFO - ======================================================================
2026-09-27 22:01:44 - models.plan_generator_nonwork - INFO -   OD matrix shape: (2861, 1228)
2026-09-27 22:01:44 - models.plan_generator_nonwork - INFO -   Unscaled total trips: 235,088
2026-09-27 22:01:44 - models.plan_generator_nonwork - INFO -   Scaling factor: 0.15
2026-09-27 22:01:44 - models.plan_generator_nonwork - INFO -   Scaled total trips: 35,229
2026-09-27 22:01:44 - models.plan_generator_nonwork - INFO - NonWorkPlanGenerator initialization complete
2026-09-27 22:01:44 - models.plan_generator_nonwork - INFO - ============================================================
2026-09-27 22:01:44 - models.plan_generator_nonwork - INFO - DINING PLAN GENERATION
2026-09-27 22:01:44 - models.plan_generator_nonwork - INFO - ============================================================
2026-09-27 22:01:44 - models.plan_generator_nonwork - INFO -   Population base (non-employees in region): 1,788,851
2026-09-27 22:01:44 - models.plan_generator_nonwork - INFO -   Unscaled Dining trips: 235,088
2026-09-27 22:01:44 - models.plan_generator_nonwork - INFO -   Scaling factor: 0.15
2026-09-27 22:01:44 - models.plan_generator_nonwork - INFO -   Scaled Dining trips: 35,229
2026-09-27 22:01:44 - models.plan_generator_nonwork - INFO -   Expected scaled trips: 35,263
2026-09-27 22:01:44 - models.plan_generator_nonwork - INFO -   Scaling accuracy: 99.9%
2026-09-27 22:01:44 - models.plan_generator_nonwork - INFO - 
2026-09-27 22:01:44 - models.plan_generator_nonwork - INFO - Generating all Dining plans using multiprocessing...
2026-09-27 22:01:44 - models.plan_generator_nonwork - INFO -   Using all 35,229 trips from scaled OD matrix
2026-09-27 22:01:44 - models.plan_generator_nonwork - INFO - Using 30 processes for Dining plan generation
2026-09-27 22:01:44 - models.plan_generator_nonwork - INFO - Pre-loading data for Dining multiprocessing...
2026-09-27 22:01:44 - models.plan_generator_nonwork - INFO -   Serialized GTFS stop data for workers: bus=12113 stops, rail=75 stops
2026-09-27 22:01:44 - models.plan_generator_nonwork - INFO -   Prepared shared data with 48,457 home blocks
2026-09-27 22:01:44 - models.plan_generator_nonwork - INFO -   POI categories: 6
2026-09-27 22:01:44 - models.plan_generator_nonwork - INFO -   Chain patterns: 75
2026-09-27 22:01:44 - models.plan_generator_nonwork - INFO - Split 25988 OD pairs into 31 chunks
2026-09-27 22:03:02 - models.plan_generator_nonwork - INFO - 
2026-09-27 22:03:02 - models.plan_generator_nonwork - INFO - Dining GENERATION COMPLETE
2026-09-27 22:03:02 - models.plan_generator_nonwork - INFO -   Plans generated: 35,229
2026-09-27 22:03:02 - models.plan_generator_nonwork - INFO -   Failed plans: 0
2026-09-27 22:03:02 - models.plan_generator_nonwork - INFO -   Chain retries: 826 / 36,109 attempts
2026-09-27 22:03:02 - models.plan_generator_nonwork - INFO -     Too short: 826
2026-09-27 22:03:02 - models.plan_generator_nonwork - INFO -     Bad structure (not Home-...-Home): 0
2026-09-27 22:03:02 - models.plan_generator_nonwork - INFO -     Missing purpose: 0
2026-09-27 22:03:02 - models.plan_generator_nonwork - INFO -     Contains Work: 0
2026-09-27 22:03:02 - models.plan_generator_nonwork - INFO -   POI retries: 6,169
2026-09-27 22:03:02 - models.plan_generator_nonwork - INFO -   Time retries: 0
2026-09-27 22:03:02 - models.plan_generator_nonwork - INFO -   Schedules built: 36,873
2026-09-27 22:03:02 - models.plan_generator_nonwork - INFO -     Trimmed to fit 24h: 9 (0.02%)
2026-09-27 22:03:02 - models.plan_generator_nonwork - INFO -     Dropped, over budget: 0 (0.00%)
2026-09-27 22:03:02 - models.plan_generator_nonwork - INFO -     Resampled, over budget (over_budget=resample): 1,644
2026-09-27 22:03:02 - models.plan_generator_nonwork - INFO -     Excess per trimmed schedule: mean 386.7 min, max 1301.4 min
2026-09-27 22:03:02 - models.plan_generator_nonwork - INFO -     Minutes actually removed: 3,345 total, mean 371.7 min
2026-09-27 22:03:02 - models.plan_generator_nonwork - INFO - ============================================================
2026-09-27 22:03:02 - models.mode_choice - INFO - ==================================================
2026-09-27 22:03:02 - models.mode_choice - INFO - MODE CHOICE STATISTICS
2026-09-27 22:03:02 - models.mode_choice - INFO - ==================================================
2026-09-27 22:03:02 - models.mode_choice - INFO -   Total mode choices: 102879
2026-09-27 22:03:02 - models.mode_choice - INFO -   Fallback mode used: 0 times
2026-09-27 22:03:02 - models.mode_choice - INFO -   Chain retries: 0
2026-09-27 22:03:02 - models.mode_choice - INFO -   Mode distribution in generated plans:
2026-09-27 22:03:02 - models.mode_choice - INFO -     car: 93.2%
2026-09-27 22:03:02 - models.mode_choice - INFO -     walk: 5.3%
2026-09-27 22:03:02 - models.mode_choice - INFO -     bus: 1.4%
2026-09-27 22:03:02 - models.mode_choice - INFO -     rail: 0.0%
2026-09-27 22:03:02 - models.mode_choice - INFO - ==================================================
2026-09-27 22:03:02 - __main__ - INFO - Generated 35,229 Dining plans
2026-09-27 22:03:02 - __main__ - INFO - 
2026-09-27 22:03:02 - __main__ - INFO - ------------------------------------------------------------
2026-09-27 22:03:02 - __main__ - INFO - GENERATING OTHER PLANS
2026-09-27 22:03:02 - __main__ - INFO - ------------------------------------------------------------
2026-09-27 22:03:02 - models.plan_generator_nonwork - INFO - Initialized NonWorkPlanGenerator for Other
2026-09-27 22:03:02 - utils.coordinates - INFO - Initialized coordinate converter: EPSG:4326 <-> EPSG:26915
2026-09-27 22:03:02 - models.plan_generator_nonwork - INFO -   Coordinate system: WGS84 -> EPSG:26915
2026-09-27 22:03:02 - models.plan_generator_nonwork - INFO - Using pre-loaded shared data...
2026-09-27 22:03:02 - models.plan_generator_nonwork - INFO -   Using 48,457 home blocks (pre-loaded)
2026-09-27 22:03:02 - models.plan_generator_nonwork - INFO -   Using 45,377 POIs (pre-loaded)
2026-09-27 22:03:02 - models.plan_generator_nonwork - INFO -   Using 12,403 survey trips (pre-loaded)
2026-09-27 22:03:02 - models.plan_generator_nonwork - INFO -   Using 4,172 persons (pre-loaded)
2026-09-27 22:03:02 - models.plan_generator_nonwork - INFO -   Using 787 trip chains (pre-loaded)
2026-09-27 22:03:02 - models.plan_generator_nonwork - INFO -   Using 45,377 POI-to-block mappings (pre-computed)
2026-09-27 22:03:02 - models.plan_generator_nonwork - INFO -   Using shared trip duration model (pre-initialized)
2026-09-27 22:03:02 - models.plan_generator_nonwork - INFO -   Using shared activity duration model (pre-initialized)
2026-09-27 22:03:02 - models.plan_generator_nonwork - INFO -   Using shared POI spatial index (pre-built)
2026-09-27 22:03:02 - models.plan_generator_nonwork - INFO - Initializing time models...
2026-09-27 22:03:02 - models.plan_generator_nonwork - INFO -   Using shared trip duration model
2026-09-27 22:03:02 - models.plan_generator_nonwork - INFO -   Using shared activity duration model
2026-09-27 22:03:02 - models.plan_generator_nonwork - INFO -   Time models initialized
2026-09-27 22:03:02 - models.plan_generator_nonwork - INFO -   Average trip duration: 20.4 minutes
2026-09-27 22:03:02 - models.plan_generator_nonwork - INFO - Initializing POI components...
2026-09-27 22:03:02 - models.plan_generator_nonwork - INFO -   Using shared POI spatial index: 6 activity types, 45,377 POIs
2026-09-27 22:03:02 - models.plan_generator_nonwork - INFO -   POI weighting enabled: True
2026-09-27 22:03:02 - models.plan_generator_nonwork - INFO - Initializing chain model...
2026-09-27 22:03:02 - models.plan_generator_nonwork - INFO -   Other: budget chain model, 67 main-purpose patterns
2026-09-27 22:03:02 - models.plan_generator_nonwork - INFO - Initializing GTFS transit availability...
2026-09-27 22:03:02 - models.plan_generator_nonwork - INFO -   GTFS availability rebuilt from shared data: bus=12113 stops, rail=75 stops
2026-09-27 22:03:02 - models.plan_generator_nonwork - INFO - Initializing mode choice model...
2026-09-27 22:03:02 - models.mode_choice - INFO - Computing mode shares from survey data...
2026-09-27 22:03:02 - models.mode_choice - INFO - Computed mode rates for 8 purposes
2026-09-27 22:03:02 - models.mode_choice - INFO -   Overall mode distribution: car=87.2%, walk=6.3%, school_bus=3.2%, bike=1.2%, bus=0.8%, rail=0.6%, rideshare=0.5%, other=0.3%
2026-09-27 22:03:02 - models.mode_choice - INFO - ModeChoiceModel initialized with 4 modes: ['car', 'bus', 'rail', 'walk']
2026-09-27 22:03:02 - models.plan_generator_nonwork - INFO - Creating Other OD matrix...
2026-09-27 22:03:02 - models.plan_generator_nonwork - INFO -   Using pre-computed POI-to-block mapping
2026-09-27 22:03:02 - models.od_matrix_nonwork - INFO - ======================================================================
2026-09-27 22:03:02 - models.od_matrix_nonwork - INFO - CREATING NON-WORK OD MATRIX - OTHER
2026-09-27 22:03:02 - models.od_matrix_nonwork - INFO - ======================================================================
2026-09-27 22:03:02 - models.od_matrix_nonwork - INFO - Configuration:
2026-09-27 22:03:02 - models.od_matrix_nonwork - INFO -   Beta (distance decay): 2.0
2026-09-27 22:03:02 - models.od_matrix_nonwork - INFO -   Alpha (survey weight): 0.1
2026-09-27 22:03:02 - models.od_matrix_nonwork - INFO -   Distance mode: cosine_km
2026-09-27 22:03:03 - models.od_matrix_nonwork - INFO - Calculating POI density for Other...
2026-09-27 22:03:03 - models.od_matrix_nonwork - INFO -   Total POIs to process: 45,377
2026-09-27 22:03:03 - models.od_matrix_nonwork - INFO -   Filtered to 23,574 Other POIs
2026-09-27 22:03:03 - models.od_matrix_nonwork - INFO -   Using pre-computed POI-to-block mapping (fast path)
2026-09-27 22:03:03 - models.od_matrix_nonwork - INFO -   POI assignment complete:
2026-09-27 22:03:03 - models.od_matrix_nonwork - INFO -     Blocks with POIs: 8,471
2026-09-27 22:03:03 - models.od_matrix_nonwork - INFO -     Total POIs assigned: 23,574
2026-09-27 22:03:03 - models.od_matrix_nonwork - INFO -     Avg POIs per block (non-zero): 2.8
2026-09-27 22:03:03 - models.od_matrix_nonwork - INFO - Creating survey OD matrix for Other...
2026-09-27 22:03:03 - models.od_matrix_nonwork - INFO -   Filtered to 522 trips (from 12,403 total)
2026-09-27 22:03:03 - models.od_matrix_nonwork - INFO -   Survey OD matrix created: (1, 1)
2026-09-27 22:03:03 - models.od_matrix_nonwork - INFO -   Total trips in survey matrix: 522
2026-09-27 22:03:03 - models.od_matrix_nonwork - INFO - ======================================================================
2026-09-27 22:03:03 - models.od_matrix_nonwork - INFO - SINGLY-CONSTRAINED GRAVITY MODEL - OTHER
2026-09-27 22:03:03 - models.od_matrix_nonwork - INFO - ======================================================================
2026-09-27 22:03:03 - models.od_matrix_nonwork - INFO - Origins from the demand budget ('nw_origin_Other' per home block)
2026-09-27 22:03:03 - models.od_matrix_nonwork - INFO -   Pre-aggregated 48,457 blocks -> 2,861 block_groups (home)
2026-09-27 22:03:03 - models.od_matrix_nonwork - INFO -   Pre-aggregated POI blocks -> 2,409 block_groups with POIs
2026-09-27 22:03:03 - models.od_matrix_nonwork - INFO - Number of home block_groups: 2861
2026-09-27 22:03:03 - models.od_matrix_nonwork - INFO - Number of destination block_groups (with POIs): 2409
2026-09-27 22:03:03 - models.od_matrix_nonwork - INFO - Distance decay beta: 2.0
2026-09-27 22:03:03 - models.od_matrix_nonwork - INFO - Total non-employees (base): 1,788,851
2026-09-27 22:03:03 - models.od_matrix_nonwork - INFO - Total travelers (demand budget): 207,228
2026-09-27 22:03:03 - models.od_matrix_nonwork - INFO - Total POIs (destination): 23,574
2026-09-27 22:03:03 - models.od_matrix_nonwork - INFO - Extracting coordinates...
2026-09-27 22:03:03 - models.od_matrix_nonwork - INFO - Calculating distances and friction factors (mode: cosine_km)...
2026-09-27 22:03:03 - models.od_matrix_v3 - INFO -   Intrazonal distance set from zone area on 2,409 diagonal cells (factor 0.5): median 0 m -> 252 m
2026-09-27 22:03:03 - models.od_matrix_nonwork - INFO -   Distances in km: median 29.60, min 0.050, max 222.9
2026-09-27 22:03:03 - models.od_matrix_nonwork - INFO - Initial gravity model total trips: 207,228
2026-09-27 22:03:03 - models.od_matrix_nonwork - INFO - 
Running IPF iterations (max 50)...
2026-09-27 22:03:03 - models.od_matrix_nonwork - INFO -   Iteration 1: Max relative difference = 5.50e-16
2026-09-27 22:03:03 - models.od_matrix_nonwork - INFO - Converged after 1 iterations
2026-09-27 22:03:03 - models.od_matrix_nonwork - INFO - ======================================================================
2026-09-27 22:03:03 - models.od_matrix_nonwork - INFO - VERIFICATION
2026-09-27 22:03:03 - models.od_matrix_nonwork - INFO - ======================================================================
2026-09-27 22:03:03 - models.od_matrix_nonwork - INFO - Origin total: 207,228 | Matrix row sum: 207,228
2026-09-27 22:03:03 - models.od_matrix_nonwork - INFO - Max row constraint error: 5.68e-14
2026-09-27 22:03:03 - models.od_matrix_nonwork - INFO - Total trips in gravity model: 207,228
2026-09-27 22:03:03 - models.od_matrix_nonwork - INFO - 
2026-09-27 22:03:03 - models.od_matrix_nonwork - INFO -   Gravity model (block-group level): (2861, 2409)
2026-09-27 22:03:03 - models.od_matrix_nonwork - INFO -   Survey matrix: (1, 1)
2026-09-27 22:03:03 - models.od_matrix_nonwork - INFO - 
Combining survey and gravity models...
2026-09-27 22:03:03 - models.od_matrix_v3 - INFO - ======================================================================
2026-09-27 22:03:03 - models.od_matrix_v3 - INFO - COMBINING OD MATRICES
2026-09-27 22:03:03 - models.od_matrix_v3 - INFO - ======================================================================
2026-09-27 22:03:03 - models.od_matrix_v3 - INFO - Survey matrix shape: (1, 1)
2026-09-27 22:03:03 - models.od_matrix_v3 - INFO - Local matrix shape: (2861, 2409)
2026-09-27 22:03:03 - models.od_matrix_v3 - INFO - Alpha (survey weight): 0.10
2026-09-27 22:03:03 - models.od_matrix_v3 - INFO - Local weight: 0.90
2026-09-27 22:03:03 - models.od_matrix_v3 - INFO - Aligning survey to local matrix structure...
2026-09-27 22:03:03 - models.od_matrix_v3 - INFO - Combining matrices (alpha blend where survey exists, local only where survey is empty)...
2026-09-27 22:03:04 - models.od_matrix_v3 - INFO - No scaling target specified. Using local matrix total: 207,228
2026-09-27 22:03:04 - models.od_matrix_v3 - INFO - Matrix total before scaling: 207,228
2026-09-27 22:03:04 - models.od_matrix_v3 - INFO - Scale factor: 0.999998
2026-09-27 22:03:04 - models.od_matrix_v3 - INFO - Applying robust rounding to guarantee target total...
2026-09-27 22:03:04 - models.od_matrix_v3 - INFO - Total after flooring: 97,457
2026-09-27 22:03:04 - models.od_matrix_v3 - INFO - Remainder to distribute: 109,771
2026-09-27 22:03:04 - models.od_matrix_v3 - INFO - ======================================================================
2026-09-27 22:03:04 - models.od_matrix_v3 - INFO - VERIFICATION
2026-09-27 22:03:04 - models.od_matrix_v3 - INFO - ======================================================================
2026-09-27 22:03:04 - models.od_matrix_v3 - INFO - Survey total trips: 522
2026-09-27 22:03:04 - models.od_matrix_v3 - INFO - Local total trips: 207,228
2026-09-27 22:03:04 - models.od_matrix_v3 - INFO - Combined total trips (before scaling): 207,228
2026-09-27 22:03:04 - models.od_matrix_v3 - INFO - Combined total trips (after scaling & rounding): 207,228
2026-09-27 22:03:04 - models.od_matrix_v3 - INFO - Target total: 207,228
2026-09-27 22:03:04 - models.od_matrix_v3 - INFO - Difference: 0
2026-09-27 22:03:04 - models.od_matrix_v3 - INFO - Combined matrix shape: (2861, 2409)
2026-09-27 22:03:04 - models.od_matrix_nonwork - INFO - ======================================================================
2026-09-27 22:03:04 - models.od_matrix_nonwork - INFO - NONWORK OD MATRIX CREATION COMPLETE - OTHER
2026-09-27 22:03:04 - models.od_matrix_nonwork - INFO - ======================================================================
2026-09-27 22:03:04 - models.plan_generator_nonwork - INFO -   OD matrix shape: (2861, 2409)
2026-09-27 22:03:04 - models.plan_generator_nonwork - INFO -   Unscaled total trips: 207,228
2026-09-27 22:03:04 - models.plan_generator_nonwork - INFO -   Scaling factor: 0.15
2026-09-27 22:03:05 - models.plan_generator_nonwork - INFO -   Scaled total trips: 31,179
2026-09-27 22:03:05 - models.plan_generator_nonwork - INFO - NonWorkPlanGenerator initialization complete
2026-09-27 22:03:05 - models.plan_generator_nonwork - INFO - ============================================================
2026-09-27 22:03:05 - models.plan_generator_nonwork - INFO - OTHER PLAN GENERATION
2026-09-27 22:03:05 - models.plan_generator_nonwork - INFO - ============================================================
2026-09-27 22:03:05 - models.plan_generator_nonwork - INFO -   Population base (non-employees in region): 1,788,851
2026-09-27 22:03:05 - models.plan_generator_nonwork - INFO -   Unscaled Other trips: 207,228
2026-09-27 22:03:05 - models.plan_generator_nonwork - INFO -   Scaling factor: 0.15
2026-09-27 22:03:05 - models.plan_generator_nonwork - INFO -   Scaled Other trips: 31,179
2026-09-27 22:03:05 - models.plan_generator_nonwork - INFO -   Expected scaled trips: 31,084
2026-09-27 22:03:05 - models.plan_generator_nonwork - INFO -   Scaling accuracy: 100.3%
2026-09-27 22:03:05 - models.plan_generator_nonwork - INFO - 
2026-09-27 22:03:05 - models.plan_generator_nonwork - INFO - Generating all Other plans using multiprocessing...
2026-09-27 22:03:05 - models.plan_generator_nonwork - INFO -   Using all 31,179 trips from scaled OD matrix
2026-09-27 22:03:05 - models.plan_generator_nonwork - INFO - Using 30 processes for Other plan generation
2026-09-27 22:03:05 - models.plan_generator_nonwork - INFO - Pre-loading data for Other multiprocessing...
2026-09-27 22:03:05 - models.plan_generator_nonwork - INFO -   Serialized GTFS stop data for workers: bus=12113 stops, rail=75 stops
2026-09-27 22:03:05 - models.plan_generator_nonwork - INFO -   Prepared shared data with 48,457 home blocks
2026-09-27 22:03:05 - models.plan_generator_nonwork - INFO -   POI categories: 6
2026-09-27 22:03:05 - models.plan_generator_nonwork - INFO -   Chain patterns: 67
2026-09-27 22:03:05 - models.plan_generator_nonwork - INFO - Split 23078 OD pairs into 31 chunks
2026-09-27 22:04:18 - models.plan_generator_nonwork - INFO - 
2026-09-27 22:04:18 - models.plan_generator_nonwork - INFO - Other GENERATION COMPLETE
2026-09-27 22:04:18 - models.plan_generator_nonwork - INFO -   Plans generated: 31,179
2026-09-27 22:04:18 - models.plan_generator_nonwork - INFO -   Failed plans: 0
2026-09-27 22:04:18 - models.plan_generator_nonwork - INFO -   Chain retries: 3,217 / 34,413 attempts
2026-09-27 22:04:18 - models.plan_generator_nonwork - INFO -     Too short: 3,217
2026-09-27 22:04:18 - models.plan_generator_nonwork - INFO -     Bad structure (not Home-...-Home): 0
2026-09-27 22:04:18 - models.plan_generator_nonwork - INFO -     Missing purpose: 0
2026-09-27 22:04:18 - models.plan_generator_nonwork - INFO -     Contains Work: 0
2026-09-27 22:04:18 - models.plan_generator_nonwork - INFO -   POI retries: 4,010
2026-09-27 22:04:18 - models.plan_generator_nonwork - INFO -   Time retries: 2
2026-09-27 22:04:18 - models.plan_generator_nonwork - INFO -   Schedules built: 32,793
2026-09-27 22:04:18 - models.plan_generator_nonwork - INFO -     Trimmed to fit 24h: 33 (0.10%)
2026-09-27 22:04:18 - models.plan_generator_nonwork - INFO -     Dropped, over budget: 2 (0.01%)
2026-09-27 22:04:18 - models.plan_generator_nonwork - INFO -     Resampled, over budget (over_budget=resample): 1,612
2026-09-27 22:04:18 - models.plan_generator_nonwork - INFO -     Excess per trimmed schedule: mean 454.1 min, max 1123.6 min
2026-09-27 22:04:18 - models.plan_generator_nonwork - INFO -     Minutes actually removed: 14,427 total, mean 437.2 min
2026-09-27 22:04:18 - models.plan_generator_nonwork - INFO - ============================================================
2026-09-27 22:04:18 - models.mode_choice - INFO - ==================================================
2026-09-27 22:04:18 - models.mode_choice - INFO - MODE CHOICE STATISTICS
2026-09-27 22:04:18 - models.mode_choice - INFO - ==================================================
2026-09-27 22:04:18 - models.mode_choice - INFO -   Total mode choices: 86228
2026-09-27 22:04:18 - models.mode_choice - INFO -   Fallback mode used: 0 times
2026-09-27 22:04:18 - models.mode_choice - INFO -   Chain retries: 0
2026-09-27 22:04:18 - models.mode_choice - INFO -   Mode distribution in generated plans:
2026-09-27 22:04:18 - models.mode_choice - INFO -     car: 94.6%
2026-09-27 22:04:18 - models.mode_choice - INFO -     walk: 3.1%
2026-09-27 22:04:18 - models.mode_choice - INFO -     bus: 2.3%
2026-09-27 22:04:18 - models.mode_choice - INFO -     rail: 0.0%
2026-09-27 22:04:18 - models.mode_choice - INFO - ==================================================
2026-09-27 22:04:18 - __main__ - INFO - Generated 31,179 Other plans
2026-09-27 22:04:18 - __main__ - INFO - 
2026-09-27 22:04:18 - models.freight.plans - INFO - ============================================================
2026-09-27 22:04:18 - models.freight.plans - INFO - GENERATING BOUNDARY FREIGHT
2026-09-27 22:04:18 - models.freight.plans - INFO - ============================================================
2026-09-27 22:04:18 - utils.coordinates - INFO - Initialized coordinate converter: EPSG:4326 <-> EPSG:26915
2026-09-27 22:04:30 - models.freight.cordons - INFO - Network: 276,140 nodes, 636,217 links; reach 79.4-154.1 km by direction
2026-09-27 22:04:31 - models.freight.cordons - INFO - Motorway termini past peripherality 0.6: 315 inbound, 315 outbound
2026-09-27 22:04:31 - models.freight.cordons - INFO - Cordons after deduplication: 346
2026-09-27 22:04:33 - models.work_locs_v2 - INFO - Loading work locations for 15 counties from config...
2026-09-27 22:04:33 - models.work_locs_v2 - INFO - Loaded 23,742 work location blocks for 15 counties
2026-09-27 22:04:33 - models.freight.plans - INFO - Loaded 23,742 freight zones, total attractor 533,210 (freight_employment)
2026-09-27 22:04:33 - models.freight.generator - INFO - Anchored 346 cordons to zones: median 6393 m, max 84034 m
2026-09-27 22:04:33 - models.freight.truck_share - INFO - TMAS f_system for MN ['003', '019', '025', '037', '053', '059', '079', '093', '095', '109', '123', '139', '141', '163', '171']: 1U (153/292 station-directions)
2026-09-27 22:04:33 - models.freight.truck_share - INFO - Truck share from HPMS cache: 6.16%
2026-09-27 22:04:33 - models.freight.hpms_match - INFO - HPMS geometry from cache: 54,436 segments (0.0 days old)
2026-09-27 22:04:34 - models.freight.hpms_match - INFO - Parsed 54,436 HPMS segments carrying truck traffic
2026-09-27 22:09:11 - models.freight.hpms_match - INFO - HPMS match: 173/346 cordons matched an observed truck volume (264 links)
2026-09-27 22:09:12 - models.freight.demand - INFO - Cordon weights (hpms_truck_aadt): 173 from observed truck AADT, 173 from capacity x 8.0 x truck share
2026-09-27 22:09:12 - models.freight.demand - INFO - Freight demand: 12,728 trips (E->I 4,455, I->E 4,455, E->E 3,818)
2026-09-27 22:09:12 - models.freight.demand - INFO -   282,849 unscaled x demand_scale 0.3 x scaling_factor 0.15 = 12,728.2
2026-09-27 22:09:14 - models.freight.generator - INFO - Generated 12,728 freight trips
2026-09-27 22:09:14 - models.freight.plans - INFO - Built 12,728 freight plans (subpopulation=freight)
2026-09-27 22:09:14 - models.freight.validation - INFO -   [PASS] trip_count_matches_demand: generated 12,728, demand resolved 12,728
2026-09-27 22:09:14 - models.freight.validation - INFO -   [PASS] class_count_external_to_internal: 4,455 generated vs 4,455 demanded
2026-09-27 22:09:14 - models.freight.validation - INFO -   [PASS] class_count_internal_to_external: 4,455 generated vs 4,455 demanded
2026-09-27 22:09:14 - models.freight.validation - INFO -   [PASS] class_count_through: 3,818 generated vs 3,818 demanded
2026-09-27 22:09:14 - models.freight.validation - INFO -   [PASS] class_share_external_to_internal: realised 0.350 vs configured 0.350
2026-09-27 22:09:14 - models.freight.validation - INFO -   [PASS] class_share_internal_to_external: realised 0.350 vs configured 0.350
2026-09-27 22:09:14 - models.freight.validation - INFO -   [PASS] class_share_through: realised 0.300 vs configured 0.300
2026-09-27 22:09:14 - models.freight.validation - INFO -   [PASS] departure_profile_external_to_internal: max hourly deviation 0.0069 over 4,455 trips
2026-09-27 22:09:14 - models.freight.validation - INFO -   [PASS] departure_profile_internal_to_external: max hourly deviation 0.0118 over 4,455 trips
2026-09-27 22:09:14 - models.freight.validation - INFO -   [PASS] departure_profile_through: max hourly deviation 0.0062 over 3,818 trips
2026-09-27 22:09:14 - models.freight.validation - INFO -   [PASS] cordon_ids_valid: 0 trip ends reference an unknown cordon
2026-09-27 22:09:14 - models.freight.validation - INFO -   [PASS] cordon_direction_respected: 0 trips enter on an outbound cordon or leave on an inbound one
2026-09-27 22:09:14 - models.freight.validation - INFO -   [PASS] through_trips_use_distinct_cordons: 0 through trips start and end at the same cordon
2026-09-27 22:09:14 - models.freight.validation - INFO -   [PASS] departure_times_in_range: 0 departures outside 00:00-30:00
2026-09-27 22:09:14 - models.freight.plans - INFO - Freight summary written to /media/volume/Tareek-instance_vol-1/Tareek-work/Tareek/experiments/tc_pf_hermes_nw14_fr03_10iter/freight_summary.json
2026-09-27 22:09:14 - __main__ - INFO - ============================================================
2026-09-27 22:09:14 - __main__ - INFO - COMBINING WORK + NON-WORK + FREIGHT PLANS
2026-09-27 22:09:14 - __main__ - INFO - ============================================================
2026-09-27 22:09:14 - __main__ - INFO - Plan generation summary (scaling_factor=0.15):
2026-09-27 22:09:14 - __main__ - INFO -   Work plans: 162,640
2026-09-27 22:09:14 - __main__ - INFO -   Non-work plans: 354,523
2026-09-27 22:09:14 - __main__ - INFO -   Freight plans: 12,728 (2.4% of total)
2026-09-27 22:09:14 - __main__ - INFO -   Combined total (scaled): 529,891
2026-09-27 22:09:14 - __main__ - INFO -   Represents full population of: ~3,532,607 travelers
2026-09-27 22:09:14 - __main__ - INFO - 
2026-09-27 22:09:14 - __main__ - INFO - Assigning unique person IDs...
2026-09-27 22:09:14 - __main__ - INFO - Writing combined plans to XML...
2026-09-27 22:09:14 - models.plan_generator - INFO - Writing 529891 plans to /media/volume/Tareek-instance_vol-1/Tareek-work/Tareek/experiments/tc_pf_hermes_nw14_fr03_10iter/plans.xml
2026-09-27 22:09:14 - utils.coordinates - INFO - Initialized coordinate converter: EPSG:4326 <-> EPSG:26915
2026-09-27 22:09:14 - models.plan_generator - INFO - Converting coordinates from lat/lon to EPSG:26915
2026-09-27 22:11:29 - models.plan_generator - INFO - Successfully wrote plans to /media/volume/Tareek-instance_vol-1/Tareek-work/Tareek/experiments/tc_pf_hermes_nw14_fr03_10iter/plans.xml (coordinates in EPSG:26915)
2026-09-27 22:11:29 - models.plan_generator - INFO - Plans XML saved to experiment directory: /media/volume/Tareek-instance_vol-1/Tareek-work/Tareek/experiments/tc_pf_hermes_nw14_fr03_10iter/plans.xml
2026-09-27 22:11:29 - models.plan_generator - INFO -   Coordinate system: EPSG:26915
2026-09-27 22:11:30 - __main__ - INFO - Plans XML ready: /media/volume/Tareek-instance_vol-1/Tareek-work/Tareek/experiments/tc_pf_hermes_nw14_fr03_10iter/plans.xml
2026-09-27 22:11:30 - __main__ - INFO -   File size: 245.84 MB
2026-09-27 22:11:30 - __main__ - INFO -   Total persons: 529,891
2026-09-27 22:11:30 - __main__ - INFO - 
2026-09-27 22:11:31 - __main__ - INFO - ============================================================
2026-09-27 22:11:31 - __main__ - INFO - STEP 5: RUNNING MATSIM SIMULATION
2026-09-27 22:11:31 - __main__ - INFO - ============================================================
2026-09-27 22:11:54 - __main__ - INFO - Released plan-generation memory before MATSim: 9.4 GB -> 1.8 GB RSS (freed 7.5 GB)
2026-09-27 22:11:54 - matsim.osm_downloader - INFO - OSM cache directory: /media/volume/Tareek-instance_vol-1/Tareek-work/Tareek/data/osm_cache
2026-09-27 22:11:54 - matsim.orchestrator - INFO - MATSim Orchestrator initialized
2026-09-27 22:11:54 - __main__ - INFO - MATSim mode: basic
2026-09-27 22:11:54 - __main__ - INFO - Custom parameters: {'coordinateSystem': 'auto', 'lastIteration': 10, 'outputDirectory': 'output', 'controller.mobsim': 'hermes', '_controller.mobsim_help': 'qsim | hermes. hermes is faster but is a simplified queue model that ignores trafficDynamics, linkDynamics and full stuckTime semantics. Use qsim for any congestion- or mode-choice-sensitive experiment.', 'global.numberOfThreads': 30, 'qsim.numberOfThreads': 30, 'qsim.flowCapacityFactor': 0.15, 'qsim.storageCapacityFactor': 0.18, 'qsim.stuckTime': 10.0, '_qsim.stuckTime_help': 'Seconds the frontmost vehicle on a link may fail to move before it is pushed onto the next link. Gridlock escape valve: HIGHER = waits LONGER. Mersini & Ziemke (2026): stuckTime = 30s / sample_share (30.0 at 100%). Only qsim honours this; hermes ignores it.', 'linkStats.averageLinkStatsOverIterations': 5, 'scoring.waitingPt': -3.0, '_estimator_scoring.waitingPt': 'Cold start (no prior experiment). Seeding waitingPt=-3.0 util/hr for transit density 2.58% (low-transit (1%-5%)).', 'scoring.modeParams.walk.constant': -1.0, '_estimator_scoring.modeParams.walk.constant': 'Cold start (no prior experiment). ACS walk share 1.96%. Seeding walk.constant=-1.0; subsequent runs will correct toward ACS using the clamped log-ratio update.', 'transitRouter.maxBeelineWalkConnectionDistance': 250.0, '_estimator_transitRouter.maxBeelineWalkConnectionDistance': 'Cold start (no prior experiment). ACS transit share 2.58% (low transit (<5%)). Seeding transit-router params from tier table; subsequent runs with --experiment-dir adjust by one tier when realised PT share is outside [70%, 130%] of the ACS target. Setting maxBeelineWalkConnectionDistance=250.0.', 'transitRouter.directWalkFactor': 1.3, '_estimator_transitRouter.directWalkFactor': 'Cold start (no prior experiment). ACS transit share 2.58% (low transit (<5%)). Seeding transit-router params from tier table; subsequent runs with --experiment-dir adjust by one tier when realised PT share is outside [70%, 130%] of the ACS target. Setting directWalkFactor=1.3.', 'hermes.endTime': '36:00:00'}
2026-09-27 22:11:54 - __main__ - INFO - 
2026-09-27 22:11:54 - matsim.orchestrator - INFO - Setting up experiment: tc_pf_hermes_nw14_fr03_10iter
2026-09-27 22:11:54 - matsim.orchestrator - INFO - Created experiment directory: /media/volume/Tareek-instance_vol-1/Tareek-work/Tareek/experiments/tc_pf_hermes_nw14_fr03_10iter
2026-09-27 22:11:54 - matsim.orchestrator - INFO - Plans file already exists at destination: /media/volume/Tareek-instance_vol-1/Tareek-work/Tareek/experiments/tc_pf_hermes_nw14_fr03_10iter/plans.xml
2026-09-27 22:11:54 - matsim.config_manager - INFO - Generating MATSim config for mode: basic
2026-09-27 22:11:54 - matsim.config_manager - INFO - Using config template: /media/volume/Tareek-instance_vol-1/Tareek-work/Tareek/matsim/configs/basic/config.xml
2026-09-27 22:11:54 - matsim.config_manager - INFO - Auto-set writeLinkStatsInterval = 10 (matches lastIteration)
2026-09-27 22:11:54 - matsim.config_manager - INFO - Auto-set write*Interval = 10 (bulky per-iteration output written only at the final iteration; set matsim.write_intermediate_output=true to write every iteration)
2026-09-27 22:11:54 - matsim.config_manager - INFO - Auto-set counts.countsScaleFactor = 6.666666666666667 (1/0.15 flowCapacityFactor)
2026-09-27 22:11:54 - matsim.config_manager - INFO - Auto-set counts.writeCountsInterval = 10 (matches lastIteration)
2026-09-27 22:11:54 - matsim.config_manager - INFO - Applied configurable param: controller.mobsim = hermes
2026-09-27 22:11:54 - matsim.config_manager - INFO - Applied configurable param: global.numberOfThreads = 30
2026-09-27 22:11:54 - matsim.config_manager - INFO - Applied configurable param: qsim.numberOfThreads = 30
2026-09-27 22:11:54 - matsim.config_manager - INFO - Applied configurable param: qsim.flowCapacityFactor = 0.15
2026-09-27 22:11:54 - matsim.config_manager - INFO - Mirrored qsim.flowCapacityFactor -> hermes.flowCapacityFactor = 0.15
2026-09-27 22:11:54 - matsim.config_manager - INFO - Applied configurable param: qsim.storageCapacityFactor = 0.18
2026-09-27 22:11:54 - matsim.config_manager - INFO - Mirrored qsim.storageCapacityFactor -> hermes.storageCapacityFactor = 0.18
2026-09-27 22:11:54 - matsim.config_manager - INFO - Applied configurable param: qsim.stuckTime = 10.0
2026-09-27 22:11:54 - matsim.config_manager - INFO - Applied configurable param: linkStats.averageLinkStatsOverIterations = 5
2026-09-27 22:11:54 - matsim.config_manager - INFO - Applied scoring.waitingPt = -3.0
2026-09-27 22:11:54 - matsim.config_manager - INFO - Applied scoring.modeParams.walk.constant = -1.0
2026-09-27 22:11:54 - matsim.config_manager - INFO - Applied configurable param: transitRouter.maxBeelineWalkConnectionDistance = 250.0
2026-09-27 22:11:54 - matsim.config_manager - INFO - Applied configurable param: transitRouter.directWalkFactor = 1.3
2026-09-27 22:11:54 - matsim.config_manager - INFO - Applied configurable param: hermes.endTime = 36:00:00
2026-09-27 22:11:54 - matsim.config_manager - INFO - Mirrored qsim.flowCapacityFactor -> hermes.flowCapacityFactor = 0.15
2026-09-27 22:11:54 - matsim.config_manager - INFO - Mirrored qsim.storageCapacityFactor -> hermes.storageCapacityFactor = 0.18
2026-09-27 22:11:54 - matsim.config_manager - INFO - Applied scoring.waitingPt = -3.0
2026-09-27 22:11:54 - matsim.config_manager - INFO - Applied scoring.modeParams.walk.constant = -1.0
2026-09-27 22:11:54 - matsim.config_manager - INFO - Enabled transit module with transitModes=pt (from enabled modes: ['bus', 'rail']) (preserved existing params on: transitRouter)
2026-09-27 22:11:54 - matsim.config_manager - INFO - Registered scoring activityParams for 'Dining'
2026-09-27 22:11:54 - matsim.config_manager - INFO - Registered scoring activityParams for 'Home'
2026-09-27 22:11:54 - matsim.config_manager - INFO - Registered scoring activityParams for 'Other'
2026-09-27 22:11:54 - matsim.config_manager - INFO - Registered scoring activityParams for 'School'
2026-09-27 22:11:54 - matsim.config_manager - INFO - Registered scoring activityParams for 'Shopping'
2026-09-27 22:11:54 - matsim.config_manager - INFO - Registered scoring activityParams for 'Social'
2026-09-27 22:11:54 - matsim.config_manager - INFO - Registered scoring activityParams for 'Work'
2026-09-27 22:11:54 - matsim.config_manager - INFO - Activity typicalDuration from survey: Dining=30min, Home=720min, Other=60min, School=420min, Shopping=25min, Social=95min, Work=450min
2026-09-27 22:11:54 - matsim.config_manager - INFO - Activity scoring windows from survey: Dining=9.00-21.00h/min5m, Other=7.42-20.92h/min5m, School=7.08-18.75h/min60m, Shopping=7.92-19.50h/min5m, Social=7.00-21.50h/min20m, Work=6.00-21.25h/min30m
2026-09-27 22:11:54 - matsim.config_manager - INFO - Registered scoring activityParams for 'freight_origin'
2026-09-27 22:11:54 - matsim.config_manager - INFO - Registered scoring activityParams for 'freight_destination'
2026-09-27 22:11:54 - matsim.config_manager - INFO - Set replanning strategies for freight: ChangeExpBeta=0.8, ReRoute=0.2
2026-09-27 22:11:54 - matsim.config_manager - INFO - Freight: writeEventsInterval = 10 so the final iteration emits events (needed to isolate the truck stream)
2026-09-27 22:12:05 - matsim.config_manager - INFO - Activity params cover all 9 activity types in plans.xml: ['Dining', 'Home', 'Other', 'School', 'Shopping', 'Social', 'Work', 'freight_destination', 'freight_origin']
2026-09-27 22:12:05 - matsim.config_manager - INFO - Config saved to: /media/volume/Tareek-instance_vol-1/Tareek-work/Tareek/experiments/tc_pf_hermes_nw14_fr03_10iter/config.xml
2026-09-27 22:12:05 - matsim.orchestrator - INFO - Experiment setup complete: /media/volume/Tareek-instance_vol-1/Tareek-work/Tareek/experiments/tc_pf_hermes_nw14_fr03_10iter
2026-09-27 22:12:05 - matsim.orchestrator - INFO - Validating MATSim setup...
2026-09-27 22:12:05 - matsim.runner - INFO - Validating MATSim setup...
2026-09-27 22:12:05 - matsim.runner - INFO - Java version: openjdk
2026-09-27 22:12:05 - matsim.runner - INFO - Using JAR file: /media/volume/Tareek-instance_vol-1/Tareek-work/Tareek/matsim/matsim_25/matsim_25.jar
2026-09-27 22:12:05 - matsim.runner - INFO - No lib directory found in /media/volume/Tareek-instance_vol-1/Tareek-work/Tareek/matsim/matsim_25 (may not be needed)
2026-09-27 22:12:05 - matsim.runner - INFO - MATSim setup validation passed
2026-09-27 22:12:05 - matsim.orchestrator - INFO - Validating experiment configuration...
2026-09-27 22:12:05 - matsim.config_manager - INFO - Found network.xml: /media/volume/Tareek-instance_vol-1/Tareek-work/Tareek/experiments/tc_pf_hermes_nw14_fr03_10iter/network.xml
2026-09-27 22:12:05 - matsim.config_manager - INFO - Found plans.xml: /media/volume/Tareek-instance_vol-1/Tareek-work/Tareek/experiments/tc_pf_hermes_nw14_fr03_10iter/plans.xml
2026-09-27 22:12:05 - matsim.config_manager - INFO - Found transitScheduleFile: /media/volume/Tareek-instance_vol-1/Tareek-work/Tareek/experiments/tc_pf_hermes_nw14_fr03_10iter/transitSchedule.xml
2026-09-27 22:12:05 - matsim.config_manager - INFO - Found vehiclesFile: /media/volume/Tareek-instance_vol-1/Tareek-work/Tareek/experiments/tc_pf_hermes_nw14_fr03_10iter/transitVehicles.xml
2026-09-27 22:12:05 - matsim.orchestrator - INFO - Starting MATSim simulation. Log file: /media/volume/Tareek-instance_vol-1/Tareek-work/Tareek/experiments/tc_pf_hermes_nw14_fr03_10iter/matsim_output.log
2026-09-27 22:12:05 - matsim.runner - INFO - Starting MATSim simulation with config: /media/volume/Tareek-instance_vol-1/Tareek-work/Tareek/experiments/tc_pf_hermes_nw14_fr03_10iter/config.xml
2026-09-27 22:12:05 - matsim.runner - INFO - Using JAR file: /media/volume/Tareek-instance_vol-1/Tareek-work/Tareek/matsim/matsim_25/matsim_25.jar
2026-09-27 22:12:05 - matsim.runner - INFO - No lib directory found in /media/volume/Tareek-instance_vol-1/Tareek-work/Tareek/matsim/matsim_25 (may not be needed)
2026-09-27 22:12:05 - matsim.runner - INFO - Command: java -Xmx70g -Xms70g -XX:+UseG1GC -XX:+ParallelRefProcEnabled -XX:MaxGCPauseMillis=200 -XX:+HeapDumpOnOutOfMemoryError -XX:HeapDumpPath=./heap_dumps -cp /media/volume/Tareek-instance_vol-1/Tareek-work/Tareek/matsim/matsim_25/matsim_25.jar org.matsim.core.controler.Controler /media/volume/Tareek-instance_vol-1/Tareek-work/Tareek/experiments/tc_pf_hermes_nw14_fr03_10iter/config.xml
2026-09-27 22:12:05 - matsim.runner - INFO - Waiting for simulation to complete...
2026-09-27 23:53:48 - matsim.runner - INFO - Simulation completed in 6102.73 seconds
2026-09-27 23:53:48 - matsim.runner - INFO - Simulation completed successfully
2026-09-27 23:53:48 - matsim.orchestrator - INFO - Simulation completed
2026-09-27 23:53:48 - __main__ - INFO - 
2026-09-27 23:53:48 - __main__ - INFO - Simulation status: completed
2026-09-27 23:53:48 - __main__ - INFO - 
2026-09-27 23:53:48 - __main__ - INFO - ============================================================
2026-09-27 23:53:48 - __main__ - INFO - STEP 6: EVALUATING SIMULATION
2026-09-27 23:53:48 - __main__ - INFO - ============================================================
2026-09-27 23:53:48 - __main__ - INFO - Initializing evaluator with ground truth data from: data/evaluation
2026-09-27 23:53:48 - __main__ - INFO - Running evaluation...
2026-09-27 23:53:48 - __main__ - INFO - 
2026-09-27 23:53:48 - matsim.trip_timing - INFO - Trip timing figures: planned schedule (output/ITERS/it.0/0.plans.xml.gz) against iteration 10
2026-09-27 23:54:45 - matsim.trip_timing - INFO - Saved dep_arr_by_activity_demand.png
2026-09-27 23:54:46 - matsim.trip_timing - INFO - Saved dep_arr_by_activity_sim.png
2026-09-27 23:54:51 - matsim.trip_timing - INFO - Saved trip_duration_by_hour_demand.png
2026-09-27 23:54:52 - matsim.trip_timing - INFO - Saved trip_duration_by_hour_sim.png
2026-09-27 23:54:55 - matsim.trip_timing - INFO -   it.10 activity durations: left out 137925 open-ended rows that are not a Home-to-Home overnight stay, and 0 all-day stays
2026-09-27 23:54:58 - matsim.trip_timing - INFO - Saved activity_duration_by_type.png
2026-09-27 23:54:58 - matsim.evaluator - INFO - Loading matched devices from: /media/volume/Tareek-instance_vol-1/Tareek-work/Tareek/experiments/tc_pf_hermes_nw14_fr03_10iter/matched_devices.csv
2026-09-27 23:54:58 - matsim.evaluator - INFO - Loaded 94 devices matched to network links
2026-09-27 23:54:58 - matsim.evaluator - INFO - Using MATSim countscompare file: output/ITERS/it.10/10.countscompare.txt
2026-09-27 23:54:58 - matsim.evaluator - INFO - Auto-detected network file: output/output_network.xml.gz
2026-09-27 23:54:58 - matsim.evaluator - INFO - Auto-detected linkstats file: output/ITERS/it.10/10.linkstats.txt.gz
2026-09-27 23:54:58 - matsim.evaluator - INFO - Loading scaling factors from experiment config...
2026-09-27 23:54:58 - matsim.evaluator - INFO - Loaded scaling factors: population=0.15, flow=0.15, storage=0.18
2026-09-27 23:54:58 - matsim.evaluator - INFO - Loading network for spatial visualization...
2026-09-27 23:55:56 - matsim.evaluator - INFO - Loaded 636,217 links
2026-09-27 23:55:56 - matsim.evaluator - INFO - Loading linkstats...
2026-09-27 23:56:04 - matsim.evaluator - INFO - Scaled simulated volumes by 6.67x (1/0.15 population scaling)
2026-09-27 23:56:04 - matsim.evaluator - INFO - Loaded 636,217 links from linkstats
2026-09-27 23:56:04 - matsim.evaluator - INFO - Comparing volumes from MATSim countscompare.txt...
2026-09-27 23:56:04 - matsim.evaluator - INFO - Read 2,256 station-hour comparisons from 10.countscompare.txt (94 stations)
2026-09-27 23:56:04 - matsim.evaluator - INFO - Generated 2,256 station-hour comparisons
2026-09-27 23:56:04 - matsim.evaluator - INFO - Calculating summary metrics...
2026-09-27 23:56:05 - matsim.evaluator - INFO - Saved comparison results to /media/volume/Tareek-instance_vol-1/Tareek-work/Tareek/experiments/tc_pf_hermes_nw14_fr03_10iter/evaluation/volume_comparison.csv
2026-09-27 23:56:05 - matsim.evaluator - INFO - Saved hourly relative-error box plot to /media/volume/Tareek-instance_vol-1/Tareek-work/Tareek/experiments/tc_pf_hermes_nw14_fr03_10iter/evaluation/hourly_relative_error_box.png
2026-09-27 23:56:05 - matsim.evaluator - INFO - Saved hourly bias plot to /media/volume/Tareek-instance_vol-1/Tareek-work/Tareek/experiments/tc_pf_hermes_nw14_fr03_10iter/evaluation/hourly_bias.png
2026-09-27 23:56:06 - matsim.evaluator - INFO - Saved station ratio dot plot to /media/volume/Tareek-instance_vol-1/Tareek-work/Tareek/experiments/tc_pf_hermes_nw14_fr03_10iter/evaluation/station_ratio_dotplot.png
2026-09-27 23:56:06 - matsim.evaluator - INFO - Generating spatial overview maps...
2026-09-27 23:56:09 - utils.region_utils - INFO - Loaded 15 county boundary polygons
2026-09-27 23:56:14 - matsim.evaluator - INFO - Saved spatial overview to /media/volume/Tareek-instance_vol-1/Tareek-work/Tareek/experiments/tc_pf_hermes_nw14_fr03_10iter/evaluation/spatial_overview.png
2026-09-27 23:56:20 - matsim.evaluator - INFO - Saved hourly pct-error map to /media/volume/Tareek-instance_vol-1/Tareek-work/Tareek/experiments/tc_pf_hermes_nw14_fr03_10iter/evaluation/count_error_h00.png
2026-09-27 23:56:26 - matsim.evaluator - INFO - Saved hourly pct-error map to /media/volume/Tareek-instance_vol-1/Tareek-work/Tareek/experiments/tc_pf_hermes_nw14_fr03_10iter/evaluation/count_error_h01.png
2026-09-27 23:56:33 - matsim.evaluator - INFO - Saved hourly pct-error map to /media/volume/Tareek-instance_vol-1/Tareek-work/Tareek/experiments/tc_pf_hermes_nw14_fr03_10iter/evaluation/count_error_h02.png
2026-09-27 23:56:40 - matsim.evaluator - INFO - Saved hourly pct-error map to /media/volume/Tareek-instance_vol-1/Tareek-work/Tareek/experiments/tc_pf_hermes_nw14_fr03_10iter/evaluation/count_error_h03.png
2026-09-27 23:56:46 - matsim.evaluator - INFO - Saved hourly pct-error map to /media/volume/Tareek-instance_vol-1/Tareek-work/Tareek/experiments/tc_pf_hermes_nw14_fr03_10iter/evaluation/count_error_h04.png
2026-09-27 23:56:53 - matsim.evaluator - INFO - Saved hourly pct-error map to /media/volume/Tareek-instance_vol-1/Tareek-work/Tareek/experiments/tc_pf_hermes_nw14_fr03_10iter/evaluation/count_error_h05.png
2026-09-27 23:57:00 - matsim.evaluator - INFO - Saved hourly pct-error map to /media/volume/Tareek-instance_vol-1/Tareek-work/Tareek/experiments/tc_pf_hermes_nw14_fr03_10iter/evaluation/count_error_h06.png
2026-09-27 23:57:06 - matsim.evaluator - INFO - Saved hourly pct-error map to /media/volume/Tareek-instance_vol-1/Tareek-work/Tareek/experiments/tc_pf_hermes_nw14_fr03_10iter/evaluation/count_error_h07.png
2026-09-27 23:57:13 - matsim.evaluator - INFO - Saved hourly pct-error map to /media/volume/Tareek-instance_vol-1/Tareek-work/Tareek/experiments/tc_pf_hermes_nw14_fr03_10iter/evaluation/count_error_h08.png
2026-09-27 23:57:20 - matsim.evaluator - INFO - Saved hourly pct-error map to /media/volume/Tareek-instance_vol-1/Tareek-work/Tareek/experiments/tc_pf_hermes_nw14_fr03_10iter/evaluation/count_error_h09.png
2026-09-27 23:57:27 - matsim.evaluator - INFO - Saved hourly pct-error map to /media/volume/Tareek-instance_vol-1/Tareek-work/Tareek/experiments/tc_pf_hermes_nw14_fr03_10iter/evaluation/count_error_h10.png
2026-09-27 23:57:34 - matsim.evaluator - INFO - Saved hourly pct-error map to /media/volume/Tareek-instance_vol-1/Tareek-work/Tareek/experiments/tc_pf_hermes_nw14_fr03_10iter/evaluation/count_error_h11.png
2026-09-27 23:57:40 - matsim.evaluator - INFO - Saved hourly pct-error map to /media/volume/Tareek-instance_vol-1/Tareek-work/Tareek/experiments/tc_pf_hermes_nw14_fr03_10iter/evaluation/count_error_h12.png
2026-09-27 23:57:47 - matsim.evaluator - INFO - Saved hourly pct-error map to /media/volume/Tareek-instance_vol-1/Tareek-work/Tareek/experiments/tc_pf_hermes_nw14_fr03_10iter/evaluation/count_error_h13.png
2026-09-27 23:57:54 - matsim.evaluator - INFO - Saved hourly pct-error map to /media/volume/Tareek-instance_vol-1/Tareek-work/Tareek/experiments/tc_pf_hermes_nw14_fr03_10iter/evaluation/count_error_h14.png
2026-09-27 23:58:00 - matsim.evaluator - INFO - Saved hourly pct-error map to /media/volume/Tareek-instance_vol-1/Tareek-work/Tareek/experiments/tc_pf_hermes_nw14_fr03_10iter/evaluation/count_error_h15.png
2026-09-27 23:58:07 - matsim.evaluator - INFO - Saved hourly pct-error map to /media/volume/Tareek-instance_vol-1/Tareek-work/Tareek/experiments/tc_pf_hermes_nw14_fr03_10iter/evaluation/count_error_h16.png
2026-09-27 23:58:14 - matsim.evaluator - INFO - Saved hourly pct-error map to /media/volume/Tareek-instance_vol-1/Tareek-work/Tareek/experiments/tc_pf_hermes_nw14_fr03_10iter/evaluation/count_error_h17.png
2026-09-27 23:58:21 - matsim.evaluator - INFO - Saved hourly pct-error map to /media/volume/Tareek-instance_vol-1/Tareek-work/Tareek/experiments/tc_pf_hermes_nw14_fr03_10iter/evaluation/count_error_h18.png
2026-09-27 23:58:27 - matsim.evaluator - INFO - Saved hourly pct-error map to /media/volume/Tareek-instance_vol-1/Tareek-work/Tareek/experiments/tc_pf_hermes_nw14_fr03_10iter/evaluation/count_error_h19.png
2026-09-27 23:58:34 - matsim.evaluator - INFO - Saved hourly pct-error map to /media/volume/Tareek-instance_vol-1/Tareek-work/Tareek/experiments/tc_pf_hermes_nw14_fr03_10iter/evaluation/count_error_h20.png
2026-09-27 23:58:40 - matsim.evaluator - INFO - Saved hourly pct-error map to /media/volume/Tareek-instance_vol-1/Tareek-work/Tareek/experiments/tc_pf_hermes_nw14_fr03_10iter/evaluation/count_error_h21.png
2026-09-27 23:58:47 - matsim.evaluator - INFO - Saved hourly pct-error map to /media/volume/Tareek-instance_vol-1/Tareek-work/Tareek/experiments/tc_pf_hermes_nw14_fr03_10iter/evaluation/count_error_h22.png
2026-09-27 23:58:54 - matsim.evaluator - INFO - Saved hourly pct-error map to /media/volume/Tareek-instance_vol-1/Tareek-work/Tareek/experiments/tc_pf_hermes_nw14_fr03_10iter/evaluation/count_error_h23.png
2026-09-27 23:58:54 - matsim.evaluator - INFO - Generating heatmap-only map...
2026-09-27 23:59:03 - matsim.evaluator - INFO - Saved heatmap to /media/volume/Tareek-instance_vol-1/Tareek-work/Tareek/experiments/tc_pf_hermes_nw14_fr03_10iter/evaluation/heatmap_daily.png
2026-09-27 23:59:03 - matsim.evaluator - INFO - Generating highway congestion heatmaps for 24 hour(s)...
2026-09-27 23:59:11 - matsim.evaluator - INFO -   Highway links for peak heatmaps: 40,576 (of 636,217 total)
2026-09-27 23:59:40 - matsim.evaluator - INFO -   12 AM congestion — Severe (29), Congested (4,759), Moderate (10,233), Free flow (13,255), no traffic: 12,300
2026-09-27 23:59:44 - matsim.evaluator - INFO - Saved congestion heatmap to /media/volume/Tareek-instance_vol-1/Tareek-work/Tareek/experiments/tc_pf_hermes_nw14_fr03_10iter/evaluation/heatmap_h00_highways.png
2026-09-28 00:00:11 - matsim.evaluator - INFO -   1 AM congestion — Severe (21), Congested (1,925), Moderate (8,324), Free flow (13,912), no traffic: 16,394
2026-09-28 00:00:14 - matsim.evaluator - INFO - Saved congestion heatmap to /media/volume/Tareek-instance_vol-1/Tareek-work/Tareek/experiments/tc_pf_hermes_nw14_fr03_10iter/evaluation/heatmap_h01_highways.png
2026-09-28 00:00:43 - matsim.evaluator - INFO -   2 AM congestion — Severe (32), Congested (2,067), Moderate (9,482), Free flow (16,795), no traffic: 12,200
2026-09-28 00:00:46 - matsim.evaluator - INFO - Saved congestion heatmap to /media/volume/Tareek-instance_vol-1/Tareek-work/Tareek/experiments/tc_pf_hermes_nw14_fr03_10iter/evaluation/heatmap_h02_highways.png
2026-09-28 00:01:15 - matsim.evaluator - INFO -   3 AM congestion — Severe (37), Congested (3,256), Moderate (11,692), Free flow (14,279), no traffic: 11,312
2026-09-28 00:01:18 - matsim.evaluator - INFO - Saved congestion heatmap to /media/volume/Tareek-instance_vol-1/Tareek-work/Tareek/experiments/tc_pf_hermes_nw14_fr03_10iter/evaluation/heatmap_h03_highways.png
2026-09-28 00:01:49 - matsim.evaluator - INFO -   4 AM congestion — Severe (31), Congested (2,622), Moderate (12,453), Free flow (19,383), no traffic: 6,087
2026-09-28 00:01:52 - matsim.evaluator - INFO - Saved congestion heatmap to /media/volume/Tareek-instance_vol-1/Tareek-work/Tareek/experiments/tc_pf_hermes_nw14_fr03_10iter/evaluation/heatmap_h04_highways.png
2026-09-28 00:02:22 - matsim.evaluator - INFO -   5 AM congestion — Severe (138), Congested (8,770), Moderate (15,830), Free flow (11,949), no traffic: 3,889
2026-09-28 00:02:26 - matsim.evaluator - INFO - Saved congestion heatmap to /media/volume/Tareek-instance_vol-1/Tareek-work/Tareek/experiments/tc_pf_hermes_nw14_fr03_10iter/evaluation/heatmap_h05_highways.png
2026-09-28 00:02:56 - matsim.evaluator - INFO -   6 AM congestion — Severe (121), Congested (10,362), Moderate (15,572), Free flow (11,164), no traffic: 3,357
2026-09-28 00:02:59 - matsim.evaluator - INFO - Saved congestion heatmap to /media/volume/Tareek-instance_vol-1/Tareek-work/Tareek/experiments/tc_pf_hermes_nw14_fr03_10iter/evaluation/heatmap_h06_highways.png
2026-09-28 00:03:30 - matsim.evaluator - INFO -   7 AM congestion — Severe (543), Congested (14,461), Moderate (13,011), Free flow (10,315), no traffic: 2,246
2026-09-28 00:03:34 - matsim.evaluator - INFO - Saved congestion heatmap to /media/volume/Tareek-instance_vol-1/Tareek-work/Tareek/experiments/tc_pf_hermes_nw14_fr03_10iter/evaluation/heatmap_h07_highways.png
2026-09-28 00:04:05 - matsim.evaluator - INFO -   8 AM congestion — Severe (1,122), Congested (15,889), Moderate (11,686), Free flow (10,006), no traffic: 1,873
2026-09-28 00:04:08 - matsim.evaluator - INFO - Saved congestion heatmap to /media/volume/Tareek-instance_vol-1/Tareek-work/Tareek/experiments/tc_pf_hermes_nw14_fr03_10iter/evaluation/heatmap_8am_highways.png
2026-09-28 00:04:38 - matsim.evaluator - INFO -   9 AM congestion — Severe (700), Congested (14,255), Moderate (13,231), Free flow (10,406), no traffic: 1,984
2026-09-28 00:04:41 - matsim.evaluator - INFO - Saved congestion heatmap to /media/volume/Tareek-instance_vol-1/Tareek-work/Tareek/experiments/tc_pf_hermes_nw14_fr03_10iter/evaluation/heatmap_h09_highways.png
2026-09-28 00:05:13 - matsim.evaluator - INFO -   10 AM congestion — Severe (420), Congested (13,451), Moderate (14,341), Free flow (10,343), no traffic: 2,021
2026-09-28 00:05:16 - matsim.evaluator - INFO - Saved congestion heatmap to /media/volume/Tareek-instance_vol-1/Tareek-work/Tareek/experiments/tc_pf_hermes_nw14_fr03_10iter/evaluation/heatmap_h10_highways.png
2026-09-28 00:05:47 - matsim.evaluator - INFO -   11 AM congestion — Severe (347), Congested (12,643), Moderate (14,798), Free flow (10,374), no traffic: 2,414
2026-09-28 00:05:50 - matsim.evaluator - INFO - Saved congestion heatmap to /media/volume/Tareek-instance_vol-1/Tareek-work/Tareek/experiments/tc_pf_hermes_nw14_fr03_10iter/evaluation/heatmap_h11_highways.png
2026-09-28 00:06:21 - matsim.evaluator - INFO -   12 PM congestion — Severe (265), Congested (12,372), Moderate (15,073), Free flow (10,721), no traffic: 2,145
2026-09-28 00:06:24 - matsim.evaluator - INFO - Saved congestion heatmap to /media/volume/Tareek-instance_vol-1/Tareek-work/Tareek/experiments/tc_pf_hermes_nw14_fr03_10iter/evaluation/heatmap_h12_highways.png
2026-09-28 00:06:54 - matsim.evaluator - INFO -   1 PM congestion — Severe (245), Congested (12,270), Moderate (15,052), Free flow (10,799), no traffic: 2,210
2026-09-28 00:06:57 - matsim.evaluator - INFO - Saved congestion heatmap to /media/volume/Tareek-instance_vol-1/Tareek-work/Tareek/experiments/tc_pf_hermes_nw14_fr03_10iter/evaluation/heatmap_h13_highways.png
2026-09-28 00:07:29 - matsim.evaluator - INFO -   2 PM congestion — Severe (281), Congested (12,683), Moderate (14,846), Free flow (10,883), no traffic: 1,883
2026-09-28 00:07:32 - matsim.evaluator - INFO - Saved congestion heatmap to /media/volume/Tareek-instance_vol-1/Tareek-work/Tareek/experiments/tc_pf_hermes_nw14_fr03_10iter/evaluation/heatmap_h14_highways.png
2026-09-28 00:08:03 - matsim.evaluator - INFO -   3 PM congestion — Severe (351), Congested (13,305), Moderate (14,103), Free flow (10,780), no traffic: 2,037
2026-09-28 00:08:06 - matsim.evaluator - INFO - Saved congestion heatmap to /media/volume/Tareek-instance_vol-1/Tareek-work/Tareek/experiments/tc_pf_hermes_nw14_fr03_10iter/evaluation/heatmap_h15_highways.png
2026-09-28 00:08:37 - matsim.evaluator - INFO -   4 PM congestion — Severe (328), Congested (13,783), Moderate (13,940), Free flow (10,725), no traffic: 1,800
2026-09-28 00:08:40 - matsim.evaluator - INFO - Saved congestion heatmap to /media/volume/Tareek-instance_vol-1/Tareek-work/Tareek/experiments/tc_pf_hermes_nw14_fr03_10iter/evaluation/heatmap_h16_highways.png
2026-09-28 00:09:12 - matsim.evaluator - INFO -   5 PM congestion — Severe (295), Congested (13,195), Moderate (14,413), Free flow (10,565), no traffic: 2,108
2026-09-28 00:09:15 - matsim.evaluator - INFO - Saved congestion heatmap to /media/volume/Tareek-instance_vol-1/Tareek-work/Tareek/experiments/tc_pf_hermes_nw14_fr03_10iter/evaluation/heatmap_5pm_highways.png
2026-09-28 00:09:46 - matsim.evaluator - INFO -   6 PM congestion — Severe (269), Congested (12,526), Moderate (14,613), Free flow (10,591), no traffic: 2,577
2026-09-28 00:09:49 - matsim.evaluator - INFO - Saved congestion heatmap to /media/volume/Tareek-instance_vol-1/Tareek-work/Tareek/experiments/tc_pf_hermes_nw14_fr03_10iter/evaluation/heatmap_h18_highways.png
2026-09-28 00:10:21 - matsim.evaluator - INFO -   7 PM congestion — Severe (178), Congested (11,958), Moderate (14,881), Free flow (10,840), no traffic: 2,719
2026-09-28 00:10:24 - matsim.evaluator - INFO - Saved congestion heatmap to /media/volume/Tareek-instance_vol-1/Tareek-work/Tareek/experiments/tc_pf_hermes_nw14_fr03_10iter/evaluation/heatmap_h19_highways.png
2026-09-28 00:10:55 - matsim.evaluator - INFO -   8 PM congestion — Severe (96), Congested (10,868), Moderate (15,041), Free flow (11,304), no traffic: 3,267
2026-09-28 00:10:58 - matsim.evaluator - INFO - Saved congestion heatmap to /media/volume/Tareek-instance_vol-1/Tareek-work/Tareek/experiments/tc_pf_hermes_nw14_fr03_10iter/evaluation/heatmap_h20_highways.png
2026-09-28 00:11:29 - matsim.evaluator - INFO -   9 PM congestion — Severe (149), Congested (9,846), Moderate (15,503), Free flow (11,375), no traffic: 3,703
2026-09-28 00:11:32 - matsim.evaluator - INFO - Saved congestion heatmap to /media/volume/Tareek-instance_vol-1/Tareek-work/Tareek/experiments/tc_pf_hermes_nw14_fr03_10iter/evaluation/heatmap_h21_highways.png
2026-09-28 00:12:02 - matsim.evaluator - INFO -   10 PM congestion — Severe (128), Congested (8,664), Moderate (15,704), Free flow (11,802), no traffic: 4,278
2026-09-28 00:12:06 - matsim.evaluator - INFO - Saved congestion heatmap to /media/volume/Tareek-instance_vol-1/Tareek-work/Tareek/experiments/tc_pf_hermes_nw14_fr03_10iter/evaluation/heatmap_h22_highways.png
2026-09-28 00:12:36 - matsim.evaluator - INFO -   11 PM congestion — Severe (74), Congested (7,180), Moderate (15,021), Free flow (12,894), no traffic: 5,407
2026-09-28 00:12:39 - matsim.evaluator - INFO - Saved congestion heatmap to /media/volume/Tareek-instance_vol-1/Tareek-work/Tareek/experiments/tc_pf_hermes_nw14_fr03_10iter/evaluation/heatmap_h23_highways.png
2026-09-28 00:12:46 - matsim.evaluator - INFO - Saved 24 log-log scatter plot(s) to /media/volume/Tareek-instance_vol-1/Tareek-work/Tareek/experiments/tc_pf_hermes_nw14_fr03_10iter/evaluation
2026-09-28 00:12:46 - matsim.evaluator - INFO - Generating per-device reports...
2026-09-28 00:12:46 - matsim.evaluator - INFO - Generating per-device reports for 94 devices...
2026-09-28 00:13:50 - matsim.evaluator - INFO - Per-device reports saved to /media/volume/Tareek-instance_vol-1/Tareek-work/Tareek/experiments/tc_pf_hermes_nw14_fr03_10iter/evaluation/device_reports
2026-09-28 00:13:50 - __main__ - INFO - 
2026-09-28 00:13:50 - __main__ - INFO - ============================================================
2026-09-28 00:13:50 - __main__ - INFO - EVALUATION RESULTS
2026-09-28 00:13:50 - __main__ - INFO - ============================================================
2026-09-28 00:13:50 - __main__ - INFO - Devices validated: 47
2026-09-28 00:13:50 - __main__ - INFO - Total comparisons: 2,256
2026-09-28 00:13:50 - __main__ - INFO - Mean Absolute Error (MAE): 511.32 vehicles
2026-09-28 00:13:50 - __main__ - INFO - Root Mean Square Error (RMSE): 754.48 vehicles
2026-09-28 00:13:50 - __main__ - INFO - GEH < 5 (hourly counts, target >=85%): 23.1%
2026-09-28 00:13:50 - __main__ - INFO - GEH < 5 (station daily totals): 3.2%
2026-09-28 00:13:50 - __main__ - INFO - Correlation: 0.875
2026-09-28 00:13:50 - __main__ - INFO - Peak-hour correlation (6-9,15-18): 0.761
2026-09-28 00:13:50 - __main__ - INFO - 
2026-09-28 00:13:50 - __main__ - INFO - Results saved to: /media/volume/Tareek-instance_vol-1/Tareek-work/Tareek/experiments/tc_pf_hermes_nw14_fr03_10iter/evaluation
2026-09-28 00:13:50 - __main__ - INFO - ============================================================
2026-09-28 00:13:50 - __main__ - INFO - 
2026-09-28 00:15:45 - validate_demand - INFO - Survey sources in DB: {('nhts', '2022'): np.int64(30462)}
2026-09-28 00:15:45 - validate_demand - INFO - No local survey for this region — comparing against national NHTS only. A metro-specific household travel survey is the better reference; add one to config data.surveys with weight > 0.
2026-09-28 00:15:45 - validate_demand - INFO - Simulated trips: /media/volume/Tareek-instance_vol-1/Tareek-work/Tareek/experiments/tc_pf_hermes_nw14_fr03_10iter/output/ITERS/it.10/10.trips.csv.gz
2026-09-28 00:16:15 - __main__ - INFO -   Demand validation vs survey added to summary
2026-09-28 00:16:15 - __main__ - INFO - Experiment summary saved to: /media/volume/Tareek-instance_vol-1/Tareek-work/Tareek/experiments/tc_pf_hermes_nw14_fr03_10iter/experiment_summary.json
2026-09-28 00:16:18 - __main__ - INFO - Experiment report saved to: /media/volume/Tareek-instance_vol-1/Tareek-work/Tareek/experiments/tc_pf_hermes_nw14_fr03_10iter/report.html
2026-09-28 00:16:18 - __main__ - INFO -   For a PDF: python scripts/experiment_report.py --html-to-pdf <that file>  (needs a browser)
2026-09-28 00:16:18 - __main__ - INFO - Experiment tracked in: /media/volume/Tareek-instance_vol-1/Tareek-work/Tareek/experiments/experiment_comparison.csv
2026-09-28 00:16:18 - __main__ - INFO - Suggestion: Increase iterations from 10 to 15-20 for better convergence.
2026-09-28 00:16:18 - __main__ - INFO - ============================================================
2026-09-28 00:16:18 - __main__ - INFO - EXPERIMENT COMPLETE
2026-09-28 00:16:18 - __main__ - INFO - ============================================================
2026-09-28 00:16:18 - __main__ - INFO - Experiment ID: tc_pf_hermes_nw14_fr03_10iter
2026-09-28 00:16:18 - __main__ - INFO - Experiment directory: /media/volume/Tareek-instance_vol-1/Tareek-work/Tareek/experiments/tc_pf_hermes_nw14_fr03_10iter
2026-09-28 00:16:18 - __main__ - INFO - Status: completed
2026-09-28 00:16:18 - __main__ - INFO - 
2026-09-28 00:16:18 - __main__ - INFO - Results available at:
2026-09-28 00:16:18 - __main__ - INFO -   Network: network.xml
2026-09-28 00:16:18 - __main__ - INFO -   Plans: plans.xml
2026-09-28 00:16:18 - __main__ - INFO -   Output: output/
2026-09-28 00:16:18 - __main__ - INFO -   Evaluation: evaluation/
2026-09-28 00:16:18 - __main__ - INFO - ============================================================
