2026-06-23 05:32:26 - data_sources.base_survey_trip - INFO - Logging to: /home/exouser/Documents/Tareek/logs/plan_generation_20260623_053226.log
2026-06-23 05:32:27 - __main__ - INFO - ============================================================
2026-06-23 05:32:27 - __main__ - INFO - STEP 1: VALIDATING CONFIGURATION
2026-06-23 05:32:27 - __main__ - INFO - ============================================================
2026-06-23 05:32:27 - utils.config_validator - INFO - Loaded config from: config/USA/TwinCities/config_twin.json
2026-06-23 05:32:27 - utils.config_validator - INFO - Validating configuration...
2026-06-23 05:32:27 - utils.config_validator - INFO - Network config: Using 15 counties
2026-06-23 05:32:27 - utils.config_validator - INFO - MATSim config: mode=basic, run_simulation=True
2026-06-23 05:32:27 - utils.config_validator - INFO - Plan generation config: target_plans=all, scaling_factor=0.15
2026-06-23 05:32:27 - utils.config_validator - INFO - Data directory validated: /home/exouser/Documents/Tareek/data
2026-06-23 05:32:27 - utils.config_validator - INFO - Counts config: enabled=True, custom=False
2026-06-23 05:32:27 - utils.config_validator - INFO - Configuration validation passed
2026-06-23 05:32:27 - __main__ - INFO - Configuration file: config/USA/TwinCities/config_twin.json
2026-06-23 05:32:27 - __main__ - INFO - Experiment ID: experiment_20260623_053227
2026-06-23 05:32:27 - __main__ - INFO - 
2026-06-23 05:32:27 - __main__ - INFO - ============================================================
2026-06-23 05:32:27 - __main__ - INFO - DETECTING COORDINATE SYSTEM
2026-06-23 05:32:27 - __main__ - INFO - ============================================================
2026-06-23 05:32:27 - __main__ - INFO -   Counties: Mille Lacs, Wright, Scott, Chisago, Dakota, Anoka, Ramsey, Isanti, Washington, Sherburne, Le Sueur, Hennepin, Carver, Pierce, St. Croix
2026-06-23 05:32:27 - __main__ - INFO -   Average centroid: (45.0820, -93.2851)
2026-06-23 05:32:27 - __main__ - INFO -   Detected UTM EPSG: EPSG:26915
2026-06-23 05:32:27 - __main__ - INFO -   All downstream components will use EPSG:26915
2026-06-23 05:32:27 - __main__ - INFO - 
2026-06-23 05:32:27 - __main__ - INFO - ============================================================
2026-06-23 05:32:27 - __main__ - INFO - STEP 2: SETTING UP EXPERIMENT DIRECTORY
2026-06-23 05:32:27 - __main__ - INFO - ============================================================
2026-06-23 05:32:27 - utils.logger - INFO - Logging reconfigured from /home/exouser/Documents/Tareek/logs/plan_generation_20260623_053226.log to /home/exouser/Documents/Tareek/experiments/experiment_20260623_053227/experiment_20260623_053227.log
2026-06-23 05:32:27 - utils.logger - INFO - Removed temporary log file: /home/exouser/Documents/Tareek/logs/plan_generation_20260623_053226.log
2026-06-23 05:32:27 - __main__ - INFO - Created new experiment directory: /home/exouser/Documents/Tareek/experiments/experiment_20260623_053227
2026-06-23 05:32:27 - __main__ - INFO - All experiment logs will be saved to: /home/exouser/Documents/Tareek/experiments/experiment_20260623_053227/experiment_20260623_053227.log
2026-06-23 05:32:27 - __main__ - INFO - 
2026-06-23 05:32:27 - __main__ - INFO - ============================================================
2026-06-23 05:32:27 - __main__ - INFO - STEP 2b: GENERATING MATSIM config.xml
2026-06-23 05:32:27 - __main__ - INFO - ============================================================
2026-06-23 05:32:27 - matsim.config_manager - INFO - Generating MATSim config for mode: basic
2026-06-23 05:32:27 - matsim.config_manager - INFO - Using config template: /home/exouser/Documents/Tareek/matsim/configs/basic/config.xml
2026-06-23 05:32:27 - matsim.config_manager - INFO - Auto-set linkStats.writeLinkStatsInterval = 100 (matches lastIteration)
2026-06-23 05:32:27 - matsim.config_manager - INFO - Auto-set counts.countsScaleFactor = 10.0 (1/0.1 flowCapacityFactor)
2026-06-23 05:32:27 - matsim.config_manager - INFO - Auto-set counts.writeCountsInterval = 100 (matches lastIteration)
2026-06-23 05:32:27 - matsim.config_manager - INFO - Applied configurable param: global.numberOfThreads = 30
2026-06-23 05:32:27 - matsim.config_manager - INFO - Applied configurable param: qsim.numberOfThreads = 30
2026-06-23 05:32:27 - matsim.config_manager - INFO - Applied configurable param: qsim.flowCapacityFactor = 0.1
2026-06-23 05:32:27 - matsim.config_manager - INFO - Mirrored qsim.flowCapacityFactor -> hermes.flowCapacityFactor = 0.1
2026-06-23 05:32:27 - matsim.config_manager - INFO - Applied configurable param: qsim.storageCapacityFactor = 0.12
2026-06-23 05:32:27 - matsim.config_manager - INFO - Mirrored qsim.storageCapacityFactor -> hermes.storageCapacityFactor = 0.12
2026-06-23 05:32:27 - matsim.config_manager - INFO - Applied configurable param: linkStats.averageLinkStatsOverIterations = 2
2026-06-23 05:32:27 - matsim.config_manager - INFO - Applied scoring.modeParams.pt.constant = 1.5
2026-06-23 05:32:27 - matsim.config_manager - INFO - Applied scoring.waitingPt = -1.0
2026-06-23 05:32:27 - matsim.config_manager - INFO - Applied scoring.modeParams.walk.constant = -1.0
2026-06-23 05:32:27 - matsim.config_manager - INFO - Applied configurable param: transitRouter.searchRadius = 1200.0
2026-06-23 05:32:27 - matsim.config_manager - INFO - Applied configurable param: transitRouter.maxBeelineWalkConnectionDistance = 300.0
2026-06-23 05:32:27 - matsim.config_manager - INFO - Applied configurable param: transitRouter.extensionRadius = 200.0
2026-06-23 05:32:27 - matsim.config_manager - INFO - Applied configurable param: transitRouter.directWalkFactor = 1.5
2026-06-23 05:32:27 - matsim.config_manager - INFO - Mirrored qsim.flowCapacityFactor -> hermes.flowCapacityFactor = 0.1
2026-06-23 05:32:27 - matsim.config_manager - INFO - Mirrored qsim.storageCapacityFactor -> hermes.storageCapacityFactor = 0.12
2026-06-23 05:32:27 - matsim.config_manager - INFO - Applied scoring.modeParams.pt.constant = 1.5
2026-06-23 05:32:27 - matsim.config_manager - INFO - Applied scoring.waitingPt = -1.0
2026-06-23 05:32:27 - matsim.config_manager - INFO - Applied scoring.modeParams.walk.constant = -1.0
2026-06-23 05:32:27 - matsim.config_manager - INFO - Enabled transit module with transitModes=pt (from enabled modes: ['bus', 'rail']) (preserved existing params on: transitRouter)
2026-06-23 05:32:27 - matsim.config_manager - INFO - Config saved to: /home/exouser/Documents/Tareek/experiments/experiment_20260623_053227/config.xml
2026-06-23 05:32:27 - __main__ - INFO -   Generated: /home/exouser/Documents/Tareek/experiments/experiment_20260623_053227/config.xml
2026-06-23 05:32:27 - __main__ - INFO - 
2026-06-23 05:32:27 - __main__ - INFO - ============================================================
2026-06-23 05:32:27 - __main__ - INFO - STEP 3: SETTING UP NETWORK
2026-06-23 05:32:27 - __main__ - INFO - ============================================================
2026-06-23 05:32:27 - matsim.osm_downloader - INFO - OSM cache directory: /home/exouser/Documents/Tareek/data/osm_cache
2026-06-23 05:32:28 - utils.region_utils - INFO - Retrieved 15 county names for network generation
2026-06-23 05:32:28 - __main__ - INFO - Converted 15 FIPS codes to county names
2026-06-23 05:32:28 - __main__ - INFO - Transit network enabled - setting up GTFS feeds...
2026-06-23 05:32:28 - data_sources.gtfs_manager - INFO - ==================================================
2026-06-23 05:32:28 - data_sources.gtfs_manager - INFO - GTFS SETUP
2026-06-23 05:32:28 - data_sources.gtfs_manager - INFO - ==================================================
2026-06-23 05:32:28 - data_sources.gtfs_manager - INFO - GTFS modes configured: ['bus', 'rail']
2026-06-23 05:32:28 - data_sources.gtfs_manager - INFO - Region bbox: (-94.2615, 44.1961, -92.1349, 46.2472) (took 0.2s)
2026-06-23 05:32:28 - data_sources.gtfs_manager - INFO - Using cached catalog: data/gtfs/feeds_v2.csv
2026-06-23 05:32:28 - data_sources.gtfs_manager - INFO - Catalog has 6036 total entries
2026-06-23 05:32:28 - data_sources.gtfs_manager - INFO -   After data_type=gtfs filter: 4272
2026-06-23 05:32:28 - data_sources.gtfs_manager - INFO -   After country=US filter: 1673
2026-06-23 05:32:28 - data_sources.gtfs_manager - INFO -   After excluding deprecated/inactive: 928
2026-06-23 05:32:28 - data_sources.gtfs_manager - INFO -   Skipped 4 feeds with bboxes too broad for region
2026-06-23 05:32:28 - data_sources.gtfs_manager - INFO - Found 4 GTFS feeds for region (took 0.1s):
2026-06-23 05:32:28 - data_sources.gtfs_manager - INFO -   - Metro Transit (mdb-205): Minnesota Anoka
2026-06-23 05:32:28 - data_sources.gtfs_manager - INFO -   - Minnesota Valley Transit Authority (MVTA) (mdb-206): Minnesota Apple Valley
2026-06-23 05:32:28 - data_sources.gtfs_manager - INFO -   - Hiawathaland Transit (mdb-2859): Minnesota Faribault
2026-06-23 05:32:28 - data_sources.gtfs_manager - INFO -   - St. Cloud Metropolitan Transit Commission (ntd-50028): Minnesota Stearns County
2026-06-23 05:32:28 - data_sources.gtfs_manager - INFO - Checking integrity of 4 feeds in database...
2026-06-23 05:32:28 - data_sources.gtfs_manager - INFO - All feeds are complete
2026-06-23 05:32:28 - data_sources.gtfs_manager - INFO - Feed mdb-205 is up to date (cached)
2026-06-23 05:32:28 - data_sources.gtfs_manager - INFO - Feed mdb-205 already in database, skipping
2026-06-23 05:32:28 - data_sources.gtfs_manager - INFO - Feed mdb-206 is up to date (cached)
2026-06-23 05:32:28 - data_sources.gtfs_manager - INFO - Feed mdb-206 already in database, skipping
2026-06-23 05:32:28 - data_sources.gtfs_manager - INFO - Feed mdb-2859 is up to date (cached)
2026-06-23 05:32:28 - data_sources.gtfs_manager - INFO - Feed mdb-2859 already in database, skipping
2026-06-23 05:32:28 - data_sources.gtfs_manager - INFO - Feed ntd-50028 is up to date (cached)
2026-06-23 05:32:28 - data_sources.gtfs_manager - INFO - Feed ntd-50028 already in database, skipping
2026-06-23 05:32:28 - data_sources.gtfs_manager - INFO - GTFS setup complete in 0.4s: 0 newly loaded, 4 already in DB, 0 failed (total 4 feeds)
2026-06-23 05:32:28 - data_sources.gtfs_manager - INFO - ==================================================
2026-06-23 05:32:28 - __main__ - INFO - GTFS setup complete
2026-06-23 05:32:28 - matsim.network_manager - INFO - Found existing network: /home/exouser/Documents/Tareek/data/networks/c8696e6924712e09/network.xml
2026-06-23 05:32:28 - matsim.network_manager - INFO - Network ID: c8696e6924712e09
2026-06-23 05:32:28 - matsim.network_manager - INFO - Counties: 15 counties
2026-06-23 05:32:28 - matsim.network_manager - INFO - Copied cached network to: /home/exouser/Documents/Tareek/experiments/experiment_20260623_053227/network.xml
2026-06-23 05:32:28 - matsim.network_manager - INFO - Copied cached transitSchedule.xml to: /home/exouser/Documents/Tareek/experiments/experiment_20260623_053227/transitSchedule.xml
2026-06-23 05:32:28 - matsim.network_manager - INFO - Copied cached transitVehicles.xml to: /home/exouser/Documents/Tareek/experiments/experiment_20260623_053227/transitVehicles.xml
2026-06-23 05:32:28 - __main__ - INFO - Network ready: /home/exouser/Documents/Tareek/experiments/experiment_20260623_053227/network.xml
2026-06-23 05:32:28 - __main__ - INFO -   Nodes: 275034
2026-06-23 05:32:28 - __main__ - INFO -   Links: 634245
2026-06-23 05:32:28 - __main__ - INFO -   Coordinate system: EPSG:26915
2026-06-23 05:32:28 - __main__ - INFO -   Transit schedule: /home/exouser/Documents/Tareek/experiments/experiment_20260623_053227/transitSchedule.xml (exists=True)
2026-06-23 05:32:28 - __main__ - INFO -   Transit vehicles: /home/exouser/Documents/Tareek/experiments/experiment_20260623_053227/transitVehicles.xml (exists=True)
2026-06-23 05:32:28 - __main__ - INFO - 
2026-06-23 05:32:28 - __main__ - INFO - ============================================================
2026-06-23 05:32:28 - __main__ - INFO - STEP 3b: GENERATING COUNTS FILE
2026-06-23 05:32:28 - __main__ - INFO - ============================================================
2026-06-23 05:32:28 - data_sources.fha_counts_manager - INFO - Setting up FHA counts data...
2026-06-23 05:32:29 - data_sources.fha_counts_manager - INFO - FHA counts rebuild requested — clearing existing data and re-running ETL
2026-06-23 05:32:29 - utils.duckdb_manager - INFO - Successfully deleted records from fha_hourly_volumes
2026-06-23 05:32:29 - utils.duckdb_manager - INFO - Successfully deleted records from fha_stations
2026-06-23 05:32:29 - utils.duckdb_manager - INFO - Successfully deleted records from fha_hourly_volumes
2026-06-23 05:32:29 - utils.duckdb_manager - INFO - Successfully deleted records from fha_stations
2026-06-23 05:32:29 - data_sources.fha_counts_manager - INFO - FHA: cleared existing data for state(s) ['27', '55']
2026-06-23 05:32:29 - data_sources.fha_counts_manager - INFO - FHA: parsing stations for state MN, filtering to counties ['003', '019', '025', '037', '053', '059', '079', '095', '123', '139', '141', '163', '171']
2026-06-23 05:32:29 - data_sources.fha_counts_manager - INFO - FHA: dropped 2 station rows with non-cardinal travel_dir (diagonal codes 2/4/6/8)
2026-06-23 05:32:29 - data_sources.fha_counts_manager - INFO - FHA: parsing volumes for state MN, 53 station IDs
2026-06-23 05:32:29 - data_sources.fha_counts_manager - INFO - FHA: parsing stations for state WI, filtering to counties ['093', '109']
2026-06-23 05:32:29 - data_sources.fha_counts_manager - INFO - FHA: parsing volumes for state WI, 7 station IDs
2026-06-23 05:32:30 - data_sources.fha_counts_manager - INFO - FHA: 20 station-directions in STA have no volume data — skipped
2026-06-23 05:32:30 - utils.duckdb_manager - INFO - Successfully inserted 100 records into fha_stations
2026-06-23 05:32:30 - utils.duckdb_manager - INFO - Successfully inserted 100 records into fha_hourly_volumes
2026-06-23 05:32:30 - data_sources.fha_counts_manager - INFO - FHA: loaded 100 station-directions, 100 volume records for 2 state(s)
2026-06-23 05:32:30 - matsim.counts_generator - INFO - Generating counts.xml for MATSim validation...
2026-06-23 05:32:30 - matsim.counts_generator - INFO - Loading network from /home/exouser/Documents/Tareek/experiments/experiment_20260623_053227/network.xml
2026-06-23 05:34:44 - matsim.counts_generator - INFO - Loaded 634,245 links
2026-06-23 05:34:44 - matsim.counts_generator - INFO - FHA: 96 stations within network area (of 100 total)
2026-06-23 05:35:08 - matsim.counts_generator - INFO - FHA directional matching: 96 assigned, 0 dropped (no distinct carriageway)
2026-06-23 05:35:08 - matsim.counts_generator - INFO - FHA: matched 96 station-directions to network links
2026-06-23 05:35:08 - matsim.counts_generator - INFO - Counts sources: FHA only (96 stations)
2026-06-23 05:35:08 - utils.region_utils - INFO - Loaded 15 county boundary polygons
2026-06-23 05:35:48 - matsim.counts_generator - INFO - County boundary filter: removed 2 devices matched to buffer-zone links (outside county polygons)
2026-06-23 05:35:48 - matsim.counts_generator - INFO - County boundary filter: 94 devices retained
2026-06-23 05:35:48 - matsim.counts_generator - INFO - Generated counts.xml with 94 count locations
2026-06-23 05:35:48 - matsim.counts_generator - INFO -   - FHA per-direction counts: 94
2026-06-23 05:35:48 - matsim.counts_generator - INFO -   - Custom bidirectional sensors (50/50 split): 0
2026-06-23 05:35:48 - matsim.counts_generator - INFO -   - Saved to: /home/exouser/Documents/Tareek/experiments/experiment_20260623_053227/counts.xml
2026-06-23 05:35:48 - matsim.counts_generator - INFO -   - Saved matched devices to: /home/exouser/Documents/Tareek/experiments/experiment_20260623_053227/matched_devices.csv
2026-06-23 05:35:48 - __main__ - INFO - 
2026-06-23 05:35:49 - __main__ - INFO - ============================================================
2026-06-23 05:35:49 - __main__ - INFO - STEP 4: GENERATING ACTIVITY PLANS (WORK + NON-WORK)
2026-06-23 05:35:49 - __main__ - INFO - ============================================================
2026-06-23 05:35:49 - models.home_locs_v2 - INFO - Home locations already exist for all 15 configured counties
2026-06-23 05:35:49 - models.work_locs_v2 - INFO - Work locations already exist for all 15 configured counties
2026-06-23 05:35:49 - models.poi_manager - INFO - [OK] All 15 counties already have POIs in database
2026-06-23 05:35:49 - __main__ - INFO - Target total plans: all
2026-06-23 05:35:49 - __main__ - INFO - Scaling factor: 0.15
2026-06-23 05:35:49 - __main__ - INFO - 
2026-06-23 05:35:49 - __main__ - INFO - ------------------------------------------------------------
2026-06-23 05:35:49 - __main__ - INFO - GENERATING WORK PLANS
2026-06-23 05:35:49 - __main__ - INFO - ------------------------------------------------------------
2026-06-23 05:35:49 - models.plan_generator - INFO - ======================================================================
2026-06-23 05:35:49 - models.plan_generator - INFO - INITIALIZING PLAN GENERATOR
2026-06-23 05:35:49 - models.plan_generator - INFO - ======================================================================
2026-06-23 05:35:49 - models.plan_generator - INFO - Loading location data...
2026-06-23 05:35:49 - models.plan_generator - INFO -   Using data directory: /home/exouser/Documents/Tareek/data
2026-06-23 05:35:49 - models.plan_generator - INFO -   Filtering by 15 counties from config
2026-06-23 05:35:49 - models.home_locs_v2 - INFO - Loading home locations for 15 counties from config...
2026-06-23 05:35:50 - models.home_locs_v2 - INFO - Loaded 48,457 home location blocks for 15 counties
2026-06-23 05:35:50 - models.work_locs_v2 - INFO - Loading work locations for 15 counties from config...
2026-06-23 05:35:50 - models.work_locs_v2 - INFO - Loaded 23,742 work location blocks for 15 counties
2026-06-23 05:35:50 - models.plan_generator - INFO -   Loaded 48457 home blocks
2026-06-23 05:35:50 - models.plan_generator - INFO -   Loaded 23742 work blocks
2026-06-23 05:35:50 - models.plan_generator - INFO - Loading survey data...
2026-06-23 05:35:50 - data_sources.survey_manager - INFO - Survey data already exists for all 1 active source(s)
2026-06-23 05:35:50 - data_sources.survey_manager - INFO - Skipping survey source 'tbi' (weight=0)
2026-06-23 05:35:50 - data_sources.survey_manager - INFO - Initialized survey source: nhts (year=2022)
2026-06-23 05:35:50 - data_sources.base_survey_trip - INFO - Loading survey data from DuckDB...
2026-06-23 05:35:51 - data_sources.base_survey_trip - INFO - Loaded 30462 records from DuckDB
2026-06-23 05:35:51 - data_sources.survey_manager - INFO - Loaded 30462 records for 'nhts'
2026-06-23 05:35:51 - data_sources.base_survey_trip - INFO - Processing persons and trips...
2026-06-23 05:36:02 - data_sources.base_survey_trip - INFO - Processed 10362 persons across 10362 person-days
2026-06-23 05:36:02 - data_sources.survey_manager - INFO - Processed 10362 persons for 'nhts'
2026-06-23 05:36:02 - models.plan_generator - INFO -   Loaded 30462 survey trips
2026-06-23 05:36:02 - models.plan_generator - INFO -   Processed 10362 persons
2026-06-23 05:36:02 - models.plan_generator - INFO -   Detected survey geo level: block_group
2026-06-23 05:36:02 - models.plan_generator - INFO - Initializing statistical models...
2026-06-23 05:36:02 - models.plan_generator - INFO -   Single survey source — using direct models
2026-06-23 05:36:02 - models.chains - INFO - Starting trip chain processing...
2026-06-23 05:36:06 - models.chains - INFO - Successfully processed 10362 trip chains
2026-06-23 05:36:06 - models.chains - INFO - Filtered chains by type 'contains_work': 484/1467 chains match
2026-06-23 05:36:06 - models.plan_generator - INFO -   Chain model fitted with 484 patterns (length dist from 1467 unfiltered)
2026-06-23 05:36:06 - models.time - INFO - Fitted models for 49 activity pairs
2026-06-23 05:36:06 - models.time - INFO - Mean trip durations: global=20.3min, per-pair=49 pairs
2026-06-23 05:36:11 - models.time - WARNING - FILTER: Rejected 2405 activity durations from survey (outside per-activity [min_minutes, max_minutes] bounds from config). Kept 15238 valid durations.
2026-06-23 05:36:11 - models.time - INFO - Extracted 15238 activity durations from survey
2026-06-23 05:36:11 - models.time - INFO -   Activity 'Dining': fitted survey KDE from 2024 samples (mean=50.1 min, std=41.7 min)
2026-06-23 05:36:11 - models.time - INFO -   Activity 'Other': fitted survey KDE from 852 samples (mean=77.2 min, std=62.8 min)
2026-06-23 05:36:11 - models.time - INFO -   Activity 'School': fitted survey KDE from 1703 samples (mean=278.4 min, std=173.7 min)
2026-06-23 05:36:11 - models.time - INFO -   Activity 'Shopping': fitted survey KDE from 5412 samples (mean=41.4 min, std=43.4 min)
2026-06-23 05:36:11 - models.time - INFO -   Activity 'Social': fitted survey KDE from 2487 samples (mean=117.1 min, std=71.3 min)
2026-06-23 05:36:11 - models.time - INFO -   Activity 'Work': fitted survey KDE from 2760 samples (mean=355.0 min, std=189.3 min)
2026-06-23 05:36:11 - models.time - INFO - Fitted 6 survey KDE models for activity types
2026-06-23 05:36:11 - models.time - INFO - Fitted 3 target KDE models for activity types
2026-06-23 05:36:11 - models.time - INFO -   Activity 'Dining' bin 'afternoon': fitted binned KDE from 645 samples (mean=50.8 min, std=44.0 min)
2026-06-23 05:36:11 - models.time - INFO -   Activity 'Dining' bin 'evening': fitted binned KDE from 479 samples (mean=55.8 min, std=44.0 min)
2026-06-23 05:36:11 - models.time - INFO -   Activity 'Dining' bin 'midday': fitted binned KDE from 694 samples (mean=49.6 min, std=38.8 min)
2026-06-23 05:36:11 - models.time - INFO -   Activity 'Dining' bin 'morning': fitted binned KDE from 206 samples (mean=36.7 min, std=33.5 min)
2026-06-23 05:36:11 - models.time - INFO -   Activity 'Other' bin 'afternoon': fitted binned KDE from 198 samples (mean=65.9 min, std=58.1 min)
2026-06-23 05:36:11 - models.time - INFO -   Activity 'Other' bin 'evening': fitted binned KDE from 37 samples (mean=72.6 min, std=66.2 min)
2026-06-23 05:36:11 - models.time - INFO -   Activity 'Other' bin 'midday': fitted binned KDE from 377 samples (mean=79.7 min, std=63.6 min)
2026-06-23 05:36:11 - models.time - INFO -   Activity 'Other' bin 'morning': fitted binned KDE from 240 samples (mean=83.2 min, std=63.7 min)
2026-06-23 05:36:11 - models.time - INFO -   Activity 'School' bin 'afternoon': fitted binned KDE from 151 samples (mean=113.9 min, std=88.9 min)
2026-06-23 05:36:11 - models.time - INFO -   Activity 'School' bin 'evening': fitted binned KDE from 98 samples (mean=100.9 min, std=47.0 min)
2026-06-23 05:36:11 - models.time - INFO -   Activity 'School' bin 'midday': fitted binned KDE from 300 samples (mean=120.0 min, std=91.0 min)
2026-06-23 05:36:11 - models.time - INFO -   Activity 'School' bin 'morning': fitted binned KDE from 1154 samples (mean=356.1 min, std=149.6 min)
2026-06-23 05:36:11 - models.time - INFO -   Activity 'Shopping' bin 'afternoon': fitted binned KDE from 1983 samples (mean=36.3 min, std=35.3 min)
2026-06-23 05:36:11 - models.time - INFO -   Activity 'Shopping' bin 'evening': fitted binned KDE from 534 samples (mean=30.9 min, std=32.6 min)
2026-06-23 05:36:11 - models.time - INFO -   Activity 'Shopping' bin 'midday': fitted binned KDE from 2203 samples (mean=48.4 min, std=48.8 min)
2026-06-23 05:36:11 - models.time - INFO -   Activity 'Shopping' bin 'morning': fitted binned KDE from 692 samples (mean=42.1 min, std=49.1 min)
2026-06-23 05:36:11 - models.time - INFO -   Activity 'Social' bin 'afternoon': fitted binned KDE from 899 samples (mean=114.1 min, std=72.2 min)
2026-06-23 05:36:11 - models.time - INFO -   Activity 'Social' bin 'evening': fitted binned KDE from 420 samples (mean=116.4 min, std=65.0 min)
2026-06-23 05:36:11 - models.time - INFO -   Activity 'Social' bin 'midday': fitted binned KDE from 769 samples (mean=124.2 min, std=73.9 min)
2026-06-23 05:36:11 - models.time - INFO -   Activity 'Social' bin 'morning': fitted binned KDE from 399 samples (mean=110.8 min, std=69.2 min)
2026-06-23 05:36:11 - models.time - INFO -   Activity 'Work' bin 'afternoon': fitted binned KDE from 295 samples (mean=196.7 min, std=164.6 min)
2026-06-23 05:36:11 - models.time - INFO -   Activity 'Work' bin 'evening': fitted binned KDE from 52 samples (mean=99.4 min, std=72.8 min)
2026-06-23 05:36:11 - models.time - INFO -   Activity 'Work' bin 'midday': fitted binned KDE from 590 samples (mean=225.7 min, std=162.1 min)
2026-06-23 05:36:11 - models.time - INFO -   Activity 'Work' bin 'morning': fitted binned KDE from 1823 samples (mean=429.7 min, std=155.9 min)
2026-06-23 05:36:11 - models.time - INFO - Fitted 24 arrival-time-binned KDE models
2026-06-23 05:36:11 - models.plan_generator - INFO - Initializing POI manager...
2026-06-23 05:36:11 - models.poi_manager - INFO - POIManager initialized (Overpass servers: 3 configured)
2026-06-23 05:36:11 - models.poi_manager - INFO -   1. [primary] https://overpass-api.de/api/interpreter
2026-06-23 05:36:11 - models.poi_manager - INFO -   2. [fallback] https://overpass.kumi.systems/api/interpreter
2026-06-23 05:36:11 - models.poi_manager - INFO -   3. [fallback] https://overpass.private.coffee/api/interpreter
2026-06-23 05:36:12 - models.plan_generator - INFO -   POI manager initialized: 45653 POIs loaded
2026-06-23 05:36:12 - models.plan_generator - INFO - Generating OD matrix...
2026-06-23 05:36:13 - models.plan_generator - INFO -   Aggregated to 2861 home block groups
2026-06-23 05:36:13 - models.plan_generator - INFO -   Aggregated to 2892 work block groups
2026-06-23 05:36:13 - models.od_matrix_v3 - INFO - ======================================================================
2026-06-23 05:36:13 - models.od_matrix_v3 - INFO - GRAVITY MODEL WITH IPF
2026-06-23 05:36:13 - models.od_matrix_v3 - INFO - ======================================================================
2026-06-23 05:36:13 - models.od_matrix_v3 - INFO - Number of home blocks: 2861
2026-06-23 05:36:13 - models.od_matrix_v3 - INFO - Number of work blocks: 2892
2026-06-23 05:36:13 - models.od_matrix_v3 - INFO - Total workers (origin): 1900761
2026-06-23 05:36:13 - models.od_matrix_v3 - INFO - Total jobs (destination): 1958695
2026-06-23 05:36:13 - models.od_matrix_v3 - WARNING - Totals differ. Normalizing destination to match origin.
2026-06-23 05:36:13 - models.od_matrix_v3 - INFO - Extracting coordinates...
2026-06-23 05:36:13 - models.od_matrix_v3 - INFO - Calculating distances...
2026-06-23 05:36:13 - models.od_matrix_v3 - INFO - Calculating friction factors...
2026-06-23 05:36:13 - models.od_matrix_v3 - INFO - Running IPF iterations (max 200)...
2026-06-23 05:36:13 - models.od_matrix_v3 - INFO -   Iteration 10: Max relative difference = 2.64e-02
2026-06-23 05:36:13 - models.od_matrix_v3 - INFO - Converged after 10 iterations
2026-06-23 05:36:13 - models.od_matrix_v3 - INFO - ======================================================================
2026-06-23 05:36:13 - models.od_matrix_v3 - INFO - VERIFICATION
2026-06-23 05:36:13 - models.od_matrix_v3 - INFO - ======================================================================
2026-06-23 05:36:13 - models.od_matrix_v3 - INFO - Origin total: 1900761 | Matrix row sum: 1900761
2026-06-23 05:36:13 - models.od_matrix_v3 - INFO - Destination total: 1900761 | Matrix col sum: 1900761
2026-06-23 05:36:13 - models.od_matrix_v3 - INFO - Max row constraint error: 3.73e+01
2026-06-23 05:36:13 - models.od_matrix_v3 - INFO - Max col constraint error: 6.00e-11
2026-06-23 05:36:13 - models.od_matrix_v3 - INFO - ======================================================================
2026-06-23 05:36:13 - models.od_matrix_v3 - INFO - SUMMARY
2026-06-23 05:36:13 - models.od_matrix_v3 - INFO - ======================================================================
2026-06-23 05:36:13 - models.od_matrix_v3 - INFO - Total workers: 1,900,761
2026-06-23 05:36:13 - models.od_matrix_v3 - INFO - Total jobs: 1,958,695
2026-06-23 05:36:13 - models.od_matrix_v3 - INFO - Total trips: 1,900,760
2026-06-23 05:36:13 - models.od_matrix_v3 - INFO - Home blocks: 2861
2026-06-23 05:36:13 - models.od_matrix_v3 - INFO - Work blocks: 2892
2026-06-23 05:36:13 - models.od_matrix_v3 - INFO - OD Matrix shape: (2861, 2892)
2026-06-23 05:36:13 - models.od_matrix_v3 - INFO - Sample OD Matrix (first 5 rows/cols):
2026-06-23 05:36:13 - models.od_matrix_v3 - INFO - 
              270030501071  270030501072  270030501081  270030501082  270030501083
270030501071    219.499811      0.584352      2.601474      0.294423      9.372378
270030501072     53.728593      1.441510      1.683392      0.242327      4.913841
270030501081     14.435135      0.293645    145.027521      1.159980     18.120919
270030501082      2.171328      0.061066      1.131792     95.869309      1.238870
270030501083     12.052891      0.195522      6.771670      0.309651    257.468721
2026-06-23 05:36:13 - models.od_matrix_v3 - INFO - ======================================================================
2026-06-23 05:36:13 - models.od_matrix_v3 - INFO - COMBINING OD MATRICES
2026-06-23 05:36:13 - models.od_matrix_v3 - INFO - ======================================================================
2026-06-23 05:36:13 - models.od_matrix_v3 - INFO - Survey matrix shape: (1, 1)
2026-06-23 05:36:13 - models.od_matrix_v3 - INFO - Local matrix shape: (2861, 2892)
2026-06-23 05:36:13 - models.od_matrix_v3 - INFO - Alpha (survey weight): 0.10
2026-06-23 05:36:13 - models.od_matrix_v3 - INFO - Local weight: 0.90
2026-06-23 05:36:13 - models.od_matrix_v3 - INFO - Aligning survey to local matrix structure...
2026-06-23 05:36:13 - models.od_matrix_v3 - INFO - Combining matrices (alpha blend where survey exists, local only where survey is empty)...
2026-06-23 05:36:13 - models.od_matrix_v3 - INFO - No scaling target specified. Using local matrix total: 1,900,760
2026-06-23 05:36:13 - models.od_matrix_v3 - INFO - Matrix total before scaling: 1,900,761
2026-06-23 05:36:13 - models.od_matrix_v3 - INFO - Scale factor: 0.999999
2026-06-23 05:36:14 - models.od_matrix_v3 - INFO - Applying robust rounding to guarantee target total...
2026-06-23 05:36:14 - models.od_matrix_v3 - INFO - Total after flooring: 1,193,262
2026-06-23 05:36:14 - models.od_matrix_v3 - INFO - Remainder to distribute: 707,498
2026-06-23 05:36:14 - models.od_matrix_v3 - INFO - ======================================================================
2026-06-23 05:36:14 - models.od_matrix_v3 - INFO - VERIFICATION
2026-06-23 05:36:14 - models.od_matrix_v3 - INFO - ======================================================================
2026-06-23 05:36:14 - models.od_matrix_v3 - INFO - Survey total trips: 23,807,859,396
2026-06-23 05:36:14 - models.od_matrix_v3 - INFO - Local total trips: 1,900,761
2026-06-23 05:36:14 - models.od_matrix_v3 - INFO - Combined total trips (before scaling): 1,900,761
2026-06-23 05:36:14 - models.od_matrix_v3 - INFO - Combined total trips (after scaling & rounding): 1,900,760
2026-06-23 05:36:14 - models.od_matrix_v3 - INFO - Target total: 1,900,760
2026-06-23 05:36:14 - models.od_matrix_v3 - INFO - Difference: 0
2026-06-23 05:36:14 - models.od_matrix_v3 - INFO - Combined matrix shape: (2861, 2892)
2026-06-23 05:36:14 - models.plan_generator - INFO -   Combined OD matrix shape: (2861, 2892)
2026-06-23 05:36:14 - models.plan_generator - INFO -   Total trips in matrix: 1,900,760
2026-06-23 05:36:16 - models.plan_generator - INFO -   Saved combined OD matrix to: /home/exouser/Documents/Tareek/experiments/experiment_20260623_053227/combined_od_matrix.csv
2026-06-23 05:36:16 - models.plan_generator - INFO - Initializing GTFS transit availability...
2026-06-23 05:36:16 - models.plan_generator - INFO -   GTFS feeds already in DB, skipping redundant setup
2026-06-23 05:36:16 - models.gtfs_availability - INFO - Building GTFS spatial indices...
2026-06-23 05:36:17 - models.gtfs_availability - INFO -   Built index for bus: 9818 stops (route_types=[3, 11], took 1.06s)
2026-06-23 05:36:17 - models.gtfs_availability - INFO -   Built index for rail: 75 stops (route_types=[0, 1, 2, 12], took 0.05s)
2026-06-23 05:36:17 - models.gtfs_availability - INFO - GTFS spatial indices built: 2 modes, 9893 total stops (took 1.1s)
2026-06-23 05:36:17 - models.plan_generator - INFO -   GTFS availability ready: 2 modes, 9893 stops indexed
2026-06-23 05:36:17 - models.plan_generator - INFO - Initializing mode choice model...
2026-06-23 05:36:17 - models.mode_choice - INFO - Computing mode shares from survey data...
2026-06-23 05:36:17 - models.mode_choice - INFO - Computed mode rates for 8 purposes
2026-06-23 05:36:17 - models.mode_choice - INFO -   Overall mode distribution: car=88.2%, walk=6.8%, school_bus=2.1%, bike=1.0%, bus=0.6%, rail=0.5%, rideshare=0.4%, other=0.4%
2026-06-23 05:36:17 - models.mode_choice - INFO - ModeChoiceModel initialized with 4 modes: ['car', 'bus', 'rail', 'walk']
2026-06-23 05:36:17 - models.plan_generator - INFO - Plan generator initialized successfully!
2026-06-23 05:36:17 - models.plan_generator - INFO - ======================================================================
2026-06-23 05:36:17 - models.plan_generator - INFO - Using provided experiment directory: /home/exouser/Documents/Tareek/experiments/experiment_20260623_053227
2026-06-23 05:36:17 - models.plan_generator - INFO - All logs will be saved to: /home/exouser/Documents/Tareek/experiments/experiment_20260623_053227/experiment_20260623_053227.log
2026-06-23 05:36:17 - models.plan_generator - INFO - ======================================================================
2026-06-23 05:36:17 - models.plan_generator - INFO - GENERATING PLANS
2026-06-23 05:36:17 - models.plan_generator - INFO - Target plans: all
2026-06-23 05:36:17 - models.plan_generator - INFO - Scaling factor: 0.15
2026-06-23 05:36:17 - models.plan_generator - INFO - Experiment directory: /home/exouser/Documents/Tareek/experiments/experiment_20260623_053227
2026-06-23 05:36:17 - models.plan_generator - INFO - ======================================================================
2026-06-23 05:36:17 - models.plan_generator - INFO - Initial OD pairs: 201583
2026-06-23 05:36:17 - models.plan_generator - INFO - Original total trips: 1,900,760
2026-06-23 05:36:17 - models.plan_generator - INFO - Expected scaled trips: 285,114
2026-06-23 05:36:17 - models.plan_generator - INFO - Actual scaled trips: 284,661
2026-06-23 05:36:17 - models.plan_generator - INFO - Scaling accuracy: 99.8%
2026-06-23 05:36:17 - models.plan_generator - INFO - Using ALL scaled OD pairs (representative sample)
2026-06-23 05:36:17 - models.plan_generator - INFO - Total plans to generate: 284,661
2026-06-23 05:36:17 - models.plan_generator - INFO - Using 30 processes
2026-06-23 05:36:17 - models.plan_generator - INFO - Pre-loading data for multiprocessing...
2026-06-23 05:36:18 - models.poi_manager - INFO - Loaded 45,653 POIs across 6 activity types (county-filtered)
2026-06-23 05:36:18 - models.plan_generator - INFO - Loading POIs from database: found 45653 POIs (county-filtered)
2026-06-23 05:36:18 - models.plan_generator - INFO - Grouped POIs into 6 activity categories:
2026-06-23 05:36:18 - models.plan_generator - INFO -   - Shopping: 2173 POIs
2026-06-23 05:36:18 - models.plan_generator - INFO -   - Other: 23588 POIs
2026-06-23 05:36:18 - models.plan_generator - INFO -   - Social: 12803 POIs
2026-06-23 05:36:18 - models.plan_generator - INFO -   - Dining: 4905 POIs
2026-06-23 05:36:18 - models.plan_generator - INFO -   - School: 1799 POIs
2026-06-23 05:36:18 - models.plan_generator - INFO -   - Escort: 385 POIs
2026-06-23 05:36:18 - models.plan_generator - INFO -   Loaded 45653 POIs across 6 activities
2026-06-23 05:36:18 - models.plan_generator - INFO -   Pre-processed 484 chain patterns
2026-06-23 05:36:18 - models.plan_generator - INFO -   Serialized GTFS stop data for workers: bus=9818 stops, rail=75 stops
2026-06-23 05:36:18 - models.plan_generator - INFO - Split 201583 OD pairs into 31 chunks
2026-06-23 05:36:18 - models.plan_generator - INFO - Workers will log to: /home/exouser/Documents/Tareek/experiments/experiment_20260623_053227/experiment_20260623_053227.log
2026-06-23 05:36:22 - [ForkPoolWorker-1] models.plan_generator - INFO - Worker ForkPoolWorker-1 started - processing 6719 OD pairs
2026-06-23 05:36:22 - [ForkPoolWorker-1] models.time - INFO - Fitted models for 49 activity pairs
2026-06-23 05:36:22 - [ForkPoolWorker-1] models.time - INFO - Mean trip durations: global=20.3min, per-pair=49 pairs
2026-06-23 05:36:23 - [ForkPoolWorker-2] models.plan_generator - INFO - Worker ForkPoolWorker-2 started - processing 6719 OD pairs
2026-06-23 05:36:23 - [ForkPoolWorker-2] models.time - INFO - Fitted models for 49 activity pairs
2026-06-23 05:36:23 - [ForkPoolWorker-2] models.time - INFO - Mean trip durations: global=20.3min, per-pair=49 pairs
2026-06-23 05:36:25 - [ForkPoolWorker-3] models.plan_generator - INFO - Worker ForkPoolWorker-3 started - processing 6719 OD pairs
2026-06-23 05:36:25 - [ForkPoolWorker-3] models.time - INFO - Fitted models for 49 activity pairs
2026-06-23 05:36:25 - [ForkPoolWorker-3] models.time - INFO - Mean trip durations: global=20.3min, per-pair=49 pairs
2026-06-23 05:36:26 - [ForkPoolWorker-4] models.plan_generator - INFO - Worker ForkPoolWorker-4 started - processing 6719 OD pairs
2026-06-23 05:36:27 - [ForkPoolWorker-4] models.time - INFO - Fitted models for 49 activity pairs
2026-06-23 05:36:27 - [ForkPoolWorker-4] models.time - INFO - Mean trip durations: global=20.3min, per-pair=49 pairs
2026-06-23 05:36:27 - [ForkPoolWorker-5] models.plan_generator - INFO - Worker ForkPoolWorker-5 started - processing 6719 OD pairs
2026-06-23 05:36:27 - [ForkPoolWorker-5] models.time - INFO - Fitted models for 49 activity pairs
2026-06-23 05:36:27 - [ForkPoolWorker-5] models.time - INFO - Mean trip durations: global=20.3min, per-pair=49 pairs
2026-06-23 05:36:28 - [ForkPoolWorker-6] models.plan_generator - INFO - Worker ForkPoolWorker-6 started - processing 6719 OD pairs
2026-06-23 05:36:28 - [ForkPoolWorker-6] models.time - INFO - Fitted models for 49 activity pairs
2026-06-23 05:36:28 - [ForkPoolWorker-6] models.time - INFO - Mean trip durations: global=20.3min, per-pair=49 pairs
2026-06-23 05:36:29 - [ForkPoolWorker-1] models.mode_availability - DEBUG - Registered availability checker for car: UniversalAvailability
2026-06-23 05:36:29 - [ForkPoolWorker-1] models.mode_availability - DEBUG - Registered availability checker for bus: GTFSTransitAvailability
2026-06-23 05:36:29 - [ForkPoolWorker-1] models.mode_availability - DEBUG - Registered availability checker for rail: GTFSTransitAvailability
2026-06-23 05:36:29 - [ForkPoolWorker-1] models.mode_availability - DEBUG - Registered availability checker for walk: DistanceBasedAvailability
2026-06-23 05:36:29 - [ForkPoolWorker-1] models.mode_choice - INFO - Computing mode shares from survey data...
2026-06-23 05:36:29 - [ForkPoolWorker-1] models.mode_choice - DEBUG -   Survey weights (normalized): {'default': 1.0}
2026-06-23 05:36:29 - [ForkPoolWorker-1] models.mode_choice - DEBUG -   Computing rates for purposes: ['Social', 'Shopping', 'Work', 'Dining', 'Other', 'School', 'Home', 'all']
2026-06-23 05:36:29 - [ForkPoolWorker-1] models.mode_choice - DEBUG -   Mode rates for 'Social': car=76.4%, walk=18.4%, bike=2.7%, other=0.6%, rideshare=0.6%, rail=0.5%, bus=0.4%, school_bus=0.4%
2026-06-23 05:36:29 - [ForkPoolWorker-1] models.mode_choice - DEBUG -   Mode rates for 'Shopping': car=92.3%, walk=5.5%, school_bus=0.8%, bike=0.5%, bus=0.3%, other=0.2%, rail=0.2%, rideshare=0.2%
2026-06-23 05:36:29 - [ForkPoolWorker-1] models.mode_choice - DEBUG -   Mode rates for 'Work': car=92.8%, walk=2.6%, rail=1.1%, bus=1.1%, bike=0.8%, school_bus=0.7%, rideshare=0.5%, other=0.4%
2026-06-23 05:36:29 - [ForkPoolWorker-1] models.mode_choice - DEBUG -   Mode rates for 'Dining': car=90.9%, walk=7.4%, bike=0.5%, other=0.5%, rail=0.3%, bus=0.3%, rideshare=0.1%
2026-06-23 05:36:29 - [ForkPoolWorker-1] models.mode_choice - DEBUG -   Mode rates for 'Other': car=87.7%, walk=4.6%, bus=2.7%, rideshare=1.6%, rail=1.4%, school_bus=0.8%, bike=0.6%, other=0.6%
2026-06-23 05:36:29 - [ForkPoolWorker-1] models.mode_choice - DEBUG -   Mode rates for 'School': car=74.5%, school_bus=15.7%, walk=6.5%, bike=1.6%, bus=1.0%, other=0.4%, rail=0.3%, rideshare=0.1%
2026-06-23 05:36:29 - [ForkPoolWorker-1] models.mode_choice - DEBUG -   Mode rates for 'Home': car=89.5%, walk=5.5%, school_bus=2.2%, bike=0.9%, bus=0.6%, rail=0.5%, rideshare=0.4%, other=0.4%
2026-06-23 05:36:29 - [ForkPoolWorker-1] models.mode_choice - DEBUG -   Mode rates for 'all': car=88.2%, walk=6.8%, school_bus=2.1%, bike=1.0%, bus=0.6%, rail=0.5%, rideshare=0.4%, other=0.4%
2026-06-23 05:36:29 - [ForkPoolWorker-1] models.mode_choice - INFO - Computed mode rates for 8 purposes
2026-06-23 05:36:29 - [ForkPoolWorker-1] models.mode_choice - INFO -   Overall mode distribution: car=88.2%, walk=6.8%, school_bus=2.1%, bike=1.0%, bus=0.6%, rail=0.5%, rideshare=0.4%, other=0.4%
2026-06-23 05:36:29 - [ForkPoolWorker-1] models.mode_choice - INFO - ModeChoiceModel initialized with 4 modes: ['car', 'bus', 'rail', 'walk']
2026-06-23 05:36:30 - [ForkPoolWorker-7] models.plan_generator - INFO - Worker ForkPoolWorker-7 started - processing 6719 OD pairs
2026-06-23 05:36:30 - [ForkPoolWorker-7] models.time - INFO - Fitted models for 49 activity pairs
2026-06-23 05:36:30 - [ForkPoolWorker-7] models.time - INFO - Mean trip durations: global=20.3min, per-pair=49 pairs
2026-06-23 05:36:30 - [ForkPoolWorker-2] models.mode_availability - DEBUG - Registered availability checker for car: UniversalAvailability
2026-06-23 05:36:30 - [ForkPoolWorker-2] models.mode_availability - DEBUG - Registered availability checker for bus: GTFSTransitAvailability
2026-06-23 05:36:30 - [ForkPoolWorker-2] models.mode_availability - DEBUG - Registered availability checker for rail: GTFSTransitAvailability
2026-06-23 05:36:30 - [ForkPoolWorker-2] models.mode_availability - DEBUG - Registered availability checker for walk: DistanceBasedAvailability
2026-06-23 05:36:30 - [ForkPoolWorker-2] models.mode_choice - INFO - Computing mode shares from survey data...
2026-06-23 05:36:30 - [ForkPoolWorker-2] models.mode_choice - DEBUG -   Survey weights (normalized): {'default': 1.0}
2026-06-23 05:36:30 - [ForkPoolWorker-2] models.mode_choice - DEBUG -   Computing rates for purposes: ['Social', 'Shopping', 'Work', 'Dining', 'Other', 'School', 'Home', 'all']
2026-06-23 05:36:30 - [ForkPoolWorker-2] models.mode_choice - DEBUG -   Mode rates for 'Social': car=76.4%, walk=18.4%, bike=2.7%, other=0.6%, rideshare=0.6%, rail=0.5%, bus=0.4%, school_bus=0.4%
2026-06-23 05:36:30 - [ForkPoolWorker-2] models.mode_choice - DEBUG -   Mode rates for 'Shopping': car=92.3%, walk=5.5%, school_bus=0.8%, bike=0.5%, bus=0.3%, other=0.2%, rail=0.2%, rideshare=0.2%
2026-06-23 05:36:30 - [ForkPoolWorker-2] models.mode_choice - DEBUG -   Mode rates for 'Work': car=92.8%, walk=2.6%, rail=1.1%, bus=1.1%, bike=0.8%, school_bus=0.7%, rideshare=0.5%, other=0.4%
2026-06-23 05:36:30 - [ForkPoolWorker-2] models.mode_choice - DEBUG -   Mode rates for 'Dining': car=90.9%, walk=7.4%, bike=0.5%, other=0.5%, rail=0.3%, bus=0.3%, rideshare=0.1%
2026-06-23 05:36:30 - [ForkPoolWorker-2] models.mode_choice - DEBUG -   Mode rates for 'Other': car=87.7%, walk=4.6%, bus=2.7%, rideshare=1.6%, rail=1.4%, school_bus=0.8%, bike=0.6%, other=0.6%
2026-06-23 05:36:30 - [ForkPoolWorker-2] models.mode_choice - DEBUG -   Mode rates for 'School': car=74.5%, school_bus=15.7%, walk=6.5%, bike=1.6%, bus=1.0%, other=0.4%, rail=0.3%, rideshare=0.1%
2026-06-23 05:36:30 - [ForkPoolWorker-2] models.mode_choice - DEBUG -   Mode rates for 'Home': car=89.5%, walk=5.5%, school_bus=2.2%, bike=0.9%, bus=0.6%, rail=0.5%, rideshare=0.4%, other=0.4%
2026-06-23 05:36:30 - [ForkPoolWorker-2] models.mode_choice - DEBUG -   Mode rates for 'all': car=88.2%, walk=6.8%, school_bus=2.1%, bike=1.0%, bus=0.6%, rail=0.5%, rideshare=0.4%, other=0.4%
2026-06-23 05:36:30 - [ForkPoolWorker-2] models.mode_choice - INFO - Computed mode rates for 8 purposes
2026-06-23 05:36:30 - [ForkPoolWorker-2] models.mode_choice - INFO -   Overall mode distribution: car=88.2%, walk=6.8%, school_bus=2.1%, bike=1.0%, bus=0.6%, rail=0.5%, rideshare=0.4%, other=0.4%
2026-06-23 05:36:30 - [ForkPoolWorker-2] models.mode_choice - INFO - ModeChoiceModel initialized with 4 modes: ['car', 'bus', 'rail', 'walk']
2026-06-23 05:36:30 - [ForkPoolWorker-8] models.plan_generator - INFO - Worker ForkPoolWorker-8 started - processing 6719 OD pairs
2026-06-23 05:36:31 - [ForkPoolWorker-8] models.time - INFO - Fitted models for 49 activity pairs
2026-06-23 05:36:31 - [ForkPoolWorker-8] models.time - INFO - Mean trip durations: global=20.3min, per-pair=49 pairs
2026-06-23 05:36:32 - [ForkPoolWorker-3] models.mode_availability - DEBUG - Registered availability checker for car: UniversalAvailability
2026-06-23 05:36:32 - [ForkPoolWorker-3] models.mode_availability - DEBUG - Registered availability checker for bus: GTFSTransitAvailability
2026-06-23 05:36:32 - [ForkPoolWorker-3] models.mode_availability - DEBUG - Registered availability checker for rail: GTFSTransitAvailability
2026-06-23 05:36:32 - [ForkPoolWorker-3] models.mode_availability - DEBUG - Registered availability checker for walk: DistanceBasedAvailability
2026-06-23 05:36:32 - [ForkPoolWorker-3] models.mode_choice - INFO - Computing mode shares from survey data...
2026-06-23 05:36:32 - [ForkPoolWorker-3] models.mode_choice - DEBUG -   Survey weights (normalized): {'default': 1.0}
2026-06-23 05:36:32 - [ForkPoolWorker-3] models.mode_choice - DEBUG -   Computing rates for purposes: ['Social', 'Shopping', 'Work', 'Dining', 'Other', 'School', 'Home', 'all']
2026-06-23 05:36:32 - [ForkPoolWorker-3] models.mode_choice - DEBUG -   Mode rates for 'Social': car=76.4%, walk=18.4%, bike=2.7%, other=0.6%, rideshare=0.6%, rail=0.5%, bus=0.4%, school_bus=0.4%
2026-06-23 05:36:32 - [ForkPoolWorker-3] models.mode_choice - DEBUG -   Mode rates for 'Shopping': car=92.3%, walk=5.5%, school_bus=0.8%, bike=0.5%, bus=0.3%, other=0.2%, rail=0.2%, rideshare=0.2%
2026-06-23 05:36:32 - [ForkPoolWorker-3] models.mode_choice - DEBUG -   Mode rates for 'Work': car=92.8%, walk=2.6%, rail=1.1%, bus=1.1%, bike=0.8%, school_bus=0.7%, rideshare=0.5%, other=0.4%
2026-06-23 05:36:32 - [ForkPoolWorker-3] models.mode_choice - DEBUG -   Mode rates for 'Dining': car=90.9%, walk=7.4%, bike=0.5%, other=0.5%, rail=0.3%, bus=0.3%, rideshare=0.1%
2026-06-23 05:36:32 - [ForkPoolWorker-3] models.mode_choice - DEBUG -   Mode rates for 'Other': car=87.7%, walk=4.6%, bus=2.7%, rideshare=1.6%, rail=1.4%, school_bus=0.8%, bike=0.6%, other=0.6%
2026-06-23 05:36:32 - [ForkPoolWorker-3] models.mode_choice - DEBUG -   Mode rates for 'School': car=74.5%, school_bus=15.7%, walk=6.5%, bike=1.6%, bus=1.0%, other=0.4%, rail=0.3%, rideshare=0.1%
2026-06-23 05:36:32 - [ForkPoolWorker-3] models.mode_choice - DEBUG -   Mode rates for 'Home': car=89.5%, walk=5.5%, school_bus=2.2%, bike=0.9%, bus=0.6%, rail=0.5%, rideshare=0.4%, other=0.4%
2026-06-23 05:36:32 - [ForkPoolWorker-3] models.mode_choice - DEBUG -   Mode rates for 'all': car=88.2%, walk=6.8%, school_bus=2.1%, bike=1.0%, bus=0.6%, rail=0.5%, rideshare=0.4%, other=0.4%
2026-06-23 05:36:32 - [ForkPoolWorker-3] models.mode_choice - INFO - Computed mode rates for 8 purposes
2026-06-23 05:36:32 - [ForkPoolWorker-3] models.mode_choice - INFO -   Overall mode distribution: car=88.2%, walk=6.8%, school_bus=2.1%, bike=1.0%, bus=0.6%, rail=0.5%, rideshare=0.4%, other=0.4%
2026-06-23 05:36:32 - [ForkPoolWorker-3] models.mode_choice - INFO - ModeChoiceModel initialized with 4 modes: ['car', 'bus', 'rail', 'walk']
2026-06-23 05:36:32 - [ForkPoolWorker-9] models.plan_generator - INFO - Worker ForkPoolWorker-9 started - processing 6719 OD pairs
2026-06-23 05:36:32 - [ForkPoolWorker-9] models.time - INFO - Fitted models for 49 activity pairs
2026-06-23 05:36:32 - [ForkPoolWorker-9] models.time - INFO - Mean trip durations: global=20.3min, per-pair=49 pairs
2026-06-23 05:36:33 - [ForkPoolWorker-10] models.plan_generator - INFO - Worker ForkPoolWorker-10 started - processing 6719 OD pairs
2026-06-23 05:36:33 - [ForkPoolWorker-10] models.time - INFO - Fitted models for 49 activity pairs
2026-06-23 05:36:33 - [ForkPoolWorker-10] models.time - INFO - Mean trip durations: global=20.3min, per-pair=49 pairs
2026-06-23 05:36:33 - [ForkPoolWorker-5] models.mode_availability - DEBUG - Registered availability checker for car: UniversalAvailability
2026-06-23 05:36:33 - [ForkPoolWorker-5] models.mode_availability - DEBUG - Registered availability checker for bus: GTFSTransitAvailability
2026-06-23 05:36:33 - [ForkPoolWorker-5] models.mode_availability - DEBUG - Registered availability checker for rail: GTFSTransitAvailability
2026-06-23 05:36:34 - [ForkPoolWorker-5] models.mode_availability - DEBUG - Registered availability checker for walk: DistanceBasedAvailability
2026-06-23 05:36:34 - [ForkPoolWorker-5] models.mode_choice - INFO - Computing mode shares from survey data...
2026-06-23 05:36:34 - [ForkPoolWorker-5] models.mode_choice - DEBUG -   Survey weights (normalized): {'default': 1.0}
2026-06-23 05:36:34 - [ForkPoolWorker-5] models.mode_choice - DEBUG -   Computing rates for purposes: ['Social', 'Shopping', 'Work', 'Dining', 'Other', 'School', 'Home', 'all']
2026-06-23 05:36:34 - [ForkPoolWorker-5] models.mode_choice - DEBUG -   Mode rates for 'Social': car=76.4%, walk=18.4%, bike=2.7%, other=0.6%, rideshare=0.6%, rail=0.5%, bus=0.4%, school_bus=0.4%
2026-06-23 05:36:34 - [ForkPoolWorker-5] models.mode_choice - DEBUG -   Mode rates for 'Shopping': car=92.3%, walk=5.5%, school_bus=0.8%, bike=0.5%, bus=0.3%, other=0.2%, rail=0.2%, rideshare=0.2%
2026-06-23 05:36:34 - [ForkPoolWorker-5] models.mode_choice - DEBUG -   Mode rates for 'Work': car=92.8%, walk=2.6%, rail=1.1%, bus=1.1%, bike=0.8%, school_bus=0.7%, rideshare=0.5%, other=0.4%
2026-06-23 05:36:34 - [ForkPoolWorker-5] models.mode_choice - DEBUG -   Mode rates for 'Dining': car=90.9%, walk=7.4%, bike=0.5%, other=0.5%, rail=0.3%, bus=0.3%, rideshare=0.1%
2026-06-23 05:36:34 - [ForkPoolWorker-5] models.mode_choice - DEBUG -   Mode rates for 'Other': car=87.7%, walk=4.6%, bus=2.7%, rideshare=1.6%, rail=1.4%, school_bus=0.8%, bike=0.6%, other=0.6%
2026-06-23 05:36:34 - [ForkPoolWorker-5] models.mode_choice - DEBUG -   Mode rates for 'School': car=74.5%, school_bus=15.7%, walk=6.5%, bike=1.6%, bus=1.0%, other=0.4%, rail=0.3%, rideshare=0.1%
2026-06-23 05:36:34 - [ForkPoolWorker-5] models.mode_choice - DEBUG -   Mode rates for 'Home': car=89.5%, walk=5.5%, school_bus=2.2%, bike=0.9%, bus=0.6%, rail=0.5%, rideshare=0.4%, other=0.4%
2026-06-23 05:36:34 - [ForkPoolWorker-5] models.mode_choice - DEBUG -   Mode rates for 'all': car=88.2%, walk=6.8%, school_bus=2.1%, bike=1.0%, bus=0.6%, rail=0.5%, rideshare=0.4%, other=0.4%
2026-06-23 05:36:34 - [ForkPoolWorker-5] models.mode_choice - INFO - Computed mode rates for 8 purposes
2026-06-23 05:36:34 - [ForkPoolWorker-5] models.mode_choice - INFO -   Overall mode distribution: car=88.2%, walk=6.8%, school_bus=2.1%, bike=1.0%, bus=0.6%, rail=0.5%, rideshare=0.4%, other=0.4%
2026-06-23 05:36:34 - [ForkPoolWorker-5] models.mode_choice - INFO - ModeChoiceModel initialized with 4 modes: ['car', 'bus', 'rail', 'walk']
2026-06-23 05:36:34 - [ForkPoolWorker-11] models.plan_generator - INFO - Worker ForkPoolWorker-11 started - processing 6719 OD pairs
2026-06-23 05:36:34 - [ForkPoolWorker-4] models.mode_availability - DEBUG - Registered availability checker for car: UniversalAvailability
2026-06-23 05:36:34 - [ForkPoolWorker-4] models.mode_availability - DEBUG - Registered availability checker for bus: GTFSTransitAvailability
2026-06-23 05:36:34 - [ForkPoolWorker-4] models.mode_availability - DEBUG - Registered availability checker for rail: GTFSTransitAvailability
2026-06-23 05:36:34 - [ForkPoolWorker-4] models.mode_availability - DEBUG - Registered availability checker for walk: DistanceBasedAvailability
2026-06-23 05:36:34 - [ForkPoolWorker-4] models.mode_choice - INFO - Computing mode shares from survey data...
2026-06-23 05:36:34 - [ForkPoolWorker-4] models.mode_choice - DEBUG -   Survey weights (normalized): {'default': 1.0}
2026-06-23 05:36:34 - [ForkPoolWorker-4] models.mode_choice - DEBUG -   Computing rates for purposes: ['Social', 'Shopping', 'Work', 'Dining', 'Other', 'School', 'Home', 'all']
2026-06-23 05:36:34 - [ForkPoolWorker-4] models.mode_choice - DEBUG -   Mode rates for 'Social': car=76.4%, walk=18.4%, bike=2.7%, other=0.6%, rideshare=0.6%, rail=0.5%, bus=0.4%, school_bus=0.4%
2026-06-23 05:36:34 - [ForkPoolWorker-4] models.mode_choice - DEBUG -   Mode rates for 'Shopping': car=92.3%, walk=5.5%, school_bus=0.8%, bike=0.5%, bus=0.3%, other=0.2%, rail=0.2%, rideshare=0.2%
2026-06-23 05:36:34 - [ForkPoolWorker-4] models.mode_choice - DEBUG -   Mode rates for 'Work': car=92.8%, walk=2.6%, rail=1.1%, bus=1.1%, bike=0.8%, school_bus=0.7%, rideshare=0.5%, other=0.4%
2026-06-23 05:36:34 - [ForkPoolWorker-4] models.mode_choice - DEBUG -   Mode rates for 'Dining': car=90.9%, walk=7.4%, bike=0.5%, other=0.5%, rail=0.3%, bus=0.3%, rideshare=0.1%
2026-06-23 05:36:34 - [ForkPoolWorker-4] models.mode_choice - DEBUG -   Mode rates for 'Other': car=87.7%, walk=4.6%, bus=2.7%, rideshare=1.6%, rail=1.4%, school_bus=0.8%, bike=0.6%, other=0.6%
2026-06-23 05:36:34 - [ForkPoolWorker-4] models.mode_choice - DEBUG -   Mode rates for 'School': car=74.5%, school_bus=15.7%, walk=6.5%, bike=1.6%, bus=1.0%, other=0.4%, rail=0.3%, rideshare=0.1%
2026-06-23 05:36:34 - [ForkPoolWorker-4] models.mode_choice - DEBUG -   Mode rates for 'Home': car=89.5%, walk=5.5%, school_bus=2.2%, bike=0.9%, bus=0.6%, rail=0.5%, rideshare=0.4%, other=0.4%
2026-06-23 05:36:34 - [ForkPoolWorker-4] models.mode_choice - DEBUG -   Mode rates for 'all': car=88.2%, walk=6.8%, school_bus=2.1%, bike=1.0%, bus=0.6%, rail=0.5%, rideshare=0.4%, other=0.4%
2026-06-23 05:36:34 - [ForkPoolWorker-4] models.mode_choice - INFO - Computed mode rates for 8 purposes
2026-06-23 05:36:34 - [ForkPoolWorker-4] models.mode_choice - INFO -   Overall mode distribution: car=88.2%, walk=6.8%, school_bus=2.1%, bike=1.0%, bus=0.6%, rail=0.5%, rideshare=0.4%, other=0.4%
2026-06-23 05:36:34 - [ForkPoolWorker-4] models.mode_choice - INFO - ModeChoiceModel initialized with 4 modes: ['car', 'bus', 'rail', 'walk']
2026-06-23 05:36:34 - [ForkPoolWorker-11] models.time - INFO - Fitted models for 49 activity pairs
2026-06-23 05:36:34 - [ForkPoolWorker-11] models.time - INFO - Mean trip durations: global=20.3min, per-pair=49 pairs
2026-06-23 05:36:35 - [ForkPoolWorker-6] models.mode_availability - DEBUG - Registered availability checker for car: UniversalAvailability
2026-06-23 05:36:35 - [ForkPoolWorker-6] models.mode_availability - DEBUG - Registered availability checker for bus: GTFSTransitAvailability
2026-06-23 05:36:35 - [ForkPoolWorker-6] models.mode_availability - DEBUG - Registered availability checker for rail: GTFSTransitAvailability
2026-06-23 05:36:35 - [ForkPoolWorker-6] models.mode_availability - DEBUG - Registered availability checker for walk: DistanceBasedAvailability
2026-06-23 05:36:35 - [ForkPoolWorker-6] models.mode_choice - INFO - Computing mode shares from survey data...
2026-06-23 05:36:35 - [ForkPoolWorker-6] models.mode_choice - DEBUG -   Survey weights (normalized): {'default': 1.0}
2026-06-23 05:36:35 - [ForkPoolWorker-6] models.mode_choice - DEBUG -   Computing rates for purposes: ['Social', 'Shopping', 'Work', 'Dining', 'Other', 'School', 'Home', 'all']
2026-06-23 05:36:35 - [ForkPoolWorker-6] models.mode_choice - DEBUG -   Mode rates for 'Social': car=76.4%, walk=18.4%, bike=2.7%, other=0.6%, rideshare=0.6%, rail=0.5%, bus=0.4%, school_bus=0.4%
2026-06-23 05:36:35 - [ForkPoolWorker-6] models.mode_choice - DEBUG -   Mode rates for 'Shopping': car=92.3%, walk=5.5%, school_bus=0.8%, bike=0.5%, bus=0.3%, other=0.2%, rail=0.2%, rideshare=0.2%
2026-06-23 05:36:35 - [ForkPoolWorker-6] models.mode_choice - DEBUG -   Mode rates for 'Work': car=92.8%, walk=2.6%, rail=1.1%, bus=1.1%, bike=0.8%, school_bus=0.7%, rideshare=0.5%, other=0.4%
2026-06-23 05:36:35 - [ForkPoolWorker-6] models.mode_choice - DEBUG -   Mode rates for 'Dining': car=90.9%, walk=7.4%, bike=0.5%, other=0.5%, rail=0.3%, bus=0.3%, rideshare=0.1%
2026-06-23 05:36:35 - [ForkPoolWorker-6] models.mode_choice - DEBUG -   Mode rates for 'Other': car=87.7%, walk=4.6%, bus=2.7%, rideshare=1.6%, rail=1.4%, school_bus=0.8%, bike=0.6%, other=0.6%
2026-06-23 05:36:35 - [ForkPoolWorker-6] models.mode_choice - DEBUG -   Mode rates for 'School': car=74.5%, school_bus=15.7%, walk=6.5%, bike=1.6%, bus=1.0%, other=0.4%, rail=0.3%, rideshare=0.1%
2026-06-23 05:36:35 - [ForkPoolWorker-6] models.mode_choice - DEBUG -   Mode rates for 'Home': car=89.5%, walk=5.5%, school_bus=2.2%, bike=0.9%, bus=0.6%, rail=0.5%, rideshare=0.4%, other=0.4%
2026-06-23 05:36:35 - [ForkPoolWorker-6] models.mode_choice - DEBUG -   Mode rates for 'all': car=88.2%, walk=6.8%, school_bus=2.1%, bike=1.0%, bus=0.6%, rail=0.5%, rideshare=0.4%, other=0.4%
2026-06-23 05:36:35 - [ForkPoolWorker-6] models.mode_choice - INFO - Computed mode rates for 8 purposes
2026-06-23 05:36:35 - [ForkPoolWorker-6] models.mode_choice - INFO -   Overall mode distribution: car=88.2%, walk=6.8%, school_bus=2.1%, bike=1.0%, bus=0.6%, rail=0.5%, rideshare=0.4%, other=0.4%
2026-06-23 05:36:35 - [ForkPoolWorker-6] models.mode_choice - INFO - ModeChoiceModel initialized with 4 modes: ['car', 'bus', 'rail', 'walk']
2026-06-23 05:36:36 - [ForkPoolWorker-12] models.plan_generator - INFO - Worker ForkPoolWorker-12 started - processing 6719 OD pairs
2026-06-23 05:36:36 - [ForkPoolWorker-12] models.time - INFO - Fitted models for 49 activity pairs
2026-06-23 05:36:36 - [ForkPoolWorker-12] models.time - INFO - Mean trip durations: global=20.3min, per-pair=49 pairs
2026-06-23 05:36:36 - [ForkPoolWorker-7] models.mode_availability - DEBUG - Registered availability checker for car: UniversalAvailability
2026-06-23 05:36:36 - [ForkPoolWorker-7] models.mode_availability - DEBUG - Registered availability checker for bus: GTFSTransitAvailability
2026-06-23 05:36:36 - [ForkPoolWorker-7] models.mode_availability - DEBUG - Registered availability checker for rail: GTFSTransitAvailability
2026-06-23 05:36:36 - [ForkPoolWorker-7] models.mode_availability - DEBUG - Registered availability checker for walk: DistanceBasedAvailability
2026-06-23 05:36:36 - [ForkPoolWorker-7] models.mode_choice - INFO - Computing mode shares from survey data...
2026-06-23 05:36:36 - [ForkPoolWorker-7] models.mode_choice - DEBUG -   Survey weights (normalized): {'default': 1.0}
2026-06-23 05:36:36 - [ForkPoolWorker-7] models.mode_choice - DEBUG -   Computing rates for purposes: ['Social', 'Shopping', 'Work', 'Dining', 'Other', 'School', 'Home', 'all']
2026-06-23 05:36:36 - [ForkPoolWorker-7] models.mode_choice - DEBUG -   Mode rates for 'Social': car=76.4%, walk=18.4%, bike=2.7%, other=0.6%, rideshare=0.6%, rail=0.5%, bus=0.4%, school_bus=0.4%
2026-06-23 05:36:36 - [ForkPoolWorker-7] models.mode_choice - DEBUG -   Mode rates for 'Shopping': car=92.3%, walk=5.5%, school_bus=0.8%, bike=0.5%, bus=0.3%, other=0.2%, rail=0.2%, rideshare=0.2%
2026-06-23 05:36:36 - [ForkPoolWorker-7] models.mode_choice - DEBUG -   Mode rates for 'Work': car=92.8%, walk=2.6%, rail=1.1%, bus=1.1%, bike=0.8%, school_bus=0.7%, rideshare=0.5%, other=0.4%
2026-06-23 05:36:36 - [ForkPoolWorker-7] models.mode_choice - DEBUG -   Mode rates for 'Dining': car=90.9%, walk=7.4%, bike=0.5%, other=0.5%, rail=0.3%, bus=0.3%, rideshare=0.1%
2026-06-23 05:36:36 - [ForkPoolWorker-7] models.mode_choice - DEBUG -   Mode rates for 'Other': car=87.7%, walk=4.6%, bus=2.7%, rideshare=1.6%, rail=1.4%, school_bus=0.8%, bike=0.6%, other=0.6%
2026-06-23 05:36:36 - [ForkPoolWorker-7] models.mode_choice - DEBUG -   Mode rates for 'School': car=74.5%, school_bus=15.7%, walk=6.5%, bike=1.6%, bus=1.0%, other=0.4%, rail=0.3%, rideshare=0.1%
2026-06-23 05:36:36 - [ForkPoolWorker-7] models.mode_choice - DEBUG -   Mode rates for 'Home': car=89.5%, walk=5.5%, school_bus=2.2%, bike=0.9%, bus=0.6%, rail=0.5%, rideshare=0.4%, other=0.4%
2026-06-23 05:36:36 - [ForkPoolWorker-7] models.mode_choice - DEBUG -   Mode rates for 'all': car=88.2%, walk=6.8%, school_bus=2.1%, bike=1.0%, bus=0.6%, rail=0.5%, rideshare=0.4%, other=0.4%
2026-06-23 05:36:36 - [ForkPoolWorker-7] models.mode_choice - INFO - Computed mode rates for 8 purposes
2026-06-23 05:36:36 - [ForkPoolWorker-7] models.mode_choice - INFO -   Overall mode distribution: car=88.2%, walk=6.8%, school_bus=2.1%, bike=1.0%, bus=0.6%, rail=0.5%, rideshare=0.4%, other=0.4%
2026-06-23 05:36:36 - [ForkPoolWorker-7] models.mode_choice - INFO - ModeChoiceModel initialized with 4 modes: ['car', 'bus', 'rail', 'walk']
2026-06-23 05:36:37 - [ForkPoolWorker-13] models.plan_generator - INFO - Worker ForkPoolWorker-13 started - processing 6719 OD pairs
2026-06-23 05:36:37 - [ForkPoolWorker-13] models.time - INFO - Fitted models for 49 activity pairs
2026-06-23 05:36:37 - [ForkPoolWorker-13] models.time - INFO - Mean trip durations: global=20.3min, per-pair=49 pairs
2026-06-23 05:36:37 - [ForkPoolWorker-8] models.mode_availability - DEBUG - Registered availability checker for car: UniversalAvailability
2026-06-23 05:36:37 - [ForkPoolWorker-8] models.mode_availability - DEBUG - Registered availability checker for bus: GTFSTransitAvailability
2026-06-23 05:36:37 - [ForkPoolWorker-8] models.mode_availability - DEBUG - Registered availability checker for rail: GTFSTransitAvailability
2026-06-23 05:36:37 - [ForkPoolWorker-8] models.mode_availability - DEBUG - Registered availability checker for walk: DistanceBasedAvailability
2026-06-23 05:36:37 - [ForkPoolWorker-8] models.mode_choice - INFO - Computing mode shares from survey data...
2026-06-23 05:36:37 - [ForkPoolWorker-8] models.mode_choice - DEBUG -   Survey weights (normalized): {'default': 1.0}
2026-06-23 05:36:37 - [ForkPoolWorker-8] models.mode_choice - DEBUG -   Computing rates for purposes: ['Social', 'Shopping', 'Work', 'Dining', 'Other', 'School', 'Home', 'all']
2026-06-23 05:36:37 - [ForkPoolWorker-8] models.mode_choice - DEBUG -   Mode rates for 'Social': car=76.4%, walk=18.4%, bike=2.7%, other=0.6%, rideshare=0.6%, rail=0.5%, bus=0.4%, school_bus=0.4%
2026-06-23 05:36:37 - [ForkPoolWorker-8] models.mode_choice - DEBUG -   Mode rates for 'Shopping': car=92.3%, walk=5.5%, school_bus=0.8%, bike=0.5%, bus=0.3%, other=0.2%, rail=0.2%, rideshare=0.2%
2026-06-23 05:36:37 - [ForkPoolWorker-8] models.mode_choice - DEBUG -   Mode rates for 'Work': car=92.8%, walk=2.6%, rail=1.1%, bus=1.1%, bike=0.8%, school_bus=0.7%, rideshare=0.5%, other=0.4%
2026-06-23 05:36:37 - [ForkPoolWorker-8] models.mode_choice - DEBUG -   Mode rates for 'Dining': car=90.9%, walk=7.4%, bike=0.5%, other=0.5%, rail=0.3%, bus=0.3%, rideshare=0.1%
2026-06-23 05:36:37 - [ForkPoolWorker-8] models.mode_choice - DEBUG -   Mode rates for 'Other': car=87.7%, walk=4.6%, bus=2.7%, rideshare=1.6%, rail=1.4%, school_bus=0.8%, bike=0.6%, other=0.6%
2026-06-23 05:36:37 - [ForkPoolWorker-8] models.mode_choice - DEBUG -   Mode rates for 'School': car=74.5%, school_bus=15.7%, walk=6.5%, bike=1.6%, bus=1.0%, other=0.4%, rail=0.3%, rideshare=0.1%
2026-06-23 05:36:37 - [ForkPoolWorker-8] models.mode_choice - DEBUG -   Mode rates for 'Home': car=89.5%, walk=5.5%, school_bus=2.2%, bike=0.9%, bus=0.6%, rail=0.5%, rideshare=0.4%, other=0.4%
2026-06-23 05:36:37 - [ForkPoolWorker-8] models.mode_choice - DEBUG -   Mode rates for 'all': car=88.2%, walk=6.8%, school_bus=2.1%, bike=1.0%, bus=0.6%, rail=0.5%, rideshare=0.4%, other=0.4%
2026-06-23 05:36:37 - [ForkPoolWorker-8] models.mode_choice - INFO - Computed mode rates for 8 purposes
2026-06-23 05:36:37 - [ForkPoolWorker-8] models.mode_choice - INFO -   Overall mode distribution: car=88.2%, walk=6.8%, school_bus=2.1%, bike=1.0%, bus=0.6%, rail=0.5%, rideshare=0.4%, other=0.4%
2026-06-23 05:36:37 - [ForkPoolWorker-8] models.mode_choice - INFO - ModeChoiceModel initialized with 4 modes: ['car', 'bus', 'rail', 'walk']
2026-06-23 05:36:38 - [ForkPoolWorker-14] models.plan_generator - INFO - Worker ForkPoolWorker-14 started - processing 6719 OD pairs
2026-06-23 05:36:38 - [ForkPoolWorker-14] models.time - INFO - Fitted models for 49 activity pairs
2026-06-23 05:36:38 - [ForkPoolWorker-14] models.time - INFO - Mean trip durations: global=20.3min, per-pair=49 pairs
2026-06-23 05:36:39 - [ForkPoolWorker-9] models.mode_availability - DEBUG - Registered availability checker for car: UniversalAvailability
2026-06-23 05:36:39 - [ForkPoolWorker-9] models.mode_availability - DEBUG - Registered availability checker for bus: GTFSTransitAvailability
2026-06-23 05:36:39 - [ForkPoolWorker-9] models.mode_availability - DEBUG - Registered availability checker for rail: GTFSTransitAvailability
2026-06-23 05:36:39 - [ForkPoolWorker-9] models.mode_availability - DEBUG - Registered availability checker for walk: DistanceBasedAvailability
2026-06-23 05:36:39 - [ForkPoolWorker-9] models.mode_choice - INFO - Computing mode shares from survey data...
2026-06-23 05:36:39 - [ForkPoolWorker-9] models.mode_choice - DEBUG -   Survey weights (normalized): {'default': 1.0}
2026-06-23 05:36:39 - [ForkPoolWorker-9] models.mode_choice - DEBUG -   Computing rates for purposes: ['Social', 'Shopping', 'Work', 'Dining', 'Other', 'School', 'Home', 'all']
2026-06-23 05:36:39 - [ForkPoolWorker-9] models.mode_choice - DEBUG -   Mode rates for 'Social': car=76.4%, walk=18.4%, bike=2.7%, other=0.6%, rideshare=0.6%, rail=0.5%, bus=0.4%, school_bus=0.4%
2026-06-23 05:36:39 - [ForkPoolWorker-9] models.mode_choice - DEBUG -   Mode rates for 'Shopping': car=92.3%, walk=5.5%, school_bus=0.8%, bike=0.5%, bus=0.3%, other=0.2%, rail=0.2%, rideshare=0.2%
2026-06-23 05:36:39 - [ForkPoolWorker-9] models.mode_choice - DEBUG -   Mode rates for 'Work': car=92.8%, walk=2.6%, rail=1.1%, bus=1.1%, bike=0.8%, school_bus=0.7%, rideshare=0.5%, other=0.4%
2026-06-23 05:36:39 - [ForkPoolWorker-9] models.mode_choice - DEBUG -   Mode rates for 'Dining': car=90.9%, walk=7.4%, bike=0.5%, other=0.5%, rail=0.3%, bus=0.3%, rideshare=0.1%
2026-06-23 05:36:39 - [ForkPoolWorker-9] models.mode_choice - DEBUG -   Mode rates for 'Other': car=87.7%, walk=4.6%, bus=2.7%, rideshare=1.6%, rail=1.4%, school_bus=0.8%, bike=0.6%, other=0.6%
2026-06-23 05:36:39 - [ForkPoolWorker-9] models.mode_choice - DEBUG -   Mode rates for 'School': car=74.5%, school_bus=15.7%, walk=6.5%, bike=1.6%, bus=1.0%, other=0.4%, rail=0.3%, rideshare=0.1%
2026-06-23 05:36:39 - [ForkPoolWorker-9] models.mode_choice - DEBUG -   Mode rates for 'Home': car=89.5%, walk=5.5%, school_bus=2.2%, bike=0.9%, bus=0.6%, rail=0.5%, rideshare=0.4%, other=0.4%
2026-06-23 05:36:39 - [ForkPoolWorker-9] models.mode_choice - DEBUG -   Mode rates for 'all': car=88.2%, walk=6.8%, school_bus=2.1%, bike=1.0%, bus=0.6%, rail=0.5%, rideshare=0.4%, other=0.4%
2026-06-23 05:36:39 - [ForkPoolWorker-9] models.mode_choice - INFO - Computed mode rates for 8 purposes
2026-06-23 05:36:39 - [ForkPoolWorker-9] models.mode_choice - INFO -   Overall mode distribution: car=88.2%, walk=6.8%, school_bus=2.1%, bike=1.0%, bus=0.6%, rail=0.5%, rideshare=0.4%, other=0.4%
2026-06-23 05:36:39 - [ForkPoolWorker-9] models.mode_choice - INFO - ModeChoiceModel initialized with 4 modes: ['car', 'bus', 'rail', 'walk']
2026-06-23 05:36:39 - [ForkPoolWorker-15] models.plan_generator - INFO - Worker ForkPoolWorker-15 started - processing 6719 OD pairs
2026-06-23 05:36:40 - [ForkPoolWorker-15] models.time - INFO - Fitted models for 49 activity pairs
2026-06-23 05:36:40 - [ForkPoolWorker-15] models.time - INFO - Mean trip durations: global=20.3min, per-pair=49 pairs
2026-06-23 05:36:40 - [ForkPoolWorker-10] models.mode_availability - DEBUG - Registered availability checker for car: UniversalAvailability
2026-06-23 05:36:40 - [ForkPoolWorker-10] models.mode_availability - DEBUG - Registered availability checker for bus: GTFSTransitAvailability
2026-06-23 05:36:40 - [ForkPoolWorker-10] models.mode_availability - DEBUG - Registered availability checker for rail: GTFSTransitAvailability
2026-06-23 05:36:40 - [ForkPoolWorker-10] models.mode_availability - DEBUG - Registered availability checker for walk: DistanceBasedAvailability
2026-06-23 05:36:40 - [ForkPoolWorker-10] models.mode_choice - INFO - Computing mode shares from survey data...
2026-06-23 05:36:40 - [ForkPoolWorker-10] models.mode_choice - DEBUG -   Survey weights (normalized): {'default': 1.0}
2026-06-23 05:36:40 - [ForkPoolWorker-10] models.mode_choice - DEBUG -   Computing rates for purposes: ['Social', 'Shopping', 'Work', 'Dining', 'Other', 'School', 'Home', 'all']
2026-06-23 05:36:40 - [ForkPoolWorker-10] models.mode_choice - DEBUG -   Mode rates for 'Social': car=76.4%, walk=18.4%, bike=2.7%, other=0.6%, rideshare=0.6%, rail=0.5%, bus=0.4%, school_bus=0.4%
2026-06-23 05:36:40 - [ForkPoolWorker-10] models.mode_choice - DEBUG -   Mode rates for 'Shopping': car=92.3%, walk=5.5%, school_bus=0.8%, bike=0.5%, bus=0.3%, other=0.2%, rail=0.2%, rideshare=0.2%
2026-06-23 05:36:40 - [ForkPoolWorker-10] models.mode_choice - DEBUG -   Mode rates for 'Work': car=92.8%, walk=2.6%, rail=1.1%, bus=1.1%, bike=0.8%, school_bus=0.7%, rideshare=0.5%, other=0.4%
2026-06-23 05:36:40 - [ForkPoolWorker-10] models.mode_choice - DEBUG -   Mode rates for 'Dining': car=90.9%, walk=7.4%, bike=0.5%, other=0.5%, rail=0.3%, bus=0.3%, rideshare=0.1%
2026-06-23 05:36:40 - [ForkPoolWorker-10] models.mode_choice - DEBUG -   Mode rates for 'Other': car=87.7%, walk=4.6%, bus=2.7%, rideshare=1.6%, rail=1.4%, school_bus=0.8%, bike=0.6%, other=0.6%
2026-06-23 05:36:40 - [ForkPoolWorker-10] models.mode_choice - DEBUG -   Mode rates for 'School': car=74.5%, school_bus=15.7%, walk=6.5%, bike=1.6%, bus=1.0%, other=0.4%, rail=0.3%, rideshare=0.1%
2026-06-23 05:36:40 - [ForkPoolWorker-10] models.mode_choice - DEBUG -   Mode rates for 'Home': car=89.5%, walk=5.5%, school_bus=2.2%, bike=0.9%, bus=0.6%, rail=0.5%, rideshare=0.4%, other=0.4%
2026-06-23 05:36:40 - [ForkPoolWorker-10] models.mode_choice - DEBUG -   Mode rates for 'all': car=88.2%, walk=6.8%, school_bus=2.1%, bike=1.0%, bus=0.6%, rail=0.5%, rideshare=0.4%, other=0.4%
2026-06-23 05:36:40 - [ForkPoolWorker-10] models.mode_choice - INFO - Computed mode rates for 8 purposes
2026-06-23 05:36:40 - [ForkPoolWorker-10] models.mode_choice - INFO -   Overall mode distribution: car=88.2%, walk=6.8%, school_bus=2.1%, bike=1.0%, bus=0.6%, rail=0.5%, rideshare=0.4%, other=0.4%
2026-06-23 05:36:40 - [ForkPoolWorker-10] models.mode_choice - INFO - ModeChoiceModel initialized with 4 modes: ['car', 'bus', 'rail', 'walk']
2026-06-23 05:36:41 - [ForkPoolWorker-16] models.plan_generator - INFO - Worker ForkPoolWorker-16 started - processing 6719 OD pairs
2026-06-23 05:36:41 - [ForkPoolWorker-16] models.time - INFO - Fitted models for 49 activity pairs
2026-06-23 05:36:41 - [ForkPoolWorker-16] models.time - INFO - Mean trip durations: global=20.3min, per-pair=49 pairs
2026-06-23 05:36:41 - [ForkPoolWorker-11] models.mode_availability - DEBUG - Registered availability checker for car: UniversalAvailability
2026-06-23 05:36:41 - [ForkPoolWorker-11] models.mode_availability - DEBUG - Registered availability checker for bus: GTFSTransitAvailability
2026-06-23 05:36:41 - [ForkPoolWorker-11] models.mode_availability - DEBUG - Registered availability checker for rail: GTFSTransitAvailability
2026-06-23 05:36:41 - [ForkPoolWorker-11] models.mode_availability - DEBUG - Registered availability checker for walk: DistanceBasedAvailability
2026-06-23 05:36:41 - [ForkPoolWorker-11] models.mode_choice - INFO - Computing mode shares from survey data...
2026-06-23 05:36:41 - [ForkPoolWorker-11] models.mode_choice - DEBUG -   Survey weights (normalized): {'default': 1.0}
2026-06-23 05:36:41 - [ForkPoolWorker-11] models.mode_choice - DEBUG -   Computing rates for purposes: ['Social', 'Shopping', 'Work', 'Dining', 'Other', 'School', 'Home', 'all']
2026-06-23 05:36:41 - [ForkPoolWorker-11] models.mode_choice - DEBUG -   Mode rates for 'Social': car=76.4%, walk=18.4%, bike=2.7%, other=0.6%, rideshare=0.6%, rail=0.5%, bus=0.4%, school_bus=0.4%
2026-06-23 05:36:41 - [ForkPoolWorker-11] models.mode_choice - DEBUG -   Mode rates for 'Shopping': car=92.3%, walk=5.5%, school_bus=0.8%, bike=0.5%, bus=0.3%, other=0.2%, rail=0.2%, rideshare=0.2%
2026-06-23 05:36:41 - [ForkPoolWorker-11] models.mode_choice - DEBUG -   Mode rates for 'Work': car=92.8%, walk=2.6%, rail=1.1%, bus=1.1%, bike=0.8%, school_bus=0.7%, rideshare=0.5%, other=0.4%
2026-06-23 05:36:41 - [ForkPoolWorker-11] models.mode_choice - DEBUG -   Mode rates for 'Dining': car=90.9%, walk=7.4%, bike=0.5%, other=0.5%, rail=0.3%, bus=0.3%, rideshare=0.1%
2026-06-23 05:36:41 - [ForkPoolWorker-11] models.mode_choice - DEBUG -   Mode rates for 'Other': car=87.7%, walk=4.6%, bus=2.7%, rideshare=1.6%, rail=1.4%, school_bus=0.8%, bike=0.6%, other=0.6%
2026-06-23 05:36:41 - [ForkPoolWorker-11] models.mode_choice - DEBUG -   Mode rates for 'School': car=74.5%, school_bus=15.7%, walk=6.5%, bike=1.6%, bus=1.0%, other=0.4%, rail=0.3%, rideshare=0.1%
2026-06-23 05:36:41 - [ForkPoolWorker-11] models.mode_choice - DEBUG -   Mode rates for 'Home': car=89.5%, walk=5.5%, school_bus=2.2%, bike=0.9%, bus=0.6%, rail=0.5%, rideshare=0.4%, other=0.4%
2026-06-23 05:36:41 - [ForkPoolWorker-11] models.mode_choice - DEBUG -   Mode rates for 'all': car=88.2%, walk=6.8%, school_bus=2.1%, bike=1.0%, bus=0.6%, rail=0.5%, rideshare=0.4%, other=0.4%
2026-06-23 05:36:41 - [ForkPoolWorker-11] models.mode_choice - INFO - Computed mode rates for 8 purposes
2026-06-23 05:36:41 - [ForkPoolWorker-11] models.mode_choice - INFO -   Overall mode distribution: car=88.2%, walk=6.8%, school_bus=2.1%, bike=1.0%, bus=0.6%, rail=0.5%, rideshare=0.4%, other=0.4%
2026-06-23 05:36:41 - [ForkPoolWorker-11] models.mode_choice - INFO - ModeChoiceModel initialized with 4 modes: ['car', 'bus', 'rail', 'walk']
2026-06-23 05:36:42 - [ForkPoolWorker-17] models.plan_generator - INFO - Worker ForkPoolWorker-17 started - processing 6719 OD pairs
2026-06-23 05:36:42 - [ForkPoolWorker-17] models.time - INFO - Fitted models for 49 activity pairs
2026-06-23 05:36:42 - [ForkPoolWorker-17] models.time - INFO - Mean trip durations: global=20.3min, per-pair=49 pairs
2026-06-23 05:36:43 - [ForkPoolWorker-12] models.mode_availability - DEBUG - Registered availability checker for car: UniversalAvailability
2026-06-23 05:36:43 - [ForkPoolWorker-12] models.mode_availability - DEBUG - Registered availability checker for bus: GTFSTransitAvailability
2026-06-23 05:36:43 - [ForkPoolWorker-12] models.mode_availability - DEBUG - Registered availability checker for rail: GTFSTransitAvailability
2026-06-23 05:36:43 - [ForkPoolWorker-12] models.mode_availability - DEBUG - Registered availability checker for walk: DistanceBasedAvailability
2026-06-23 05:36:43 - [ForkPoolWorker-12] models.mode_choice - INFO - Computing mode shares from survey data...
2026-06-23 05:36:43 - [ForkPoolWorker-12] models.mode_choice - DEBUG -   Survey weights (normalized): {'default': 1.0}
2026-06-23 05:36:43 - [ForkPoolWorker-12] models.mode_choice - DEBUG -   Computing rates for purposes: ['Social', 'Shopping', 'Work', 'Dining', 'Other', 'School', 'Home', 'all']
2026-06-23 05:36:43 - [ForkPoolWorker-12] models.mode_choice - DEBUG -   Mode rates for 'Social': car=76.4%, walk=18.4%, bike=2.7%, other=0.6%, rideshare=0.6%, rail=0.5%, bus=0.4%, school_bus=0.4%
2026-06-23 05:36:43 - [ForkPoolWorker-12] models.mode_choice - DEBUG -   Mode rates for 'Shopping': car=92.3%, walk=5.5%, school_bus=0.8%, bike=0.5%, bus=0.3%, other=0.2%, rail=0.2%, rideshare=0.2%
2026-06-23 05:36:43 - [ForkPoolWorker-12] models.mode_choice - DEBUG -   Mode rates for 'Work': car=92.8%, walk=2.6%, rail=1.1%, bus=1.1%, bike=0.8%, school_bus=0.7%, rideshare=0.5%, other=0.4%
2026-06-23 05:36:43 - [ForkPoolWorker-12] models.mode_choice - DEBUG -   Mode rates for 'Dining': car=90.9%, walk=7.4%, bike=0.5%, other=0.5%, rail=0.3%, bus=0.3%, rideshare=0.1%
2026-06-23 05:36:43 - [ForkPoolWorker-12] models.mode_choice - DEBUG -   Mode rates for 'Other': car=87.7%, walk=4.6%, bus=2.7%, rideshare=1.6%, rail=1.4%, school_bus=0.8%, bike=0.6%, other=0.6%
2026-06-23 05:36:43 - [ForkPoolWorker-12] models.mode_choice - DEBUG -   Mode rates for 'School': car=74.5%, school_bus=15.7%, walk=6.5%, bike=1.6%, bus=1.0%, other=0.4%, rail=0.3%, rideshare=0.1%
2026-06-23 05:36:43 - [ForkPoolWorker-12] models.mode_choice - DEBUG -   Mode rates for 'Home': car=89.5%, walk=5.5%, school_bus=2.2%, bike=0.9%, bus=0.6%, rail=0.5%, rideshare=0.4%, other=0.4%
2026-06-23 05:36:43 - [ForkPoolWorker-12] models.mode_choice - DEBUG -   Mode rates for 'all': car=88.2%, walk=6.8%, school_bus=2.1%, bike=1.0%, bus=0.6%, rail=0.5%, rideshare=0.4%, other=0.4%
2026-06-23 05:36:43 - [ForkPoolWorker-12] models.mode_choice - INFO - Computed mode rates for 8 purposes
2026-06-23 05:36:43 - [ForkPoolWorker-12] models.mode_choice - INFO -   Overall mode distribution: car=88.2%, walk=6.8%, school_bus=2.1%, bike=1.0%, bus=0.6%, rail=0.5%, rideshare=0.4%, other=0.4%
2026-06-23 05:36:43 - [ForkPoolWorker-12] models.mode_choice - INFO - ModeChoiceModel initialized with 4 modes: ['car', 'bus', 'rail', 'walk']
2026-06-23 05:36:43 - [ForkPoolWorker-18] models.plan_generator - INFO - Worker ForkPoolWorker-18 started - processing 6719 OD pairs
2026-06-23 05:36:43 - [ForkPoolWorker-18] models.time - INFO - Fitted models for 49 activity pairs
2026-06-23 05:36:43 - [ForkPoolWorker-18] models.time - INFO - Mean trip durations: global=20.3min, per-pair=49 pairs
2026-06-23 05:36:44 - [ForkPoolWorker-19] models.plan_generator - INFO - Worker ForkPoolWorker-19 started - processing 6719 OD pairs
2026-06-23 05:36:44 - [ForkPoolWorker-19] models.time - INFO - Fitted models for 49 activity pairs
2026-06-23 05:36:44 - [ForkPoolWorker-19] models.time - INFO - Mean trip durations: global=20.3min, per-pair=49 pairs
2026-06-23 05:36:45 - [ForkPoolWorker-14] models.mode_availability - DEBUG - Registered availability checker for car: UniversalAvailability
2026-06-23 05:36:45 - [ForkPoolWorker-14] models.mode_availability - DEBUG - Registered availability checker for bus: GTFSTransitAvailability
2026-06-23 05:36:45 - [ForkPoolWorker-14] models.mode_availability - DEBUG - Registered availability checker for rail: GTFSTransitAvailability
2026-06-23 05:36:45 - [ForkPoolWorker-14] models.mode_availability - DEBUG - Registered availability checker for walk: DistanceBasedAvailability
2026-06-23 05:36:45 - [ForkPoolWorker-14] models.mode_choice - INFO - Computing mode shares from survey data...
2026-06-23 05:36:45 - [ForkPoolWorker-14] models.mode_choice - DEBUG -   Survey weights (normalized): {'default': 1.0}
2026-06-23 05:36:45 - [ForkPoolWorker-14] models.mode_choice - DEBUG -   Computing rates for purposes: ['Social', 'Shopping', 'Work', 'Dining', 'Other', 'School', 'Home', 'all']
2026-06-23 05:36:45 - [ForkPoolWorker-14] models.mode_choice - DEBUG -   Mode rates for 'Social': car=76.4%, walk=18.4%, bike=2.7%, other=0.6%, rideshare=0.6%, rail=0.5%, bus=0.4%, school_bus=0.4%
2026-06-23 05:36:45 - [ForkPoolWorker-14] models.mode_choice - DEBUG -   Mode rates for 'Shopping': car=92.3%, walk=5.5%, school_bus=0.8%, bike=0.5%, bus=0.3%, other=0.2%, rail=0.2%, rideshare=0.2%
2026-06-23 05:36:45 - [ForkPoolWorker-14] models.mode_choice - DEBUG -   Mode rates for 'Work': car=92.8%, walk=2.6%, rail=1.1%, bus=1.1%, bike=0.8%, school_bus=0.7%, rideshare=0.5%, other=0.4%
2026-06-23 05:36:45 - [ForkPoolWorker-14] models.mode_choice - DEBUG -   Mode rates for 'Dining': car=90.9%, walk=7.4%, bike=0.5%, other=0.5%, rail=0.3%, bus=0.3%, rideshare=0.1%
2026-06-23 05:36:45 - [ForkPoolWorker-13] models.mode_availability - DEBUG - Registered availability checker for car: UniversalAvailability
2026-06-23 05:36:45 - [ForkPoolWorker-13] models.mode_availability - DEBUG - Registered availability checker for bus: GTFSTransitAvailability
2026-06-23 05:36:45 - [ForkPoolWorker-13] models.mode_availability - DEBUG - Registered availability checker for rail: GTFSTransitAvailability
2026-06-23 05:36:45 - [ForkPoolWorker-13] models.mode_availability - DEBUG - Registered availability checker for walk: DistanceBasedAvailability
2026-06-23 05:36:45 - [ForkPoolWorker-13] models.mode_choice - INFO - Computing mode shares from survey data...
2026-06-23 05:36:45 - [ForkPoolWorker-13] models.mode_choice - DEBUG -   Survey weights (normalized): {'default': 1.0}
2026-06-23 05:36:45 - [ForkPoolWorker-14] models.mode_choice - DEBUG -   Mode rates for 'Other': car=87.7%, walk=4.6%, bus=2.7%, rideshare=1.6%, rail=1.4%, school_bus=0.8%, bike=0.6%, other=0.6%
2026-06-23 05:36:45 - [ForkPoolWorker-14] models.mode_choice - DEBUG -   Mode rates for 'School': car=74.5%, school_bus=15.7%, walk=6.5%, bike=1.6%, bus=1.0%, other=0.4%, rail=0.3%, rideshare=0.1%
2026-06-23 05:36:45 - [ForkPoolWorker-13] models.mode_choice - DEBUG -   Computing rates for purposes: ['Social', 'Shopping', 'Work', 'Dining', 'Other', 'School', 'Home', 'all']
2026-06-23 05:36:45 - [ForkPoolWorker-14] models.mode_choice - DEBUG -   Mode rates for 'Home': car=89.5%, walk=5.5%, school_bus=2.2%, bike=0.9%, bus=0.6%, rail=0.5%, rideshare=0.4%, other=0.4%
2026-06-23 05:36:45 - [ForkPoolWorker-13] models.mode_choice - DEBUG -   Mode rates for 'Social': car=76.4%, walk=18.4%, bike=2.7%, other=0.6%, rideshare=0.6%, rail=0.5%, bus=0.4%, school_bus=0.4%
2026-06-23 05:36:45 - [ForkPoolWorker-14] models.mode_choice - DEBUG -   Mode rates for 'all': car=88.2%, walk=6.8%, school_bus=2.1%, bike=1.0%, bus=0.6%, rail=0.5%, rideshare=0.4%, other=0.4%
2026-06-23 05:36:45 - [ForkPoolWorker-14] models.mode_choice - INFO - Computed mode rates for 8 purposes
2026-06-23 05:36:45 - [ForkPoolWorker-14] models.mode_choice - INFO -   Overall mode distribution: car=88.2%, walk=6.8%, school_bus=2.1%, bike=1.0%, bus=0.6%, rail=0.5%, rideshare=0.4%, other=0.4%
2026-06-23 05:36:45 - [ForkPoolWorker-14] models.mode_choice - INFO - ModeChoiceModel initialized with 4 modes: ['car', 'bus', 'rail', 'walk']
2026-06-23 05:36:45 - [ForkPoolWorker-13] models.mode_choice - DEBUG -   Mode rates for 'Shopping': car=92.3%, walk=5.5%, school_bus=0.8%, bike=0.5%, bus=0.3%, other=0.2%, rail=0.2%, rideshare=0.2%
2026-06-23 05:36:45 - [ForkPoolWorker-13] models.mode_choice - DEBUG -   Mode rates for 'Work': car=92.8%, walk=2.6%, rail=1.1%, bus=1.1%, bike=0.8%, school_bus=0.7%, rideshare=0.5%, other=0.4%
2026-06-23 05:36:45 - [ForkPoolWorker-13] models.mode_choice - DEBUG -   Mode rates for 'Dining': car=90.9%, walk=7.4%, bike=0.5%, other=0.5%, rail=0.3%, bus=0.3%, rideshare=0.1%
2026-06-23 05:36:45 - [ForkPoolWorker-13] models.mode_choice - DEBUG -   Mode rates for 'Other': car=87.7%, walk=4.6%, bus=2.7%, rideshare=1.6%, rail=1.4%, school_bus=0.8%, bike=0.6%, other=0.6%
2026-06-23 05:36:45 - [ForkPoolWorker-13] models.mode_choice - DEBUG -   Mode rates for 'School': car=74.5%, school_bus=15.7%, walk=6.5%, bike=1.6%, bus=1.0%, other=0.4%, rail=0.3%, rideshare=0.1%
2026-06-23 05:36:45 - [ForkPoolWorker-13] models.mode_choice - DEBUG -   Mode rates for 'Home': car=89.5%, walk=5.5%, school_bus=2.2%, bike=0.9%, bus=0.6%, rail=0.5%, rideshare=0.4%, other=0.4%
2026-06-23 05:36:45 - [ForkPoolWorker-13] models.mode_choice - DEBUG -   Mode rates for 'all': car=88.2%, walk=6.8%, school_bus=2.1%, bike=1.0%, bus=0.6%, rail=0.5%, rideshare=0.4%, other=0.4%
2026-06-23 05:36:45 - [ForkPoolWorker-13] models.mode_choice - INFO - Computed mode rates for 8 purposes
2026-06-23 05:36:45 - [ForkPoolWorker-13] models.mode_choice - INFO -   Overall mode distribution: car=88.2%, walk=6.8%, school_bus=2.1%, bike=1.0%, bus=0.6%, rail=0.5%, rideshare=0.4%, other=0.4%
2026-06-23 05:36:45 - [ForkPoolWorker-13] models.mode_choice - INFO - ModeChoiceModel initialized with 4 modes: ['car', 'bus', 'rail', 'walk']
2026-06-23 05:36:46 - [ForkPoolWorker-20] models.plan_generator - INFO - Worker ForkPoolWorker-20 started - processing 6719 OD pairs
2026-06-23 05:36:46 - [ForkPoolWorker-20] models.time - INFO - Fitted models for 49 activity pairs
2026-06-23 05:36:46 - [ForkPoolWorker-20] models.time - INFO - Mean trip durations: global=20.3min, per-pair=49 pairs
2026-06-23 05:36:46 - [ForkPoolWorker-15] models.mode_availability - DEBUG - Registered availability checker for car: UniversalAvailability
2026-06-23 05:36:46 - [ForkPoolWorker-15] models.mode_availability - DEBUG - Registered availability checker for bus: GTFSTransitAvailability
2026-06-23 05:36:46 - [ForkPoolWorker-15] models.mode_availability - DEBUG - Registered availability checker for rail: GTFSTransitAvailability
2026-06-23 05:36:46 - [ForkPoolWorker-15] models.mode_availability - DEBUG - Registered availability checker for walk: DistanceBasedAvailability
2026-06-23 05:36:46 - [ForkPoolWorker-15] models.mode_choice - INFO - Computing mode shares from survey data...
2026-06-23 05:36:46 - [ForkPoolWorker-15] models.mode_choice - DEBUG -   Survey weights (normalized): {'default': 1.0}
2026-06-23 05:36:46 - [ForkPoolWorker-15] models.mode_choice - DEBUG -   Computing rates for purposes: ['Social', 'Shopping', 'Work', 'Dining', 'Other', 'School', 'Home', 'all']
2026-06-23 05:36:47 - [ForkPoolWorker-15] models.mode_choice - DEBUG -   Mode rates for 'Social': car=76.4%, walk=18.4%, bike=2.7%, other=0.6%, rideshare=0.6%, rail=0.5%, bus=0.4%, school_bus=0.4%
2026-06-23 05:36:47 - [ForkPoolWorker-15] models.mode_choice - DEBUG -   Mode rates for 'Shopping': car=92.3%, walk=5.5%, school_bus=0.8%, bike=0.5%, bus=0.3%, other=0.2%, rail=0.2%, rideshare=0.2%
2026-06-23 05:36:47 - [ForkPoolWorker-15] models.mode_choice - DEBUG -   Mode rates for 'Work': car=92.8%, walk=2.6%, rail=1.1%, bus=1.1%, bike=0.8%, school_bus=0.7%, rideshare=0.5%, other=0.4%
2026-06-23 05:36:47 - [ForkPoolWorker-15] models.mode_choice - DEBUG -   Mode rates for 'Dining': car=90.9%, walk=7.4%, bike=0.5%, other=0.5%, rail=0.3%, bus=0.3%, rideshare=0.1%
2026-06-23 05:36:47 - [ForkPoolWorker-15] models.mode_choice - DEBUG -   Mode rates for 'Other': car=87.7%, walk=4.6%, bus=2.7%, rideshare=1.6%, rail=1.4%, school_bus=0.8%, bike=0.6%, other=0.6%
2026-06-23 05:36:47 - [ForkPoolWorker-15] models.mode_choice - DEBUG -   Mode rates for 'School': car=74.5%, school_bus=15.7%, walk=6.5%, bike=1.6%, bus=1.0%, other=0.4%, rail=0.3%, rideshare=0.1%
2026-06-23 05:36:47 - [ForkPoolWorker-15] models.mode_choice - DEBUG -   Mode rates for 'Home': car=89.5%, walk=5.5%, school_bus=2.2%, bike=0.9%, bus=0.6%, rail=0.5%, rideshare=0.4%, other=0.4%
2026-06-23 05:36:47 - [ForkPoolWorker-15] models.mode_choice - DEBUG -   Mode rates for 'all': car=88.2%, walk=6.8%, school_bus=2.1%, bike=1.0%, bus=0.6%, rail=0.5%, rideshare=0.4%, other=0.4%
2026-06-23 05:36:47 - [ForkPoolWorker-15] models.mode_choice - INFO - Computed mode rates for 8 purposes
2026-06-23 05:36:47 - [ForkPoolWorker-15] models.mode_choice - INFO -   Overall mode distribution: car=88.2%, walk=6.8%, school_bus=2.1%, bike=1.0%, bus=0.6%, rail=0.5%, rideshare=0.4%, other=0.4%
2026-06-23 05:36:47 - [ForkPoolWorker-15] models.mode_choice - INFO - ModeChoiceModel initialized with 4 modes: ['car', 'bus', 'rail', 'walk']
2026-06-23 05:36:47 - [ForkPoolWorker-21] models.plan_generator - INFO - Worker ForkPoolWorker-21 started - processing 6719 OD pairs
2026-06-23 05:36:47 - [ForkPoolWorker-21] models.time - INFO - Fitted models for 49 activity pairs
2026-06-23 05:36:47 - [ForkPoolWorker-21] models.time - INFO - Mean trip durations: global=20.3min, per-pair=49 pairs
2026-06-23 05:36:48 - [ForkPoolWorker-16] models.mode_availability - DEBUG - Registered availability checker for car: UniversalAvailability
2026-06-23 05:36:48 - [ForkPoolWorker-16] models.mode_availability - DEBUG - Registered availability checker for bus: GTFSTransitAvailability
2026-06-23 05:36:48 - [ForkPoolWorker-16] models.mode_availability - DEBUG - Registered availability checker for rail: GTFSTransitAvailability
2026-06-23 05:36:48 - [ForkPoolWorker-16] models.mode_availability - DEBUG - Registered availability checker for walk: DistanceBasedAvailability
2026-06-23 05:36:48 - [ForkPoolWorker-16] models.mode_choice - INFO - Computing mode shares from survey data...
2026-06-23 05:36:48 - [ForkPoolWorker-16] models.mode_choice - DEBUG -   Survey weights (normalized): {'default': 1.0}
2026-06-23 05:36:48 - [ForkPoolWorker-16] models.mode_choice - DEBUG -   Computing rates for purposes: ['Social', 'Shopping', 'Work', 'Dining', 'Other', 'School', 'Home', 'all']
2026-06-23 05:36:48 - [ForkPoolWorker-16] models.mode_choice - DEBUG -   Mode rates for 'Social': car=76.4%, walk=18.4%, bike=2.7%, other=0.6%, rideshare=0.6%, rail=0.5%, bus=0.4%, school_bus=0.4%
2026-06-23 05:36:48 - [ForkPoolWorker-16] models.mode_choice - DEBUG -   Mode rates for 'Shopping': car=92.3%, walk=5.5%, school_bus=0.8%, bike=0.5%, bus=0.3%, other=0.2%, rail=0.2%, rideshare=0.2%
2026-06-23 05:36:48 - [ForkPoolWorker-16] models.mode_choice - DEBUG -   Mode rates for 'Work': car=92.8%, walk=2.6%, rail=1.1%, bus=1.1%, bike=0.8%, school_bus=0.7%, rideshare=0.5%, other=0.4%
2026-06-23 05:36:48 - [ForkPoolWorker-16] models.mode_choice - DEBUG -   Mode rates for 'Dining': car=90.9%, walk=7.4%, bike=0.5%, other=0.5%, rail=0.3%, bus=0.3%, rideshare=0.1%
2026-06-23 05:36:48 - [ForkPoolWorker-16] models.mode_choice - DEBUG -   Mode rates for 'Other': car=87.7%, walk=4.6%, bus=2.7%, rideshare=1.6%, rail=1.4%, school_bus=0.8%, bike=0.6%, other=0.6%
2026-06-23 05:36:48 - [ForkPoolWorker-16] models.mode_choice - DEBUG -   Mode rates for 'School': car=74.5%, school_bus=15.7%, walk=6.5%, bike=1.6%, bus=1.0%, other=0.4%, rail=0.3%, rideshare=0.1%
2026-06-23 05:36:48 - [ForkPoolWorker-16] models.mode_choice - DEBUG -   Mode rates for 'Home': car=89.5%, walk=5.5%, school_bus=2.2%, bike=0.9%, bus=0.6%, rail=0.5%, rideshare=0.4%, other=0.4%
2026-06-23 05:36:48 - [ForkPoolWorker-16] models.mode_choice - DEBUG -   Mode rates for 'all': car=88.2%, walk=6.8%, school_bus=2.1%, bike=1.0%, bus=0.6%, rail=0.5%, rideshare=0.4%, other=0.4%
2026-06-23 05:36:48 - [ForkPoolWorker-16] models.mode_choice - INFO - Computed mode rates for 8 purposes
2026-06-23 05:36:48 - [ForkPoolWorker-16] models.mode_choice - INFO -   Overall mode distribution: car=88.2%, walk=6.8%, school_bus=2.1%, bike=1.0%, bus=0.6%, rail=0.5%, rideshare=0.4%, other=0.4%
2026-06-23 05:36:48 - [ForkPoolWorker-16] models.mode_choice - INFO - ModeChoiceModel initialized with 4 modes: ['car', 'bus', 'rail', 'walk']
2026-06-23 05:36:49 - [ForkPoolWorker-22] models.plan_generator - INFO - Worker ForkPoolWorker-22 started - processing 6719 OD pairs
2026-06-23 05:36:49 - [ForkPoolWorker-22] models.time - INFO - Fitted models for 49 activity pairs
2026-06-23 05:36:49 - [ForkPoolWorker-22] models.time - INFO - Mean trip durations: global=20.3min, per-pair=49 pairs
2026-06-23 05:36:49 - [ForkPoolWorker-17] models.mode_availability - DEBUG - Registered availability checker for car: UniversalAvailability
2026-06-23 05:36:49 - [ForkPoolWorker-17] models.mode_availability - DEBUG - Registered availability checker for bus: GTFSTransitAvailability
2026-06-23 05:36:49 - [ForkPoolWorker-17] models.mode_availability - DEBUG - Registered availability checker for rail: GTFSTransitAvailability
2026-06-23 05:36:49 - [ForkPoolWorker-17] models.mode_availability - DEBUG - Registered availability checker for walk: DistanceBasedAvailability
2026-06-23 05:36:49 - [ForkPoolWorker-17] models.mode_choice - INFO - Computing mode shares from survey data...
2026-06-23 05:36:49 - [ForkPoolWorker-17] models.mode_choice - DEBUG -   Survey weights (normalized): {'default': 1.0}
2026-06-23 05:36:49 - [ForkPoolWorker-17] models.mode_choice - DEBUG -   Computing rates for purposes: ['Social', 'Shopping', 'Work', 'Dining', 'Other', 'School', 'Home', 'all']
2026-06-23 05:36:49 - [ForkPoolWorker-17] models.mode_choice - DEBUG -   Mode rates for 'Social': car=76.4%, walk=18.4%, bike=2.7%, other=0.6%, rideshare=0.6%, rail=0.5%, bus=0.4%, school_bus=0.4%
2026-06-23 05:36:49 - [ForkPoolWorker-17] models.mode_choice - DEBUG -   Mode rates for 'Shopping': car=92.3%, walk=5.5%, school_bus=0.8%, bike=0.5%, bus=0.3%, other=0.2%, rail=0.2%, rideshare=0.2%
2026-06-23 05:36:49 - [ForkPoolWorker-17] models.mode_choice - DEBUG -   Mode rates for 'Work': car=92.8%, walk=2.6%, rail=1.1%, bus=1.1%, bike=0.8%, school_bus=0.7%, rideshare=0.5%, other=0.4%
2026-06-23 05:36:49 - [ForkPoolWorker-17] models.mode_choice - DEBUG -   Mode rates for 'Dining': car=90.9%, walk=7.4%, bike=0.5%, other=0.5%, rail=0.3%, bus=0.3%, rideshare=0.1%
2026-06-23 05:36:49 - [ForkPoolWorker-17] models.mode_choice - DEBUG -   Mode rates for 'Other': car=87.7%, walk=4.6%, bus=2.7%, rideshare=1.6%, rail=1.4%, school_bus=0.8%, bike=0.6%, other=0.6%
2026-06-23 05:36:49 - [ForkPoolWorker-17] models.mode_choice - DEBUG -   Mode rates for 'School': car=74.5%, school_bus=15.7%, walk=6.5%, bike=1.6%, bus=1.0%, other=0.4%, rail=0.3%, rideshare=0.1%
2026-06-23 05:36:49 - [ForkPoolWorker-17] models.mode_choice - DEBUG -   Mode rates for 'Home': car=89.5%, walk=5.5%, school_bus=2.2%, bike=0.9%, bus=0.6%, rail=0.5%, rideshare=0.4%, other=0.4%
2026-06-23 05:36:49 - [ForkPoolWorker-17] models.mode_choice - DEBUG -   Mode rates for 'all': car=88.2%, walk=6.8%, school_bus=2.1%, bike=1.0%, bus=0.6%, rail=0.5%, rideshare=0.4%, other=0.4%
2026-06-23 05:36:49 - [ForkPoolWorker-17] models.mode_choice - INFO - Computed mode rates for 8 purposes
2026-06-23 05:36:49 - [ForkPoolWorker-17] models.mode_choice - INFO -   Overall mode distribution: car=88.2%, walk=6.8%, school_bus=2.1%, bike=1.0%, bus=0.6%, rail=0.5%, rideshare=0.4%, other=0.4%
2026-06-23 05:36:49 - [ForkPoolWorker-17] models.mode_choice - INFO - ModeChoiceModel initialized with 4 modes: ['car', 'bus', 'rail', 'walk']
2026-06-23 05:36:50 - [ForkPoolWorker-23] models.plan_generator - INFO - Worker ForkPoolWorker-23 started - processing 6719 OD pairs
2026-06-23 05:36:50 - [ForkPoolWorker-23] models.time - INFO - Fitted models for 49 activity pairs
2026-06-23 05:36:50 - [ForkPoolWorker-23] models.time - INFO - Mean trip durations: global=20.3min, per-pair=49 pairs
2026-06-23 05:36:50 - [ForkPoolWorker-18] models.mode_availability - DEBUG - Registered availability checker for car: UniversalAvailability
2026-06-23 05:36:50 - [ForkPoolWorker-18] models.mode_availability - DEBUG - Registered availability checker for bus: GTFSTransitAvailability
2026-06-23 05:36:50 - [ForkPoolWorker-18] models.mode_availability - DEBUG - Registered availability checker for rail: GTFSTransitAvailability
2026-06-23 05:36:50 - [ForkPoolWorker-18] models.mode_availability - DEBUG - Registered availability checker for walk: DistanceBasedAvailability
2026-06-23 05:36:50 - [ForkPoolWorker-18] models.mode_choice - INFO - Computing mode shares from survey data...
2026-06-23 05:36:50 - [ForkPoolWorker-18] models.mode_choice - DEBUG -   Survey weights (normalized): {'default': 1.0}
2026-06-23 05:36:50 - [ForkPoolWorker-18] models.mode_choice - DEBUG -   Computing rates for purposes: ['Social', 'Shopping', 'Work', 'Dining', 'Other', 'School', 'Home', 'all']
2026-06-23 05:36:50 - [ForkPoolWorker-18] models.mode_choice - DEBUG -   Mode rates for 'Social': car=76.4%, walk=18.4%, bike=2.7%, other=0.6%, rideshare=0.6%, rail=0.5%, bus=0.4%, school_bus=0.4%
2026-06-23 05:36:51 - [ForkPoolWorker-18] models.mode_choice - DEBUG -   Mode rates for 'Shopping': car=92.3%, walk=5.5%, school_bus=0.8%, bike=0.5%, bus=0.3%, other=0.2%, rail=0.2%, rideshare=0.2%
2026-06-23 05:36:51 - [ForkPoolWorker-18] models.mode_choice - DEBUG -   Mode rates for 'Work': car=92.8%, walk=2.6%, rail=1.1%, bus=1.1%, bike=0.8%, school_bus=0.7%, rideshare=0.5%, other=0.4%
2026-06-23 05:36:51 - [ForkPoolWorker-18] models.mode_choice - DEBUG -   Mode rates for 'Dining': car=90.9%, walk=7.4%, bike=0.5%, other=0.5%, rail=0.3%, bus=0.3%, rideshare=0.1%
2026-06-23 05:36:51 - [ForkPoolWorker-18] models.mode_choice - DEBUG -   Mode rates for 'Other': car=87.7%, walk=4.6%, bus=2.7%, rideshare=1.6%, rail=1.4%, school_bus=0.8%, bike=0.6%, other=0.6%
2026-06-23 05:36:51 - [ForkPoolWorker-18] models.mode_choice - DEBUG -   Mode rates for 'School': car=74.5%, school_bus=15.7%, walk=6.5%, bike=1.6%, bus=1.0%, other=0.4%, rail=0.3%, rideshare=0.1%
2026-06-23 05:36:51 - [ForkPoolWorker-18] models.mode_choice - DEBUG -   Mode rates for 'Home': car=89.5%, walk=5.5%, school_bus=2.2%, bike=0.9%, bus=0.6%, rail=0.5%, rideshare=0.4%, other=0.4%
2026-06-23 05:36:51 - [ForkPoolWorker-18] models.mode_choice - DEBUG -   Mode rates for 'all': car=88.2%, walk=6.8%, school_bus=2.1%, bike=1.0%, bus=0.6%, rail=0.5%, rideshare=0.4%, other=0.4%
2026-06-23 05:36:51 - [ForkPoolWorker-18] models.mode_choice - INFO - Computed mode rates for 8 purposes
2026-06-23 05:36:51 - [ForkPoolWorker-18] models.mode_choice - INFO -   Overall mode distribution: car=88.2%, walk=6.8%, school_bus=2.1%, bike=1.0%, bus=0.6%, rail=0.5%, rideshare=0.4%, other=0.4%
2026-06-23 05:36:51 - [ForkPoolWorker-18] models.mode_choice - INFO - ModeChoiceModel initialized with 4 modes: ['car', 'bus', 'rail', 'walk']
2026-06-23 05:36:51 - [ForkPoolWorker-24] models.plan_generator - INFO - Worker ForkPoolWorker-24 started - processing 6719 OD pairs
2026-06-23 05:36:51 - [ForkPoolWorker-24] models.time - INFO - Fitted models for 49 activity pairs
2026-06-23 05:36:51 - [ForkPoolWorker-24] models.time - INFO - Mean trip durations: global=20.3min, per-pair=49 pairs
2026-06-23 05:36:52 - [ForkPoolWorker-19] models.mode_availability - DEBUG - Registered availability checker for car: UniversalAvailability
2026-06-23 05:36:52 - [ForkPoolWorker-19] models.mode_availability - DEBUG - Registered availability checker for bus: GTFSTransitAvailability
2026-06-23 05:36:52 - [ForkPoolWorker-19] models.mode_availability - DEBUG - Registered availability checker for rail: GTFSTransitAvailability
2026-06-23 05:36:52 - [ForkPoolWorker-19] models.mode_availability - DEBUG - Registered availability checker for walk: DistanceBasedAvailability
2026-06-23 05:36:52 - [ForkPoolWorker-19] models.mode_choice - INFO - Computing mode shares from survey data...
2026-06-23 05:36:52 - [ForkPoolWorker-19] models.mode_choice - DEBUG -   Survey weights (normalized): {'default': 1.0}
2026-06-23 05:36:52 - [ForkPoolWorker-19] models.mode_choice - DEBUG -   Computing rates for purposes: ['Social', 'Shopping', 'Work', 'Dining', 'Other', 'School', 'Home', 'all']
2026-06-23 05:36:52 - [ForkPoolWorker-19] models.mode_choice - DEBUG -   Mode rates for 'Social': car=76.4%, walk=18.4%, bike=2.7%, other=0.6%, rideshare=0.6%, rail=0.5%, bus=0.4%, school_bus=0.4%
2026-06-23 05:36:52 - [ForkPoolWorker-19] models.mode_choice - DEBUG -   Mode rates for 'Shopping': car=92.3%, walk=5.5%, school_bus=0.8%, bike=0.5%, bus=0.3%, other=0.2%, rail=0.2%, rideshare=0.2%
2026-06-23 05:36:52 - [ForkPoolWorker-19] models.mode_choice - DEBUG -   Mode rates for 'Work': car=92.8%, walk=2.6%, rail=1.1%, bus=1.1%, bike=0.8%, school_bus=0.7%, rideshare=0.5%, other=0.4%
2026-06-23 05:36:52 - [ForkPoolWorker-19] models.mode_choice - DEBUG -   Mode rates for 'Dining': car=90.9%, walk=7.4%, bike=0.5%, other=0.5%, rail=0.3%, bus=0.3%, rideshare=0.1%
2026-06-23 05:36:52 - [ForkPoolWorker-19] models.mode_choice - DEBUG -   Mode rates for 'Other': car=87.7%, walk=4.6%, bus=2.7%, rideshare=1.6%, rail=1.4%, school_bus=0.8%, bike=0.6%, other=0.6%
2026-06-23 05:36:52 - [ForkPoolWorker-19] models.mode_choice - DEBUG -   Mode rates for 'School': car=74.5%, school_bus=15.7%, walk=6.5%, bike=1.6%, bus=1.0%, other=0.4%, rail=0.3%, rideshare=0.1%
2026-06-23 05:36:52 - [ForkPoolWorker-19] models.mode_choice - DEBUG -   Mode rates for 'Home': car=89.5%, walk=5.5%, school_bus=2.2%, bike=0.9%, bus=0.6%, rail=0.5%, rideshare=0.4%, other=0.4%
2026-06-23 05:36:52 - [ForkPoolWorker-19] models.mode_choice - DEBUG -   Mode rates for 'all': car=88.2%, walk=6.8%, school_bus=2.1%, bike=1.0%, bus=0.6%, rail=0.5%, rideshare=0.4%, other=0.4%
2026-06-23 05:36:52 - [ForkPoolWorker-19] models.mode_choice - INFO - Computed mode rates for 8 purposes
2026-06-23 05:36:52 - [ForkPoolWorker-19] models.mode_choice - INFO -   Overall mode distribution: car=88.2%, walk=6.8%, school_bus=2.1%, bike=1.0%, bus=0.6%, rail=0.5%, rideshare=0.4%, other=0.4%
2026-06-23 05:36:52 - [ForkPoolWorker-19] models.mode_choice - INFO - ModeChoiceModel initialized with 4 modes: ['car', 'bus', 'rail', 'walk']
2026-06-23 05:36:52 - [ForkPoolWorker-25] models.plan_generator - INFO - Worker ForkPoolWorker-25 started - processing 6719 OD pairs
2026-06-23 05:36:52 - [ForkPoolWorker-25] models.time - INFO - Fitted models for 49 activity pairs
2026-06-23 05:36:52 - [ForkPoolWorker-25] models.time - INFO - Mean trip durations: global=20.3min, per-pair=49 pairs
2026-06-23 05:36:53 - [ForkPoolWorker-20] models.mode_availability - DEBUG - Registered availability checker for car: UniversalAvailability
2026-06-23 05:36:53 - [ForkPoolWorker-20] models.mode_availability - DEBUG - Registered availability checker for bus: GTFSTransitAvailability
2026-06-23 05:36:53 - [ForkPoolWorker-20] models.mode_availability - DEBUG - Registered availability checker for rail: GTFSTransitAvailability
2026-06-23 05:36:53 - [ForkPoolWorker-20] models.mode_availability - DEBUG - Registered availability checker for walk: DistanceBasedAvailability
2026-06-23 05:36:53 - [ForkPoolWorker-20] models.mode_choice - INFO - Computing mode shares from survey data...
2026-06-23 05:36:53 - [ForkPoolWorker-20] models.mode_choice - DEBUG -   Survey weights (normalized): {'default': 1.0}
2026-06-23 05:36:53 - [ForkPoolWorker-20] models.mode_choice - DEBUG -   Computing rates for purposes: ['Social', 'Shopping', 'Work', 'Dining', 'Other', 'School', 'Home', 'all']
2026-06-23 05:36:53 - [ForkPoolWorker-20] models.mode_choice - DEBUG -   Mode rates for 'Social': car=76.4%, walk=18.4%, bike=2.7%, other=0.6%, rideshare=0.6%, rail=0.5%, bus=0.4%, school_bus=0.4%
2026-06-23 05:36:53 - [ForkPoolWorker-20] models.mode_choice - DEBUG -   Mode rates for 'Shopping': car=92.3%, walk=5.5%, school_bus=0.8%, bike=0.5%, bus=0.3%, other=0.2%, rail=0.2%, rideshare=0.2%
2026-06-23 05:36:53 - [ForkPoolWorker-20] models.mode_choice - DEBUG -   Mode rates for 'Work': car=92.8%, walk=2.6%, rail=1.1%, bus=1.1%, bike=0.8%, school_bus=0.7%, rideshare=0.5%, other=0.4%
2026-06-23 05:36:53 - [ForkPoolWorker-20] models.mode_choice - DEBUG -   Mode rates for 'Dining': car=90.9%, walk=7.4%, bike=0.5%, other=0.5%, rail=0.3%, bus=0.3%, rideshare=0.1%
2026-06-23 05:36:53 - [ForkPoolWorker-20] models.mode_choice - DEBUG -   Mode rates for 'Other': car=87.7%, walk=4.6%, bus=2.7%, rideshare=1.6%, rail=1.4%, school_bus=0.8%, bike=0.6%, other=0.6%
2026-06-23 05:36:53 - [ForkPoolWorker-20] models.mode_choice - DEBUG -   Mode rates for 'School': car=74.5%, school_bus=15.7%, walk=6.5%, bike=1.6%, bus=1.0%, other=0.4%, rail=0.3%, rideshare=0.1%
2026-06-23 05:36:53 - [ForkPoolWorker-20] models.mode_choice - DEBUG -   Mode rates for 'Home': car=89.5%, walk=5.5%, school_bus=2.2%, bike=0.9%, bus=0.6%, rail=0.5%, rideshare=0.4%, other=0.4%
2026-06-23 05:36:53 - [ForkPoolWorker-20] models.mode_choice - DEBUG -   Mode rates for 'all': car=88.2%, walk=6.8%, school_bus=2.1%, bike=1.0%, bus=0.6%, rail=0.5%, rideshare=0.4%, other=0.4%
2026-06-23 05:36:53 - [ForkPoolWorker-20] models.mode_choice - INFO - Computed mode rates for 8 purposes
2026-06-23 05:36:53 - [ForkPoolWorker-20] models.mode_choice - INFO -   Overall mode distribution: car=88.2%, walk=6.8%, school_bus=2.1%, bike=1.0%, bus=0.6%, rail=0.5%, rideshare=0.4%, other=0.4%
2026-06-23 05:36:53 - [ForkPoolWorker-20] models.mode_choice - INFO - ModeChoiceModel initialized with 4 modes: ['car', 'bus', 'rail', 'walk']
2026-06-23 05:36:54 - [ForkPoolWorker-26] models.plan_generator - INFO - Worker ForkPoolWorker-26 started - processing 6719 OD pairs
2026-06-23 05:36:54 - [ForkPoolWorker-26] models.time - INFO - Fitted models for 49 activity pairs
2026-06-23 05:36:54 - [ForkPoolWorker-26] models.time - INFO - Mean trip durations: global=20.3min, per-pair=49 pairs
2026-06-23 05:36:55 - [ForkPoolWorker-21] models.mode_availability - DEBUG - Registered availability checker for car: UniversalAvailability
2026-06-23 05:36:55 - [ForkPoolWorker-21] models.mode_availability - DEBUG - Registered availability checker for bus: GTFSTransitAvailability
2026-06-23 05:36:55 - [ForkPoolWorker-21] models.mode_availability - DEBUG - Registered availability checker for rail: GTFSTransitAvailability
2026-06-23 05:36:55 - [ForkPoolWorker-21] models.mode_availability - DEBUG - Registered availability checker for walk: DistanceBasedAvailability
2026-06-23 05:36:55 - [ForkPoolWorker-21] models.mode_choice - INFO - Computing mode shares from survey data...
2026-06-23 05:36:55 - [ForkPoolWorker-21] models.mode_choice - DEBUG -   Survey weights (normalized): {'default': 1.0}
2026-06-23 05:36:55 - [ForkPoolWorker-21] models.mode_choice - DEBUG -   Computing rates for purposes: ['Social', 'Shopping', 'Work', 'Dining', 'Other', 'School', 'Home', 'all']
2026-06-23 05:36:55 - [ForkPoolWorker-21] models.mode_choice - DEBUG -   Mode rates for 'Social': car=76.4%, walk=18.4%, bike=2.7%, other=0.6%, rideshare=0.6%, rail=0.5%, bus=0.4%, school_bus=0.4%
2026-06-23 05:36:55 - [ForkPoolWorker-21] models.mode_choice - DEBUG -   Mode rates for 'Shopping': car=92.3%, walk=5.5%, school_bus=0.8%, bike=0.5%, bus=0.3%, other=0.2%, rail=0.2%, rideshare=0.2%
2026-06-23 05:36:55 - [ForkPoolWorker-21] models.mode_choice - DEBUG -   Mode rates for 'Work': car=92.8%, walk=2.6%, rail=1.1%, bus=1.1%, bike=0.8%, school_bus=0.7%, rideshare=0.5%, other=0.4%
2026-06-23 05:36:55 - [ForkPoolWorker-21] models.mode_choice - DEBUG -   Mode rates for 'Dining': car=90.9%, walk=7.4%, bike=0.5%, other=0.5%, rail=0.3%, bus=0.3%, rideshare=0.1%
2026-06-23 05:36:55 - [ForkPoolWorker-21] models.mode_choice - DEBUG -   Mode rates for 'Other': car=87.7%, walk=4.6%, bus=2.7%, rideshare=1.6%, rail=1.4%, school_bus=0.8%, bike=0.6%, other=0.6%
2026-06-23 05:36:55 - [ForkPoolWorker-21] models.mode_choice - DEBUG -   Mode rates for 'School': car=74.5%, school_bus=15.7%, walk=6.5%, bike=1.6%, bus=1.0%, other=0.4%, rail=0.3%, rideshare=0.1%
2026-06-23 05:36:55 - [ForkPoolWorker-21] models.mode_choice - DEBUG -   Mode rates for 'Home': car=89.5%, walk=5.5%, school_bus=2.2%, bike=0.9%, bus=0.6%, rail=0.5%, rideshare=0.4%, other=0.4%
2026-06-23 05:36:55 - [ForkPoolWorker-21] models.mode_choice - DEBUG -   Mode rates for 'all': car=88.2%, walk=6.8%, school_bus=2.1%, bike=1.0%, bus=0.6%, rail=0.5%, rideshare=0.4%, other=0.4%
2026-06-23 05:36:55 - [ForkPoolWorker-21] models.mode_choice - INFO - Computed mode rates for 8 purposes
2026-06-23 05:36:55 - [ForkPoolWorker-21] models.mode_choice - INFO -   Overall mode distribution: car=88.2%, walk=6.8%, school_bus=2.1%, bike=1.0%, bus=0.6%, rail=0.5%, rideshare=0.4%, other=0.4%
2026-06-23 05:36:55 - [ForkPoolWorker-21] models.mode_choice - INFO - ModeChoiceModel initialized with 4 modes: ['car', 'bus', 'rail', 'walk']
2026-06-23 05:36:55 - [ForkPoolWorker-27] models.plan_generator - INFO - Worker ForkPoolWorker-27 started - processing 6719 OD pairs
2026-06-23 05:36:55 - [ForkPoolWorker-27] models.time - INFO - Fitted models for 49 activity pairs
2026-06-23 05:36:55 - [ForkPoolWorker-27] models.time - INFO - Mean trip durations: global=20.3min, per-pair=49 pairs
2026-06-23 05:36:56 - [ForkPoolWorker-22] models.mode_availability - DEBUG - Registered availability checker for car: UniversalAvailability
2026-06-23 05:36:56 - [ForkPoolWorker-22] models.mode_availability - DEBUG - Registered availability checker for bus: GTFSTransitAvailability
2026-06-23 05:36:56 - [ForkPoolWorker-22] models.mode_availability - DEBUG - Registered availability checker for rail: GTFSTransitAvailability
2026-06-23 05:36:56 - [ForkPoolWorker-22] models.mode_availability - DEBUG - Registered availability checker for walk: DistanceBasedAvailability
2026-06-23 05:36:56 - [ForkPoolWorker-22] models.mode_choice - INFO - Computing mode shares from survey data...
2026-06-23 05:36:56 - [ForkPoolWorker-22] models.mode_choice - DEBUG -   Survey weights (normalized): {'default': 1.0}
2026-06-23 05:36:56 - [ForkPoolWorker-22] models.mode_choice - DEBUG -   Computing rates for purposes: ['Social', 'Shopping', 'Work', 'Dining', 'Other', 'School', 'Home', 'all']
2026-06-23 05:36:56 - [ForkPoolWorker-22] models.mode_choice - DEBUG -   Mode rates for 'Social': car=76.4%, walk=18.4%, bike=2.7%, other=0.6%, rideshare=0.6%, rail=0.5%, bus=0.4%, school_bus=0.4%
2026-06-23 05:36:56 - [ForkPoolWorker-22] models.mode_choice - DEBUG -   Mode rates for 'Shopping': car=92.3%, walk=5.5%, school_bus=0.8%, bike=0.5%, bus=0.3%, other=0.2%, rail=0.2%, rideshare=0.2%
2026-06-23 05:36:56 - [ForkPoolWorker-22] models.mode_choice - DEBUG -   Mode rates for 'Work': car=92.8%, walk=2.6%, rail=1.1%, bus=1.1%, bike=0.8%, school_bus=0.7%, rideshare=0.5%, other=0.4%
2026-06-23 05:36:56 - [ForkPoolWorker-22] models.mode_choice - DEBUG -   Mode rates for 'Dining': car=90.9%, walk=7.4%, bike=0.5%, other=0.5%, rail=0.3%, bus=0.3%, rideshare=0.1%
2026-06-23 05:36:56 - [ForkPoolWorker-22] models.mode_choice - DEBUG -   Mode rates for 'Other': car=87.7%, walk=4.6%, bus=2.7%, rideshare=1.6%, rail=1.4%, school_bus=0.8%, bike=0.6%, other=0.6%
2026-06-23 05:36:56 - [ForkPoolWorker-22] models.mode_choice - DEBUG -   Mode rates for 'School': car=74.5%, school_bus=15.7%, walk=6.5%, bike=1.6%, bus=1.0%, other=0.4%, rail=0.3%, rideshare=0.1%
2026-06-23 05:36:56 - [ForkPoolWorker-22] models.mode_choice - DEBUG -   Mode rates for 'Home': car=89.5%, walk=5.5%, school_bus=2.2%, bike=0.9%, bus=0.6%, rail=0.5%, rideshare=0.4%, other=0.4%
2026-06-23 05:36:56 - [ForkPoolWorker-22] models.mode_choice - DEBUG -   Mode rates for 'all': car=88.2%, walk=6.8%, school_bus=2.1%, bike=1.0%, bus=0.6%, rail=0.5%, rideshare=0.4%, other=0.4%
2026-06-23 05:36:56 - [ForkPoolWorker-22] models.mode_choice - INFO - Computed mode rates for 8 purposes
2026-06-23 05:36:56 - [ForkPoolWorker-22] models.mode_choice - INFO -   Overall mode distribution: car=88.2%, walk=6.8%, school_bus=2.1%, bike=1.0%, bus=0.6%, rail=0.5%, rideshare=0.4%, other=0.4%
2026-06-23 05:36:56 - [ForkPoolWorker-22] models.mode_choice - INFO - ModeChoiceModel initialized with 4 modes: ['car', 'bus', 'rail', 'walk']
2026-06-23 05:36:57 - [ForkPoolWorker-28] models.plan_generator - INFO - Worker ForkPoolWorker-28 started - processing 6719 OD pairs
2026-06-23 05:36:57 - [ForkPoolWorker-28] models.time - INFO - Fitted models for 49 activity pairs
2026-06-23 05:36:57 - [ForkPoolWorker-28] models.time - INFO - Mean trip durations: global=20.3min, per-pair=49 pairs
2026-06-23 05:36:57 - [ForkPoolWorker-23] models.mode_availability - DEBUG - Registered availability checker for car: UniversalAvailability
2026-06-23 05:36:57 - [ForkPoolWorker-23] models.mode_availability - DEBUG - Registered availability checker for bus: GTFSTransitAvailability
2026-06-23 05:36:57 - [ForkPoolWorker-23] models.mode_availability - DEBUG - Registered availability checker for rail: GTFSTransitAvailability
2026-06-23 05:36:57 - [ForkPoolWorker-23] models.mode_availability - DEBUG - Registered availability checker for walk: DistanceBasedAvailability
2026-06-23 05:36:57 - [ForkPoolWorker-23] models.mode_choice - INFO - Computing mode shares from survey data...
2026-06-23 05:36:57 - [ForkPoolWorker-23] models.mode_choice - DEBUG -   Survey weights (normalized): {'default': 1.0}
2026-06-23 05:36:57 - [ForkPoolWorker-23] models.mode_choice - DEBUG -   Computing rates for purposes: ['Social', 'Shopping', 'Work', 'Dining', 'Other', 'School', 'Home', 'all']
2026-06-23 05:36:57 - [ForkPoolWorker-23] models.mode_choice - DEBUG -   Mode rates for 'Social': car=76.4%, walk=18.4%, bike=2.7%, other=0.6%, rideshare=0.6%, rail=0.5%, bus=0.4%, school_bus=0.4%
2026-06-23 05:36:57 - [ForkPoolWorker-23] models.mode_choice - DEBUG -   Mode rates for 'Shopping': car=92.3%, walk=5.5%, school_bus=0.8%, bike=0.5%, bus=0.3%, other=0.2%, rail=0.2%, rideshare=0.2%
2026-06-23 05:36:57 - [ForkPoolWorker-23] models.mode_choice - DEBUG -   Mode rates for 'Work': car=92.8%, walk=2.6%, rail=1.1%, bus=1.1%, bike=0.8%, school_bus=0.7%, rideshare=0.5%, other=0.4%
2026-06-23 05:36:57 - [ForkPoolWorker-23] models.mode_choice - DEBUG -   Mode rates for 'Dining': car=90.9%, walk=7.4%, bike=0.5%, other=0.5%, rail=0.3%, bus=0.3%, rideshare=0.1%
2026-06-23 05:36:57 - [ForkPoolWorker-23] models.mode_choice - DEBUG -   Mode rates for 'Other': car=87.7%, walk=4.6%, bus=2.7%, rideshare=1.6%, rail=1.4%, school_bus=0.8%, bike=0.6%, other=0.6%
2026-06-23 05:36:58 - [ForkPoolWorker-23] models.mode_choice - DEBUG -   Mode rates for 'School': car=74.5%, school_bus=15.7%, walk=6.5%, bike=1.6%, bus=1.0%, other=0.4%, rail=0.3%, rideshare=0.1%
2026-06-23 05:36:58 - [ForkPoolWorker-23] models.mode_choice - DEBUG -   Mode rates for 'Home': car=89.5%, walk=5.5%, school_bus=2.2%, bike=0.9%, bus=0.6%, rail=0.5%, rideshare=0.4%, other=0.4%
2026-06-23 05:36:58 - [ForkPoolWorker-23] models.mode_choice - DEBUG -   Mode rates for 'all': car=88.2%, walk=6.8%, school_bus=2.1%, bike=1.0%, bus=0.6%, rail=0.5%, rideshare=0.4%, other=0.4%
2026-06-23 05:36:58 - [ForkPoolWorker-23] models.mode_choice - INFO - Computed mode rates for 8 purposes
2026-06-23 05:36:58 - [ForkPoolWorker-23] models.mode_choice - INFO -   Overall mode distribution: car=88.2%, walk=6.8%, school_bus=2.1%, bike=1.0%, bus=0.6%, rail=0.5%, rideshare=0.4%, other=0.4%
2026-06-23 05:36:58 - [ForkPoolWorker-23] models.mode_choice - INFO - ModeChoiceModel initialized with 4 modes: ['car', 'bus', 'rail', 'walk']
2026-06-23 05:36:58 - [ForkPoolWorker-29] models.plan_generator - INFO - Worker ForkPoolWorker-29 started - processing 6719 OD pairs
2026-06-23 05:36:58 - [ForkPoolWorker-29] models.time - INFO - Fitted models for 49 activity pairs
2026-06-23 05:36:58 - [ForkPoolWorker-29] models.time - INFO - Mean trip durations: global=20.3min, per-pair=49 pairs
2026-06-23 05:36:59 - [ForkPoolWorker-24] models.mode_availability - DEBUG - Registered availability checker for car: UniversalAvailability
2026-06-23 05:36:59 - [ForkPoolWorker-24] models.mode_availability - DEBUG - Registered availability checker for bus: GTFSTransitAvailability
2026-06-23 05:36:59 - [ForkPoolWorker-24] models.mode_availability - DEBUG - Registered availability checker for rail: GTFSTransitAvailability
2026-06-23 05:36:59 - [ForkPoolWorker-24] models.mode_availability - DEBUG - Registered availability checker for walk: DistanceBasedAvailability
2026-06-23 05:36:59 - [ForkPoolWorker-24] models.mode_choice - INFO - Computing mode shares from survey data...
2026-06-23 05:36:59 - [ForkPoolWorker-24] models.mode_choice - DEBUG -   Survey weights (normalized): {'default': 1.0}
2026-06-23 05:36:59 - [ForkPoolWorker-24] models.mode_choice - DEBUG -   Computing rates for purposes: ['Social', 'Shopping', 'Work', 'Dining', 'Other', 'School', 'Home', 'all']
2026-06-23 05:36:59 - [ForkPoolWorker-24] models.mode_choice - DEBUG -   Mode rates for 'Social': car=76.4%, walk=18.4%, bike=2.7%, other=0.6%, rideshare=0.6%, rail=0.5%, bus=0.4%, school_bus=0.4%
2026-06-23 05:36:59 - [ForkPoolWorker-24] models.mode_choice - DEBUG -   Mode rates for 'Shopping': car=92.3%, walk=5.5%, school_bus=0.8%, bike=0.5%, bus=0.3%, other=0.2%, rail=0.2%, rideshare=0.2%
2026-06-23 05:36:59 - [ForkPoolWorker-24] models.mode_choice - DEBUG -   Mode rates for 'Work': car=92.8%, walk=2.6%, rail=1.1%, bus=1.1%, bike=0.8%, school_bus=0.7%, rideshare=0.5%, other=0.4%
2026-06-23 05:36:59 - [ForkPoolWorker-24] models.mode_choice - DEBUG -   Mode rates for 'Dining': car=90.9%, walk=7.4%, bike=0.5%, other=0.5%, rail=0.3%, bus=0.3%, rideshare=0.1%
2026-06-23 05:36:59 - [ForkPoolWorker-24] models.mode_choice - DEBUG -   Mode rates for 'Other': car=87.7%, walk=4.6%, bus=2.7%, rideshare=1.6%, rail=1.4%, school_bus=0.8%, bike=0.6%, other=0.6%
2026-06-23 05:36:59 - [ForkPoolWorker-24] models.mode_choice - DEBUG -   Mode rates for 'School': car=74.5%, school_bus=15.7%, walk=6.5%, bike=1.6%, bus=1.0%, other=0.4%, rail=0.3%, rideshare=0.1%
2026-06-23 05:36:59 - [ForkPoolWorker-24] models.mode_choice - DEBUG -   Mode rates for 'Home': car=89.5%, walk=5.5%, school_bus=2.2%, bike=0.9%, bus=0.6%, rail=0.5%, rideshare=0.4%, other=0.4%
2026-06-23 05:36:59 - [ForkPoolWorker-24] models.mode_choice - DEBUG -   Mode rates for 'all': car=88.2%, walk=6.8%, school_bus=2.1%, bike=1.0%, bus=0.6%, rail=0.5%, rideshare=0.4%, other=0.4%
2026-06-23 05:36:59 - [ForkPoolWorker-24] models.mode_choice - INFO - Computed mode rates for 8 purposes
2026-06-23 05:36:59 - [ForkPoolWorker-24] models.mode_choice - INFO -   Overall mode distribution: car=88.2%, walk=6.8%, school_bus=2.1%, bike=1.0%, bus=0.6%, rail=0.5%, rideshare=0.4%, other=0.4%
2026-06-23 05:36:59 - [ForkPoolWorker-24] models.mode_choice - INFO - ModeChoiceModel initialized with 4 modes: ['car', 'bus', 'rail', 'walk']
2026-06-23 05:36:59 - [ForkPoolWorker-30] models.plan_generator - INFO - Worker ForkPoolWorker-30 started - processing 6719 OD pairs
2026-06-23 05:37:00 - [ForkPoolWorker-30] models.time - INFO - Fitted models for 49 activity pairs
2026-06-23 05:37:00 - [ForkPoolWorker-30] models.time - INFO - Mean trip durations: global=20.3min, per-pair=49 pairs
2026-06-23 05:37:00 - [ForkPoolWorker-25] models.mode_availability - DEBUG - Registered availability checker for car: UniversalAvailability
2026-06-23 05:37:00 - [ForkPoolWorker-25] models.mode_availability - DEBUG - Registered availability checker for bus: GTFSTransitAvailability
2026-06-23 05:37:00 - [ForkPoolWorker-25] models.mode_availability - DEBUG - Registered availability checker for rail: GTFSTransitAvailability
2026-06-23 05:37:00 - [ForkPoolWorker-25] models.mode_availability - DEBUG - Registered availability checker for walk: DistanceBasedAvailability
2026-06-23 05:37:00 - [ForkPoolWorker-25] models.mode_choice - INFO - Computing mode shares from survey data...
2026-06-23 05:37:00 - [ForkPoolWorker-25] models.mode_choice - DEBUG -   Survey weights (normalized): {'default': 1.0}
2026-06-23 05:37:00 - [ForkPoolWorker-25] models.mode_choice - DEBUG -   Computing rates for purposes: ['Social', 'Shopping', 'Work', 'Dining', 'Other', 'School', 'Home', 'all']
2026-06-23 05:37:00 - [ForkPoolWorker-25] models.mode_choice - DEBUG -   Mode rates for 'Social': car=76.4%, walk=18.4%, bike=2.7%, other=0.6%, rideshare=0.6%, rail=0.5%, bus=0.4%, school_bus=0.4%
2026-06-23 05:37:00 - [ForkPoolWorker-25] models.mode_choice - DEBUG -   Mode rates for 'Shopping': car=92.3%, walk=5.5%, school_bus=0.8%, bike=0.5%, bus=0.3%, other=0.2%, rail=0.2%, rideshare=0.2%
2026-06-23 05:37:00 - [ForkPoolWorker-25] models.mode_choice - DEBUG -   Mode rates for 'Work': car=92.8%, walk=2.6%, rail=1.1%, bus=1.1%, bike=0.8%, school_bus=0.7%, rideshare=0.5%, other=0.4%
2026-06-23 05:37:00 - [ForkPoolWorker-25] models.mode_choice - DEBUG -   Mode rates for 'Dining': car=90.9%, walk=7.4%, bike=0.5%, other=0.5%, rail=0.3%, bus=0.3%, rideshare=0.1%
2026-06-23 05:37:00 - [ForkPoolWorker-25] models.mode_choice - DEBUG -   Mode rates for 'Other': car=87.7%, walk=4.6%, bus=2.7%, rideshare=1.6%, rail=1.4%, school_bus=0.8%, bike=0.6%, other=0.6%
2026-06-23 05:37:00 - [ForkPoolWorker-25] models.mode_choice - DEBUG -   Mode rates for 'School': car=74.5%, school_bus=15.7%, walk=6.5%, bike=1.6%, bus=1.0%, other=0.4%, rail=0.3%, rideshare=0.1%
2026-06-23 05:37:00 - [ForkPoolWorker-25] models.mode_choice - DEBUG -   Mode rates for 'Home': car=89.5%, walk=5.5%, school_bus=2.2%, bike=0.9%, bus=0.6%, rail=0.5%, rideshare=0.4%, other=0.4%
2026-06-23 05:37:00 - [ForkPoolWorker-25] models.mode_choice - DEBUG -   Mode rates for 'all': car=88.2%, walk=6.8%, school_bus=2.1%, bike=1.0%, bus=0.6%, rail=0.5%, rideshare=0.4%, other=0.4%
2026-06-23 05:37:00 - [ForkPoolWorker-25] models.mode_choice - INFO - Computed mode rates for 8 purposes
2026-06-23 05:37:00 - [ForkPoolWorker-25] models.mode_choice - INFO -   Overall mode distribution: car=88.2%, walk=6.8%, school_bus=2.1%, bike=1.0%, bus=0.6%, rail=0.5%, rideshare=0.4%, other=0.4%
2026-06-23 05:37:00 - [ForkPoolWorker-25] models.mode_choice - INFO - ModeChoiceModel initialized with 4 modes: ['car', 'bus', 'rail', 'walk']
2026-06-23 05:37:01 - [ForkPoolWorker-26] models.mode_availability - DEBUG - Registered availability checker for car: UniversalAvailability
2026-06-23 05:37:01 - [ForkPoolWorker-26] models.mode_availability - DEBUG - Registered availability checker for bus: GTFSTransitAvailability
2026-06-23 05:37:01 - [ForkPoolWorker-26] models.mode_availability - DEBUG - Registered availability checker for rail: GTFSTransitAvailability
2026-06-23 05:37:01 - [ForkPoolWorker-26] models.mode_availability - DEBUG - Registered availability checker for walk: DistanceBasedAvailability
2026-06-23 05:37:01 - [ForkPoolWorker-26] models.mode_choice - INFO - Computing mode shares from survey data...
2026-06-23 05:37:01 - [ForkPoolWorker-26] models.mode_choice - DEBUG -   Survey weights (normalized): {'default': 1.0}
2026-06-23 05:37:01 - [ForkPoolWorker-26] models.mode_choice - DEBUG -   Computing rates for purposes: ['Social', 'Shopping', 'Work', 'Dining', 'Other', 'School', 'Home', 'all']
2026-06-23 05:37:01 - [ForkPoolWorker-26] models.mode_choice - DEBUG -   Mode rates for 'Social': car=76.4%, walk=18.4%, bike=2.7%, other=0.6%, rideshare=0.6%, rail=0.5%, bus=0.4%, school_bus=0.4%
2026-06-23 05:37:01 - [ForkPoolWorker-26] models.mode_choice - DEBUG -   Mode rates for 'Shopping': car=92.3%, walk=5.5%, school_bus=0.8%, bike=0.5%, bus=0.3%, other=0.2%, rail=0.2%, rideshare=0.2%
2026-06-23 05:37:01 - [ForkPoolWorker-26] models.mode_choice - DEBUG -   Mode rates for 'Work': car=92.8%, walk=2.6%, rail=1.1%, bus=1.1%, bike=0.8%, school_bus=0.7%, rideshare=0.5%, other=0.4%
2026-06-23 05:37:01 - [ForkPoolWorker-26] models.mode_choice - DEBUG -   Mode rates for 'Dining': car=90.9%, walk=7.4%, bike=0.5%, other=0.5%, rail=0.3%, bus=0.3%, rideshare=0.1%
2026-06-23 05:37:01 - [ForkPoolWorker-26] models.mode_choice - DEBUG -   Mode rates for 'Other': car=87.7%, walk=4.6%, bus=2.7%, rideshare=1.6%, rail=1.4%, school_bus=0.8%, bike=0.6%, other=0.6%
2026-06-23 05:37:01 - [ForkPoolWorker-26] models.mode_choice - DEBUG -   Mode rates for 'School': car=74.5%, school_bus=15.7%, walk=6.5%, bike=1.6%, bus=1.0%, other=0.4%, rail=0.3%, rideshare=0.1%
2026-06-23 05:37:01 - [ForkPoolWorker-26] models.mode_choice - DEBUG -   Mode rates for 'Home': car=89.5%, walk=5.5%, school_bus=2.2%, bike=0.9%, bus=0.6%, rail=0.5%, rideshare=0.4%, other=0.4%
2026-06-23 05:37:01 - [ForkPoolWorker-26] models.mode_choice - DEBUG -   Mode rates for 'all': car=88.2%, walk=6.8%, school_bus=2.1%, bike=1.0%, bus=0.6%, rail=0.5%, rideshare=0.4%, other=0.4%
2026-06-23 05:37:01 - [ForkPoolWorker-26] models.mode_choice - INFO - Computed mode rates for 8 purposes
2026-06-23 05:37:01 - [ForkPoolWorker-26] models.mode_choice - INFO -   Overall mode distribution: car=88.2%, walk=6.8%, school_bus=2.1%, bike=1.0%, bus=0.6%, rail=0.5%, rideshare=0.4%, other=0.4%
2026-06-23 05:37:01 - [ForkPoolWorker-26] models.mode_choice - INFO - ModeChoiceModel initialized with 4 modes: ['car', 'bus', 'rail', 'walk']
2026-06-23 05:37:03 - [ForkPoolWorker-27] models.mode_availability - DEBUG - Registered availability checker for car: UniversalAvailability
2026-06-23 05:37:03 - [ForkPoolWorker-27] models.mode_availability - DEBUG - Registered availability checker for bus: GTFSTransitAvailability
2026-06-23 05:37:03 - [ForkPoolWorker-27] models.mode_availability - DEBUG - Registered availability checker for rail: GTFSTransitAvailability
2026-06-23 05:37:03 - [ForkPoolWorker-27] models.mode_availability - DEBUG - Registered availability checker for walk: DistanceBasedAvailability
2026-06-23 05:37:03 - [ForkPoolWorker-27] models.mode_choice - INFO - Computing mode shares from survey data...
2026-06-23 05:37:03 - [ForkPoolWorker-27] models.mode_choice - DEBUG -   Survey weights (normalized): {'default': 1.0}
2026-06-23 05:37:03 - [ForkPoolWorker-27] models.mode_choice - DEBUG -   Computing rates for purposes: ['Social', 'Shopping', 'Work', 'Dining', 'Other', 'School', 'Home', 'all']
2026-06-23 05:37:03 - [ForkPoolWorker-27] models.mode_choice - DEBUG -   Mode rates for 'Social': car=76.4%, walk=18.4%, bike=2.7%, other=0.6%, rideshare=0.6%, rail=0.5%, bus=0.4%, school_bus=0.4%
2026-06-23 05:37:03 - [ForkPoolWorker-27] models.mode_choice - DEBUG -   Mode rates for 'Shopping': car=92.3%, walk=5.5%, school_bus=0.8%, bike=0.5%, bus=0.3%, other=0.2%, rail=0.2%, rideshare=0.2%
2026-06-23 05:37:03 - [ForkPoolWorker-27] models.mode_choice - DEBUG -   Mode rates for 'Work': car=92.8%, walk=2.6%, rail=1.1%, bus=1.1%, bike=0.8%, school_bus=0.7%, rideshare=0.5%, other=0.4%
2026-06-23 05:37:03 - [ForkPoolWorker-27] models.mode_choice - DEBUG -   Mode rates for 'Dining': car=90.9%, walk=7.4%, bike=0.5%, other=0.5%, rail=0.3%, bus=0.3%, rideshare=0.1%
2026-06-23 05:37:03 - [ForkPoolWorker-27] models.mode_choice - DEBUG -   Mode rates for 'Other': car=87.7%, walk=4.6%, bus=2.7%, rideshare=1.6%, rail=1.4%, school_bus=0.8%, bike=0.6%, other=0.6%
2026-06-23 05:37:03 - [ForkPoolWorker-27] models.mode_choice - DEBUG -   Mode rates for 'School': car=74.5%, school_bus=15.7%, walk=6.5%, bike=1.6%, bus=1.0%, other=0.4%, rail=0.3%, rideshare=0.1%
2026-06-23 05:37:03 - [ForkPoolWorker-27] models.mode_choice - DEBUG -   Mode rates for 'Home': car=89.5%, walk=5.5%, school_bus=2.2%, bike=0.9%, bus=0.6%, rail=0.5%, rideshare=0.4%, other=0.4%
2026-06-23 05:37:03 - [ForkPoolWorker-27] models.mode_choice - DEBUG -   Mode rates for 'all': car=88.2%, walk=6.8%, school_bus=2.1%, bike=1.0%, bus=0.6%, rail=0.5%, rideshare=0.4%, other=0.4%
2026-06-23 05:37:03 - [ForkPoolWorker-27] models.mode_choice - INFO - Computed mode rates for 8 purposes
2026-06-23 05:37:03 - [ForkPoolWorker-27] models.mode_choice - INFO -   Overall mode distribution: car=88.2%, walk=6.8%, school_bus=2.1%, bike=1.0%, bus=0.6%, rail=0.5%, rideshare=0.4%, other=0.4%
2026-06-23 05:37:03 - [ForkPoolWorker-27] models.mode_choice - INFO - ModeChoiceModel initialized with 4 modes: ['car', 'bus', 'rail', 'walk']
2026-06-23 05:37:04 - [ForkPoolWorker-28] models.mode_availability - DEBUG - Registered availability checker for car: UniversalAvailability
2026-06-23 05:37:04 - [ForkPoolWorker-28] models.mode_availability - DEBUG - Registered availability checker for bus: GTFSTransitAvailability
2026-06-23 05:37:04 - [ForkPoolWorker-28] models.mode_availability - DEBUG - Registered availability checker for rail: GTFSTransitAvailability
2026-06-23 05:37:04 - [ForkPoolWorker-28] models.mode_availability - DEBUG - Registered availability checker for walk: DistanceBasedAvailability
2026-06-23 05:37:04 - [ForkPoolWorker-28] models.mode_choice - INFO - Computing mode shares from survey data...
2026-06-23 05:37:04 - [ForkPoolWorker-28] models.mode_choice - DEBUG -   Survey weights (normalized): {'default': 1.0}
2026-06-23 05:37:04 - [ForkPoolWorker-28] models.mode_choice - DEBUG -   Computing rates for purposes: ['Social', 'Shopping', 'Work', 'Dining', 'Other', 'School', 'Home', 'all']
2026-06-23 05:37:04 - [ForkPoolWorker-28] models.mode_choice - DEBUG -   Mode rates for 'Social': car=76.4%, walk=18.4%, bike=2.7%, other=0.6%, rideshare=0.6%, rail=0.5%, bus=0.4%, school_bus=0.4%
2026-06-23 05:37:04 - [ForkPoolWorker-28] models.mode_choice - DEBUG -   Mode rates for 'Shopping': car=92.3%, walk=5.5%, school_bus=0.8%, bike=0.5%, bus=0.3%, other=0.2%, rail=0.2%, rideshare=0.2%
2026-06-23 05:37:04 - [ForkPoolWorker-28] models.mode_choice - DEBUG -   Mode rates for 'Work': car=92.8%, walk=2.6%, rail=1.1%, bus=1.1%, bike=0.8%, school_bus=0.7%, rideshare=0.5%, other=0.4%
2026-06-23 05:37:04 - [ForkPoolWorker-28] models.mode_choice - DEBUG -   Mode rates for 'Dining': car=90.9%, walk=7.4%, bike=0.5%, other=0.5%, rail=0.3%, bus=0.3%, rideshare=0.1%
2026-06-23 05:37:04 - [ForkPoolWorker-28] models.mode_choice - DEBUG -   Mode rates for 'Other': car=87.7%, walk=4.6%, bus=2.7%, rideshare=1.6%, rail=1.4%, school_bus=0.8%, bike=0.6%, other=0.6%
2026-06-23 05:37:04 - [ForkPoolWorker-28] models.mode_choice - DEBUG -   Mode rates for 'School': car=74.5%, school_bus=15.7%, walk=6.5%, bike=1.6%, bus=1.0%, other=0.4%, rail=0.3%, rideshare=0.1%
2026-06-23 05:37:04 - [ForkPoolWorker-28] models.mode_choice - DEBUG -   Mode rates for 'Home': car=89.5%, walk=5.5%, school_bus=2.2%, bike=0.9%, bus=0.6%, rail=0.5%, rideshare=0.4%, other=0.4%
2026-06-23 05:37:04 - [ForkPoolWorker-28] models.mode_choice - DEBUG -   Mode rates for 'all': car=88.2%, walk=6.8%, school_bus=2.1%, bike=1.0%, bus=0.6%, rail=0.5%, rideshare=0.4%, other=0.4%
2026-06-23 05:37:04 - [ForkPoolWorker-28] models.mode_choice - INFO - Computed mode rates for 8 purposes
2026-06-23 05:37:04 - [ForkPoolWorker-28] models.mode_choice - INFO -   Overall mode distribution: car=88.2%, walk=6.8%, school_bus=2.1%, bike=1.0%, bus=0.6%, rail=0.5%, rideshare=0.4%, other=0.4%
2026-06-23 05:37:04 - [ForkPoolWorker-28] models.mode_choice - INFO - ModeChoiceModel initialized with 4 modes: ['car', 'bus', 'rail', 'walk']
2026-06-23 05:37:06 - [ForkPoolWorker-29] models.mode_availability - DEBUG - Registered availability checker for car: UniversalAvailability
2026-06-23 05:37:06 - [ForkPoolWorker-29] models.mode_availability - DEBUG - Registered availability checker for bus: GTFSTransitAvailability
2026-06-23 05:37:06 - [ForkPoolWorker-29] models.mode_availability - DEBUG - Registered availability checker for rail: GTFSTransitAvailability
2026-06-23 05:37:06 - [ForkPoolWorker-29] models.mode_availability - DEBUG - Registered availability checker for walk: DistanceBasedAvailability
2026-06-23 05:37:06 - [ForkPoolWorker-29] models.mode_choice - INFO - Computing mode shares from survey data...
2026-06-23 05:37:06 - [ForkPoolWorker-29] models.mode_choice - DEBUG -   Survey weights (normalized): {'default': 1.0}
2026-06-23 05:37:06 - [ForkPoolWorker-29] models.mode_choice - DEBUG -   Computing rates for purposes: ['Social', 'Shopping', 'Work', 'Dining', 'Other', 'School', 'Home', 'all']
2026-06-23 05:37:06 - [ForkPoolWorker-29] models.mode_choice - DEBUG -   Mode rates for 'Social': car=76.4%, walk=18.4%, bike=2.7%, other=0.6%, rideshare=0.6%, rail=0.5%, bus=0.4%, school_bus=0.4%
2026-06-23 05:37:06 - [ForkPoolWorker-29] models.mode_choice - DEBUG -   Mode rates for 'Shopping': car=92.3%, walk=5.5%, school_bus=0.8%, bike=0.5%, bus=0.3%, other=0.2%, rail=0.2%, rideshare=0.2%
2026-06-23 05:37:06 - [ForkPoolWorker-29] models.mode_choice - DEBUG -   Mode rates for 'Work': car=92.8%, walk=2.6%, rail=1.1%, bus=1.1%, bike=0.8%, school_bus=0.7%, rideshare=0.5%, other=0.4%
2026-06-23 05:37:06 - [ForkPoolWorker-29] models.mode_choice - DEBUG -   Mode rates for 'Dining': car=90.9%, walk=7.4%, bike=0.5%, other=0.5%, rail=0.3%, bus=0.3%, rideshare=0.1%
2026-06-23 05:37:06 - [ForkPoolWorker-29] models.mode_choice - DEBUG -   Mode rates for 'Other': car=87.7%, walk=4.6%, bus=2.7%, rideshare=1.6%, rail=1.4%, school_bus=0.8%, bike=0.6%, other=0.6%
2026-06-23 05:37:06 - [ForkPoolWorker-29] models.mode_choice - DEBUG -   Mode rates for 'School': car=74.5%, school_bus=15.7%, walk=6.5%, bike=1.6%, bus=1.0%, other=0.4%, rail=0.3%, rideshare=0.1%
2026-06-23 05:37:06 - [ForkPoolWorker-29] models.mode_choice - DEBUG -   Mode rates for 'Home': car=89.5%, walk=5.5%, school_bus=2.2%, bike=0.9%, bus=0.6%, rail=0.5%, rideshare=0.4%, other=0.4%
2026-06-23 05:37:06 - [ForkPoolWorker-29] models.mode_choice - DEBUG -   Mode rates for 'all': car=88.2%, walk=6.8%, school_bus=2.1%, bike=1.0%, bus=0.6%, rail=0.5%, rideshare=0.4%, other=0.4%
2026-06-23 05:37:06 - [ForkPoolWorker-29] models.mode_choice - INFO - Computed mode rates for 8 purposes
2026-06-23 05:37:06 - [ForkPoolWorker-29] models.mode_choice - INFO -   Overall mode distribution: car=88.2%, walk=6.8%, school_bus=2.1%, bike=1.0%, bus=0.6%, rail=0.5%, rideshare=0.4%, other=0.4%
2026-06-23 05:37:06 - [ForkPoolWorker-29] models.mode_choice - INFO - ModeChoiceModel initialized with 4 modes: ['car', 'bus', 'rail', 'walk']
2026-06-23 05:37:07 - [ForkPoolWorker-30] models.mode_availability - DEBUG - Registered availability checker for car: UniversalAvailability
2026-06-23 05:37:07 - [ForkPoolWorker-30] models.mode_availability - DEBUG - Registered availability checker for bus: GTFSTransitAvailability
2026-06-23 05:37:07 - [ForkPoolWorker-30] models.mode_availability - DEBUG - Registered availability checker for rail: GTFSTransitAvailability
2026-06-23 05:37:07 - [ForkPoolWorker-30] models.mode_availability - DEBUG - Registered availability checker for walk: DistanceBasedAvailability
2026-06-23 05:37:07 - [ForkPoolWorker-30] models.mode_choice - INFO - Computing mode shares from survey data...
2026-06-23 05:37:07 - [ForkPoolWorker-30] models.mode_choice - DEBUG -   Survey weights (normalized): {'default': 1.0}
2026-06-23 05:37:07 - [ForkPoolWorker-30] models.mode_choice - DEBUG -   Computing rates for purposes: ['Social', 'Shopping', 'Work', 'Dining', 'Other', 'School', 'Home', 'all']
2026-06-23 05:37:07 - [ForkPoolWorker-30] models.mode_choice - DEBUG -   Mode rates for 'Social': car=76.4%, walk=18.4%, bike=2.7%, other=0.6%, rideshare=0.6%, rail=0.5%, bus=0.4%, school_bus=0.4%
2026-06-23 05:37:07 - [ForkPoolWorker-30] models.mode_choice - DEBUG -   Mode rates for 'Shopping': car=92.3%, walk=5.5%, school_bus=0.8%, bike=0.5%, bus=0.3%, other=0.2%, rail=0.2%, rideshare=0.2%
2026-06-23 05:37:07 - [ForkPoolWorker-30] models.mode_choice - DEBUG -   Mode rates for 'Work': car=92.8%, walk=2.6%, rail=1.1%, bus=1.1%, bike=0.8%, school_bus=0.7%, rideshare=0.5%, other=0.4%
2026-06-23 05:37:07 - [ForkPoolWorker-30] models.mode_choice - DEBUG -   Mode rates for 'Dining': car=90.9%, walk=7.4%, bike=0.5%, other=0.5%, rail=0.3%, bus=0.3%, rideshare=0.1%
2026-06-23 05:37:07 - [ForkPoolWorker-30] models.mode_choice - DEBUG -   Mode rates for 'Other': car=87.7%, walk=4.6%, bus=2.7%, rideshare=1.6%, rail=1.4%, school_bus=0.8%, bike=0.6%, other=0.6%
2026-06-23 05:37:07 - [ForkPoolWorker-30] models.mode_choice - DEBUG -   Mode rates for 'School': car=74.5%, school_bus=15.7%, walk=6.5%, bike=1.6%, bus=1.0%, other=0.4%, rail=0.3%, rideshare=0.1%
2026-06-23 05:37:07 - [ForkPoolWorker-30] models.mode_choice - DEBUG -   Mode rates for 'Home': car=89.5%, walk=5.5%, school_bus=2.2%, bike=0.9%, bus=0.6%, rail=0.5%, rideshare=0.4%, other=0.4%
2026-06-23 05:37:07 - [ForkPoolWorker-30] models.mode_choice - DEBUG -   Mode rates for 'all': car=88.2%, walk=6.8%, school_bus=2.1%, bike=1.0%, bus=0.6%, rail=0.5%, rideshare=0.4%, other=0.4%
2026-06-23 05:37:07 - [ForkPoolWorker-30] models.mode_choice - INFO - Computed mode rates for 8 purposes
2026-06-23 05:37:07 - [ForkPoolWorker-30] models.mode_choice - INFO -   Overall mode distribution: car=88.2%, walk=6.8%, school_bus=2.1%, bike=1.0%, bus=0.6%, rail=0.5%, rideshare=0.4%, other=0.4%
2026-06-23 05:37:07 - [ForkPoolWorker-30] models.mode_choice - INFO - ModeChoiceModel initialized with 4 modes: ['car', 'bus', 'rail', 'walk']
2026-06-23 05:38:01 - [ForkPoolWorker-1] models.plan_generator - INFO - Worker ForkPoolWorker-1 completed: generated 7877 plans
2026-06-23 05:38:03 - [ForkPoolWorker-1] models.plan_generator - INFO - Worker ForkPoolWorker-1 started - processing 13 OD pairs
2026-06-23 05:38:04 - [ForkPoolWorker-1] models.time - INFO - Fitted models for 49 activity pairs
2026-06-23 05:38:04 - [ForkPoolWorker-1] models.time - INFO - Mean trip durations: global=20.3min, per-pair=49 pairs
2026-06-23 05:38:06 - [ForkPoolWorker-2] models.plan_generator - INFO - Worker ForkPoolWorker-2 completed: generated 8619 plans
2026-06-23 05:38:11 - [ForkPoolWorker-1] models.mode_availability - DEBUG - Registered availability checker for car: UniversalAvailability
2026-06-23 05:38:11 - [ForkPoolWorker-1] models.mode_availability - DEBUG - Registered availability checker for bus: GTFSTransitAvailability
2026-06-23 05:38:11 - [ForkPoolWorker-1] models.mode_availability - DEBUG - Registered availability checker for rail: GTFSTransitAvailability
2026-06-23 05:38:11 - [ForkPoolWorker-1] models.mode_availability - DEBUG - Registered availability checker for walk: DistanceBasedAvailability
2026-06-23 05:38:11 - [ForkPoolWorker-1] models.mode_choice - INFO - Computing mode shares from survey data...
2026-06-23 05:38:11 - [ForkPoolWorker-1] models.mode_choice - DEBUG -   Survey weights (normalized): {'default': 1.0}
2026-06-23 05:38:11 - [ForkPoolWorker-1] models.mode_choice - DEBUG -   Computing rates for purposes: ['Social', 'Shopping', 'Work', 'Dining', 'Other', 'School', 'Home', 'all']
2026-06-23 05:38:11 - [ForkPoolWorker-1] models.mode_choice - DEBUG -   Mode rates for 'Social': car=76.4%, walk=18.4%, bike=2.7%, other=0.6%, rideshare=0.6%, rail=0.5%, bus=0.4%, school_bus=0.4%
2026-06-23 05:38:11 - [ForkPoolWorker-1] models.mode_choice - DEBUG -   Mode rates for 'Shopping': car=92.3%, walk=5.5%, school_bus=0.8%, bike=0.5%, bus=0.3%, other=0.2%, rail=0.2%, rideshare=0.2%
2026-06-23 05:38:11 - [ForkPoolWorker-1] models.mode_choice - DEBUG -   Mode rates for 'Work': car=92.8%, walk=2.6%, rail=1.1%, bus=1.1%, bike=0.8%, school_bus=0.7%, rideshare=0.5%, other=0.4%
2026-06-23 05:38:11 - [ForkPoolWorker-1] models.mode_choice - DEBUG -   Mode rates for 'Dining': car=90.9%, walk=7.4%, bike=0.5%, other=0.5%, rail=0.3%, bus=0.3%, rideshare=0.1%
2026-06-23 05:38:11 - [ForkPoolWorker-1] models.mode_choice - DEBUG -   Mode rates for 'Other': car=87.7%, walk=4.6%, bus=2.7%, rideshare=1.6%, rail=1.4%, school_bus=0.8%, bike=0.6%, other=0.6%
2026-06-23 05:38:11 - [ForkPoolWorker-1] models.mode_choice - DEBUG -   Mode rates for 'School': car=74.5%, school_bus=15.7%, walk=6.5%, bike=1.6%, bus=1.0%, other=0.4%, rail=0.3%, rideshare=0.1%
2026-06-23 05:38:11 - [ForkPoolWorker-1] models.mode_choice - DEBUG -   Mode rates for 'Home': car=89.5%, walk=5.5%, school_bus=2.2%, bike=0.9%, bus=0.6%, rail=0.5%, rideshare=0.4%, other=0.4%
2026-06-23 05:38:11 - [ForkPoolWorker-1] models.mode_choice - DEBUG -   Mode rates for 'all': car=88.2%, walk=6.8%, school_bus=2.1%, bike=1.0%, bus=0.6%, rail=0.5%, rideshare=0.4%, other=0.4%
2026-06-23 05:38:11 - [ForkPoolWorker-1] models.mode_choice - INFO - Computed mode rates for 8 purposes
2026-06-23 05:38:11 - [ForkPoolWorker-1] models.mode_choice - INFO -   Overall mode distribution: car=88.2%, walk=6.8%, school_bus=2.1%, bike=1.0%, bus=0.6%, rail=0.5%, rideshare=0.4%, other=0.4%
2026-06-23 05:38:11 - [ForkPoolWorker-1] models.mode_choice - INFO - ModeChoiceModel initialized with 4 modes: ['car', 'bus', 'rail', 'walk']
2026-06-23 05:38:12 - [ForkPoolWorker-1] models.plan_generator - INFO - Worker ForkPoolWorker-1 completed: generated 82 plans
2026-06-23 05:38:13 - [ForkPoolWorker-6] models.plan_generator - INFO - Worker ForkPoolWorker-6 completed: generated 8739 plans
2026-06-23 05:38:14 - [ForkPoolWorker-3] models.plan_generator - INFO - Worker ForkPoolWorker-3 completed: generated 8309 plans
2026-06-23 05:38:16 - [ForkPoolWorker-8] models.plan_generator - INFO - Worker ForkPoolWorker-8 completed: generated 8878 plans
2026-06-23 05:38:18 - [ForkPoolWorker-9] models.plan_generator - INFO - Worker ForkPoolWorker-9 completed: generated 8769 plans
2026-06-23 05:38:23 - [ForkPoolWorker-5] models.plan_generator - INFO - Worker ForkPoolWorker-5 completed: generated 9246 plans
2026-06-23 05:38:24 - [ForkPoolWorker-11] models.plan_generator - INFO - Worker ForkPoolWorker-11 completed: generated 9230 plans
2026-06-23 05:38:27 - [ForkPoolWorker-10] models.plan_generator - INFO - Worker ForkPoolWorker-10 completed: generated 9680 plans
2026-06-23 05:38:29 - [ForkPoolWorker-15] models.plan_generator - INFO - Worker ForkPoolWorker-15 completed: generated 9371 plans
2026-06-23 05:38:30 - [ForkPoolWorker-14] models.plan_generator - INFO - Worker ForkPoolWorker-14 completed: generated 10073 plans
2026-06-23 05:38:32 - [ForkPoolWorker-16] models.plan_generator - INFO - Worker ForkPoolWorker-16 completed: generated 8917 plans
2026-06-23 05:38:34 - [ForkPoolWorker-17] models.plan_generator - INFO - Worker ForkPoolWorker-17 completed: generated 9822 plans
2026-06-23 05:38:35 - [ForkPoolWorker-7] models.plan_generator - INFO - Worker ForkPoolWorker-7 completed: generated 9295 plans
2026-06-23 05:38:35 - [ForkPoolWorker-22] models.plan_generator - INFO - Worker ForkPoolWorker-22 completed: generated 8931 plans
2026-06-23 05:38:36 - [ForkPoolWorker-4] models.plan_generator - INFO - Worker ForkPoolWorker-4 completed: generated 9424 plans
2026-06-23 05:38:36 - [ForkPoolWorker-13] models.plan_generator - INFO - Worker ForkPoolWorker-13 completed: generated 10236 plans
2026-06-23 05:38:37 - [ForkPoolWorker-25] models.plan_generator - INFO - Worker ForkPoolWorker-25 completed: generated 8719 plans
2026-06-23 05:38:37 - [ForkPoolWorker-12] models.plan_generator - INFO - Worker ForkPoolWorker-12 completed: generated 11055 plans
2026-06-23 05:38:37 - [ForkPoolWorker-20] models.plan_generator - INFO - Worker ForkPoolWorker-20 completed: generated 9666 plans
2026-06-23 05:38:39 - [ForkPoolWorker-23] models.plan_generator - INFO - Worker ForkPoolWorker-23 completed: generated 9124 plans
2026-06-23 05:38:40 - [ForkPoolWorker-26] models.plan_generator - INFO - Worker ForkPoolWorker-26 completed: generated 9183 plans
2026-06-23 05:38:40 - [ForkPoolWorker-28] models.plan_generator - INFO - Worker ForkPoolWorker-28 completed: generated 8644 plans
2026-06-23 05:38:42 - [ForkPoolWorker-24] models.plan_generator - INFO - Worker ForkPoolWorker-24 completed: generated 9695 plans
2026-06-23 05:38:44 - [ForkPoolWorker-27] models.plan_generator - INFO - Worker ForkPoolWorker-27 completed: generated 9472 plans
2026-06-23 05:38:44 - [ForkPoolWorker-21] models.plan_generator - INFO - Worker ForkPoolWorker-21 completed: generated 10323 plans
2026-06-23 05:38:46 - [ForkPoolWorker-19] models.plan_generator - INFO - Worker ForkPoolWorker-19 completed: generated 11097 plans
2026-06-23 05:38:52 - [ForkPoolWorker-29] models.plan_generator - INFO - Worker ForkPoolWorker-29 completed: generated 10385 plans
2026-06-23 05:38:55 - [ForkPoolWorker-30] models.plan_generator - INFO - Worker ForkPoolWorker-30 completed: generated 11290 plans
2026-06-23 05:39:04 - [ForkPoolWorker-18] models.plan_generator - INFO - Worker ForkPoolWorker-18 completed: generated 10491 plans
2026-06-23 05:39:05 - models.plan_generator - INFO - ======================================================================
2026-06-23 05:39:05 - models.plan_generator - INFO - GENERATION COMPLETE
2026-06-23 05:39:05 - models.plan_generator - INFO -   Plans requested: 284,661
2026-06-23 05:39:05 - models.plan_generator - INFO -   Plans generated: 284,642
2026-06-23 05:39:05 - models.plan_generator - INFO -   Failed plans: 19
2026-06-23 05:39:05 - models.plan_generator - INFO -   Success rate: 99.99%
2026-06-23 05:39:05 - models.plan_generator - INFO -   Chain retries: 109,567 / 582,157 attempts
2026-06-23 05:39:05 - models.plan_generator - INFO -     Too short: 0
2026-06-23 05:39:05 - models.plan_generator - INFO -     Bad structure (not Home-...-Home): 0
2026-06-23 05:39:05 - models.plan_generator - INFO -     Missing Work: 58,365
2026-06-23 05:39:05 - models.plan_generator - INFO -     Too many Work: 51,202
2026-06-23 05:39:05 - models.plan_generator - INFO -   POI retries: 90,055
2026-06-23 05:39:05 - models.plan_generator - INFO -   Time retries: 187,201
2026-06-23 05:39:05 - models.plan_generator - INFO -   Experiment directory: /home/exouser/Documents/Tareek/experiments/experiment_20260623_053227
2026-06-23 05:39:05 - models.plan_generator - INFO -   Full logs saved to: /home/exouser/Documents/Tareek/experiments/experiment_20260623_053227/experiment_20260623_053227.log
2026-06-23 05:39:05 - models.plan_generator - INFO - ======================================================================
2026-06-23 05:39:05 - models.mode_choice - INFO - ==================================================
2026-06-23 05:39:05 - models.mode_choice - INFO - MODE CHOICE STATISTICS
2026-06-23 05:39:05 - models.mode_choice - INFO - ==================================================
2026-06-23 05:39:05 - models.mode_choice - INFO -   Total mode choices: 725722
2026-06-23 05:39:05 - models.mode_choice - INFO -   Fallback mode used: 0 times
2026-06-23 05:39:05 - models.mode_choice - INFO -   Chain retries: 0
2026-06-23 05:39:05 - models.mode_choice - INFO -   Mode distribution in generated plans:
2026-06-23 05:39:05 - models.mode_choice - INFO -     car: 88.4%
2026-06-23 05:39:05 - models.mode_choice - INFO -     walk: 9.7%
2026-06-23 05:39:05 - models.mode_choice - INFO -     bus: 1.8%
2026-06-23 05:39:05 - models.mode_choice - INFO -     rail: 0.0%
2026-06-23 05:39:05 - models.mode_choice - INFO - ==================================================
2026-06-23 05:39:05 - models.plan_generator - INFO - Plan generation complete!
2026-06-23 05:39:05 - models.plan_generator - INFO -   Generated: 284,642 plans (99.99% success rate)
2026-06-23 05:39:05 - models.plan_generator - INFO -   Failed: 19 plans
2026-06-23 05:39:05 - models.plan_generator - INFO -   Experiment directory: /home/exouser/Documents/Tareek/experiments/experiment_20260623_053227
2026-06-23 05:39:05 - models.plan_generator - INFO -   Detailed logs: /home/exouser/Documents/Tareek/experiments/experiment_20260623_053227/experiment_20260623_053227.log
2026-06-23 05:39:05 - __main__ - INFO - Generated 284,642 work plans
2026-06-23 05:39:05 - __main__ - INFO - 
2026-06-23 05:39:05 - __main__ - INFO - ------------------------------------------------------------
2026-06-23 05:39:05 - __main__ - INFO - LOADING SHARED DATA FOR NON-WORK PLANS
2026-06-23 05:39:05 - __main__ - INFO - ------------------------------------------------------------
2026-06-23 05:39:05 - models.home_locs_v2 - INFO - Loading home locations for 15 counties from config...
2026-06-23 05:39:07 - models.home_locs_v2 - INFO - Loaded 48,457 home location blocks for 15 counties
2026-06-23 05:39:07 - __main__ - INFO -   Loaded 48,457 home blocks (county-filtered)
2026-06-23 05:39:08 - models.poi_manager - INFO - Loaded 45,653 POIs across 6 activity types (county-filtered)
2026-06-23 05:39:08 - __main__ - INFO -   Loaded 45,653 POIs in 6 activity types (county-filtered)
2026-06-23 05:39:08 - __main__ - INFO -   Pre-computing POI-to-block mapping...
2026-06-23 05:39:08 - models.od_matrix_nonwork - INFO - Pre-computing POI-to-block mapping for ALL POIs...
2026-06-23 05:39:08 - models.od_matrix_nonwork - INFO -   Total POIs: 45,653
2026-06-23 05:39:08 - models.od_matrix_nonwork - INFO -   Blocks with coordinates: 48,457
2026-06-23 05:39:10 - models.od_matrix_nonwork - INFO -   Built KD-tree spatial index
2026-06-23 05:39:10 - models.od_matrix_nonwork - INFO -   POIs with valid coordinates: 45,653
2026-06-23 05:39:10 - models.od_matrix_nonwork - INFO -   Converting POI coordinates to EPSG:26915...
2026-06-23 05:39:10 - models.od_matrix_nonwork - INFO -   Finding nearest block for each POI...
2026-06-23 05:39:11 - models.od_matrix_nonwork - INFO -   POI-to-block mapping complete: 45,653 POIs mapped
2026-06-23 05:39:11 - __main__ - INFO -   POI-to-block mapping complete: 45,653 POIs mapped
2026-06-23 05:39:11 - data_sources.survey_manager - INFO - Survey data already exists for all 1 active source(s)
2026-06-23 05:39:11 - data_sources.survey_manager - INFO - Skipping survey source 'tbi' (weight=0)
2026-06-23 05:39:11 - data_sources.survey_manager - INFO - Initialized survey source: nhts (year=2022)
2026-06-23 05:39:11 - data_sources.base_survey_trip - INFO - Loading survey data from DuckDB...
2026-06-23 05:39:11 - data_sources.base_survey_trip - INFO - Loaded 30462 records from DuckDB
2026-06-23 05:39:12 - data_sources.survey_manager - INFO - Loaded 30462 records for 'nhts'
2026-06-23 05:39:12 - data_sources.base_survey_trip - INFO - Processing persons and trips...
2026-06-23 05:39:23 - data_sources.base_survey_trip - INFO - Processed 10362 persons across 10362 person-days
2026-06-23 05:39:23 - data_sources.survey_manager - INFO - Processed 10362 persons for 'nhts'
2026-06-23 05:39:23 - __main__ - INFO -   Loaded 30,462 survey trips
2026-06-23 05:39:23 - __main__ - INFO -   Processed 10,362 persons
2026-06-23 05:39:23 - models.chains - INFO - Starting trip chain processing...
2026-06-23 05:39:26 - models.chains - INFO - Successfully processed 10362 trip chains
2026-06-23 05:39:26 - __main__ - INFO -   Processed 1,467 trip chains
2026-06-23 05:39:26 - __main__ - INFO -   Initializing shared time models...
2026-06-23 05:39:27 - models.time - INFO - Fitted models for 49 activity pairs
2026-06-23 05:39:27 - models.time - INFO - Mean trip durations: global=20.3min, per-pair=49 pairs
2026-06-23 05:39:31 - models.time - WARNING - FILTER: Rejected 2405 activity durations from survey (outside per-activity [min_minutes, max_minutes] bounds from config). Kept 15238 valid durations.
2026-06-23 05:39:31 - models.time - INFO - Extracted 15238 activity durations from survey
2026-06-23 05:39:31 - models.time - INFO -   Activity 'Dining': fitted survey KDE from 2024 samples (mean=50.1 min, std=41.7 min)
2026-06-23 05:39:31 - models.time - INFO -   Activity 'Other': fitted survey KDE from 852 samples (mean=77.2 min, std=62.8 min)
2026-06-23 05:39:31 - models.time - INFO -   Activity 'School': fitted survey KDE from 1703 samples (mean=278.4 min, std=173.7 min)
2026-06-23 05:39:31 - models.time - INFO -   Activity 'Shopping': fitted survey KDE from 5412 samples (mean=41.4 min, std=43.4 min)
2026-06-23 05:39:31 - models.time - INFO -   Activity 'Social': fitted survey KDE from 2487 samples (mean=117.1 min, std=71.3 min)
2026-06-23 05:39:31 - models.time - INFO -   Activity 'Work': fitted survey KDE from 2760 samples (mean=355.0 min, std=189.3 min)
2026-06-23 05:39:31 - models.time - INFO - Fitted 6 survey KDE models for activity types
2026-06-23 05:39:31 - models.time - INFO - Fitted 3 target KDE models for activity types
2026-06-23 05:39:31 - models.time - INFO -   Activity 'Dining' bin 'afternoon': fitted binned KDE from 645 samples (mean=50.8 min, std=44.0 min)
2026-06-23 05:39:31 - models.time - INFO -   Activity 'Dining' bin 'evening': fitted binned KDE from 479 samples (mean=55.8 min, std=44.0 min)
2026-06-23 05:39:31 - models.time - INFO -   Activity 'Dining' bin 'midday': fitted binned KDE from 694 samples (mean=49.6 min, std=38.8 min)
2026-06-23 05:39:31 - models.time - INFO -   Activity 'Dining' bin 'morning': fitted binned KDE from 206 samples (mean=36.7 min, std=33.5 min)
2026-06-23 05:39:31 - models.time - INFO -   Activity 'Other' bin 'afternoon': fitted binned KDE from 198 samples (mean=65.9 min, std=58.1 min)
2026-06-23 05:39:31 - models.time - INFO -   Activity 'Other' bin 'evening': fitted binned KDE from 37 samples (mean=72.6 min, std=66.2 min)
2026-06-23 05:39:31 - models.time - INFO -   Activity 'Other' bin 'midday': fitted binned KDE from 377 samples (mean=79.7 min, std=63.6 min)
2026-06-23 05:39:31 - models.time - INFO -   Activity 'Other' bin 'morning': fitted binned KDE from 240 samples (mean=83.2 min, std=63.7 min)
2026-06-23 05:39:31 - models.time - INFO -   Activity 'School' bin 'afternoon': fitted binned KDE from 151 samples (mean=113.9 min, std=88.9 min)
2026-06-23 05:39:31 - models.time - INFO -   Activity 'School' bin 'evening': fitted binned KDE from 98 samples (mean=100.9 min, std=47.0 min)
2026-06-23 05:39:31 - models.time - INFO -   Activity 'School' bin 'midday': fitted binned KDE from 300 samples (mean=120.0 min, std=91.0 min)
2026-06-23 05:39:31 - models.time - INFO -   Activity 'School' bin 'morning': fitted binned KDE from 1154 samples (mean=356.1 min, std=149.6 min)
2026-06-23 05:39:31 - models.time - INFO -   Activity 'Shopping' bin 'afternoon': fitted binned KDE from 1983 samples (mean=36.3 min, std=35.3 min)
2026-06-23 05:39:31 - models.time - INFO -   Activity 'Shopping' bin 'evening': fitted binned KDE from 534 samples (mean=30.9 min, std=32.6 min)
2026-06-23 05:39:31 - models.time - INFO -   Activity 'Shopping' bin 'midday': fitted binned KDE from 2203 samples (mean=48.4 min, std=48.8 min)
2026-06-23 05:39:31 - models.time - INFO -   Activity 'Shopping' bin 'morning': fitted binned KDE from 692 samples (mean=42.1 min, std=49.1 min)
2026-06-23 05:39:31 - models.time - INFO -   Activity 'Social' bin 'afternoon': fitted binned KDE from 899 samples (mean=114.1 min, std=72.2 min)
2026-06-23 05:39:31 - models.time - INFO -   Activity 'Social' bin 'evening': fitted binned KDE from 420 samples (mean=116.4 min, std=65.0 min)
2026-06-23 05:39:31 - models.time - INFO -   Activity 'Social' bin 'midday': fitted binned KDE from 769 samples (mean=124.2 min, std=73.9 min)
2026-06-23 05:39:31 - models.time - INFO -   Activity 'Social' bin 'morning': fitted binned KDE from 399 samples (mean=110.8 min, std=69.2 min)
2026-06-23 05:39:31 - models.time - INFO -   Activity 'Work' bin 'afternoon': fitted binned KDE from 295 samples (mean=196.7 min, std=164.6 min)
2026-06-23 05:39:31 - models.time - INFO -   Activity 'Work' bin 'evening': fitted binned KDE from 52 samples (mean=99.4 min, std=72.8 min)
2026-06-23 05:39:31 - models.time - INFO -   Activity 'Work' bin 'midday': fitted binned KDE from 590 samples (mean=225.7 min, std=162.1 min)
2026-06-23 05:39:31 - models.time - INFO -   Activity 'Work' bin 'morning': fitted binned KDE from 1823 samples (mean=429.7 min, std=155.9 min)
2026-06-23 05:39:31 - models.time - INFO - Fitted 24 arrival-time-binned KDE models
2026-06-23 05:39:31 - __main__ - INFO -   Time models initialized
2026-06-23 05:39:31 - __main__ - INFO -   Building shared POI spatial index...
2026-06-23 05:39:33 - __main__ - INFO -   POI spatial index built: 6 activity types, 45,653 POIs
2026-06-23 05:39:33 - __main__ - INFO - ------------------------------------------------------------
2026-06-23 05:39:33 - models.plan_generator - INFO -   Serialized GTFS stop data for workers: bus=9818 stops, rail=75 stops
2026-06-23 05:39:33 - __main__ - INFO - Sharing GTFS stop data with non-work generators
2026-06-23 05:39:33 - __main__ - INFO - Population stats: 3,689,612 total (1,900,761 employees, 1,788,851 non-employees)
2026-06-23 05:39:33 - __main__ - INFO - ------------------------------------------------------------
2026-06-23 05:39:33 - __main__ - INFO - GENERATING SHOPPING PLANS
2026-06-23 05:39:33 - __main__ - INFO - ------------------------------------------------------------
2026-06-23 05:39:33 - models.plan_generator_nonwork - INFO - Initialized NonWorkPlanGenerator for Shopping
2026-06-23 05:39:33 - utils.coordinates - INFO - Initialized coordinate converter: EPSG:4326 <-> EPSG:26915
2026-06-23 05:39:33 - models.plan_generator_nonwork - INFO -   Coordinate system: WGS84 → EPSG:26915
2026-06-23 05:39:33 - models.plan_generator_nonwork - INFO - Using pre-loaded shared data...
2026-06-23 05:39:33 - models.plan_generator_nonwork - INFO -   Using 48,457 home blocks (pre-loaded)
2026-06-23 05:39:33 - models.plan_generator_nonwork - INFO -   Using 45,653 POIs (pre-loaded)
2026-06-23 05:39:33 - models.plan_generator_nonwork - INFO -   Using 30,462 survey trips (pre-loaded)
2026-06-23 05:39:33 - models.plan_generator_nonwork - INFO -   Using 10,362 persons (pre-loaded)
2026-06-23 05:39:33 - models.plan_generator_nonwork - INFO -   Using 1,467 trip chains (pre-loaded)
2026-06-23 05:39:33 - models.plan_generator_nonwork - INFO -   Using 45,653 POI-to-block mappings (pre-computed)
2026-06-23 05:39:33 - models.plan_generator_nonwork - INFO -   Using shared trip duration model (pre-initialized)
2026-06-23 05:39:33 - models.plan_generator_nonwork - INFO -   Using shared activity duration model (pre-initialized)
2026-06-23 05:39:33 - models.plan_generator_nonwork - INFO -   Using shared POI spatial index (pre-built)
2026-06-23 05:39:33 - models.plan_generator_nonwork - INFO - Initializing time models...
2026-06-23 05:39:33 - models.plan_generator_nonwork - INFO -   Using shared trip duration model
2026-06-23 05:39:33 - models.plan_generator_nonwork - INFO -   Using shared activity duration model
2026-06-23 05:39:33 - models.plan_generator_nonwork - INFO -   Time models initialized
2026-06-23 05:39:33 - models.plan_generator_nonwork - INFO -   Average trip duration: 20.2 minutes
2026-06-23 05:39:33 - models.plan_generator_nonwork - INFO - Initializing POI components...
2026-06-23 05:39:33 - models.plan_generator_nonwork - INFO -   Using shared POI spatial index: 6 activity types, 45,653 POIs
2026-06-23 05:39:33 - models.plan_generator_nonwork - INFO -   POI weighting enabled: True
2026-06-23 05:39:33 - models.plan_generator_nonwork - INFO - Initializing chain model...
2026-06-23 05:39:33 - models.plan_generator_nonwork - INFO -   Filtered 719 chains containing Shopping
2026-06-23 05:39:33 - models.plan_generator_nonwork - INFO -   Chain model initialized with 719 chains (length dist from 1467 unfiltered)
2026-06-23 05:39:33 - models.plan_generator_nonwork - INFO - Initializing GTFS transit availability...
2026-06-23 05:39:33 - models.plan_generator_nonwork - INFO -   GTFS availability rebuilt from shared data: bus=9818 stops, rail=75 stops
2026-06-23 05:39:33 - models.plan_generator_nonwork - INFO - Initializing mode choice model...
2026-06-23 05:39:33 - models.mode_choice - INFO - Computing mode shares from survey data...
2026-06-23 05:39:33 - models.mode_choice - INFO - Computed mode rates for 8 purposes
2026-06-23 05:39:33 - models.mode_choice - INFO -   Overall mode distribution: car=88.2%, walk=6.8%, school_bus=2.1%, bike=1.0%, bus=0.6%, rail=0.5%, rideshare=0.4%, other=0.4%
2026-06-23 05:39:33 - models.mode_choice - INFO - ModeChoiceModel initialized with 4 modes: ['car', 'bus', 'rail', 'walk']
2026-06-23 05:39:33 - models.plan_generator_nonwork - INFO - Creating Shopping OD matrix...
2026-06-23 05:39:33 - models.plan_generator_nonwork - INFO -   Using pre-computed POI-to-block mapping
2026-06-23 05:39:33 - models.od_matrix_nonwork - INFO - ======================================================================
2026-06-23 05:39:33 - models.od_matrix_nonwork - INFO - CREATING NON-WORK OD MATRIX - SHOPPING
2026-06-23 05:39:33 - models.od_matrix_nonwork - INFO - ======================================================================
2026-06-23 05:39:33 - models.od_matrix_nonwork - INFO - Configuration:
2026-06-23 05:39:33 - models.od_matrix_nonwork - INFO -   Beta (distance decay): 2.0
2026-06-23 05:39:33 - models.od_matrix_nonwork - INFO -   Alpha (survey weight): 0.1
2026-06-23 05:39:33 - models.od_matrix_nonwork - INFO - Calculating POI density for Shopping...
2026-06-23 05:39:33 - models.od_matrix_nonwork - INFO -   Total POIs to process: 45,653
2026-06-23 05:39:33 - models.od_matrix_nonwork - INFO -   Filtered to 2,173 Shopping POIs
2026-06-23 05:39:33 - models.od_matrix_nonwork - INFO -   Using pre-computed POI-to-block mapping (fast path)
2026-06-23 05:39:33 - models.od_matrix_nonwork - INFO -   POI assignment complete:
2026-06-23 05:39:33 - models.od_matrix_nonwork - INFO -     Blocks with POIs: 1,250
2026-06-23 05:39:33 - models.od_matrix_nonwork - INFO -     Total POIs assigned: 2,173
2026-06-23 05:39:33 - models.od_matrix_nonwork - INFO -     Avg POIs per block (non-zero): 1.7
2026-06-23 05:39:33 - models.od_matrix_nonwork - INFO - Creating survey OD matrix for Shopping...
2026-06-23 05:39:33 - models.od_matrix_nonwork - INFO -   Filtered to 6,805 trips (from 30,462 total)
2026-06-23 05:39:33 - models.od_matrix_nonwork - INFO -   Survey OD matrix created: (1, 1)
2026-06-23 05:39:33 - models.od_matrix_nonwork - INFO -   Total trips in survey matrix: 6,805
2026-06-23 05:39:33 - models.od_matrix_nonwork - INFO - ======================================================================
2026-06-23 05:39:33 - models.od_matrix_nonwork - INFO - SINGLY-CONSTRAINED GRAVITY MODEL - SHOPPING
2026-06-23 05:39:33 - models.od_matrix_nonwork - INFO - ======================================================================
2026-06-23 05:39:33 - models.od_matrix_nonwork - INFO - Survey trip rate calculation:
2026-06-23 05:39:33 - models.od_matrix_nonwork - INFO -   Purpose trips: 6,805
2026-06-23 05:39:33 - models.od_matrix_nonwork - INFO -   Total survey records: 30,462
2026-06-23 05:39:33 - models.od_matrix_nonwork - INFO -   Calculated trip rate: 22.34%
2026-06-23 05:39:33 - models.od_matrix_nonwork - INFO - 
2026-06-23 05:39:33 - models.od_matrix_nonwork - INFO - Trip Generation Rate Calculation:
2026-06-23 05:39:33 - models.od_matrix_nonwork - INFO -   Survey rate: 22.34%
2026-06-23 05:39:33 - models.od_matrix_nonwork - INFO -   Config rate: 25.00%
2026-06-23 05:39:33 - models.od_matrix_nonwork - INFO -   Blend weight: 0.70 (0=survey only, 1=config only)
2026-06-23 05:39:33 - models.od_matrix_nonwork - INFO -   Final trip rate: 24.20%
2026-06-23 05:39:33 - models.od_matrix_nonwork - INFO - 
2026-06-23 05:39:33 - models.od_matrix_nonwork - INFO -   Pre-aggregated 48,457 blocks → 2,861 block_groups (home)
2026-06-23 05:39:33 - models.od_matrix_nonwork - INFO -   Pre-aggregated POI blocks → 818 block_groups with POIs
2026-06-23 05:39:33 - models.od_matrix_nonwork - INFO - Number of home block_groups: 2861
2026-06-23 05:39:33 - models.od_matrix_nonwork - INFO - Number of destination block_groups (with POIs): 818
2026-06-23 05:39:33 - models.od_matrix_nonwork - INFO - Distance decay beta: 2.0
2026-06-23 05:39:33 - models.od_matrix_nonwork - INFO - Total non-employees (base): 1,788,851
2026-06-23 05:39:33 - models.od_matrix_nonwork - INFO - Total travelers (after trip rate): 432,934
2026-06-23 05:39:33 - models.od_matrix_nonwork - INFO - Total POIs (destination): 2,173
2026-06-23 05:39:33 - models.od_matrix_nonwork - INFO - Extracting coordinates...
2026-06-23 05:39:33 - models.od_matrix_nonwork - INFO - Calculating distances and friction factors...
2026-06-23 05:39:33 - models.od_matrix_nonwork - INFO - Initial gravity model total trips: 432,934
2026-06-23 05:39:33 - models.od_matrix_nonwork - INFO - 
Running IPF iterations (max 50)...
2026-06-23 05:39:33 - models.od_matrix_nonwork - INFO -   Iteration 1: Max relative difference = 5.14e-16
2026-06-23 05:39:33 - models.od_matrix_nonwork - INFO - Converged after 1 iterations
2026-06-23 05:39:33 - models.od_matrix_nonwork - INFO - ======================================================================
2026-06-23 05:39:33 - models.od_matrix_nonwork - INFO - VERIFICATION
2026-06-23 05:39:33 - models.od_matrix_nonwork - INFO - ======================================================================
2026-06-23 05:39:33 - models.od_matrix_nonwork - INFO - Origin total: 432,934 | Matrix row sum: 432,934
2026-06-23 05:39:33 - models.od_matrix_nonwork - INFO - Max row constraint error: 1.14e-13
2026-06-23 05:39:33 - models.od_matrix_nonwork - INFO - Total trips in gravity model: 432,934
2026-06-23 05:39:33 - models.od_matrix_nonwork - INFO - 
2026-06-23 05:39:33 - models.od_matrix_nonwork - INFO -   Gravity model (block-group level): (2861, 818)
2026-06-23 05:39:33 - models.od_matrix_nonwork - INFO -   Survey matrix: (1, 1)
2026-06-23 05:39:33 - models.od_matrix_nonwork - INFO - 
Combining survey and gravity models...
2026-06-23 05:39:33 - models.od_matrix_v3 - INFO - ======================================================================
2026-06-23 05:39:33 - models.od_matrix_v3 - INFO - COMBINING OD MATRICES
2026-06-23 05:39:33 - models.od_matrix_v3 - INFO - ======================================================================
2026-06-23 05:39:33 - models.od_matrix_v3 - INFO - Survey matrix shape: (1, 1)
2026-06-23 05:39:33 - models.od_matrix_v3 - INFO - Local matrix shape: (2861, 818)
2026-06-23 05:39:33 - models.od_matrix_v3 - INFO - Alpha (survey weight): 0.10
2026-06-23 05:39:33 - models.od_matrix_v3 - INFO - Local weight: 0.90
2026-06-23 05:39:33 - models.od_matrix_v3 - INFO - Aligning survey to local matrix structure...
2026-06-23 05:39:33 - models.od_matrix_v3 - INFO - Combining matrices (alpha blend where survey exists, local only where survey is empty)...
2026-06-23 05:39:33 - models.od_matrix_v3 - INFO - No scaling target specified. Using local matrix total: 432,934
2026-06-23 05:39:33 - models.od_matrix_v3 - INFO - Matrix total before scaling: 432,934
2026-06-23 05:39:33 - models.od_matrix_v3 - INFO - Scale factor: 1.000000
2026-06-23 05:39:33 - models.od_matrix_v3 - INFO - Applying robust rounding to guarantee target total...
2026-06-23 05:39:33 - models.od_matrix_v3 - INFO - Total after flooring: 291,565
2026-06-23 05:39:33 - models.od_matrix_v3 - INFO - Remainder to distribute: 141,369
2026-06-23 05:39:33 - models.od_matrix_v3 - INFO - ======================================================================
2026-06-23 05:39:33 - models.od_matrix_v3 - INFO - VERIFICATION
2026-06-23 05:39:33 - models.od_matrix_v3 - INFO - ======================================================================
2026-06-23 05:39:33 - models.od_matrix_v3 - INFO - Survey total trips: 6,805
2026-06-23 05:39:33 - models.od_matrix_v3 - INFO - Local total trips: 432,934
2026-06-23 05:39:33 - models.od_matrix_v3 - INFO - Combined total trips (before scaling): 432,934
2026-06-23 05:39:33 - models.od_matrix_v3 - INFO - Combined total trips (after scaling & rounding): 432,934
2026-06-23 05:39:33 - models.od_matrix_v3 - INFO - Target total: 432,934
2026-06-23 05:39:33 - models.od_matrix_v3 - INFO - Difference: 0
2026-06-23 05:39:33 - models.od_matrix_v3 - INFO - Combined matrix shape: (2861, 818)
2026-06-23 05:39:33 - models.od_matrix_nonwork - INFO - 
Applied nonwork_trip_share: 80.00%
2026-06-23 05:39:33 - models.od_matrix_nonwork - INFO -   Trips before scaling: 432,934
2026-06-23 05:39:33 - models.od_matrix_nonwork - INFO -   Trips after scaling: 346,347
2026-06-23 05:39:33 - models.od_matrix_nonwork - INFO - ======================================================================
2026-06-23 05:39:33 - models.od_matrix_nonwork - INFO - NONWORK OD MATRIX CREATION COMPLETE - SHOPPING
2026-06-23 05:39:33 - models.od_matrix_nonwork - INFO - ======================================================================
2026-06-23 05:39:33 - models.plan_generator_nonwork - INFO -   OD matrix shape: (2861, 818)
2026-06-23 05:39:33 - models.plan_generator_nonwork - INFO -   Unscaled total trips: 346,347
2026-06-23 05:39:33 - models.plan_generator_nonwork - INFO -   Scaling factor: 0.15
2026-06-23 05:39:33 - models.plan_generator_nonwork - INFO -   Scaled total trips: 51,918
2026-06-23 05:39:33 - models.plan_generator_nonwork - INFO - NonWorkPlanGenerator initialization complete
2026-06-23 05:39:33 - models.plan_generator_nonwork - INFO - ============================================================
2026-06-23 05:39:33 - models.plan_generator_nonwork - INFO - SHOPPING PLAN GENERATION
2026-06-23 05:39:33 - models.plan_generator_nonwork - INFO - ============================================================
2026-06-23 05:39:33 - models.plan_generator_nonwork - INFO -   Population base (non-employees in region): 1,788,851
2026-06-23 05:39:33 - models.plan_generator_nonwork - INFO -   Unscaled Shopping trips: 346,347
2026-06-23 05:39:33 - models.plan_generator_nonwork - INFO -   Scaling factor: 0.15
2026-06-23 05:39:33 - models.plan_generator_nonwork - INFO -   Scaled Shopping trips: 51,918
2026-06-23 05:39:33 - models.plan_generator_nonwork - INFO -   Expected scaled trips: 51,952
2026-06-23 05:39:33 - models.plan_generator_nonwork - INFO -   Scaling accuracy: 99.9%
2026-06-23 05:39:33 - models.plan_generator_nonwork - INFO - 
2026-06-23 05:39:33 - models.plan_generator_nonwork - INFO - Generating all Shopping plans using multiprocessing...
2026-06-23 05:39:34 - models.plan_generator_nonwork - INFO -   Using all 51,918 trips from scaled OD matrix
2026-06-23 05:39:34 - models.plan_generator_nonwork - INFO - Using 30 processes for Shopping plan generation
2026-06-23 05:39:34 - models.plan_generator_nonwork - INFO - Pre-loading data for Shopping multiprocessing...
2026-06-23 05:39:34 - models.plan_generator_nonwork - INFO -   Serialized GTFS stop data for workers: bus=9818 stops, rail=75 stops
2026-06-23 05:39:34 - models.plan_generator_nonwork - INFO -   Prepared shared data with 48,457 home blocks
2026-06-23 05:39:34 - models.plan_generator_nonwork - INFO -   POI categories: 6
2026-06-23 05:39:34 - models.plan_generator_nonwork - INFO -   Chain patterns: 719
2026-06-23 05:39:34 - models.plan_generator_nonwork - INFO - Split 30728 OD pairs into 31 chunks
2026-06-23 05:41:30 - models.plan_generator_nonwork - INFO - 
2026-06-23 05:41:30 - models.plan_generator_nonwork - INFO - Shopping GENERATION COMPLETE
2026-06-23 05:41:30 - models.plan_generator_nonwork - INFO -   Plans generated: 51,911
2026-06-23 05:41:30 - models.plan_generator_nonwork - INFO -   Failed plans: 7
2026-06-23 05:41:30 - models.plan_generator_nonwork - INFO -   Chain retries: 7,390 / 92,505 attempts
2026-06-23 05:41:30 - models.plan_generator_nonwork - INFO -     Too short: 0
2026-06-23 05:41:30 - models.plan_generator_nonwork - INFO -     Bad structure (not Home-...-Home): 0
2026-06-23 05:41:30 - models.plan_generator_nonwork - INFO -     Missing purpose: 7,390
2026-06-23 05:41:30 - models.plan_generator_nonwork - INFO -     Contains Work: 0
2026-06-23 05:41:30 - models.plan_generator_nonwork - INFO -   POI retries: 23,187
2026-06-23 05:41:30 - models.plan_generator_nonwork - INFO -   Time retries: 33,019
2026-06-23 05:41:30 - models.plan_generator_nonwork - INFO - ============================================================
2026-06-23 05:41:30 - models.mode_choice - INFO - ==================================================
2026-06-23 05:41:30 - models.mode_choice - INFO - MODE CHOICE STATISTICS
2026-06-23 05:41:30 - models.mode_choice - INFO - ==================================================
2026-06-23 05:41:30 - models.mode_choice - INFO -   Total mode choices: 160366
2026-06-23 05:41:30 - models.mode_choice - INFO -   Fallback mode used: 0 times
2026-06-23 05:41:30 - models.mode_choice - INFO -   Chain retries: 0
2026-06-23 05:41:30 - models.mode_choice - INFO -   Mode distribution in generated plans:
2026-06-23 05:41:30 - models.mode_choice - INFO -     car: 90.7%
2026-06-23 05:41:30 - models.mode_choice - INFO -     walk: 7.2%
2026-06-23 05:41:30 - models.mode_choice - INFO -     bus: 2.0%
2026-06-23 05:41:30 - models.mode_choice - INFO -     rail: 0.0%
2026-06-23 05:41:30 - models.mode_choice - INFO - ==================================================
2026-06-23 05:41:30 - __main__ - INFO - Generated 51,911 Shopping plans
2026-06-23 05:41:30 - __main__ - INFO - 
2026-06-23 05:41:30 - __main__ - INFO - ------------------------------------------------------------
2026-06-23 05:41:30 - __main__ - INFO - GENERATING SCHOOL PLANS
2026-06-23 05:41:30 - __main__ - INFO - ------------------------------------------------------------
2026-06-23 05:41:30 - models.plan_generator_nonwork - INFO - Initialized NonWorkPlanGenerator for School
2026-06-23 05:41:30 - utils.coordinates - INFO - Initialized coordinate converter: EPSG:4326 <-> EPSG:26915
2026-06-23 05:41:30 - models.plan_generator_nonwork - INFO -   Coordinate system: WGS84 → EPSG:26915
2026-06-23 05:41:30 - models.plan_generator_nonwork - INFO - Using pre-loaded shared data...
2026-06-23 05:41:30 - models.plan_generator_nonwork - INFO -   Using 48,457 home blocks (pre-loaded)
2026-06-23 05:41:30 - models.plan_generator_nonwork - INFO -   Using 45,653 POIs (pre-loaded)
2026-06-23 05:41:30 - models.plan_generator_nonwork - INFO -   Using 30,462 survey trips (pre-loaded)
2026-06-23 05:41:30 - models.plan_generator_nonwork - INFO -   Using 10,362 persons (pre-loaded)
2026-06-23 05:41:30 - models.plan_generator_nonwork - INFO -   Using 1,467 trip chains (pre-loaded)
2026-06-23 05:41:30 - models.plan_generator_nonwork - INFO -   Using 45,653 POI-to-block mappings (pre-computed)
2026-06-23 05:41:30 - models.plan_generator_nonwork - INFO -   Using shared trip duration model (pre-initialized)
2026-06-23 05:41:30 - models.plan_generator_nonwork - INFO -   Using shared activity duration model (pre-initialized)
2026-06-23 05:41:30 - models.plan_generator_nonwork - INFO -   Using shared POI spatial index (pre-built)
2026-06-23 05:41:30 - models.plan_generator_nonwork - INFO - Initializing time models...
2026-06-23 05:41:30 - models.plan_generator_nonwork - INFO -   Using shared trip duration model
2026-06-23 05:41:30 - models.plan_generator_nonwork - INFO -   Using shared activity duration model
2026-06-23 05:41:30 - models.plan_generator_nonwork - INFO -   Time models initialized
2026-06-23 05:41:30 - models.plan_generator_nonwork - INFO -   Average trip duration: 20.2 minutes
2026-06-23 05:41:30 - models.plan_generator_nonwork - INFO - Initializing POI components...
2026-06-23 05:41:30 - models.plan_generator_nonwork - INFO -   Using shared POI spatial index: 6 activity types, 45,653 POIs
2026-06-23 05:41:30 - models.plan_generator_nonwork - INFO -   POI weighting enabled: True
2026-06-23 05:41:30 - models.plan_generator_nonwork - INFO - Initializing chain model...
2026-06-23 05:41:30 - models.plan_generator_nonwork - INFO -   Filtered 250 chains containing School
2026-06-23 05:41:30 - models.plan_generator_nonwork - INFO -   Chain model initialized with 250 chains (length dist from 1467 unfiltered)
2026-06-23 05:41:30 - models.plan_generator_nonwork - INFO - Initializing GTFS transit availability...
2026-06-23 05:41:30 - models.plan_generator_nonwork - INFO -   GTFS availability rebuilt from shared data: bus=9818 stops, rail=75 stops
2026-06-23 05:41:30 - models.plan_generator_nonwork - INFO - Initializing mode choice model...
2026-06-23 05:41:30 - models.mode_choice - INFO - Computing mode shares from survey data...
2026-06-23 05:41:30 - models.mode_choice - INFO - Computed mode rates for 8 purposes
2026-06-23 05:41:30 - models.mode_choice - INFO -   Overall mode distribution: car=88.2%, walk=6.8%, school_bus=2.1%, bike=1.0%, bus=0.6%, rail=0.5%, rideshare=0.4%, other=0.4%
2026-06-23 05:41:30 - models.mode_choice - INFO - ModeChoiceModel initialized with 4 modes: ['car', 'bus', 'rail', 'walk']
2026-06-23 05:41:30 - models.plan_generator_nonwork - INFO - Creating School OD matrix...
2026-06-23 05:41:30 - models.plan_generator_nonwork - INFO -   Using pre-computed POI-to-block mapping
2026-06-23 05:41:30 - models.od_matrix_nonwork - INFO - ======================================================================
2026-06-23 05:41:30 - models.od_matrix_nonwork - INFO - CREATING NON-WORK OD MATRIX - SCHOOL
2026-06-23 05:41:30 - models.od_matrix_nonwork - INFO - ======================================================================
2026-06-23 05:41:30 - models.od_matrix_nonwork - INFO - Configuration:
2026-06-23 05:41:30 - models.od_matrix_nonwork - INFO -   Beta (distance decay): 1.8
2026-06-23 05:41:30 - models.od_matrix_nonwork - INFO -   Alpha (survey weight): 0.15
2026-06-23 05:41:30 - models.od_matrix_nonwork - INFO - Calculating POI density for School...
2026-06-23 05:41:30 - models.od_matrix_nonwork - INFO -   Total POIs to process: 45,653
2026-06-23 05:41:30 - models.od_matrix_nonwork - INFO -   Filtered to 1,799 School POIs
2026-06-23 05:41:30 - models.od_matrix_nonwork - INFO -   Using pre-computed POI-to-block mapping (fast path)
2026-06-23 05:41:30 - models.od_matrix_nonwork - INFO -   POI assignment complete:
2026-06-23 05:41:30 - models.od_matrix_nonwork - INFO -     Blocks with POIs: 1,192
2026-06-23 05:41:30 - models.od_matrix_nonwork - INFO -     Total POIs assigned: 1,799
2026-06-23 05:41:30 - models.od_matrix_nonwork - INFO -     Avg POIs per block (non-zero): 1.5
2026-06-23 05:41:30 - models.od_matrix_nonwork - INFO - Creating survey OD matrix for School...
2026-06-23 05:41:30 - models.od_matrix_nonwork - INFO -   Filtered to 1,849 trips (from 30,462 total)
2026-06-23 05:41:30 - models.od_matrix_nonwork - INFO -   Survey OD matrix created: (1, 1)
2026-06-23 05:41:30 - models.od_matrix_nonwork - INFO -   Total trips in survey matrix: 1,849
2026-06-23 05:41:30 - models.od_matrix_nonwork - INFO - ======================================================================
2026-06-23 05:41:30 - models.od_matrix_nonwork - INFO - SINGLY-CONSTRAINED GRAVITY MODEL - SCHOOL
2026-06-23 05:41:30 - models.od_matrix_nonwork - INFO - ======================================================================
2026-06-23 05:41:30 - models.od_matrix_nonwork - INFO - Survey trip rate calculation:
2026-06-23 05:41:30 - models.od_matrix_nonwork - INFO -   Purpose trips: 1,849
2026-06-23 05:41:30 - models.od_matrix_nonwork - INFO -   Total survey records: 30,462
2026-06-23 05:41:30 - models.od_matrix_nonwork - INFO -   Calculated trip rate: 6.07%
2026-06-23 05:41:30 - models.od_matrix_nonwork - INFO - 
2026-06-23 05:41:30 - models.od_matrix_nonwork - INFO - Trip Generation Rate Calculation:
2026-06-23 05:41:30 - models.od_matrix_nonwork - INFO -   Survey rate: 6.07%
2026-06-23 05:41:30 - models.od_matrix_nonwork - INFO -   Config rate: 25.00%
2026-06-23 05:41:30 - models.od_matrix_nonwork - INFO -   Blend weight: 0.70 (0=survey only, 1=config only)
2026-06-23 05:41:30 - models.od_matrix_nonwork - INFO -   Final trip rate: 19.32%
2026-06-23 05:41:30 - models.od_matrix_nonwork - INFO - 
2026-06-23 05:41:31 - models.od_matrix_nonwork - INFO -   Pre-aggregated 48,457 blocks → 2,861 block_groups (home)
2026-06-23 05:41:31 - models.od_matrix_nonwork - INFO -   Pre-aggregated POI blocks → 879 block_groups with POIs
2026-06-23 05:41:31 - models.od_matrix_nonwork - INFO - Number of home block_groups: 2861
2026-06-23 05:41:31 - models.od_matrix_nonwork - INFO - Number of destination block_groups (with POIs): 879
2026-06-23 05:41:31 - models.od_matrix_nonwork - INFO - Distance decay beta: 1.8
2026-06-23 05:41:31 - models.od_matrix_nonwork - INFO - Total non-employees (base): 1,788,851
2026-06-23 05:41:31 - models.od_matrix_nonwork - INFO - Total travelers (after trip rate): 345,623
2026-06-23 05:41:31 - models.od_matrix_nonwork - INFO - Total POIs (destination): 1,799
2026-06-23 05:41:31 - models.od_matrix_nonwork - INFO - Extracting coordinates...
2026-06-23 05:41:31 - models.od_matrix_nonwork - INFO - Calculating distances and friction factors...
2026-06-23 05:41:31 - models.od_matrix_nonwork - INFO - Initial gravity model total trips: 345,623
2026-06-23 05:41:31 - models.od_matrix_nonwork - INFO - 
Running IPF iterations (max 50)...
2026-06-23 05:41:31 - models.od_matrix_nonwork - INFO -   Iteration 1: Max relative difference = 4.88e-16
2026-06-23 05:41:31 - models.od_matrix_nonwork - INFO - Converged after 1 iterations
2026-06-23 05:41:31 - models.od_matrix_nonwork - INFO - ======================================================================
2026-06-23 05:41:31 - models.od_matrix_nonwork - INFO - VERIFICATION
2026-06-23 05:41:31 - models.od_matrix_nonwork - INFO - ======================================================================
2026-06-23 05:41:31 - models.od_matrix_nonwork - INFO - Origin total: 345,623 | Matrix row sum: 345,623
2026-06-23 05:41:31 - models.od_matrix_nonwork - INFO - Max row constraint error: 2.27e-13
2026-06-23 05:41:31 - models.od_matrix_nonwork - INFO - Total trips in gravity model: 345,623
2026-06-23 05:41:31 - models.od_matrix_nonwork - INFO - 
2026-06-23 05:41:31 - models.od_matrix_nonwork - INFO -   Gravity model (block-group level): (2861, 879)
2026-06-23 05:41:31 - models.od_matrix_nonwork - INFO -   Survey matrix: (1, 1)
2026-06-23 05:41:31 - models.od_matrix_nonwork - INFO - 
Combining survey and gravity models...
2026-06-23 05:41:31 - models.od_matrix_v3 - INFO - ======================================================================
2026-06-23 05:41:31 - models.od_matrix_v3 - INFO - COMBINING OD MATRICES
2026-06-23 05:41:31 - models.od_matrix_v3 - INFO - ======================================================================
2026-06-23 05:41:31 - models.od_matrix_v3 - INFO - Survey matrix shape: (1, 1)
2026-06-23 05:41:31 - models.od_matrix_v3 - INFO - Local matrix shape: (2861, 879)
2026-06-23 05:41:31 - models.od_matrix_v3 - INFO - Alpha (survey weight): 0.15
2026-06-23 05:41:31 - models.od_matrix_v3 - INFO - Local weight: 0.85
2026-06-23 05:41:31 - models.od_matrix_v3 - INFO - Aligning survey to local matrix structure...
2026-06-23 05:41:31 - models.od_matrix_v3 - INFO - Combining matrices (alpha blend where survey exists, local only where survey is empty)...
2026-06-23 05:41:31 - models.od_matrix_v3 - INFO - No scaling target specified. Using local matrix total: 345,623
2026-06-23 05:41:31 - models.od_matrix_v3 - INFO - Matrix total before scaling: 345,623
2026-06-23 05:41:31 - models.od_matrix_v3 - INFO - Scale factor: 1.000000
2026-06-23 05:41:31 - models.od_matrix_v3 - INFO - Applying robust rounding to guarantee target total...
2026-06-23 05:41:31 - models.od_matrix_v3 - INFO - Total after flooring: 200,119
2026-06-23 05:41:31 - models.od_matrix_v3 - INFO - Remainder to distribute: 145,504
2026-06-23 05:41:31 - models.od_matrix_v3 - INFO - ======================================================================
2026-06-23 05:41:31 - models.od_matrix_v3 - INFO - VERIFICATION
2026-06-23 05:41:31 - models.od_matrix_v3 - INFO - ======================================================================
2026-06-23 05:41:31 - models.od_matrix_v3 - INFO - Survey total trips: 1,849
2026-06-23 05:41:31 - models.od_matrix_v3 - INFO - Local total trips: 345,623
2026-06-23 05:41:31 - models.od_matrix_v3 - INFO - Combined total trips (before scaling): 345,623
2026-06-23 05:41:31 - models.od_matrix_v3 - INFO - Combined total trips (after scaling & rounding): 345,623
2026-06-23 05:41:31 - models.od_matrix_v3 - INFO - Target total: 345,623
2026-06-23 05:41:31 - models.od_matrix_v3 - INFO - Difference: 0
2026-06-23 05:41:31 - models.od_matrix_v3 - INFO - Combined matrix shape: (2861, 879)
2026-06-23 05:41:31 - models.od_matrix_nonwork - INFO - 
Applied nonwork_trip_share: 80.00%
2026-06-23 05:41:31 - models.od_matrix_nonwork - INFO -   Trips before scaling: 345,623
2026-06-23 05:41:31 - models.od_matrix_nonwork - INFO -   Trips after scaling: 276,498
2026-06-23 05:41:31 - models.od_matrix_nonwork - INFO - ======================================================================
2026-06-23 05:41:31 - models.od_matrix_nonwork - INFO - NONWORK OD MATRIX CREATION COMPLETE - SCHOOL
2026-06-23 05:41:31 - models.od_matrix_nonwork - INFO - ======================================================================
2026-06-23 05:41:31 - models.plan_generator_nonwork - INFO -   OD matrix shape: (2861, 879)
2026-06-23 05:41:31 - models.plan_generator_nonwork - INFO -   Unscaled total trips: 276,498
2026-06-23 05:41:31 - models.plan_generator_nonwork - INFO -   Scaling factor: 0.15
2026-06-23 05:41:31 - models.plan_generator_nonwork - INFO -   Scaled total trips: 41,512
2026-06-23 05:41:31 - models.plan_generator_nonwork - INFO - NonWorkPlanGenerator initialization complete
2026-06-23 05:41:31 - models.plan_generator_nonwork - INFO - ============================================================
2026-06-23 05:41:31 - models.plan_generator_nonwork - INFO - SCHOOL PLAN GENERATION
2026-06-23 05:41:31 - models.plan_generator_nonwork - INFO - ============================================================
2026-06-23 05:41:31 - models.plan_generator_nonwork - INFO -   Population base (non-employees in region): 1,788,851
2026-06-23 05:41:31 - models.plan_generator_nonwork - INFO -   Unscaled School trips: 276,498
2026-06-23 05:41:31 - models.plan_generator_nonwork - INFO -   Scaling factor: 0.15
2026-06-23 05:41:31 - models.plan_generator_nonwork - INFO -   Scaled School trips: 41,512
2026-06-23 05:41:31 - models.plan_generator_nonwork - INFO -   Expected scaled trips: 41,475
2026-06-23 05:41:31 - models.plan_generator_nonwork - INFO -   Scaling accuracy: 100.1%
2026-06-23 05:41:31 - models.plan_generator_nonwork - INFO - 
2026-06-23 05:41:31 - models.plan_generator_nonwork - INFO - Generating all School plans using multiprocessing...
2026-06-23 05:41:31 - models.plan_generator_nonwork - INFO -   Using all 41,512 trips from scaled OD matrix
2026-06-23 05:41:31 - models.plan_generator_nonwork - INFO - Using 30 processes for School plan generation
2026-06-23 05:41:31 - models.plan_generator_nonwork - INFO - Pre-loading data for School multiprocessing...
2026-06-23 05:41:31 - models.plan_generator_nonwork - INFO -   Serialized GTFS stop data for workers: bus=9818 stops, rail=75 stops
2026-06-23 05:41:31 - models.plan_generator_nonwork - INFO -   Prepared shared data with 48,457 home blocks
2026-06-23 05:41:31 - models.plan_generator_nonwork - INFO -   POI categories: 6
2026-06-23 05:41:31 - models.plan_generator_nonwork - INFO -   Chain patterns: 250
2026-06-23 05:41:31 - models.plan_generator_nonwork - INFO - Split 26668 OD pairs into 31 chunks
2026-06-23 05:43:28 - models.plan_generator_nonwork - INFO - 
2026-06-23 05:43:28 - models.plan_generator_nonwork - INFO - School GENERATION COMPLETE
2026-06-23 05:43:28 - models.plan_generator_nonwork - INFO -   Plans generated: 41,503
2026-06-23 05:43:28 - models.plan_generator_nonwork - INFO -   Failed plans: 9
2026-06-23 05:43:28 - models.plan_generator_nonwork - INFO -   Chain retries: 9,517 / 82,075 attempts
2026-06-23 05:43:28 - models.plan_generator_nonwork - INFO -     Too short: 0
2026-06-23 05:43:28 - models.plan_generator_nonwork - INFO -     Bad structure (not Home-...-Home): 0
2026-06-23 05:43:28 - models.plan_generator_nonwork - INFO -     Missing purpose: 9,517
2026-06-23 05:43:28 - models.plan_generator_nonwork - INFO -     Contains Work: 0
2026-06-23 05:43:28 - models.plan_generator_nonwork - INFO -   POI retries: 17,101
2026-06-23 05:43:28 - models.plan_generator_nonwork - INFO -   Time retries: 30,911
2026-06-23 05:43:28 - models.plan_generator_nonwork - INFO - ============================================================
2026-06-23 05:43:28 - models.mode_choice - INFO - ==================================================
2026-06-23 05:43:28 - models.mode_choice - INFO - MODE CHOICE STATISTICS
2026-06-23 05:43:28 - models.mode_choice - INFO - ==================================================
2026-06-23 05:43:28 - models.mode_choice - INFO -   Total mode choices: 108449
2026-06-23 05:43:28 - models.mode_choice - INFO -   Fallback mode used: 0 times
2026-06-23 05:43:28 - models.mode_choice - INFO -   Chain retries: 0
2026-06-23 05:43:28 - models.mode_choice - INFO -   Mode distribution in generated plans:
2026-06-23 05:43:28 - models.mode_choice - INFO -     car: 93.2%
2026-06-23 05:43:28 - models.mode_choice - INFO -     walk: 4.3%
2026-06-23 05:43:28 - models.mode_choice - INFO -     bus: 2.5%
2026-06-23 05:43:28 - models.mode_choice - INFO -     rail: 0.1%
2026-06-23 05:43:28 - models.mode_choice - INFO - ==================================================
2026-06-23 05:43:28 - __main__ - INFO - Generated 41,503 School plans
2026-06-23 05:43:28 - __main__ - INFO - 
2026-06-23 05:43:28 - __main__ - INFO - ------------------------------------------------------------
2026-06-23 05:43:28 - __main__ - INFO - GENERATING SOCIAL PLANS
2026-06-23 05:43:28 - __main__ - INFO - ------------------------------------------------------------
2026-06-23 05:43:28 - models.plan_generator_nonwork - INFO - Initialized NonWorkPlanGenerator for Social
2026-06-23 05:43:28 - utils.coordinates - INFO - Initialized coordinate converter: EPSG:4326 <-> EPSG:26915
2026-06-23 05:43:28 - models.plan_generator_nonwork - INFO -   Coordinate system: WGS84 → EPSG:26915
2026-06-23 05:43:28 - models.plan_generator_nonwork - INFO - Using pre-loaded shared data...
2026-06-23 05:43:28 - models.plan_generator_nonwork - INFO -   Using 48,457 home blocks (pre-loaded)
2026-06-23 05:43:28 - models.plan_generator_nonwork - INFO -   Using 45,653 POIs (pre-loaded)
2026-06-23 05:43:28 - models.plan_generator_nonwork - INFO -   Using 30,462 survey trips (pre-loaded)
2026-06-23 05:43:28 - models.plan_generator_nonwork - INFO -   Using 10,362 persons (pre-loaded)
2026-06-23 05:43:28 - models.plan_generator_nonwork - INFO -   Using 1,467 trip chains (pre-loaded)
2026-06-23 05:43:28 - models.plan_generator_nonwork - INFO -   Using 45,653 POI-to-block mappings (pre-computed)
2026-06-23 05:43:28 - models.plan_generator_nonwork - INFO -   Using shared trip duration model (pre-initialized)
2026-06-23 05:43:28 - models.plan_generator_nonwork - INFO -   Using shared activity duration model (pre-initialized)
2026-06-23 05:43:28 - models.plan_generator_nonwork - INFO -   Using shared POI spatial index (pre-built)
2026-06-23 05:43:28 - models.plan_generator_nonwork - INFO - Initializing time models...
2026-06-23 05:43:28 - models.plan_generator_nonwork - INFO -   Using shared trip duration model
2026-06-23 05:43:28 - models.plan_generator_nonwork - INFO -   Using shared activity duration model
2026-06-23 05:43:28 - models.plan_generator_nonwork - INFO -   Time models initialized
2026-06-23 05:43:28 - models.plan_generator_nonwork - INFO -   Average trip duration: 20.2 minutes
2026-06-23 05:43:28 - models.plan_generator_nonwork - INFO - Initializing POI components...
2026-06-23 05:43:28 - models.plan_generator_nonwork - INFO -   Using shared POI spatial index: 6 activity types, 45,653 POIs
2026-06-23 05:43:28 - models.plan_generator_nonwork - INFO -   POI weighting enabled: True
2026-06-23 05:43:28 - models.plan_generator_nonwork - INFO - Initializing chain model...
2026-06-23 05:43:28 - models.plan_generator_nonwork - INFO -   Filtered 536 chains containing Social
2026-06-23 05:43:28 - models.plan_generator_nonwork - INFO -   Chain model initialized with 536 chains (length dist from 1467 unfiltered)
2026-06-23 05:43:28 - models.plan_generator_nonwork - INFO - Initializing GTFS transit availability...
2026-06-23 05:43:28 - models.plan_generator_nonwork - INFO -   GTFS availability rebuilt from shared data: bus=9818 stops, rail=75 stops
2026-06-23 05:43:28 - models.plan_generator_nonwork - INFO - Initializing mode choice model...
2026-06-23 05:43:28 - models.mode_choice - INFO - Computing mode shares from survey data...
2026-06-23 05:43:28 - models.mode_choice - INFO - Computed mode rates for 8 purposes
2026-06-23 05:43:28 - models.mode_choice - INFO -   Overall mode distribution: car=88.2%, walk=6.8%, school_bus=2.1%, bike=1.0%, bus=0.6%, rail=0.5%, rideshare=0.4%, other=0.4%
2026-06-23 05:43:28 - models.mode_choice - INFO - ModeChoiceModel initialized with 4 modes: ['car', 'bus', 'rail', 'walk']
2026-06-23 05:43:28 - models.plan_generator_nonwork - INFO - Creating Social OD matrix...
2026-06-23 05:43:28 - models.plan_generator_nonwork - INFO -   Using pre-computed POI-to-block mapping
2026-06-23 05:43:28 - models.od_matrix_nonwork - INFO - ======================================================================
2026-06-23 05:43:28 - models.od_matrix_nonwork - INFO - CREATING NON-WORK OD MATRIX - SOCIAL
2026-06-23 05:43:28 - models.od_matrix_nonwork - INFO - ======================================================================
2026-06-23 05:43:28 - models.od_matrix_nonwork - INFO - Configuration:
2026-06-23 05:43:28 - models.od_matrix_nonwork - INFO -   Beta (distance decay): 2.0
2026-06-23 05:43:28 - models.od_matrix_nonwork - INFO -   Alpha (survey weight): 0.1
2026-06-23 05:43:28 - models.od_matrix_nonwork - INFO - Calculating POI density for Social...
2026-06-23 05:43:28 - models.od_matrix_nonwork - INFO -   Total POIs to process: 45,653
2026-06-23 05:43:28 - models.od_matrix_nonwork - INFO -   Filtered to 12,803 Social POIs
2026-06-23 05:43:28 - models.od_matrix_nonwork - INFO -   Using pre-computed POI-to-block mapping (fast path)
2026-06-23 05:43:28 - models.od_matrix_nonwork - INFO -   POI assignment complete:
2026-06-23 05:43:28 - models.od_matrix_nonwork - INFO -     Blocks with POIs: 7,557
2026-06-23 05:43:28 - models.od_matrix_nonwork - INFO -     Total POIs assigned: 12,803
2026-06-23 05:43:28 - models.od_matrix_nonwork - INFO -     Avg POIs per block (non-zero): 1.7
2026-06-23 05:43:28 - models.od_matrix_nonwork - INFO - Creating survey OD matrix for Social...
2026-06-23 05:43:28 - models.od_matrix_nonwork - INFO -   Filtered to 3,394 trips (from 30,462 total)
2026-06-23 05:43:28 - models.od_matrix_nonwork - INFO -   Survey OD matrix created: (1, 1)
2026-06-23 05:43:28 - models.od_matrix_nonwork - INFO -   Total trips in survey matrix: 3,394
2026-06-23 05:43:28 - models.od_matrix_nonwork - INFO - ======================================================================
2026-06-23 05:43:28 - models.od_matrix_nonwork - INFO - SINGLY-CONSTRAINED GRAVITY MODEL - SOCIAL
2026-06-23 05:43:28 - models.od_matrix_nonwork - INFO - ======================================================================
2026-06-23 05:43:28 - models.od_matrix_nonwork - INFO - Survey trip rate calculation:
2026-06-23 05:43:28 - models.od_matrix_nonwork - INFO -   Purpose trips: 3,394
2026-06-23 05:43:28 - models.od_matrix_nonwork - INFO -   Total survey records: 30,462
2026-06-23 05:43:28 - models.od_matrix_nonwork - INFO -   Calculated trip rate: 11.14%
2026-06-23 05:43:28 - models.od_matrix_nonwork - INFO - 
2026-06-23 05:43:28 - models.od_matrix_nonwork - INFO - Trip Generation Rate Calculation:
2026-06-23 05:43:28 - models.od_matrix_nonwork - INFO -   Survey rate: 11.14%
2026-06-23 05:43:28 - models.od_matrix_nonwork - INFO -   Config rate: 15.00%
2026-06-23 05:43:28 - models.od_matrix_nonwork - INFO -   Blend weight: 0.70 (0=survey only, 1=config only)
2026-06-23 05:43:28 - models.od_matrix_nonwork - INFO -   Final trip rate: 13.84%
2026-06-23 05:43:28 - models.od_matrix_nonwork - INFO - 
2026-06-23 05:43:28 - models.od_matrix_nonwork - INFO -   Pre-aggregated 48,457 blocks → 2,861 block_groups (home)
2026-06-23 05:43:28 - models.od_matrix_nonwork - INFO -   Pre-aggregated POI blocks → 2,393 block_groups with POIs
2026-06-23 05:43:28 - models.od_matrix_nonwork - INFO - Number of home block_groups: 2861
2026-06-23 05:43:28 - models.od_matrix_nonwork - INFO - Number of destination block_groups (with POIs): 2393
2026-06-23 05:43:28 - models.od_matrix_nonwork - INFO - Distance decay beta: 2.0
2026-06-23 05:43:28 - models.od_matrix_nonwork - INFO - Total non-employees (base): 1,788,851
2026-06-23 05:43:28 - models.od_matrix_nonwork - INFO - Total travelers (after trip rate): 247,622
2026-06-23 05:43:28 - models.od_matrix_nonwork - INFO - Total POIs (destination): 12,803
2026-06-23 05:43:28 - models.od_matrix_nonwork - INFO - Extracting coordinates...
2026-06-23 05:43:28 - models.od_matrix_nonwork - INFO - Calculating distances and friction factors...
2026-06-23 05:43:28 - models.od_matrix_nonwork - INFO - Initial gravity model total trips: 247,622
2026-06-23 05:43:28 - models.od_matrix_nonwork - INFO - 
Running IPF iterations (max 50)...
2026-06-23 05:43:28 - models.od_matrix_nonwork - INFO -   Iteration 1: Max relative difference = 4.68e-16
2026-06-23 05:43:28 - models.od_matrix_nonwork - INFO - Converged after 1 iterations
2026-06-23 05:43:28 - models.od_matrix_nonwork - INFO - ======================================================================
2026-06-23 05:43:28 - models.od_matrix_nonwork - INFO - VERIFICATION
2026-06-23 05:43:28 - models.od_matrix_nonwork - INFO - ======================================================================
2026-06-23 05:43:28 - models.od_matrix_nonwork - INFO - Origin total: 247,622 | Matrix row sum: 247,622
2026-06-23 05:43:28 - models.od_matrix_nonwork - INFO - Max row constraint error: 5.68e-14
2026-06-23 05:43:28 - models.od_matrix_nonwork - INFO - Total trips in gravity model: 247,622
2026-06-23 05:43:28 - models.od_matrix_nonwork - INFO - 
2026-06-23 05:43:28 - models.od_matrix_nonwork - INFO -   Gravity model (block-group level): (2861, 2393)
2026-06-23 05:43:28 - models.od_matrix_nonwork - INFO -   Survey matrix: (1, 1)
2026-06-23 05:43:28 - models.od_matrix_nonwork - INFO - 
Combining survey and gravity models...
2026-06-23 05:43:28 - models.od_matrix_v3 - INFO - ======================================================================
2026-06-23 05:43:28 - models.od_matrix_v3 - INFO - COMBINING OD MATRICES
2026-06-23 05:43:28 - models.od_matrix_v3 - INFO - ======================================================================
2026-06-23 05:43:28 - models.od_matrix_v3 - INFO - Survey matrix shape: (1, 1)
2026-06-23 05:43:28 - models.od_matrix_v3 - INFO - Local matrix shape: (2861, 2393)
2026-06-23 05:43:28 - models.od_matrix_v3 - INFO - Alpha (survey weight): 0.10
2026-06-23 05:43:28 - models.od_matrix_v3 - INFO - Local weight: 0.90
2026-06-23 05:43:28 - models.od_matrix_v3 - INFO - Aligning survey to local matrix structure...
2026-06-23 05:43:28 - models.od_matrix_v3 - INFO - Combining matrices (alpha blend where survey exists, local only where survey is empty)...
2026-06-23 05:43:29 - models.od_matrix_v3 - INFO - No scaling target specified. Using local matrix total: 247,622
2026-06-23 05:43:29 - models.od_matrix_v3 - INFO - Matrix total before scaling: 247,622
2026-06-23 05:43:29 - models.od_matrix_v3 - INFO - Scale factor: 0.999999
2026-06-23 05:43:29 - models.od_matrix_v3 - INFO - Applying robust rounding to guarantee target total...
2026-06-23 05:43:29 - models.od_matrix_v3 - INFO - Total after flooring: 197,746
2026-06-23 05:43:29 - models.od_matrix_v3 - INFO - Remainder to distribute: 49,876
2026-06-23 05:43:30 - models.od_matrix_v3 - INFO - ======================================================================
2026-06-23 05:43:30 - models.od_matrix_v3 - INFO - VERIFICATION
2026-06-23 05:43:30 - models.od_matrix_v3 - INFO - ======================================================================
2026-06-23 05:43:30 - models.od_matrix_v3 - INFO - Survey total trips: 3,394
2026-06-23 05:43:30 - models.od_matrix_v3 - INFO - Local total trips: 247,622
2026-06-23 05:43:30 - models.od_matrix_v3 - INFO - Combined total trips (before scaling): 247,622
2026-06-23 05:43:30 - models.od_matrix_v3 - INFO - Combined total trips (after scaling & rounding): 247,622
2026-06-23 05:43:30 - models.od_matrix_v3 - INFO - Target total: 247,622
2026-06-23 05:43:30 - models.od_matrix_v3 - INFO - Difference: 0
2026-06-23 05:43:30 - models.od_matrix_v3 - INFO - Combined matrix shape: (2861, 2393)
2026-06-23 05:43:30 - models.od_matrix_nonwork - INFO - 
Applied nonwork_trip_share: 80.00%
2026-06-23 05:43:30 - models.od_matrix_nonwork - INFO -   Trips before scaling: 247,622
2026-06-23 05:43:30 - models.od_matrix_nonwork - INFO -   Trips after scaling: 198,098
2026-06-23 05:43:30 - models.od_matrix_nonwork - INFO - ======================================================================
2026-06-23 05:43:30 - models.od_matrix_nonwork - INFO - NONWORK OD MATRIX CREATION COMPLETE - SOCIAL
2026-06-23 05:43:30 - models.od_matrix_nonwork - INFO - ======================================================================
2026-06-23 05:43:30 - models.plan_generator_nonwork - INFO -   OD matrix shape: (2861, 2393)
2026-06-23 05:43:30 - models.plan_generator_nonwork - INFO -   Unscaled total trips: 198,098
2026-06-23 05:43:30 - models.plan_generator_nonwork - INFO -   Scaling factor: 0.15
2026-06-23 05:43:30 - models.plan_generator_nonwork - INFO -   Scaled total trips: 29,695
2026-06-23 05:43:30 - models.plan_generator_nonwork - INFO - NonWorkPlanGenerator initialization complete
2026-06-23 05:43:30 - models.plan_generator_nonwork - INFO - ============================================================
2026-06-23 05:43:30 - models.plan_generator_nonwork - INFO - SOCIAL PLAN GENERATION
2026-06-23 05:43:30 - models.plan_generator_nonwork - INFO - ============================================================
2026-06-23 05:43:30 - models.plan_generator_nonwork - INFO -   Population base (non-employees in region): 1,788,851
2026-06-23 05:43:30 - models.plan_generator_nonwork - INFO -   Unscaled Social trips: 198,098
2026-06-23 05:43:30 - models.plan_generator_nonwork - INFO -   Scaling factor: 0.15
2026-06-23 05:43:30 - models.plan_generator_nonwork - INFO -   Scaled Social trips: 29,695
2026-06-23 05:43:30 - models.plan_generator_nonwork - INFO -   Expected scaled trips: 29,715
2026-06-23 05:43:30 - models.plan_generator_nonwork - INFO -   Scaling accuracy: 99.9%
2026-06-23 05:43:30 - models.plan_generator_nonwork - INFO - 
2026-06-23 05:43:30 - models.plan_generator_nonwork - INFO - Generating all Social plans using multiprocessing...
2026-06-23 05:43:30 - models.plan_generator_nonwork - INFO -   Using all 29,695 trips from scaled OD matrix
2026-06-23 05:43:30 - models.plan_generator_nonwork - INFO - Using 30 processes for Social plan generation
2026-06-23 05:43:30 - models.plan_generator_nonwork - INFO - Pre-loading data for Social multiprocessing...
2026-06-23 05:43:30 - models.plan_generator_nonwork - INFO -   Serialized GTFS stop data for workers: bus=9818 stops, rail=75 stops
2026-06-23 05:43:30 - models.plan_generator_nonwork - INFO -   Prepared shared data with 48,457 home blocks
2026-06-23 05:43:30 - models.plan_generator_nonwork - INFO -   POI categories: 6
2026-06-23 05:43:30 - models.plan_generator_nonwork - INFO -   Chain patterns: 536
2026-06-23 05:43:30 - models.plan_generator_nonwork - INFO - Split 9745 OD pairs into 31 chunks
2026-06-23 05:45:24 - models.plan_generator_nonwork - INFO - 
2026-06-23 05:45:24 - models.plan_generator_nonwork - INFO - Social GENERATION COMPLETE
2026-06-23 05:45:24 - models.plan_generator_nonwork - INFO -   Plans generated: 29,646
2026-06-23 05:45:24 - models.plan_generator_nonwork - INFO -   Failed plans: 49
2026-06-23 05:45:24 - models.plan_generator_nonwork - INFO -   Chain retries: 7,379 / 70,551 attempts
2026-06-23 05:45:24 - models.plan_generator_nonwork - INFO -     Too short: 0
2026-06-23 05:45:24 - models.plan_generator_nonwork - INFO -     Bad structure (not Home-...-Home): 0
2026-06-23 05:45:24 - models.plan_generator_nonwork - INFO -     Missing purpose: 7,379
2026-06-23 05:45:24 - models.plan_generator_nonwork - INFO -     Contains Work: 0
2026-06-23 05:45:24 - models.plan_generator_nonwork - INFO -   POI retries: 24,380
2026-06-23 05:45:24 - models.plan_generator_nonwork - INFO -   Time retries: 33,329
2026-06-23 05:45:24 - models.plan_generator_nonwork - INFO - ============================================================
2026-06-23 05:45:24 - models.mode_choice - INFO - ==================================================
2026-06-23 05:45:24 - models.mode_choice - INFO - MODE CHOICE STATISTICS
2026-06-23 05:45:24 - models.mode_choice - INFO - ==================================================
2026-06-23 05:45:24 - models.mode_choice - INFO -   Total mode choices: 87976
2026-06-23 05:45:24 - models.mode_choice - INFO -   Fallback mode used: 0 times
2026-06-23 05:45:24 - models.mode_choice - INFO -   Chain retries: 0
2026-06-23 05:45:24 - models.mode_choice - INFO -   Mode distribution in generated plans:
2026-06-23 05:45:24 - models.mode_choice - INFO -     car: 88.8%
2026-06-23 05:45:24 - models.mode_choice - INFO -     walk: 9.0%
2026-06-23 05:45:24 - models.mode_choice - INFO -     bus: 2.1%
2026-06-23 05:45:24 - models.mode_choice - INFO -     rail: 0.0%
2026-06-23 05:45:24 - models.mode_choice - INFO - ==================================================
2026-06-23 05:45:24 - __main__ - INFO - Generated 29,646 Social plans
2026-06-23 05:45:24 - __main__ - INFO - 
2026-06-23 05:45:24 - __main__ - INFO - ------------------------------------------------------------
2026-06-23 05:45:24 - __main__ - INFO - GENERATING DINING PLANS
2026-06-23 05:45:24 - __main__ - INFO - ------------------------------------------------------------
2026-06-23 05:45:24 - models.plan_generator_nonwork - INFO - Initialized NonWorkPlanGenerator for Dining
2026-06-23 05:45:24 - utils.coordinates - INFO - Initialized coordinate converter: EPSG:4326 <-> EPSG:26915
2026-06-23 05:45:24 - models.plan_generator_nonwork - INFO -   Coordinate system: WGS84 → EPSG:26915
2026-06-23 05:45:24 - models.plan_generator_nonwork - INFO - Using pre-loaded shared data...
2026-06-23 05:45:24 - models.plan_generator_nonwork - INFO -   Using 48,457 home blocks (pre-loaded)
2026-06-23 05:45:24 - models.plan_generator_nonwork - INFO -   Using 45,653 POIs (pre-loaded)
2026-06-23 05:45:24 - models.plan_generator_nonwork - INFO -   Using 30,462 survey trips (pre-loaded)
2026-06-23 05:45:24 - models.plan_generator_nonwork - INFO -   Using 10,362 persons (pre-loaded)
2026-06-23 05:45:24 - models.plan_generator_nonwork - INFO -   Using 1,467 trip chains (pre-loaded)
2026-06-23 05:45:24 - models.plan_generator_nonwork - INFO -   Using 45,653 POI-to-block mappings (pre-computed)
2026-06-23 05:45:24 - models.plan_generator_nonwork - INFO -   Using shared trip duration model (pre-initialized)
2026-06-23 05:45:24 - models.plan_generator_nonwork - INFO -   Using shared activity duration model (pre-initialized)
2026-06-23 05:45:24 - models.plan_generator_nonwork - INFO -   Using shared POI spatial index (pre-built)
2026-06-23 05:45:24 - models.plan_generator_nonwork - INFO - Initializing time models...
2026-06-23 05:45:24 - models.plan_generator_nonwork - INFO -   Using shared trip duration model
2026-06-23 05:45:24 - models.plan_generator_nonwork - INFO -   Using shared activity duration model
2026-06-23 05:45:24 - models.plan_generator_nonwork - INFO -   Time models initialized
2026-06-23 05:45:24 - models.plan_generator_nonwork - INFO -   Average trip duration: 20.2 minutes
2026-06-23 05:45:24 - models.plan_generator_nonwork - INFO - Initializing POI components...
2026-06-23 05:45:24 - models.plan_generator_nonwork - INFO -   Using shared POI spatial index: 6 activity types, 45,653 POIs
2026-06-23 05:45:24 - models.plan_generator_nonwork - INFO -   POI weighting enabled: True
2026-06-23 05:45:24 - models.plan_generator_nonwork - INFO - Initializing chain model...
2026-06-23 05:45:24 - models.plan_generator_nonwork - INFO -   Filtered 458 chains containing Dining
2026-06-23 05:45:24 - models.plan_generator_nonwork - INFO -   Chain model initialized with 458 chains (length dist from 1467 unfiltered)
2026-06-23 05:45:24 - models.plan_generator_nonwork - INFO - Initializing GTFS transit availability...
2026-06-23 05:45:24 - models.plan_generator_nonwork - INFO -   GTFS availability rebuilt from shared data: bus=9818 stops, rail=75 stops
2026-06-23 05:45:24 - models.plan_generator_nonwork - INFO - Initializing mode choice model...
2026-06-23 05:45:24 - models.mode_choice - INFO - Computing mode shares from survey data...
2026-06-23 05:45:24 - models.mode_choice - INFO - Computed mode rates for 8 purposes
2026-06-23 05:45:24 - models.mode_choice - INFO -   Overall mode distribution: car=88.2%, walk=6.8%, school_bus=2.1%, bike=1.0%, bus=0.6%, rail=0.5%, rideshare=0.4%, other=0.4%
2026-06-23 05:45:24 - models.mode_choice - INFO - ModeChoiceModel initialized with 4 modes: ['car', 'bus', 'rail', 'walk']
2026-06-23 05:45:24 - models.plan_generator_nonwork - INFO - Creating Dining OD matrix...
2026-06-23 05:45:24 - models.plan_generator_nonwork - INFO -   Using pre-computed POI-to-block mapping
2026-06-23 05:45:24 - models.od_matrix_nonwork - INFO - ======================================================================
2026-06-23 05:45:24 - models.od_matrix_nonwork - INFO - CREATING NON-WORK OD MATRIX - DINING
2026-06-23 05:45:24 - models.od_matrix_nonwork - INFO - ======================================================================
2026-06-23 05:45:24 - models.od_matrix_nonwork - INFO - Configuration:
2026-06-23 05:45:24 - models.od_matrix_nonwork - INFO -   Beta (distance decay): 2.0
2026-06-23 05:45:24 - models.od_matrix_nonwork - INFO -   Alpha (survey weight): 0.1
2026-06-23 05:45:24 - models.od_matrix_nonwork - INFO - Calculating POI density for Dining...
2026-06-23 05:45:24 - models.od_matrix_nonwork - INFO -   Total POIs to process: 45,653
2026-06-23 05:45:24 - models.od_matrix_nonwork - INFO -   Filtered to 4,905 Dining POIs
2026-06-23 05:45:24 - models.od_matrix_nonwork - INFO -   Using pre-computed POI-to-block mapping (fast path)
2026-06-23 05:45:24 - models.od_matrix_nonwork - INFO -   POI assignment complete:
2026-06-23 05:45:24 - models.od_matrix_nonwork - INFO -     Blocks with POIs: 2,221
2026-06-23 05:45:24 - models.od_matrix_nonwork - INFO -     Total POIs assigned: 4,905
2026-06-23 05:45:24 - models.od_matrix_nonwork - INFO -     Avg POIs per block (non-zero): 2.2
2026-06-23 05:45:24 - models.od_matrix_nonwork - INFO - Creating survey OD matrix for Dining...
2026-06-23 05:45:24 - models.od_matrix_nonwork - INFO -   Filtered to 2,333 trips (from 30,462 total)
2026-06-23 05:45:24 - models.od_matrix_nonwork - INFO -   Survey OD matrix created: (1, 1)
2026-06-23 05:45:24 - models.od_matrix_nonwork - INFO -   Total trips in survey matrix: 2,333
2026-06-23 05:45:24 - models.od_matrix_nonwork - INFO - ======================================================================
2026-06-23 05:45:24 - models.od_matrix_nonwork - INFO - SINGLY-CONSTRAINED GRAVITY MODEL - DINING
2026-06-23 05:45:24 - models.od_matrix_nonwork - INFO - ======================================================================
2026-06-23 05:45:24 - models.od_matrix_nonwork - INFO - Survey trip rate calculation:
2026-06-23 05:45:24 - models.od_matrix_nonwork - INFO -   Purpose trips: 2,333
2026-06-23 05:45:24 - models.od_matrix_nonwork - INFO -   Total survey records: 30,462
2026-06-23 05:45:24 - models.od_matrix_nonwork - INFO -   Calculated trip rate: 7.66%
2026-06-23 05:45:24 - models.od_matrix_nonwork - INFO - 
2026-06-23 05:45:24 - models.od_matrix_nonwork - INFO - Trip Generation Rate Calculation:
2026-06-23 05:45:24 - models.od_matrix_nonwork - INFO -   Survey rate: 7.66%
2026-06-23 05:45:24 - models.od_matrix_nonwork - INFO -   Config rate: 15.00%
2026-06-23 05:45:24 - models.od_matrix_nonwork - INFO -   Blend weight: 0.70 (0=survey only, 1=config only)
2026-06-23 05:45:24 - models.od_matrix_nonwork - INFO -   Final trip rate: 12.80%
2026-06-23 05:45:24 - models.od_matrix_nonwork - INFO - 
2026-06-23 05:45:24 - models.od_matrix_nonwork - INFO -   Pre-aggregated 48,457 blocks → 2,861 block_groups (home)
2026-06-23 05:45:24 - models.od_matrix_nonwork - INFO -   Pre-aggregated POI blocks → 1,238 block_groups with POIs
2026-06-23 05:45:24 - models.od_matrix_nonwork - INFO - Number of home block_groups: 2861
2026-06-23 05:45:24 - models.od_matrix_nonwork - INFO - Number of destination block_groups (with POIs): 1238
2026-06-23 05:45:24 - models.od_matrix_nonwork - INFO - Distance decay beta: 2.0
2026-06-23 05:45:24 - models.od_matrix_nonwork - INFO - Total non-employees (base): 1,788,851
2026-06-23 05:45:24 - models.od_matrix_nonwork - INFO - Total travelers (after trip rate): 228,930
2026-06-23 05:45:24 - models.od_matrix_nonwork - INFO - Total POIs (destination): 4,905
2026-06-23 05:45:24 - models.od_matrix_nonwork - INFO - Extracting coordinates...
2026-06-23 05:45:24 - models.od_matrix_nonwork - INFO - Calculating distances and friction factors...
2026-06-23 05:45:24 - models.od_matrix_nonwork - INFO - Initial gravity model total trips: 228,930
2026-06-23 05:45:24 - models.od_matrix_nonwork - INFO - 
Running IPF iterations (max 50)...
2026-06-23 05:45:24 - models.od_matrix_nonwork - INFO -   Iteration 1: Max relative difference = 4.92e-16
2026-06-23 05:45:24 - models.od_matrix_nonwork - INFO - Converged after 1 iterations
2026-06-23 05:45:24 - models.od_matrix_nonwork - INFO - ======================================================================
2026-06-23 05:45:24 - models.od_matrix_nonwork - INFO - VERIFICATION
2026-06-23 05:45:24 - models.od_matrix_nonwork - INFO - ======================================================================
2026-06-23 05:45:24 - models.od_matrix_nonwork - INFO - Origin total: 228,930 | Matrix row sum: 228,930
2026-06-23 05:45:24 - models.od_matrix_nonwork - INFO - Max row constraint error: 5.68e-14
2026-06-23 05:45:24 - models.od_matrix_nonwork - INFO - Total trips in gravity model: 228,930
2026-06-23 05:45:24 - models.od_matrix_nonwork - INFO - 
2026-06-23 05:45:24 - models.od_matrix_nonwork - INFO -   Gravity model (block-group level): (2861, 1238)
2026-06-23 05:45:24 - models.od_matrix_nonwork - INFO -   Survey matrix: (1, 1)
2026-06-23 05:45:24 - models.od_matrix_nonwork - INFO - 
Combining survey and gravity models...
2026-06-23 05:45:24 - models.od_matrix_v3 - INFO - ======================================================================
2026-06-23 05:45:24 - models.od_matrix_v3 - INFO - COMBINING OD MATRICES
2026-06-23 05:45:24 - models.od_matrix_v3 - INFO - ======================================================================
2026-06-23 05:45:24 - models.od_matrix_v3 - INFO - Survey matrix shape: (1, 1)
2026-06-23 05:45:24 - models.od_matrix_v3 - INFO - Local matrix shape: (2861, 1238)
2026-06-23 05:45:24 - models.od_matrix_v3 - INFO - Alpha (survey weight): 0.10
2026-06-23 05:45:24 - models.od_matrix_v3 - INFO - Local weight: 0.90
2026-06-23 05:45:24 - models.od_matrix_v3 - INFO - Aligning survey to local matrix structure...
2026-06-23 05:45:24 - models.od_matrix_v3 - INFO - Combining matrices (alpha blend where survey exists, local only where survey is empty)...
2026-06-23 05:45:25 - models.od_matrix_v3 - INFO - No scaling target specified. Using local matrix total: 228,930
2026-06-23 05:45:25 - models.od_matrix_v3 - INFO - Matrix total before scaling: 228,930
2026-06-23 05:45:25 - models.od_matrix_v3 - INFO - Scale factor: 0.999999
2026-06-23 05:45:25 - models.od_matrix_v3 - INFO - Applying robust rounding to guarantee target total...
2026-06-23 05:45:25 - models.od_matrix_v3 - INFO - Total after flooring: 139,447
2026-06-23 05:45:25 - models.od_matrix_v3 - INFO - Remainder to distribute: 89,483
2026-06-23 05:45:25 - models.od_matrix_v3 - INFO - ======================================================================
2026-06-23 05:45:25 - models.od_matrix_v3 - INFO - VERIFICATION
2026-06-23 05:45:25 - models.od_matrix_v3 - INFO - ======================================================================
2026-06-23 05:45:25 - models.od_matrix_v3 - INFO - Survey total trips: 2,333
2026-06-23 05:45:25 - models.od_matrix_v3 - INFO - Local total trips: 228,930
2026-06-23 05:45:25 - models.od_matrix_v3 - INFO - Combined total trips (before scaling): 228,930
2026-06-23 05:45:25 - models.od_matrix_v3 - INFO - Combined total trips (after scaling & rounding): 228,930
2026-06-23 05:45:25 - models.od_matrix_v3 - INFO - Target total: 228,930
2026-06-23 05:45:25 - models.od_matrix_v3 - INFO - Difference: 0
2026-06-23 05:45:25 - models.od_matrix_v3 - INFO - Combined matrix shape: (2861, 1238)
2026-06-23 05:45:25 - models.od_matrix_nonwork - INFO - 
Applied nonwork_trip_share: 80.00%
2026-06-23 05:45:25 - models.od_matrix_nonwork - INFO -   Trips before scaling: 228,930
2026-06-23 05:45:25 - models.od_matrix_nonwork - INFO -   Trips after scaling: 183,144
2026-06-23 05:45:25 - models.od_matrix_nonwork - INFO - ======================================================================
2026-06-23 05:45:25 - models.od_matrix_nonwork - INFO - NONWORK OD MATRIX CREATION COMPLETE - DINING
2026-06-23 05:45:25 - models.od_matrix_nonwork - INFO - ======================================================================
2026-06-23 05:45:25 - models.plan_generator_nonwork - INFO -   OD matrix shape: (2861, 1238)
2026-06-23 05:45:25 - models.plan_generator_nonwork - INFO -   Unscaled total trips: 183,144
2026-06-23 05:45:25 - models.plan_generator_nonwork - INFO -   Scaling factor: 0.15
2026-06-23 05:45:25 - models.plan_generator_nonwork - INFO -   Scaled total trips: 27,300
2026-06-23 05:45:25 - models.plan_generator_nonwork - INFO - NonWorkPlanGenerator initialization complete
2026-06-23 05:45:25 - models.plan_generator_nonwork - INFO - ============================================================
2026-06-23 05:45:25 - models.plan_generator_nonwork - INFO - DINING PLAN GENERATION
2026-06-23 05:45:25 - models.plan_generator_nonwork - INFO - ============================================================
2026-06-23 05:45:25 - models.plan_generator_nonwork - INFO -   Population base (non-employees in region): 1,788,851
2026-06-23 05:45:25 - models.plan_generator_nonwork - INFO -   Unscaled Dining trips: 183,144
2026-06-23 05:45:25 - models.plan_generator_nonwork - INFO -   Scaling factor: 0.15
2026-06-23 05:45:25 - models.plan_generator_nonwork - INFO -   Scaled Dining trips: 27,300
2026-06-23 05:45:25 - models.plan_generator_nonwork - INFO -   Expected scaled trips: 27,472
2026-06-23 05:45:25 - models.plan_generator_nonwork - INFO -   Scaling accuracy: 99.4%
2026-06-23 05:45:25 - models.plan_generator_nonwork - INFO - 
2026-06-23 05:45:25 - models.plan_generator_nonwork - INFO - Generating all Dining plans using multiprocessing...
2026-06-23 05:45:25 - models.plan_generator_nonwork - INFO -   Using all 27,300 trips from scaled OD matrix
2026-06-23 05:45:25 - models.plan_generator_nonwork - INFO - Using 30 processes for Dining plan generation
2026-06-23 05:45:25 - models.plan_generator_nonwork - INFO - Pre-loading data for Dining multiprocessing...
2026-06-23 05:45:25 - models.plan_generator_nonwork - INFO -   Serialized GTFS stop data for workers: bus=9818 stops, rail=75 stops
2026-06-23 05:45:25 - models.plan_generator_nonwork - INFO -   Prepared shared data with 48,457 home blocks
2026-06-23 05:45:25 - models.plan_generator_nonwork - INFO -   POI categories: 6
2026-06-23 05:45:25 - models.plan_generator_nonwork - INFO -   Chain patterns: 458
2026-06-23 05:45:25 - models.plan_generator_nonwork - INFO - Split 16555 OD pairs into 31 chunks
2026-06-23 05:46:59 - models.plan_generator_nonwork - INFO - 
2026-06-23 05:46:59 - models.plan_generator_nonwork - INFO - Dining GENERATION COMPLETE
2026-06-23 05:46:59 - models.plan_generator_nonwork - INFO -   Plans generated: 27,296
2026-06-23 05:46:59 - models.plan_generator_nonwork - INFO -   Failed plans: 4
2026-06-23 05:46:59 - models.plan_generator_nonwork - INFO -   Chain retries: 7,408 / 52,727 attempts
2026-06-23 05:46:59 - models.plan_generator_nonwork - INFO -     Too short: 0
2026-06-23 05:46:59 - models.plan_generator_nonwork - INFO -     Bad structure (not Home-...-Home): 0
2026-06-23 05:46:59 - models.plan_generator_nonwork - INFO -     Missing purpose: 7,408
2026-06-23 05:46:59 - models.plan_generator_nonwork - INFO -     Contains Work: 0
2026-06-23 05:46:59 - models.plan_generator_nonwork - INFO -   POI retries: 15,351
2026-06-23 05:46:59 - models.plan_generator_nonwork - INFO -   Time retries: 17,925
2026-06-23 05:46:59 - models.plan_generator_nonwork - INFO - ============================================================
2026-06-23 05:46:59 - models.mode_choice - INFO - ==================================================
2026-06-23 05:46:59 - models.mode_choice - INFO - MODE CHOICE STATISTICS
2026-06-23 05:46:59 - models.mode_choice - INFO - ==================================================
2026-06-23 05:46:59 - models.mode_choice - INFO -   Total mode choices: 90548
2026-06-23 05:46:59 - models.mode_choice - INFO -   Fallback mode used: 0 times
2026-06-23 05:46:59 - models.mode_choice - INFO -   Chain retries: 0
2026-06-23 05:46:59 - models.mode_choice - INFO -   Mode distribution in generated plans:
2026-06-23 05:46:59 - models.mode_choice - INFO -     car: 91.5%
2026-06-23 05:46:59 - models.mode_choice - INFO -     walk: 6.3%
2026-06-23 05:46:59 - models.mode_choice - INFO -     bus: 2.2%
2026-06-23 05:46:59 - models.mode_choice - INFO -     rail: 0.0%
2026-06-23 05:46:59 - models.mode_choice - INFO - ==================================================
2026-06-23 05:46:59 - __main__ - INFO - Generated 27,296 Dining plans
2026-06-23 05:46:59 - __main__ - INFO - 
2026-06-23 05:46:59 - __main__ - INFO - ------------------------------------------------------------
2026-06-23 05:46:59 - __main__ - INFO - GENERATING OTHER PLANS
2026-06-23 05:46:59 - __main__ - INFO - ------------------------------------------------------------
2026-06-23 05:46:59 - models.plan_generator_nonwork - INFO - Initialized NonWorkPlanGenerator for Other
2026-06-23 05:46:59 - utils.coordinates - INFO - Initialized coordinate converter: EPSG:4326 <-> EPSG:26915
2026-06-23 05:46:59 - models.plan_generator_nonwork - INFO -   Coordinate system: WGS84 → EPSG:26915
2026-06-23 05:46:59 - models.plan_generator_nonwork - INFO - Using pre-loaded shared data...
2026-06-23 05:46:59 - models.plan_generator_nonwork - INFO -   Using 48,457 home blocks (pre-loaded)
2026-06-23 05:46:59 - models.plan_generator_nonwork - INFO -   Using 45,653 POIs (pre-loaded)
2026-06-23 05:46:59 - models.plan_generator_nonwork - INFO -   Using 30,462 survey trips (pre-loaded)
2026-06-23 05:46:59 - models.plan_generator_nonwork - INFO -   Using 10,362 persons (pre-loaded)
2026-06-23 05:46:59 - models.plan_generator_nonwork - INFO -   Using 1,467 trip chains (pre-loaded)
2026-06-23 05:46:59 - models.plan_generator_nonwork - INFO -   Using 45,653 POI-to-block mappings (pre-computed)
2026-06-23 05:46:59 - models.plan_generator_nonwork - INFO -   Using shared trip duration model (pre-initialized)
2026-06-23 05:46:59 - models.plan_generator_nonwork - INFO -   Using shared activity duration model (pre-initialized)
2026-06-23 05:46:59 - models.plan_generator_nonwork - INFO -   Using shared POI spatial index (pre-built)
2026-06-23 05:46:59 - models.plan_generator_nonwork - INFO - Initializing time models...
2026-06-23 05:46:59 - models.plan_generator_nonwork - INFO -   Using shared trip duration model
2026-06-23 05:46:59 - models.plan_generator_nonwork - INFO -   Using shared activity duration model
2026-06-23 05:46:59 - models.plan_generator_nonwork - INFO -   Time models initialized
2026-06-23 05:46:59 - models.plan_generator_nonwork - INFO -   Average trip duration: 20.2 minutes
2026-06-23 05:46:59 - models.plan_generator_nonwork - INFO - Initializing POI components...
2026-06-23 05:46:59 - models.plan_generator_nonwork - INFO -   Using shared POI spatial index: 6 activity types, 45,653 POIs
2026-06-23 05:46:59 - models.plan_generator_nonwork - INFO -   POI weighting enabled: True
2026-06-23 05:46:59 - models.plan_generator_nonwork - INFO - Initializing chain model...
2026-06-23 05:46:59 - models.plan_generator_nonwork - INFO -   Filtered 256 chains containing Other
2026-06-23 05:46:59 - models.plan_generator_nonwork - INFO -   Chain model initialized with 256 chains (length dist from 1467 unfiltered)
2026-06-23 05:46:59 - models.plan_generator_nonwork - INFO - Initializing GTFS transit availability...
2026-06-23 05:46:59 - models.plan_generator_nonwork - INFO -   GTFS availability rebuilt from shared data: bus=9818 stops, rail=75 stops
2026-06-23 05:46:59 - models.plan_generator_nonwork - INFO - Initializing mode choice model...
2026-06-23 05:46:59 - models.mode_choice - INFO - Computing mode shares from survey data...
2026-06-23 05:46:59 - models.mode_choice - INFO - Computed mode rates for 8 purposes
2026-06-23 05:46:59 - models.mode_choice - INFO -   Overall mode distribution: car=88.2%, walk=6.8%, school_bus=2.1%, bike=1.0%, bus=0.6%, rail=0.5%, rideshare=0.4%, other=0.4%
2026-06-23 05:46:59 - models.mode_choice - INFO - ModeChoiceModel initialized with 4 modes: ['car', 'bus', 'rail', 'walk']
2026-06-23 05:46:59 - models.plan_generator_nonwork - INFO - Creating Other OD matrix...
2026-06-23 05:46:59 - models.plan_generator_nonwork - INFO -   Using pre-computed POI-to-block mapping
2026-06-23 05:46:59 - models.od_matrix_nonwork - INFO - ======================================================================
2026-06-23 05:46:59 - models.od_matrix_nonwork - INFO - CREATING NON-WORK OD MATRIX - OTHER
2026-06-23 05:46:59 - models.od_matrix_nonwork - INFO - ======================================================================
2026-06-23 05:46:59 - models.od_matrix_nonwork - INFO - Configuration:
2026-06-23 05:46:59 - models.od_matrix_nonwork - INFO -   Beta (distance decay): 2.0
2026-06-23 05:46:59 - models.od_matrix_nonwork - INFO -   Alpha (survey weight): 0.1
2026-06-23 05:46:59 - models.od_matrix_nonwork - INFO - Calculating POI density for Other...
2026-06-23 05:46:59 - models.od_matrix_nonwork - INFO -   Total POIs to process: 45,653
2026-06-23 05:46:59 - models.od_matrix_nonwork - INFO -   Filtered to 23,588 Other POIs
2026-06-23 05:46:59 - models.od_matrix_nonwork - INFO -   Using pre-computed POI-to-block mapping (fast path)
2026-06-23 05:46:59 - models.od_matrix_nonwork - INFO -   POI assignment complete:
2026-06-23 05:46:59 - models.od_matrix_nonwork - INFO -     Blocks with POIs: 8,557
2026-06-23 05:46:59 - models.od_matrix_nonwork - INFO -     Total POIs assigned: 23,588
2026-06-23 05:46:59 - models.od_matrix_nonwork - INFO -     Avg POIs per block (non-zero): 2.8
2026-06-23 05:46:59 - models.od_matrix_nonwork - INFO - Creating survey OD matrix for Other...
2026-06-23 05:46:59 - models.od_matrix_nonwork - INFO -   Filtered to 1,038 trips (from 30,462 total)
2026-06-23 05:46:59 - models.od_matrix_nonwork - INFO -   Survey OD matrix created: (1, 1)
2026-06-23 05:46:59 - models.od_matrix_nonwork - INFO -   Total trips in survey matrix: 1,038
2026-06-23 05:46:59 - models.od_matrix_nonwork - INFO - ======================================================================
2026-06-23 05:46:59 - models.od_matrix_nonwork - INFO - SINGLY-CONSTRAINED GRAVITY MODEL - OTHER
2026-06-23 05:46:59 - models.od_matrix_nonwork - INFO - ======================================================================
2026-06-23 05:46:59 - models.od_matrix_nonwork - INFO - Survey trip rate calculation:
2026-06-23 05:46:59 - models.od_matrix_nonwork - INFO -   Purpose trips: 1,038
2026-06-23 05:46:59 - models.od_matrix_nonwork - INFO -   Total survey records: 30,462
2026-06-23 05:46:59 - models.od_matrix_nonwork - INFO -   Calculated trip rate: 3.41%
2026-06-23 05:46:59 - models.od_matrix_nonwork - INFO - 
2026-06-23 05:46:59 - models.od_matrix_nonwork - INFO - Trip Generation Rate Calculation:
2026-06-23 05:46:59 - models.od_matrix_nonwork - INFO -   Survey rate: 3.41%
2026-06-23 05:46:59 - models.od_matrix_nonwork - INFO -   Config rate: 20.00%
2026-06-23 05:46:59 - models.od_matrix_nonwork - INFO -   Blend weight: 0.70 (0=survey only, 1=config only)
2026-06-23 05:46:59 - models.od_matrix_nonwork - INFO -   Final trip rate: 15.02%
2026-06-23 05:46:59 - models.od_matrix_nonwork - INFO - 
2026-06-23 05:46:59 - models.od_matrix_nonwork - INFO -   Pre-aggregated 48,457 blocks → 2,861 block_groups (home)
2026-06-23 05:46:59 - models.od_matrix_nonwork - INFO -   Pre-aggregated POI blocks → 2,457 block_groups with POIs
2026-06-23 05:46:59 - models.od_matrix_nonwork - INFO - Number of home block_groups: 2861
2026-06-23 05:46:59 - models.od_matrix_nonwork - INFO - Number of destination block_groups (with POIs): 2457
2026-06-23 05:46:59 - models.od_matrix_nonwork - INFO - Distance decay beta: 2.0
2026-06-23 05:46:59 - models.od_matrix_nonwork - INFO - Total non-employees (base): 1,788,851
2026-06-23 05:46:59 - models.od_matrix_nonwork - INFO - Total travelers (after trip rate): 268,726
2026-06-23 05:46:59 - models.od_matrix_nonwork - INFO - Total POIs (destination): 23,588
2026-06-23 05:46:59 - models.od_matrix_nonwork - INFO - Extracting coordinates...
2026-06-23 05:46:59 - models.od_matrix_nonwork - INFO - Calculating distances and friction factors...
2026-06-23 05:46:59 - models.od_matrix_nonwork - INFO - Initial gravity model total trips: 268,726
2026-06-23 05:46:59 - models.od_matrix_nonwork - INFO - 
Running IPF iterations (max 50)...
2026-06-23 05:46:59 - models.od_matrix_nonwork - INFO -   Iteration 1: Max relative difference = 5.84e-16
2026-06-23 05:46:59 - models.od_matrix_nonwork - INFO - Converged after 1 iterations
2026-06-23 05:46:59 - models.od_matrix_nonwork - INFO - ======================================================================
2026-06-23 05:46:59 - models.od_matrix_nonwork - INFO - VERIFICATION
2026-06-23 05:46:59 - models.od_matrix_nonwork - INFO - ======================================================================
2026-06-23 05:46:59 - models.od_matrix_nonwork - INFO - Origin total: 268,726 | Matrix row sum: 268,726
2026-06-23 05:46:59 - models.od_matrix_nonwork - INFO - Max row constraint error: 5.68e-14
2026-06-23 05:46:59 - models.od_matrix_nonwork - INFO - Total trips in gravity model: 268,726
2026-06-23 05:46:59 - models.od_matrix_nonwork - INFO - 
2026-06-23 05:46:59 - models.od_matrix_nonwork - INFO -   Gravity model (block-group level): (2861, 2457)
2026-06-23 05:46:59 - models.od_matrix_nonwork - INFO -   Survey matrix: (1, 1)
2026-06-23 05:46:59 - models.od_matrix_nonwork - INFO - 
Combining survey and gravity models...
2026-06-23 05:46:59 - models.od_matrix_v3 - INFO - ======================================================================
2026-06-23 05:46:59 - models.od_matrix_v3 - INFO - COMBINING OD MATRICES
2026-06-23 05:46:59 - models.od_matrix_v3 - INFO - ======================================================================
2026-06-23 05:46:59 - models.od_matrix_v3 - INFO - Survey matrix shape: (1, 1)
2026-06-23 05:46:59 - models.od_matrix_v3 - INFO - Local matrix shape: (2861, 2457)
2026-06-23 05:46:59 - models.od_matrix_v3 - INFO - Alpha (survey weight): 0.10
2026-06-23 05:46:59 - models.od_matrix_v3 - INFO - Local weight: 0.90
2026-06-23 05:46:59 - models.od_matrix_v3 - INFO - Aligning survey to local matrix structure...
2026-06-23 05:46:59 - models.od_matrix_v3 - INFO - Combining matrices (alpha blend where survey exists, local only where survey is empty)...
2026-06-23 05:47:00 - models.od_matrix_v3 - INFO - No scaling target specified. Using local matrix total: 268,725
2026-06-23 05:47:00 - models.od_matrix_v3 - INFO - Matrix total before scaling: 268,726
2026-06-23 05:47:00 - models.od_matrix_v3 - INFO - Scale factor: 0.999997
2026-06-23 05:47:00 - models.od_matrix_v3 - INFO - Applying robust rounding to guarantee target total...
2026-06-23 05:47:00 - models.od_matrix_v3 - INFO - Total after flooring: 205,051
2026-06-23 05:47:00 - models.od_matrix_v3 - INFO - Remainder to distribute: 63,674
2026-06-23 05:47:01 - models.od_matrix_v3 - INFO - ======================================================================
2026-06-23 05:47:01 - models.od_matrix_v3 - INFO - VERIFICATION
2026-06-23 05:47:01 - models.od_matrix_v3 - INFO - ======================================================================
2026-06-23 05:47:01 - models.od_matrix_v3 - INFO - Survey total trips: 1,038
2026-06-23 05:47:01 - models.od_matrix_v3 - INFO - Local total trips: 268,726
2026-06-23 05:47:01 - models.od_matrix_v3 - INFO - Combined total trips (before scaling): 268,726
2026-06-23 05:47:01 - models.od_matrix_v3 - INFO - Combined total trips (after scaling & rounding): 268,725
2026-06-23 05:47:01 - models.od_matrix_v3 - INFO - Target total: 268,725
2026-06-23 05:47:01 - models.od_matrix_v3 - INFO - Difference: 0
2026-06-23 05:47:01 - models.od_matrix_v3 - INFO - Combined matrix shape: (2861, 2457)
2026-06-23 05:47:01 - models.od_matrix_nonwork - INFO - 
Applied nonwork_trip_share: 80.00%
2026-06-23 05:47:01 - models.od_matrix_nonwork - INFO -   Trips before scaling: 268,725
2026-06-23 05:47:01 - models.od_matrix_nonwork - INFO -   Trips after scaling: 214,980
2026-06-23 05:47:01 - models.od_matrix_nonwork - INFO - ======================================================================
2026-06-23 05:47:01 - models.od_matrix_nonwork - INFO - NONWORK OD MATRIX CREATION COMPLETE - OTHER
2026-06-23 05:47:01 - models.od_matrix_nonwork - INFO - ======================================================================
2026-06-23 05:47:01 - models.plan_generator_nonwork - INFO -   OD matrix shape: (2861, 2457)
2026-06-23 05:47:01 - models.plan_generator_nonwork - INFO -   Unscaled total trips: 214,980
2026-06-23 05:47:01 - models.plan_generator_nonwork - INFO -   Scaling factor: 0.15
2026-06-23 05:47:01 - models.plan_generator_nonwork - INFO -   Scaled total trips: 32,219
2026-06-23 05:47:01 - models.plan_generator_nonwork - INFO - NonWorkPlanGenerator initialization complete
2026-06-23 05:47:01 - models.plan_generator_nonwork - INFO - ============================================================
2026-06-23 05:47:01 - models.plan_generator_nonwork - INFO - OTHER PLAN GENERATION
2026-06-23 05:47:01 - models.plan_generator_nonwork - INFO - ============================================================
2026-06-23 05:47:01 - models.plan_generator_nonwork - INFO -   Population base (non-employees in region): 1,788,851
2026-06-23 05:47:01 - models.plan_generator_nonwork - INFO -   Unscaled Other trips: 214,980
2026-06-23 05:47:01 - models.plan_generator_nonwork - INFO -   Scaling factor: 0.15
2026-06-23 05:47:01 - models.plan_generator_nonwork - INFO -   Scaled Other trips: 32,219
2026-06-23 05:47:01 - models.plan_generator_nonwork - INFO -   Expected scaled trips: 32,247
2026-06-23 05:47:01 - models.plan_generator_nonwork - INFO -   Scaling accuracy: 99.9%
2026-06-23 05:47:01 - models.plan_generator_nonwork - INFO - 
2026-06-23 05:47:01 - models.plan_generator_nonwork - INFO - Generating all Other plans using multiprocessing...
2026-06-23 05:47:01 - models.plan_generator_nonwork - INFO -   Using all 32,219 trips from scaled OD matrix
2026-06-23 05:47:01 - models.plan_generator_nonwork - INFO - Using 30 processes for Other plan generation
2026-06-23 05:47:01 - models.plan_generator_nonwork - INFO - Pre-loading data for Other multiprocessing...
2026-06-23 05:47:01 - models.plan_generator_nonwork - INFO -   Serialized GTFS stop data for workers: bus=9818 stops, rail=75 stops
2026-06-23 05:47:01 - models.plan_generator_nonwork - INFO -   Prepared shared data with 48,457 home blocks
2026-06-23 05:47:01 - models.plan_generator_nonwork - INFO -   POI categories: 6
2026-06-23 05:47:01 - models.plan_generator_nonwork - INFO -   Chain patterns: 256
2026-06-23 05:47:01 - models.plan_generator_nonwork - INFO - Split 11926 OD pairs into 31 chunks
2026-06-23 05:48:50 - models.plan_generator_nonwork - INFO - 
2026-06-23 05:48:50 - models.plan_generator_nonwork - INFO - Other GENERATION COMPLETE
2026-06-23 05:48:50 - models.plan_generator_nonwork - INFO -   Plans generated: 32,218
2026-06-23 05:48:50 - models.plan_generator_nonwork - INFO -   Failed plans: 1
2026-06-23 05:48:50 - models.plan_generator_nonwork - INFO -   Chain retries: 10,401 / 65,902 attempts
2026-06-23 05:48:50 - models.plan_generator_nonwork - INFO -     Too short: 0
2026-06-23 05:48:50 - models.plan_generator_nonwork - INFO -     Bad structure (not Home-...-Home): 0
2026-06-23 05:48:50 - models.plan_generator_nonwork - INFO -     Missing purpose: 10,401
2026-06-23 05:48:50 - models.plan_generator_nonwork - INFO -     Contains Work: 0
2026-06-23 05:48:50 - models.plan_generator_nonwork - INFO -   POI retries: 18,130
2026-06-23 05:48:50 - models.plan_generator_nonwork - INFO -   Time retries: 23,145
2026-06-23 05:48:50 - models.plan_generator_nonwork - INFO - ============================================================
2026-06-23 05:48:50 - models.mode_choice - INFO - ==================================================
2026-06-23 05:48:50 - models.mode_choice - INFO - MODE CHOICE STATISTICS
2026-06-23 05:48:50 - models.mode_choice - INFO - ==================================================
2026-06-23 05:48:50 - models.mode_choice - INFO -   Total mode choices: 103189
2026-06-23 05:48:50 - models.mode_choice - INFO -   Fallback mode used: 0 times
2026-06-23 05:48:50 - models.mode_choice - INFO -   Chain retries: 0
2026-06-23 05:48:50 - models.mode_choice - INFO -   Mode distribution in generated plans:
2026-06-23 05:48:50 - models.mode_choice - INFO -     car: 92.2%
2026-06-23 05:48:50 - models.mode_choice - INFO -     walk: 5.4%
2026-06-23 05:48:50 - models.mode_choice - INFO -     bus: 2.4%
2026-06-23 05:48:50 - models.mode_choice - INFO -     rail: 0.1%
2026-06-23 05:48:50 - models.mode_choice - INFO - ==================================================
2026-06-23 05:48:50 - __main__ - INFO - Generated 32,218 Other plans
2026-06-23 05:48:50 - __main__ - INFO - 
2026-06-23 05:48:50 - __main__ - INFO - ============================================================
2026-06-23 05:48:50 - __main__ - INFO - COMBINING WORK + NON-WORK PLANS
2026-06-23 05:48:50 - __main__ - INFO - ============================================================
2026-06-23 05:48:50 - __main__ - INFO - Plan generation summary (scaling_factor=0.15):
2026-06-23 05:48:50 - __main__ - INFO -   Work plans: 284,642
2026-06-23 05:48:50 - __main__ - INFO -   Non-work plans: 182,574
2026-06-23 05:48:50 - __main__ - INFO -   Combined total (scaled): 467,216
2026-06-23 05:48:50 - __main__ - INFO -   Represents full population of: ~3,114,773 travelers
2026-06-23 05:48:50 - __main__ - INFO - 
2026-06-23 05:48:50 - __main__ - INFO - Assigning unique person IDs...
2026-06-23 05:48:50 - __main__ - INFO - Writing combined plans to XML...
2026-06-23 05:48:50 - models.plan_generator - INFO - Writing 467216 plans to /home/exouser/Documents/Tareek/experiments/experiment_20260623_053227/plans.xml
2026-06-23 05:48:50 - utils.coordinates - INFO - Initialized coordinate converter: EPSG:4326 <-> EPSG:26915
2026-06-23 05:48:50 - models.plan_generator - INFO - Converting coordinates from lat/lon to EPSG:26915
2026-06-23 05:50:30 - models.plan_generator - INFO - Successfully wrote plans to /home/exouser/Documents/Tareek/experiments/experiment_20260623_053227/plans.xml (coordinates in EPSG:26915)
2026-06-23 05:50:30 - models.plan_generator - INFO - Plans XML saved to experiment directory: /home/exouser/Documents/Tareek/experiments/experiment_20260623_053227/plans.xml
2026-06-23 05:50:30 - models.plan_generator - INFO -   Coordinate system: EPSG:26915
2026-06-23 05:50:31 - __main__ - INFO - Plans XML ready: /home/exouser/Documents/Tareek/experiments/experiment_20260623_053227/plans.xml
2026-06-23 05:50:31 - __main__ - INFO -   File size: 210.47 MB
2026-06-23 05:50:31 - __main__ - INFO -   Total persons: 467,216
2026-06-23 05:50:31 - __main__ - INFO - 
2026-06-23 05:50:32 - __main__ - INFO - ============================================================
2026-06-23 05:50:32 - __main__ - INFO - STEP 5: RUNNING MATSIM SIMULATION
2026-06-23 05:50:32 - __main__ - INFO - ============================================================
2026-06-23 05:50:32 - matsim.osm_downloader - INFO - OSM cache directory: /home/exouser/Documents/Tareek/data/osm_cache
2026-06-23 05:50:32 - matsim.orchestrator - INFO - MATSim Orchestrator initialized
2026-06-23 05:50:32 - __main__ - INFO - MATSim mode: basic
2026-06-23 05:50:32 - __main__ - INFO - Custom parameters: {'coordinateSystem': 'auto', 'lastIteration': 100, 'outputDirectory': 'output', 'global.numberOfThreads': 30, 'qsim.numberOfThreads': 30, 'qsim.flowCapacityFactor': 0.1, 'qsim.storageCapacityFactor': 0.12, 'linkStats.averageLinkStatsOverIterations': 2, 'scoring.modeParams.pt.constant': 1.5, 'scoring.waitingPt': -1.0, '_estimator_scoring.waitingPt': 'Cold start (no prior experiment). Seeding waitingPt=-3.0 util/hr for transit density 2.58% (low-transit (1%-5%)).', 'scoring.modeParams.walk.constant': -1.0, '_estimator_scoring.modeParams.walk.constant': 'Cold start (no prior experiment). ACS walk share 1.96%. Seeding walk.constant=-1.0; subsequent runs will correct toward ACS using the clamped log-ratio update.', 'transitRouter.searchRadius': 1200.0, 'transitRouter.maxBeelineWalkConnectionDistance': 300.0, 'transitRouter.extensionRadius': 200.0, '_estimator_transitRouter.maxBeelineWalkConnectionDistance': 'Cold start (no prior experiment). ACS transit share 2.58% (low transit (<5%)). Seeding transit-router params from tier table; subsequent runs with --experiment-dir adjust by one tier when realised PT share is outside [70%, 130%] of the ACS target. Setting maxBeelineWalkConnectionDistance=250.0.', 'transitRouter.directWalkFactor': 1.5, '_estimator_transitRouter.directWalkFactor': 'Cold start (no prior experiment). ACS transit share 2.58% (low transit (<5%)). Seeding transit-router params from tier table; subsequent runs with --experiment-dir adjust by one tier when realised PT share is outside [70%, 130%] of the ACS target. Setting directWalkFactor=1.3.'}
2026-06-23 05:50:32 - __main__ - INFO - 
2026-06-23 05:50:32 - matsim.orchestrator - INFO - Setting up experiment: experiment_20260623_053227
2026-06-23 05:50:32 - matsim.orchestrator - INFO - Created experiment directory: /home/exouser/Documents/Tareek/experiments/experiment_20260623_053227
2026-06-23 05:50:32 - matsim.orchestrator - INFO - Plans file already exists at destination: /home/exouser/Documents/Tareek/experiments/experiment_20260623_053227/plans.xml
2026-06-23 05:50:32 - matsim.config_manager - INFO - Generating MATSim config for mode: basic
2026-06-23 05:50:32 - matsim.config_manager - INFO - Using config template: /home/exouser/Documents/Tareek/matsim/configs/basic/config.xml
2026-06-23 05:50:32 - matsim.config_manager - INFO - Auto-set linkStats.writeLinkStatsInterval = 100 (matches lastIteration)
2026-06-23 05:50:32 - matsim.config_manager - INFO - Auto-set counts.countsScaleFactor = 10.0 (1/0.1 flowCapacityFactor)
2026-06-23 05:50:32 - matsim.config_manager - INFO - Auto-set counts.writeCountsInterval = 100 (matches lastIteration)
2026-06-23 05:50:32 - matsim.config_manager - INFO - Applied configurable param: global.numberOfThreads = 30
2026-06-23 05:50:32 - matsim.config_manager - INFO - Applied configurable param: qsim.numberOfThreads = 30
2026-06-23 05:50:32 - matsim.config_manager - INFO - Applied configurable param: qsim.flowCapacityFactor = 0.1
2026-06-23 05:50:32 - matsim.config_manager - INFO - Mirrored qsim.flowCapacityFactor -> hermes.flowCapacityFactor = 0.1
2026-06-23 05:50:32 - matsim.config_manager - INFO - Applied configurable param: qsim.storageCapacityFactor = 0.12
2026-06-23 05:50:32 - matsim.config_manager - INFO - Mirrored qsim.storageCapacityFactor -> hermes.storageCapacityFactor = 0.12
2026-06-23 05:50:32 - matsim.config_manager - INFO - Applied configurable param: linkStats.averageLinkStatsOverIterations = 2
2026-06-23 05:50:32 - matsim.config_manager - INFO - Applied scoring.modeParams.pt.constant = 1.5
2026-06-23 05:50:32 - matsim.config_manager - INFO - Applied scoring.waitingPt = -1.0
2026-06-23 05:50:32 - matsim.config_manager - INFO - Applied scoring.modeParams.walk.constant = -1.0
2026-06-23 05:50:32 - matsim.config_manager - INFO - Applied configurable param: transitRouter.searchRadius = 1200.0
2026-06-23 05:50:32 - matsim.config_manager - INFO - Applied configurable param: transitRouter.maxBeelineWalkConnectionDistance = 300.0
2026-06-23 05:50:32 - matsim.config_manager - INFO - Applied configurable param: transitRouter.extensionRadius = 200.0
2026-06-23 05:50:32 - matsim.config_manager - INFO - Applied configurable param: transitRouter.directWalkFactor = 1.5
2026-06-23 05:50:32 - matsim.config_manager - INFO - Mirrored qsim.flowCapacityFactor -> hermes.flowCapacityFactor = 0.1
2026-06-23 05:50:32 - matsim.config_manager - INFO - Mirrored qsim.storageCapacityFactor -> hermes.storageCapacityFactor = 0.12
2026-06-23 05:50:32 - matsim.config_manager - INFO - Applied scoring.modeParams.pt.constant = 1.5
2026-06-23 05:50:32 - matsim.config_manager - INFO - Applied scoring.waitingPt = -1.0
2026-06-23 05:50:32 - matsim.config_manager - INFO - Applied scoring.modeParams.walk.constant = -1.0
2026-06-23 05:50:32 - matsim.config_manager - INFO - Enabled transit module with transitModes=pt (from enabled modes: ['bus', 'rail']) (preserved existing params on: transitRouter)
2026-06-23 05:50:32 - matsim.config_manager - INFO - Config saved to: /home/exouser/Documents/Tareek/experiments/experiment_20260623_053227/config.xml
2026-06-23 05:50:32 - matsim.orchestrator - INFO - Experiment setup complete: /home/exouser/Documents/Tareek/experiments/experiment_20260623_053227
2026-06-23 05:50:32 - matsim.orchestrator - INFO - Validating MATSim setup...
2026-06-23 05:50:32 - matsim.runner - INFO - Validating MATSim setup...
2026-06-23 05:50:32 - matsim.runner - INFO - Java version: openjdk
2026-06-23 05:50:32 - matsim.runner - INFO - Using JAR file: /home/exouser/Documents/Tareek/matsim/matsim_25/matsim_25.jar
2026-06-23 05:50:32 - matsim.runner - INFO - No lib directory found in /home/exouser/Documents/Tareek/matsim/matsim_25 (may not be needed)
2026-06-23 05:50:32 - matsim.runner - INFO - MATSim setup validation passed
2026-06-23 05:50:32 - matsim.orchestrator - INFO - Validating experiment configuration...
2026-06-23 05:50:32 - matsim.config_manager - INFO - Found network.xml: /home/exouser/Documents/Tareek/experiments/experiment_20260623_053227/network.xml
2026-06-23 05:50:32 - matsim.config_manager - INFO - Found plans.xml: /home/exouser/Documents/Tareek/experiments/experiment_20260623_053227/plans.xml
2026-06-23 05:50:32 - matsim.config_manager - INFO - Found transitScheduleFile: /home/exouser/Documents/Tareek/experiments/experiment_20260623_053227/transitSchedule.xml
2026-06-23 05:50:32 - matsim.config_manager - INFO - Found vehiclesFile: /home/exouser/Documents/Tareek/experiments/experiment_20260623_053227/transitVehicles.xml
2026-06-23 05:50:32 - matsim.orchestrator - INFO - Starting MATSim simulation. Log file: /home/exouser/Documents/Tareek/experiments/experiment_20260623_053227/matsim_output.log
2026-06-23 05:50:32 - matsim.runner - INFO - Starting MATSim simulation with config: /home/exouser/Documents/Tareek/experiments/experiment_20260623_053227/config.xml
2026-06-23 05:50:32 - matsim.runner - INFO - Using JAR file: /home/exouser/Documents/Tareek/matsim/matsim_25/matsim_25.jar
2026-06-23 05:50:32 - matsim.runner - INFO - No lib directory found in /home/exouser/Documents/Tareek/matsim/matsim_25 (may not be needed)
2026-06-23 05:50:32 - matsim.runner - INFO - Command: java -Xmx70g -Xms70g -XX:+UseG1GC -XX:+ParallelRefProcEnabled -XX:MaxGCPauseMillis=200 -XX:+HeapDumpOnOutOfMemoryError -XX:HeapDumpPath=./heap_dumps -cp /home/exouser/Documents/Tareek/matsim/matsim_25/matsim_25.jar org.matsim.core.controler.Controler /home/exouser/Documents/Tareek/experiments/experiment_20260623_053227/config.xml
2026-06-23 05:50:32 - matsim.runner - INFO - Waiting for simulation to complete...
2026-06-23 15:25:59 - matsim.runner - INFO - Simulation completed in 34526.90 seconds
2026-06-23 15:25:59 - matsim.runner - INFO - Simulation completed successfully
2026-06-23 15:25:59 - matsim.orchestrator - INFO - Simulation completed
2026-06-23 15:25:59 - __main__ - INFO - 
2026-06-23 15:25:59 - __main__ - INFO - Simulation status: completed
2026-06-23 15:25:59 - __main__ - INFO - 
2026-06-23 15:25:59 - __main__ - INFO - ============================================================
2026-06-23 15:25:59 - __main__ - INFO - STEP 6: EVALUATING SIMULATION
2026-06-23 15:25:59 - __main__ - INFO - ============================================================
2026-06-23 15:25:59 - __main__ - INFO - Initializing evaluator with ground truth data from: data/evaluation
2026-06-23 15:25:59 - __main__ - INFO - Running evaluation...
2026-06-23 15:25:59 - __main__ - INFO - 
2026-06-23 15:25:59 - matsim.evaluator - INFO - Loading matched devices from: /home/exouser/Documents/Tareek/experiments/experiment_20260623_053227/matched_devices.csv
2026-06-23 15:25:59 - matsim.evaluator - INFO - Loaded 94 devices matched to network links
2026-06-23 15:25:59 - matsim.evaluator - INFO - Using MATSim countscompare file: output/ITERS/it.100/100.countscompare.txt
2026-06-23 15:25:59 - matsim.evaluator - INFO - Auto-detected network file: output/output_network.xml.gz
2026-06-23 15:25:59 - matsim.evaluator - INFO - Auto-detected linkstats file: output/ITERS/it.100/100.linkstats.txt.gz
2026-06-23 15:25:59 - matsim.evaluator - INFO - Loading scaling factors from experiment config...
2026-06-23 15:25:59 - matsim.evaluator - WARNING - scaling_factor (0.15) differs from flowCapacityFactor (0.1). Volume scaling uses flowCapacityFactor=0.1 — verify this matches the actual population sample fraction for correct extrapolation.
2026-06-23 15:25:59 - matsim.evaluator - INFO - Loaded scaling factors: population=0.15, flow=0.1, storage=0.12
2026-06-23 15:25:59 - matsim.evaluator - INFO - Loading network for spatial visualization...
2026-06-23 15:27:16 - matsim.evaluator - INFO - Loaded 634,245 links
2026-06-23 15:27:16 - matsim.evaluator - INFO - Loading linkstats...
2026-06-23 15:27:24 - matsim.evaluator - INFO - Scaled simulated volumes by 10.00x (1/0.1 population scaling)
2026-06-23 15:27:24 - matsim.evaluator - INFO - Loaded 634,245 links from linkstats
2026-06-23 15:27:24 - matsim.evaluator - INFO - Comparing volumes from MATSim countscompare.txt...
2026-06-23 15:27:24 - matsim.evaluator - INFO - Read 2,256 station-hour comparisons from 100.countscompare.txt (94 stations)
2026-06-23 15:27:24 - matsim.evaluator - INFO - Generated 2,256 station-hour comparisons
2026-06-23 15:27:24 - matsim.evaluator - INFO - Calculating summary metrics...
2026-06-23 15:27:24 - matsim.evaluator - INFO - Saved comparison results to /home/exouser/Documents/Tareek/experiments/experiment_20260623_053227/evaluation/volume_comparison.csv
2026-06-23 15:27:24 - matsim.evaluator - INFO - Saved summary metrics to /home/exouser/Documents/Tareek/experiments/experiment_20260623_053227/evaluation/summary_metrics.json
2026-06-23 15:27:24 - matsim.evaluator - INFO - Generating spatial overview maps...
2026-06-23 15:27:51 - utils.region_utils - INFO - Loaded 15 county boundary polygons
2026-06-23 15:27:55 - matsim.evaluator - INFO - Saved spatial overview to /home/exouser/Documents/Tareek/experiments/experiment_20260623_053227/evaluation/spatial_overview.png
2026-06-23 15:28:29 - matsim.evaluator - INFO - Saved hourly pct-error map to /home/exouser/Documents/Tareek/experiments/experiment_20260623_053227/evaluation/count_error_h07.png
2026-06-23 15:28:37 - matsim.evaluator - INFO - Saved hourly pct-error map to /home/exouser/Documents/Tareek/experiments/experiment_20260623_053227/evaluation/count_error_h08.png
2026-06-23 15:28:47 - matsim.evaluator - INFO - Saved hourly pct-error map to /home/exouser/Documents/Tareek/experiments/experiment_20260623_053227/evaluation/count_error_h15.png
2026-06-23 15:28:57 - matsim.evaluator - INFO - Saved hourly pct-error map to /home/exouser/Documents/Tareek/experiments/experiment_20260623_053227/evaluation/count_error_h16.png
2026-06-23 15:28:57 - matsim.evaluator - INFO - Generating heatmap-only map...
2026-06-23 15:29:30 - matsim.evaluator - INFO - Saved heatmap to /home/exouser/Documents/Tareek/experiments/experiment_20260623_053227/evaluation/heatmap_daily.png
2026-06-23 15:29:30 - matsim.evaluator - INFO - Generating peak hour highway heatmaps...
2026-06-23 15:29:38 - matsim.evaluator - INFO -   Highway links for peak heatmaps: 40,179 (of 634,245 total)
2026-06-23 15:30:11 - matsim.evaluator - INFO -   8 AM congestion — Severe (24), Congested (82), Moderate (11,071), Free flow (19,966), no traffic: 9,036
2026-06-23 15:30:15 - matsim.evaluator - INFO - Saved peak hour heatmap to /home/exouser/Documents/Tareek/experiments/experiment_20260623_053227/evaluation/heatmap_8am_highways.png
2026-06-23 15:30:48 - matsim.evaluator - INFO -   5 PM congestion — Severe (8), Congested (37), Moderate (9,988), Free flow (21,734), no traffic: 8,412
2026-06-23 15:30:52 - matsim.evaluator - INFO - Saved peak hour heatmap to /home/exouser/Documents/Tareek/experiments/experiment_20260623_053227/evaluation/heatmap_5pm_highways.png
2026-06-23 15:30:53 - matsim.evaluator - INFO - Generating per-device reports...
2026-06-23 15:30:53 - matsim.evaluator - INFO - Generating per-device reports for 94 devices...
2026-06-23 15:31:58 - matsim.evaluator - INFO - Per-device reports saved to /home/exouser/Documents/Tareek/experiments/experiment_20260623_053227/evaluation/device_reports
2026-06-23 15:31:58 - __main__ - INFO - 
2026-06-23 15:31:58 - __main__ - INFO - ============================================================
2026-06-23 15:31:58 - __main__ - INFO - EVALUATION RESULTS
2026-06-23 15:31:58 - __main__ - INFO - ============================================================
2026-06-23 15:31:58 - __main__ - INFO - Devices validated: 47
2026-06-23 15:31:58 - __main__ - INFO - Total comparisons: 2,256
2026-06-23 15:31:58 - __main__ - INFO - Mean Absolute Error (MAE): 766.26 vehicles
2026-06-23 15:31:58 - __main__ - INFO - Root Mean Square Error (RMSE): 1118.59 vehicles
2026-06-23 15:31:58 - __main__ - INFO - Mean GEH: 21.20
2026-06-23 15:31:58 - __main__ - INFO - GEH < 5 (good matches): 12.2%
2026-06-23 15:31:58 - __main__ - INFO - Correlation: 0.768
2026-06-23 15:31:58 - __main__ - INFO - Peak-hour correlation (6-9,15-18): 0.683
2026-06-23 15:31:58 - __main__ - INFO - 
2026-06-23 15:31:58 - __main__ - INFO - Results saved to: /home/exouser/Documents/Tareek/experiments/experiment_20260623_053227/evaluation
2026-06-23 15:31:58 - __main__ - INFO - ============================================================
2026-06-23 15:31:58 - __main__ - INFO - 
2026-06-23 15:33:33 - utils.experiment_summary - WARNING - peak_departures_per_5min (899028) exceeds total persons (467216) - legHistogram values may be inflated.
2026-06-23 15:33:33 - __main__ - INFO - Experiment summary saved to: /home/exouser/Documents/Tareek/experiments/experiment_20260623_053227/experiment_summary.json
2026-06-23 15:33:33 - __main__ - INFO - Experiment tracked in: /home/exouser/Documents/Tareek/experiments/experiment_comparison.csv
2026-06-23 15:33:33 - __main__ - INFO - Suggestion: Tune trip generation rates or OD matrix beta parameter.
2026-06-23 15:33:33 - __main__ - INFO - ============================================================
2026-06-23 15:33:33 - __main__ - INFO - EXPERIMENT COMPLETE
2026-06-23 15:33:33 - __main__ - INFO - ============================================================
2026-06-23 15:33:33 - __main__ - INFO - Experiment ID: experiment_20260623_053227
2026-06-23 15:33:33 - __main__ - INFO - Experiment directory: /home/exouser/Documents/Tareek/experiments/experiment_20260623_053227
2026-06-23 15:33:33 - __main__ - INFO - Status: completed
2026-06-23 15:33:33 - __main__ - INFO - 
2026-06-23 15:33:33 - __main__ - INFO - Results available at:
2026-06-23 15:33:33 - __main__ - INFO -   Network: network.xml
2026-06-23 15:33:33 - __main__ - INFO -   Plans: plans.xml
2026-06-23 15:33:33 - __main__ - INFO -   Output: output/
2026-06-23 15:33:33 - __main__ - INFO -   Evaluation: evaluation/
2026-06-23 15:33:33 - __main__ - INFO - ============================================================
