variable_unified,value_unified,labels_differ,label_unified,label_upcoded,value_upcoded,notes
age,1,FALSE,Under 5,Under 5,1,""
age,2,FALSE,5 to 15,5 to 15,2,""
age,3,FALSE,16 to 17,16 to 17,3,""
age,4,FALSE,18 to 24,18 to 24,4,""
age,5,FALSE,25 to 34,25 to 34,5,""
age,6,FALSE,35 to 44,35 to 44,6,""
age,7,FALSE,45 to 54,45 to 54,7,""
age,8,FALSE,55 to 64,55 to 64,8,""
age,9,FALSE,65 to 74,65 to 74,9,""
age,10,FALSE,75 or older,75 or older,10,""
age,11,FALSE,75 to 84,75 or older,10,""
age,12,FALSE,85 or older,75 or older,10,""
age,995,FALSE,Missing,Missing,995,""
arrive_dow,1,FALSE,Monday,Monday,1,""
arrive_dow,2,FALSE,Tuesday,Tuesday,2,""
arrive_dow,3,FALSE,Wednesday,Wednesday,3,""
arrive_dow,4,FALSE,Thursday,Thursday,4,""
arrive_dow,5,FALSE,Friday,Friday,5,""
arrive_dow,6,FALSE,Saturday,Saturday,6,""
arrive_dow,7,FALSE,Sunday,Sunday,7,""
arrive_dow,995,FALSE,Missing,Missing,995,""
arrive_hour,0,FALSE,12AM,12AM,0,""
arrive_hour,1,FALSE,1AM,1AM,1,""
arrive_hour,2,FALSE,2AM,2AM,2,""
arrive_hour,3,FALSE,3AM,3AM,3,""
arrive_hour,4,FALSE,4AM,4AM,4,""
arrive_hour,5,FALSE,5AM,5AM,5,""
arrive_hour,6,FALSE,6AM,6AM,6,""
arrive_hour,7,FALSE,7AM,7AM,7,""
arrive_hour,8,FALSE,8AM,8AM,8,""
arrive_hour,9,FALSE,9AM,9AM,9,""
arrive_hour,10,FALSE,10AM,10AM,10,""
arrive_hour,11,FALSE,11AM,11AM,11,""
arrive_hour,12,FALSE,12PM,12PM,12,""
arrive_hour,13,FALSE,1PM,1PM,13,""
arrive_hour,14,FALSE,2PM,2PM,14,""
arrive_hour,15,FALSE,3PM,3PM,15,""
arrive_hour,16,FALSE,4PM,4PM,16,""
arrive_hour,17,FALSE,5PM,5PM,17,""
arrive_hour,18,FALSE,6PM,6PM,18,""
arrive_hour,19,FALSE,7PM,7PM,19,""
arrive_hour,20,FALSE,8PM,8PM,20,""
arrive_hour,21,FALSE,9PM,9PM,21,""
arrive_hour,22,FALSE,10PM,10PM,22,""
arrive_hour,23,FALSE,11PM,11PM,23,""
attend_school_1,0,FALSE,Not selected,Not selected,0,""
attend_school_1,1,FALSE,Selected,Selected,1,""
attend_school_1,995,FALSE,Missing,Missing,995,""
attend_school_2,0,FALSE,Not selected,Not selected,0,""
attend_school_2,1,FALSE,Selected,Selected,1,""
attend_school_2,995,FALSE,Missing,Missing,995,""
attend_school_3,0,FALSE,Not selected,Not selected,0,""
attend_school_3,1,FALSE,Selected,Selected,1,""
attend_school_3,995,FALSE,Missing,Missing,995,""
attend_school_998,0,FALSE,Not selected,Not selected,0,""
attend_school_998,1,FALSE,Selected,Selected,1,""
attend_school_998,995,FALSE,Missing,Missing,995,""
attend_school_999,0,FALSE,Not selected,Not selected,0,""
attend_school_999,1,FALSE,Selected,Selected,1,""
attend_school_999,995,FALSE,Missing,Missing,995,""
attend_school_no_1,0,FALSE,Not selected,Not selected,0,""
attend_school_no_1,1,FALSE,Selected,Selected,1,""
attend_school_no_1,995,FALSE,Missing,Missing,995,""
attend_school_no_2,0,FALSE,Not selected,Not selected,0,""
attend_school_no_2,1,FALSE,Selected,Selected,1,""
attend_school_no_2,995,FALSE,Missing,Missing,995,""
attend_school_no_3,0,FALSE,Not selected,Not selected,0,""
attend_school_no_3,1,FALSE,Selected,Selected,1,""
attend_school_no_3,995,FALSE,Missing,Missing,995,""
attend_school_no_4,0,FALSE,Not selected,Not selected,0,""
attend_school_no_4,1,FALSE,Selected,Selected,1,""
attend_school_no_4,995,FALSE,Missing,Missing,995,""
attend_school_no_5,0,FALSE,Not selected,Not selected,0,""
attend_school_no_5,1,FALSE,Selected,Selected,1,""
attend_school_no_5,995,FALSE,Missing,Missing,995,""
attend_school_no_6,0,FALSE,Not selected,Not selected,0,""
attend_school_no_6,1,FALSE,Selected,Selected,1,""
attend_school_no_6,995,FALSE,Missing,Missing,995,""
attend_school_no_998,0,FALSE,Not selected,Not selected,0,""
attend_school_no_998,1,FALSE,Selected,Selected,1,""
attend_school_no_998,995,FALSE,Missing,Missing,995,""
attend_school_no_999,0,FALSE,Not selected,Not selected,0,""
attend_school_no_999,1,FALSE,Selected,Selected,1,""
attend_school_no_999,995,FALSE,Missing,Missing,995,""
av_future_travel,-9998,FALSE,Missing,Missing,995,""
av_future_travel,1,FALSE,Travel more than now,Travel more than now,1,""
av_future_travel,2,FALSE,Travel the same amount,Travel the same amount,2,""
av_future_travel,3,FALSE,Travel less than now,Travel less than now,3,""
av_future_travel,995,FALSE,Missing,Missing,995,""
av_future_travel,998,FALSE,I don't know,I don't know,998,""
av_own_interest,-9998,FALSE,Missing,Missing,995,""
av_own_interest,1,FALSE,Very interested,Very interested,1,""
av_own_interest,2,FALSE,Somewhat interested,Somewhat interested,2,""
av_own_interest,3,FALSE,Neutral,Neutral,3,""
av_own_interest,4,FALSE,Somewhat uninterested,Somewhat uninterested,4,""
av_own_interest,5,FALSE,Not at all interested,Not at all interested,5,""
av_own_interest,995,FALSE,Missing,Missing,995,""
av_own_interest,998,FALSE,I don't know,I don't know,998,""
av_use_interest,-9998,FALSE,Missing,Missing,995,""
av_use_interest,1,FALSE,Very interested,Very interested,1,""
av_use_interest,2,FALSE,Somewhat interested,Somewhat interested,2,""
av_use_interest,3,FALSE,Neutral,Neutral,3,""
av_use_interest,4,FALSE,Somewhat uninterested,Somewhat uninterested,4,""
av_use_interest,5,FALSE,Not at all interested,Not at all interested,5,""
av_use_interest,995,FALSE,Missing,Missing,995,""
av_use_interest,998,FALSE,I don't know,I don't know,998,""
begin_day,1,FALSE,Home,Home,1,""
begin_day,2,FALSE,"Someone else's home (e.g., friend)","Someone else's home (e.g., friend)",2,""
begin_day,3,FALSE,Work,Work,3,""
begin_day,4,FALSE,"Their other home (e.g., other parent, partner, second home)","Their other home (e.g., other parent, second home)",4,""
begin_day,5,FALSE,"Traveling (e.g., red-eye flight)","Traveling (e.g., red-eye flight)",5,""
begin_day,7,FALSE,"Temporary lodging (e.g., hotel, vacation rental)","Temporary lodging (e.g., hotel, vacation rental)",7,""
begin_day,995,FALSE,Missing,Missing,995,""
begin_day,997,FALSE,Other,Other,997,""
bicycle_type_1,0,FALSE,Not selected,Not selected,0,""
bicycle_type_1,1,FALSE,Selected,Selected,1,""
bicycle_type_1,995,FALSE,Missing,Missing,995,""
bicycle_type_2,0,FALSE,Not selected,Not selected,0,""
bicycle_type_2,1,FALSE,Selected,Selected,1,""
bicycle_type_2,995,FALSE,Missing,Missing,995,""
bicycle_type_997,0,FALSE,Not selected,Not selected,0,""
bicycle_type_997,1,FALSE,Selected,Selected,1,""
bicycle_type_997,995,FALSE,Missing,Missing,995,""
bike_freq,-9998,FALSE,Missing,Missing,995,""
bike_freq,1,TRUE,6-7 days a week,6-7 days a week,1,""
bike_freq,2,TRUE,5 days a week,5 days a week,2,""
bike_freq,3,TRUE,4 days a week,4 days a week,3,""
bike_freq,4,TRUE,2-3 days a week,2-3 days a week,4,""
bike_freq,5,TRUE,1 day a week,1 day a week,5,""
bike_freq,6,TRUE,1-3 days a month,1-3 days a month,6,""
bike_freq,7,TRUE,Less than monthly,Less than monthly,7,""
bike_freq,995,FALSE,Missing,Missing,995,""
bike_freq,996,TRUE,Never,Never,996,""
bike_park_location,-9998,FALSE,Missing,Missing,995,""
bike_park_location,1,FALSE,"Inside house/apartment (includes garage, porch, storage area)","Inside house/apartment (includes garage, porch, storage area)",1,""
bike_park_location,2,TRUE,Bike rack,Bike rack,2,""
bike_park_location,3,TRUE,Bike locker,Bike locker,3,""
bike_park_location,4,TRUE,Secured bike room,Secured bike room,4,""
bike_park_location,5,FALSE,"Locked to other object (e.g., post, tree)","Locked to other object (e.g., post, tree)",5,""
bike_park_location,6,TRUE,Bike-share designated docking station,Bike-share designated docking station,6,""
bike_park_location,7,TRUE,Unlocked on-street,Unlocked on-street,7,""
bike_park_location,8,FALSE,In a parking garage/ramp/lot,In a parking garage/ramp/lot,8,""
bike_park_location,10,FALSE,Carried it with me,Carried it with me,10,""
bike_park_location,995,FALSE,Missing,Missing,995,""
bike_park_location,997,TRUE,Other,Other,997,""
bike_store_1,0,FALSE,Not selected,Not selected,0,""
bike_store_1,1,FALSE,Selected,Selected,1,""
bike_store_1,995,FALSE,Missing,Missing,995,""
bike_store_2,0,FALSE,Not selected,Not selected,0,""
bike_store_2,1,FALSE,Selected,Selected,1,""
bike_store_2,995,FALSE,Missing,Missing,995,""
bike_store_3,0,FALSE,Not selected,Not selected,0,""
bike_store_3,1,FALSE,Selected,Selected,1,""
bike_store_3,995,FALSE,Missing,Missing,995,""
bike_store_4,0,FALSE,Not selected,Not selected,0,""
bike_store_4,1,FALSE,Selected,Selected,1,""
bike_store_4,995,FALSE,Missing,Missing,995,""
bike_store_5,0,FALSE,Not selected,Not selected,0,""
bike_store_5,1,FALSE,Selected,Selected,1,""
bike_store_5,995,FALSE,Missing,Missing,995,""
bike_store_7,0,FALSE,Not selected,Not selected,0,""
bike_store_7,1,FALSE,Selected,Selected,1,""
bike_store_7,995,FALSE,Missing,Missing,995,""
bike_store_8,0,FALSE,Not selected,Not selected,0,""
bike_store_8,1,FALSE,Selected,Selected,1,""
bike_store_8,995,FALSE,Missing,Missing,995,""
bike_store_997,0,FALSE,Not selected,Not selected,0,""
bike_store_997,1,FALSE,Selected,Selected,1,""
bike_store_997,995,FALSE,Missing,Missing,995,""
bikeshare_freq,1,FALSE,6-7 days a week,6-7 days a week,1,""
bikeshare_freq,2,FALSE,5 days a week,5 days a week,2,""
bikeshare_freq,3,FALSE,4 days a week,4 days a week,3,""
bikeshare_freq,4,FALSE,2-3 days a week,2-3 days a week,4,""
bikeshare_freq,5,FALSE,1 day a week,1 day a week,5,""
bikeshare_freq,6,FALSE,1-3 days a month,1-3 days a month,6,""
bikeshare_freq,7,FALSE,Less than monthly,Less than monthly,7,""
bikeshare_freq,995,FALSE,Missing,Missing,995,""
bus_payment_type,-9999,FALSE,Missing,Missing,995,""
bus_payment_type,-9998,FALSE,Missing,Missing,995,""
bus_payment_type,1,FALSE,Free (no cost at all),Free (no cost at all),1,""
bus_payment_type,2,FALSE,Used transit Go-To card or pass (any type),Used transit Go-To card or pass (any type),2,""
bus_payment_type,3,FALSE,"Cash, credit card, token(s), or ticket(s)","Cash, credit card, token(s), or ticket(s)",3,""
bus_payment_type,4,FALSE,Don't know,Don't know,4,""
bus_payment_type,995,FALSE,Missing,Missing,995,""
can_drive,-9998,FALSE,Missing,Missing,995,""
can_drive,1,FALSE,"Yes, drives","Yes, drives",1,""
can_drive,3,FALSE,"No, does not drive","No, does not drive",3,""
can_drive,995,FALSE,Missing,Missing,995,""
carshare_freq,1,FALSE,6-7 days a week,6-7 days a week,1,""
carshare_freq,2,FALSE,5 days a week,5 days a week,2,""
carshare_freq,3,FALSE,4 days a week,4 days a week,3,""
carshare_freq,4,FALSE,2-3 days a week,2-3 days a week,4,""
carshare_freq,5,FALSE,1 day a week,1 day a week,5,""
carshare_freq,6,FALSE,1-3 days a month,1-3 days a month,6,""
carshare_freq,7,FALSE,Less than monthly,Less than monthly,7,""
carshare_freq,995,FALSE,Missing,Missing,995,""
commute_freq,1,FALSE,6-7 days a week,6-7 days a week,1,""
commute_freq,2,FALSE,5 days a week,5 days a week,2,""
commute_freq,3,FALSE,4 days a week,4 days a week,3,""
commute_freq,4,FALSE,3 days a week,3 days a week,4,""
commute_freq,5,FALSE,2 days a week,2 days a week,5,""
commute_freq,6,FALSE,1 day a week,1 day a week,6,""
commute_freq,7,FALSE,9 days every 2 weeks,9 days every 2 weeks,7,""
commute_freq,8,FALSE,1-3 days a month,1-3 days a month,8,""
commute_freq,10,FALSE,Less than monthly,Less than monthly,10,""
commute_freq,995,FALSE,Missing,Missing,995,""
commute_freq,996,FALSE,Never,Never,996,""
commute_freq_pre_covid,1,FALSE,6-7 days a week,6-7 days a week,1,""
commute_freq_pre_covid,2,FALSE,5 days a week,5 days a week,2,""
commute_freq_pre_covid,3,FALSE,4 days a week,4 days a week,3,""
commute_freq_pre_covid,4,FALSE,3 days a week,3 days a week,4,""
commute_freq_pre_covid,5,FALSE,2 days a week,2 days a week,5,""
commute_freq_pre_covid,6,FALSE,1 day a week,1 day a week,6,""
commute_freq_pre_covid,7,FALSE,9 days every 2 weeks,9 days every 2 weeks,7,""
commute_freq_pre_covid,8,FALSE,1-3 days a month,1-3 days a month,8,""
commute_freq_pre_covid,10,FALSE,Less than monthly,Less than monthly,10,""
commute_freq_pre_covid,995,FALSE,Missing,Missing,995,""
commute_freq_pre_covid,996,FALSE,Never,Never,996,""
commute_subsidy_1,-9998,FALSE,Missing,Missing,995,""
commute_subsidy_1,0,FALSE,Not selected,Not selected,0,""
commute_subsidy_1,1,FALSE,Selected,Selected,1,""
commute_subsidy_1,995,FALSE,Missing,Missing,995,""
commute_subsidy_10,0,FALSE,Not selected,Not selected,0,""
commute_subsidy_10,1,FALSE,Selected,Selected,1,""
commute_subsidy_10,995,FALSE,Missing,Missing,995,""
commute_subsidy_2,-9998,FALSE,Missing,Missing,995,""
commute_subsidy_2,0,FALSE,Not selected,Not selected,0,""
commute_subsidy_2,1,FALSE,Selected,Selected,1,""
commute_subsidy_2,995,FALSE,Missing,Missing,995,""
commute_subsidy_3,-9998,FALSE,Missing,Missing,995,""
commute_subsidy_3,0,FALSE,Not selected,Not selected,0,""
commute_subsidy_3,1,FALSE,Selected,Selected,1,""
commute_subsidy_3,995,FALSE,Missing,Missing,995,""
commute_subsidy_4,-9998,FALSE,Missing,Missing,995,""
commute_subsidy_4,0,FALSE,Not selected,Not selected,0,""
commute_subsidy_4,1,FALSE,Selected,Selected,1,""
commute_subsidy_4,995,FALSE,Missing,Missing,995,""
commute_subsidy_5,-9998,FALSE,Missing,Missing,-9998,""
commute_subsidy_5,0,FALSE,Not selected,Not selected,0,""
commute_subsidy_5,1,FALSE,Selected,Selected,1,""
commute_subsidy_5,995,FALSE,Missing,Missing,995,""
commute_subsidy_6,-9998,FALSE,Missing,Missing,995,""
commute_subsidy_6,0,FALSE,Not selected,Not selected,0,""
commute_subsidy_6,1,FALSE,Selected,Selected,1,""
commute_subsidy_6,995,FALSE,Missing,Missing,995,""
commute_subsidy_7,-9998,FALSE,Missing,Missing,995,""
commute_subsidy_7,0,FALSE,Not selected,Not selected,0,""
commute_subsidy_7,1,FALSE,Selected,Selected,1,""
commute_subsidy_7,995,FALSE,Missing,Missing,995,""
commute_subsidy_8,-9998,FALSE,Missing,Missing,995,""
commute_subsidy_8,0,FALSE,Not selected,Not selected,0,""
commute_subsidy_8,1,FALSE,Selected,Selected,1,""
commute_subsidy_8,995,FALSE,Missing,Missing,995,""
commute_subsidy_9,0,FALSE,Not selected,Not selected,0,""
commute_subsidy_9,1,FALSE,Selected,Selected,1,""
commute_subsidy_9,995,FALSE,Missing,Missing,995,""
commute_subsidy_996,-9998,FALSE,Missing,Missing,995,""
commute_subsidy_996,0,FALSE,Not selected,Not selected,0,""
commute_subsidy_996,1,FALSE,Selected,Selected,1,""
commute_subsidy_996,995,FALSE,Missing,Missing,995,""
commute_subsidy_998,0,FALSE,Not selected,Not selected,0,""
commute_subsidy_998,1,FALSE,Selected,Selected,1,""
commute_subsidy_998,995,FALSE,Missing,Missing,995,""
commute_subsidy_use_1,-9998,FALSE,Missing,Missing,995,""
commute_subsidy_use_1,0,FALSE,Not selected,Not selected,0,""
commute_subsidy_use_1,1,FALSE,Selected,Selected,1,""
commute_subsidy_use_1,995,FALSE,Missing,Missing,995,""
commute_subsidy_use_10,0,FALSE,Not selected,Not selected,0,""
commute_subsidy_use_10,1,FALSE,Selected,Selected,1,""
commute_subsidy_use_10,995,FALSE,Missing,Missing,995,""
commute_subsidy_use_2,-9998,FALSE,Missing,Missing,995,""
commute_subsidy_use_2,0,FALSE,Not selected,Not selected,0,""
commute_subsidy_use_2,1,FALSE,Selected,Selected,1,""
commute_subsidy_use_2,995,FALSE,Missing,Missing,995,""
commute_subsidy_use_3,-9998,FALSE,Missing,Missing,995,""
commute_subsidy_use_3,0,FALSE,Not selected,Not selected,0,""
commute_subsidy_use_3,1,FALSE,Selected,Selected,1,""
commute_subsidy_use_3,995,FALSE,Missing,Missing,995,""
commute_subsidy_use_4,-9998,FALSE,Missing,Missing,995,""
commute_subsidy_use_4,0,FALSE,Not selected,Not selected,0,""
commute_subsidy_use_4,1,FALSE,Selected,Selected,1,""
commute_subsidy_use_4,995,FALSE,Missing,Missing,995,""
commute_subsidy_use_5,-9998,FALSE,Missing,Missing,995,""
commute_subsidy_use_5,0,FALSE,Not selected,Not selected,0,""
commute_subsidy_use_5,1,FALSE,Selected,Selected,1,""
commute_subsidy_use_5,995,FALSE,Missing,Missing,995,""
commute_subsidy_use_6,-9998,FALSE,Missing,Missing,-9998,""
commute_subsidy_use_6,0,FALSE,Not selected,Not selected,0,""
commute_subsidy_use_6,1,FALSE,Selected,Selected,1,""
commute_subsidy_use_6,995,FALSE,Missing,Missing,995,""
commute_subsidy_use_7,-9998,FALSE,Missing,Missing,995,""
commute_subsidy_use_7,0,FALSE,Not selected,Not selected,0,""
commute_subsidy_use_7,1,FALSE,Selected,Selected,1,""
commute_subsidy_use_7,995,FALSE,Missing,Missing,995,""
commute_subsidy_use_8,-9998,FALSE,Missing,Missing,995,""
commute_subsidy_use_8,0,FALSE,Not selected,Not selected,0,""
commute_subsidy_use_8,1,FALSE,Selected,Selected,1,""
commute_subsidy_use_8,995,FALSE,Missing,Missing,995,""
commute_subsidy_use_9,0,FALSE,Not selected,Not selected,0,""
commute_subsidy_use_9,1,FALSE,Selected,Selected,1,""
commute_subsidy_use_9,995,FALSE,Missing,Missing,995,""
commute_subsidy_use_996,-9998,FALSE,Missing,Missing,995,""
commute_subsidy_use_996,0,FALSE,Not selected,Not selected,0,""
commute_subsidy_use_996,1,FALSE,Selected,Selected,1,""
commute_subsidy_use_996,995,FALSE,Missing,Missing,995,""
d_county,995,TRUE,Missing,Missing,995,""
d_county,27001,TRUE,"Aitkin County, MN","Aitkin County, MN",27001,""
d_county,27003,TRUE,"Anoka County, MN","Anoka County, MN",27003,""
d_county,27005,TRUE,"Becker County, MN","Becker County, MN",27005,""
d_county,27007,TRUE,"Beltrami County, MN","Beltrami County, MN",27007,""
d_county,27009,TRUE,"Benton County, MN","Benton County, MN",27009,""
d_county,27011,TRUE,"Big Stone County, MN","Big Stone County, MN",27011,""
d_county,27013,TRUE,"Blue Earth County, MN","Blue Earth County, MN",27013,""
d_county,27015,TRUE,"Brown County, MN","Brown County, MN",27015,""
d_county,27017,TRUE,"Carlton County, MN","Carlton County, MN",27017,""
d_county,27019,TRUE,"Carver County, MN","Carver County, MN",27019,""
d_county,27021,TRUE,"Cass County, MN","Cass County, MN",27021,""
d_county,27023,TRUE,"Chippewa County, MN","Chippewa County, MN",27023,""
d_county,27025,TRUE,"Chisago County, MN","Chisago County, MN",27025,""
d_county,27027,TRUE,"Clay County, MN","Clay County, MN",27027,""
d_county,27029,TRUE,"Clearwater County, MN","Clearwater County, MN",27029,""
d_county,27031,TRUE,"Cook County, MN","Cook County, MN",27031,""
d_county,27033,TRUE,"Cottonwood County, MN","Cottonwood County, MN",27033,""
d_county,27035,TRUE,"Crow Wing County, MN","Crow Wing County, MN",27035,""
d_county,27037,TRUE,"Dakota County, MN","Dakota County, MN",27037,""
d_county,27039,TRUE,"Dodge County, MN","Dodge County, MN",27039,""
d_county,27041,TRUE,"Douglas County, MN","Douglas County, MN",27041,""
d_county,27043,TRUE,"Faribault County, MN","Faribault County, MN",27043,""
d_county,27045,TRUE,"Fillmore County, MN","Fillmore County, MN",27045,""
d_county,27047,TRUE,"Freeborn County, MN","Freeborn County, MN",27047,""
d_county,27049,TRUE,"Goodhue County, MN","Goodhue County, MN",27049,""
d_county,27051,TRUE,"Grant County, MN","Grant County, MN",27051,""
d_county,27053,TRUE,"Hennepin County, MN","Hennepin County, MN",27053,""
d_county,27055,TRUE,"Houston County, MN","Houston County, MN",27055,""
d_county,27057,TRUE,"Hubbard County, MN","Hubbard County, MN",27057,""
d_county,27059,TRUE,"Isanti County, MN","Isanti County, MN",27059,""
d_county,27061,TRUE,"Itasca County, MN","Itasca County, MN",27061,""
d_county,27063,TRUE,"Jackson County, MN","Jackson County, MN",27063,""
d_county,27065,TRUE,"Kanabec County, MN","Kanabec County, MN",27065,""
d_county,27067,TRUE,"Kandiyohi County, MN","Kandiyohi County, MN",27067,""
d_county,27069,TRUE,"Kittson County, MN","Kittson County, MN",27069,""
d_county,27071,TRUE,"Koochiching County, MN","Koochiching County, MN",27071,""
d_county,27073,TRUE,"Lac qui Parle County, MN","Lac qui Parle County, MN",27073,""
d_county,27075,TRUE,"Lake County, MN","Lake County, MN",27075,""
d_county,27077,TRUE,"Lake of the Woods County, MN","Lake of the Woods County, MN",27077,""
d_county,27079,TRUE,"Le Sueur County, MN","Le Sueur County, MN",27079,""
d_county,27081,TRUE,"Lincoln County, MN","Lincoln County, MN",27081,""
d_county,27083,TRUE,"Lyon County, MN","Lyon County, MN",27083,""
d_county,27085,TRUE,"McLeod County, MN","McLeod County, MN",27085,""
d_county,27087,TRUE,"Mahnomen County, MN","Mahnomen County, MN",27087,""
d_county,27089,TRUE,"Marshall County, MN","Marshall County, MN",27089,""
d_county,27091,TRUE,"Martin County, MN","Martin County, MN",27091,""
d_county,27093,TRUE,"Meeker County, MN","Meeker County, MN",27093,""
d_county,27095,TRUE,"Mille Lacs County, MN","Mille Lacs County, MN",27095,""
d_county,27097,TRUE,"Morrison County, MN","Morrison County, MN",27097,""
d_county,27099,TRUE,"Mower County, MN","Mower County, MN",27099,""
d_county,27101,TRUE,"Murray County, MN","Murray County, MN",27101,""
d_county,27103,TRUE,"Nicollet County, MN","Nicollet County, MN",27103,""
d_county,27105,TRUE,"Nobles County, MN","Nobles County, MN",27105,""
d_county,27107,TRUE,"Norman County, MN","Norman County, MN",27107,""
d_county,27109,TRUE,"Olmsted County, MN","Olmsted County, MN",27109,""
d_county,27111,TRUE,"Otter Tail County, MN","Otter Tail County, MN",27111,""
d_county,27113,TRUE,"Pennington County, MN","Pennington County, MN",27113,""
d_county,27115,TRUE,"Pine County, MN","Pine County, MN",27115,""
d_county,27117,TRUE,"Pipestone County, MN","Pipestone County, MN",27117,""
d_county,27119,TRUE,"Polk County, MN","Polk County, MN",27119,""
d_county,27121,TRUE,"Pope County, MN","Pope County, MN",27121,""
d_county,27123,TRUE,"Ramsey County, MN","Ramsey County, MN",27123,""
d_county,27125,TRUE,"Red Lake County, MN","Red Lake County, MN",27125,""
d_county,27127,TRUE,"Redwood County, MN","Redwood County, MN",27127,""
d_county,27129,TRUE,"Renville County, MN","Renville County, MN",27129,""
d_county,27131,TRUE,"Rice County, MN","Rice County, MN",27131,""
d_county,27133,TRUE,"Rock County, MN","Rock County, MN",27133,""
d_county,27135,TRUE,"Roseau County, MN","Roseau County, MN",27135,""
d_county,27137,TRUE,"St Louis County, MN","St Louis County, MN",27137,""
d_county,27139,TRUE,"Scott County, MN","Scott County, MN",27139,""
d_county,27141,TRUE,"Sherburne County, MN","Sherburne County, MN",27141,""
d_county,27143,TRUE,"Sibley County, MN","Sibley County, MN",27143,""
d_county,27145,TRUE,"Stearns County, MN","Stearns County, MN",27145,""
d_county,27147,TRUE,"Steele County, MN","Steele County, MN",27147,""
d_county,27149,TRUE,"Stevens County, MN","Stevens County, MN",27149,""
d_county,27151,TRUE,"Swift County, MN","Swift County, MN",27151,""
d_county,27153,TRUE,"Todd County, MN","Todd County, MN",27153,""
d_county,27155,TRUE,"Traverse County, MN","Traverse County, MN",27155,""
d_county,27157,TRUE,"Wabasha County, MN","Wabasha County, MN",27157,""
d_county,27159,TRUE,"Wadena County, MN","Wadena County, MN",27159,""
d_county,27161,TRUE,"Waseca County, MN","Waseca County, MN",27161,""
d_county,27163,TRUE,"Washington County, MN","Washington County, MN",27163,""
d_county,27165,TRUE,"Watonwan County, MN","Watonwan County, MN",27165,""
d_county,27167,TRUE,"Wilkin County, MN","Wilkin County, MN",27167,""
d_county,27169,TRUE,"Winona County, MN","Winona County, MN",27169,""
d_county,27171,TRUE,"Wright County, MN","Wright County, MN",27171,""
d_county,27173,TRUE,"Yellow Medicine County, MN","Yellow Medicine County, MN",27173,""
d_county,55001,TRUE,"Adams County, WI","Adams County, WI",55001,""
d_county,55003,TRUE,"Ashland County, WI","Ashland County, WI",55003,""
d_county,55005,TRUE,"Barron County, WI","Barron County, WI",55005,""
d_county,55007,TRUE,"Bayfield County, WI","Bayfield County, WI",55007,""
d_county,55009,TRUE,"Brown County, WI","Brown County, WI",55009,""
d_county,55011,TRUE,"Buffalo County, WI","Buffalo County, WI",55011,""
d_county,55013,TRUE,"Burnett County, WI","Burnett County, WI",55013,""
d_county,55015,TRUE,"Calumet County, WI","Calumet County, WI",55015,""
d_county,55017,TRUE,"Chippewa County, WI","Chippewa County, WI",55017,""
d_county,55019,TRUE,"Clark County, WI","Clark County, WI",55019,""
d_county,55021,TRUE,"Columbia County, WI","Columbia County, WI",55021,""
d_county,55023,TRUE,"Crawford County, WI","Crawford County, WI",55023,""
d_county,55025,TRUE,"Dane County, WI","Dane County, WI",55025,""
d_county,55027,TRUE,"Dodge County, WI","Dodge County, WI",55027,""
d_county,55029,TRUE,"Door County, WI","Door County, WI",55029,""
d_county,55031,TRUE,"Douglas County, WI","Douglas County, WI",55031,""
d_county,55033,TRUE,"Dunn County, WI","Dunn County, WI",55033,""
d_county,55035,TRUE,"Eau Claire County, WI","Eau Claire County, WI",55035,""
d_county,55037,TRUE,"Florence County, WI","Florence County, WI",55037,""
d_county,55039,TRUE,"Fond du Lac County, WI","Fond du Lac County, WI",55039,""
d_county,55041,TRUE,"Forest County, WI","Forest County, WI",55041,""
d_county,55043,TRUE,"Grant County, WI","Grant County, WI",55043,""
d_county,55045,TRUE,"Green County, WI","Green County, WI",55045,""
d_county,55047,TRUE,"Green Lake County, WI","Green Lake County, WI",55047,""
d_county,55049,TRUE,"Iowa County, WI","Iowa County, WI",55049,""
d_county,55051,TRUE,"Iron County, WI","Iron County, WI",55051,""
d_county,55053,TRUE,"Jackson County, WI","Jackson County, WI",55053,""
d_county,55055,TRUE,"Jefferson County, WI","Jefferson County, WI",55055,""
d_county,55057,TRUE,"Juneau County, WI","Juneau County, WI",55057,""
d_county,55059,TRUE,"Kenosha County, WI","Kenosha County, WI",55059,""
d_county,55061,TRUE,"Kewaunee County, WI","Kewaunee County, WI",55061,""
d_county,55063,TRUE,"La Crosse County, WI","La Crosse County, WI",55063,""
d_county,55065,TRUE,"Lafayette County, WI","Lafayette County, WI",55065,""
d_county,55067,TRUE,"Langlade County, WI","Langlade County, WI",55067,""
d_county,55069,TRUE,"Lincoln County, WI","Lincoln County, WI",55069,""
d_county,55071,TRUE,"Manitowoc County, WI","Manitowoc County, WI",55071,""
d_county,55073,TRUE,"Marathon County, WI","Marathon County, WI",55073,""
d_county,55075,TRUE,"Marinette County, WI","Marinette County, WI",55075,""
d_county,55077,TRUE,"Marquette County, WI","Marquette County, WI",55077,""
d_county,55078,TRUE,"Menominee County, WI","Menominee County, WI",55078,""
d_county,55079,TRUE,"Milwaukee County, WI","Milwaukee County, WI",55079,""
d_county,55081,TRUE,"Monroe County, WI","Monroe County, WI",55081,""
d_county,55083,TRUE,"Oconto County, WI","Oconto County, WI",55083,""
d_county,55085,TRUE,"Oneida County, WI","Oneida County, WI",55085,""
d_county,55087,TRUE,"Outagamie County, WI","Outagamie County, WI",55087,""
d_county,55089,TRUE,"Ozaukee County, WI","Ozaukee County, WI",55089,""
d_county,55091,TRUE,"Pepin County, WI","Pepin County, WI",55091,""
d_county,55093,TRUE,"Pierce County, WI","Pierce County, WI",55093,""
d_county,55095,TRUE,"Polk County, WI","Polk County, WI",55095,""
d_county,55097,TRUE,"Portage County, WI","Portage County, WI",55097,""
d_county,55099,TRUE,"Price County, WI","Price County, WI",55099,""
d_county,55101,TRUE,"Racine County, WI","Racine County, WI",55101,""
d_county,55103,TRUE,"Richland County, WI","Richland County, WI",55103,""
d_county,55105,TRUE,"Rock County, WI","Rock County, WI",55105,""
d_county,55107,TRUE,"Rusk County, WI","Rusk County, WI",55107,""
d_county,55109,TRUE,"St Croix County, WI","St Croix County, WI",55109,""
d_county,55111,TRUE,"Sauk County, WI","Sauk County, WI",55111,""
d_county,55113,TRUE,"Sawyer County, WI","Sawyer County, WI",55113,""
d_county,55115,TRUE,"Shawano County, WI","Shawano County, WI",55115,""
d_county,55117,TRUE,"Sheboygan County, WI","Sheboygan County, WI",55117,""
d_county,55119,TRUE,"Taylor County, WI","Taylor County, WI",55119,""
d_county,55121,TRUE,"Trempealeau County, WI","Trempealeau County, WI",55121,""
d_county,55123,TRUE,"Vernon County, WI","Vernon County, WI",55123,""
d_county,55125,TRUE,"Vilas County, WI","Vilas County, WI",55125,""
d_county,55127,TRUE,"Walworth County, WI","Walworth County, WI",55127,""
d_county,55129,TRUE,"Washburn County, WI","Washburn County, WI",55129,""
d_county,55131,TRUE,"Washington County, WI","Washington County, WI",55131,""
d_county,55133,TRUE,"Waukesha County, WI","Waukesha County, WI",55133,""
d_county,55135,TRUE,"Waupaca County, WI","Waupaca County, WI",55135,""
d_county,55137,TRUE,"Waushara County, WI","Waushara County, WI",55137,""
d_county,55139,TRUE,"Winnebago County, WI","Winnebago County, WI",55139,""
d_county,55141,TRUE,"Wood County, WI","Wood County, WI",55141,""
d_in_region,0,FALSE,Not in study region,Not in study region,0,""
d_in_region,1,FALSE,In study region,In study region,1,""
d_purpose,-9998,FALSE,Missing,Missing,995,""
d_purpose,-1,FALSE,Not imputable,Not imputable,-1,""
d_purpose,1,TRUE,Went home,Went home,1,""
d_purpose,2,FALSE,Went to work/work-related/volunteer-related,Went to work/work-related/volunteer-related,2,""
d_purpose,3,FALSE,Attended school/class,Attended school/class,3,""
d_purpose,4,FALSE,Appointment/shopping/errands,Appointment/shopping/errands,4,""
d_purpose,5,FALSE,"Drop off, pick up, accompany person","Drop off, pick up, accompany person",5,""
d_purpose,7,FALSE,Social/leisure/vacation activity,Social/leisure/vacation activity,7,""
d_purpose,10,TRUE,Primary workplace,Primary workplace,10,""
d_purpose,11,FALSE,"Went to work-related activity (e.g., meeting, delivery, worksite)","Went to work-related activity (e.g., meeting, delivery, worksite)",11,""
d_purpose,12,FALSE,"Traveling for work (e.g., going to airport)","Traveling for work (e.g., going to airport)",12,""
d_purpose,13,TRUE,Volunteering,Volunteering,13,""
d_purpose,14,TRUE,Other work-related,Other work-related,14,""
d_purpose,21,FALSE,Attend K-12 school,Attend K-12 school,21,""
d_purpose,22,FALSE,Attend college/university,Attend college/university,22,""
d_purpose,23,FALSE,"Attend other type of class (e.g., cooking class)","Attend other type of class (e.g., cooking class)",23,""
d_purpose,24,FALSE,"Attend other education-related activity (e.g., field trip)","Attend other education-related activity (e.g., field trip)",24,""
d_purpose,25,FALSE,Attend vocational education class,Attend vocational education class,25,""
d_purpose,26,FALSE,Attend daycare or preschool,Attend daycare or preschool,26,""
d_purpose,30,TRUE,Grocery shopping,Grocery shopping,30,""
d_purpose,31,FALSE,Got gas,Got gas,31,""
d_purpose,32,TRUE,"Other routine shopping (e.g., pharmacy)","Other routine shopping (e.g., pharmacy)",32,""
d_purpose,33,FALSE,"Errand without appointment (e.g., post office)","Errand without appointment (e.g., post office)",33,""
d_purpose,34,TRUE,"Medical visit (e.g., doctor, dentist)","Medical visit (e.g., doctor, dentist)",34,""
d_purpose,36,TRUE,"Shopping for major item (e.g., furniture, car)","Shopping for major item (e.g., furniture, car)",36,""
d_purpose,37,FALSE,"Errand with appointment (e.g., haircut)","Errand with appointment (e.g., haircut)",37,""
d_purpose,40,FALSE,Pick-up/drop-off to/from childcare/preschool/adult care,Pick-up/drop-off to/from childcare/preschool/adult care,40,""
d_purpose,41,FALSE,Pick-up/drop-off to/from K-12 school or college,Pick-up/drop-off to/from K-12 school or college,41,""
d_purpose,42,FALSE,Pick-up/drop-off to/from other person's workplace,Pick-up/drop-off to/from other person's workplace,42,""
d_purpose,43,FALSE,"Pick-up/drop-off to/from other person's scheduled activity (e.g., lesson, appointment)","Pick-up/drop-off to/from other person's scheduled activity (e.g., lesson, appointment)",43,""
d_purpose,44,FALSE,"Other activity only (e.g., attend meeting, pick-up or drop-off item)","Other activity only (e.g., attend meeting, pick-up or drop-off item)",44,""
d_purpose,45,FALSE,Other place to pick-up/drop-off,Other place to pick-up/drop-off,45,""
d_purpose,46,FALSE,Pick someone up,Pick someone up,46,""
d_purpose,47,FALSE,Pick-up/drop-off to/from other person's home,Pick-up/drop-off to/from other person's home,47,""
d_purpose,48,FALSE,Drop someone off,Drop someone off,48,""
d_purpose,49,FALSE,"Accompany someone only (e.g., go along for the ride)","Accompany someone only (e.g., go along for the ride)",49,""
d_purpose,50,FALSE,BOTH pick up AND drop off,BOTH pick up AND drop off,50,""
d_purpose,51,FALSE,"Dined out, got coffee or take-out","Dined out, got coffee or take-out",51,""
d_purpose,52,FALSE,"Exercise or recreation (e.g., gym, jog, bike, walk dog)","Exercise or recreation (e.g., gym, jog, bike, walk dog)",52,""
d_purpose,53,FALSE,"Social activity (e.g., visit friends/relatives)","Social activity (e.g., visit friends/relatives)",53,""
d_purpose,54,FALSE,"Leisure/entertainment/cultural (e.g., cinema, museum, park)","Leisure/entertainment/cultural (e.g., cinema, museum, park)",54,""
d_purpose,55,TRUE,Religious/civic/volunteer activity,Religious/civic/volunteer activity,55,""
d_purpose,56,FALSE,Vacation/traveling,Vacation/traveling,56,""
d_purpose,57,TRUE,"Family activity (e.g., watch child's game)","Family activity (e.g., watch child's game)",57,""
d_purpose,58,FALSE,"Changed or transferred mode (e.g., waited for bus, drove onto ferry)","Changed or transferred mode (e.g., waited for bus, drove onto ferry)",58,""
d_purpose,59,FALSE,"Other shopping or errand (e.g., pharmacy, post office)","Other shopping or errand (e.g., pharmacy, post office)",59,""
d_purpose,60,FALSE,Other leisure activity,Other leisure activity,60,""
d_purpose,80,FALSE,Spent the night at non-home location out of region,Spent the night at non-home location out of region,80,""
d_purpose,81,FALSE,Spent the night at non-home location in region,Spent the night at non-home location in region,81,""
d_purpose,99,FALSE,Other reason,Other reason,99,""
d_purpose,150,FALSE,"Went to another residence (e.g., someone else's home, second home)","Went to another residence (e.g., someone else's home, second home)",150,""
d_purpose,151,FALSE,Loop trip (split by analyst at furthest location),Loop trip (split by analyst at furthest location),151,""
d_purpose,152,FALSE,"Went to temporary lodging (e.g., hotel, vacation rental)","Went to temporary lodging (e.g., hotel, vacation rental)",152,""
d_purpose,997,FALSE,Other purpose,Other purpose,997,""
d_purpose_category,-9998,FALSE,Missing,Missing,995,""
d_purpose_category,-1,FALSE,Not imputable,Not imputable,-1,""
d_purpose_category,1,TRUE,Home,Home,1,""
d_purpose_category,2,TRUE,Work,Work,2,""
d_purpose_category,3,FALSE,Work related,Work related,3,""
d_purpose_category,4,TRUE,School,School,4,""
d_purpose_category,5,FALSE,School related,School related,5,""
d_purpose_category,6,TRUE,Escort,Escort,6,""
d_purpose_category,7,FALSE,Shopping,Shopping,7,""
d_purpose_category,8,TRUE,Meal,Meal,8,""
d_purpose_category,9,TRUE,Social/Recreation,Social/Recreation,9,""
d_purpose_category,10,FALSE,Errand,Errand,10,""
d_purpose_category,11,TRUE,Change mode,Change mode,11,""
d_purpose_category,12,FALSE,Overnight,Overnight,12,""
d_purpose_category,13,FALSE,Other,Other,13,""
d_purpose_category_reported,-9998,FALSE,Missing,Missing,995,""
d_purpose_category_reported,1,FALSE,Home,Home,1,""
d_purpose_category_reported,2,FALSE,Work,Work,2,""
d_purpose_category_reported,3,FALSE,Work-related,Work-related,3,""
d_purpose_category_reported,4,FALSE,School,School,4,""
d_purpose_category_reported,5,FALSE,Escort,Escort,5,""
d_purpose_category_reported,6,FALSE,Shop,Shop,6,""
d_purpose_category_reported,7,FALSE,Meal,Meal,7,""
d_purpose_category_reported,8,FALSE,Social/Recreation,Social/Recreation,8,""
d_purpose_category_reported,9,FALSE,Errand/Other,Errand/Other,9,""
d_purpose_category_reported,10,FALSE,Change mode,Change mode,10,""
d_purpose_category_reported,14,FALSE,School-related,School-related,14,""
d_purpose_category_reported,995,FALSE,Missing,Missing,995,""
d_purpose_reported,-9998,FALSE,Missing,Missing,995,""
d_purpose_reported,1,FALSE,Went home,Went home,1,""
d_purpose_reported,10,FALSE,Primary workplace,Primary workplace,10,""
d_purpose_reported,11,FALSE,"Work-related activity (e.g., meeting, delivery, worksite)","Work-related activity (e.g., meeting, delivery, worksite)",11,""
d_purpose_reported,12,FALSE,"Traveling for work (e.g., going to airport)","Traveling for work (e.g., going to airport)",12,""
d_purpose_reported,13,FALSE,Volunteering,Volunteering,13,""
d_purpose_reported,14,FALSE,Other work-related,Other work-related,14,""
d_purpose_reported,21,FALSE,K-12 school,K-12 school,21,""
d_purpose_reported,22,FALSE,College/university,College/university,22,""
d_purpose_reported,23,FALSE,"Other type of class (e.g., cooking class)","Other type of class (e.g., cooking class)",23,""
d_purpose_reported,24,FALSE,"Other education-related (e.g., field trip)","Other education-related (e.g., field trip)",24,""
d_purpose_reported,25,FALSE,Vocational education,Vocational education,25,""
d_purpose_reported,26,FALSE,Daycare or preschool,Daycare or preschool,26,""
d_purpose_reported,30,FALSE,Grocery shopping,Grocery shopping,30,""
d_purpose_reported,31,FALSE,Get gas,Get gas,31,""
d_purpose_reported,32,FALSE,"Other routine shopping (e.g., pharmacy)","Other routine shopping (e.g., pharmacy)",32,""
d_purpose_reported,33,FALSE,"Errand without appointment (e.g., post office, dry cleaning)","Errand without appointment (e.g., post office, dry cleaning)",33,""
d_purpose_reported,34,FALSE,"Medical visit (e.g., doctor, dentist)","Medical visit (e.g., doctor, dentist)",34,""
d_purpose_reported,36,FALSE,"Shopping for major item (e.g., furniture, car)","Shopping for major item (e.g., furniture, car)",36,""
d_purpose_reported,37,FALSE,"Errand with appointment (e.g., haircut, accountant)","Errand with appointment (e.g., haircut, accountant)",37,""
d_purpose_reported,40,FALSE,Pick-up/drop-off to/from childcare/preschool/adult care,Pick-up/drop-off to/from childcare/preschool/adult care,40,""
d_purpose_reported,41,FALSE,Pick-up/drop-off to/from K-12 school or college,Pick-up/drop-off to/from K-12 school or college,41,""
d_purpose_reported,42,FALSE,Pick-up/drop-off to/from other person's workplace,Pick-up/drop-off to/from other person's workplace,42,""
d_purpose_reported,43,FALSE,"Pick-up/drop-off to/fromother person's scheduled activity (e.g., lesson, appointment)","Pick-up/drop-off to/fromother person's scheduled activity (e.g., lesson, appointment)",43,""
d_purpose_reported,44,FALSE,Other place to pick-up/drop-off,Other place to pick-up/drop-off,44,""
d_purpose_reported,45,FALSE,Pick-up/drop-off to/from other person's home,Pick-up/drop-off to/from other person's home,45,""
d_purpose_reported,50,FALSE,Dine out/get coffee or take-out,Dine out/get coffee or take-out,50,""
d_purpose_reported,51,FALSE,"Exercise (e.g., gym, jog, bike, walk dog)","Exercise (e.g., gym, jog, bike, walk dog)",51,""
d_purpose_reported,52,FALSE,"Social (e.g., visit friends/relatives)","Social (e.g., visit friends/relatives)",52,""
d_purpose_reported,53,FALSE,"Leisure/entertain/cultural (e.g., cinema, museum)","Leisure/entertain/cultural (e.g., cinema, museum)",53,""
d_purpose_reported,54,FALSE,Religious/civic/volunteer activity,Religious/civic/volunteer activity,54,""
d_purpose_reported,55,FALSE,Vacation/traveling,Vacation/traveling,55,""
d_purpose_reported,56,FALSE,"Family activity (e.g., watch child's game)","Family activity (e.g., watch child's game)",56,""
d_purpose_reported,60,FALSE,"Change/transfer mode (e.g., wait for bus, change planes)","Change/transfer mode (e.g., wait for bus, change planes)",60,""
d_purpose_reported,61,FALSE,Other errand,Other errand,61,""
d_purpose_reported,62,FALSE,Other social/leisure/vacation activity,Other social/leisure/vacation activity,62,""
d_purpose_reported,100,FALSE,To/from other person's home,To/from other person's home,100,""
d_purpose_reported,101,FALSE,Split loop purpose,Split loop purpose,101,""
d_purpose_reported,995,FALSE,Missing,Missing,995,""
d_purpose_reported,997,FALSE,Other purpose,Other purpose,997,""
d_state,27,TRUE,Minnesota,Minnesota,27,""
d_state,55,TRUE,Wisconsin,Wisconsin,55,""
d_state,995,TRUE,Missing,Missing,995,""
d_zone,1,FALSE,Anoka County,Anoka County,1,""
d_zone,2,FALSE,Carver County,Carver County,2,""
d_zone,3,FALSE,Dakota County,Dakota County,3,""
d_zone,4,FALSE,Hennepin County,Hennepin County,4,""
d_zone,5,FALSE,Ramsey County,Ramsey County,5,""
d_zone,6,FALSE,Scott County,Scott County,6,""
d_zone,7,FALSE,Washington County,Washington County,7,""
d_zone,8,FALSE,MPO outside seven counties,MPO outside seven counties,8,""
d_zone,9,FALSE,"In study region, but not in MPO","In study region, but not in MPO",9,""
d_zone,10,FALSE,Not in study region,Not in study region,10,""
day_complete,0,FALSE,Not complete,Not complete,0,""
day_complete,1,FALSE,Complete,Complete,1,""
day_complete,995,FALSE,Missing,Missing,995,""
day_is_complete_a,0,FALSE,Not complete,Not complete,0,""
day_is_complete_a,1,FALSE,Complete,Complete,1,""
day_is_complete_b,0,FALSE,Not complete,Not complete,0,""
day_is_complete_b,1,FALSE,Complete,Complete,1,""
day_num,1,TRUE,Day 1,Day 1,1,""
day_num,2,TRUE,Day 2,Day 2,2,""
day_num,3,TRUE,Day 3,Day 3,3,""
day_num,4,TRUE,Day 4,Day 4,4,""
day_num,5,TRUE,Day 5,Day 5,5,""
day_num,6,TRUE,Day 6,Day 6,6,""
day_num,7,TRUE,Day 7,Day 7,7,""
delivery_2,-9998,FALSE,Missing,Missing,995,""
delivery_2,0,FALSE,Not selected,Not selected,0,""
delivery_2,1,FALSE,Selected,Selected,1,""
delivery_2,995,FALSE,Missing,Missing,995,""
delivery_3,-9998,FALSE,Missing,Missing,995,""
delivery_3,0,FALSE,Not selected,Not selected,0,""
delivery_3,1,FALSE,Selected,Selected,1,""
delivery_3,995,FALSE,Missing,Missing,995,""
delivery_4,0,FALSE,Not selected,Not selected,0,""
delivery_4,1,FALSE,Selected,Selected,1,""
delivery_4,995,FALSE,Missing,Missing,995,""
delivery_5,-9998,FALSE,Missing,Missing,995,""
delivery_5,0,FALSE,Not selected,Not selected,0,""
delivery_5,1,FALSE,Selected,Selected,1,""
delivery_5,995,FALSE,Missing,Missing,995,""
delivery_6,-9998,FALSE,Missing,Missing,995,""
delivery_6,0,FALSE,Not selected,Not selected,0,""
delivery_6,1,FALSE,Selected,Selected,1,""
delivery_6,995,FALSE,Missing,Missing,995,""
delivery_7,-9998,FALSE,Missing,Missing,995,""
delivery_7,0,FALSE,Not selected,Not selected,0,""
delivery_7,1,FALSE,Selected,Selected,1,""
delivery_7,995,FALSE,Missing,Missing,995,""
delivery_8,-9998,FALSE,Missing,Missing,995,""
delivery_8,0,FALSE,Not selected,Not selected,0,""
delivery_8,1,FALSE,Selected,Selected,1,""
delivery_8,995,FALSE,Missing,Missing,995,""
delivery_996,-9998,FALSE,Missing,Missing,995,""
delivery_996,0,FALSE,Not selected,Not selected,0,""
delivery_996,1,FALSE,Selected,Selected,1,""
delivery_996,995,FALSE,Missing,Missing,995,""
depart_dow,1,FALSE,Monday,Monday,1,""
depart_dow,2,FALSE,Tuesday,Tuesday,2,""
depart_dow,3,FALSE,Wednesday,Wednesday,3,""
depart_dow,4,FALSE,Thursday,Thursday,4,""
depart_dow,5,FALSE,Friday,Friday,5,""
depart_dow,6,FALSE,Saturday,Saturday,6,""
depart_dow,7,FALSE,Sunday,Sunday,7,""
depart_dow,995,FALSE,Missing,Missing,995,""
depart_hour,0,FALSE,12AM,12AM,0,""
depart_hour,1,FALSE,1AM,1AM,1,""
depart_hour,2,FALSE,2AM,2AM,2,""
depart_hour,3,FALSE,3AM,3AM,3,""
depart_hour,4,FALSE,4AM,4AM,4,""
depart_hour,5,FALSE,5AM,5AM,5,""
depart_hour,6,FALSE,6AM,6AM,6,""
depart_hour,7,FALSE,7AM,7AM,7,""
depart_hour,8,FALSE,8AM,8AM,8,""
depart_hour,9,FALSE,9AM,9AM,9,""
depart_hour,10,FALSE,10AM,10AM,10,""
depart_hour,11,FALSE,11AM,11AM,11,""
depart_hour,12,FALSE,12PM,12PM,12,""
depart_hour,13,FALSE,1PM,1PM,13,""
depart_hour,14,FALSE,2PM,2PM,14,""
depart_hour,15,FALSE,3PM,3PM,15,""
depart_hour,16,FALSE,4PM,4PM,16,""
depart_hour,17,FALSE,5PM,5PM,17,""
depart_hour,18,FALSE,6PM,6PM,18,""
depart_hour,19,FALSE,7PM,7PM,19,""
depart_hour,20,FALSE,8PM,8PM,20,""
depart_hour,21,FALSE,9PM,9PM,21,""
depart_hour,22,FALSE,10PM,10PM,22,""
depart_hour,23,FALSE,11PM,11PM,23,""
disability,-9998,FALSE,Missing,Missing,995,""
disability,0,TRUE,No,No,0,""
disability,1,TRUE,Yes,Yes,1,""
disability,995,FALSE,Missing,Missing,995,""
disability,999,TRUE,Prefer not to answer,Prefer not to answer,999,""
driver,-9998,FALSE,Missing,Missing,995,""
driver,1,TRUE,Driver,Driver,1,""
driver,2,TRUE,Passenger,Passenger,2,""
driver,3,FALSE,Both (switched drivers during trip),Both (switched drivers during trip),3,""
driver,995,FALSE,Missing,Missing,995,""
education,-9998,FALSE,Missing,Missing,995,""
education,1,TRUE,Less than high school,Less than high school,1,""
education,2,TRUE,High school graduate/GED,High school graduate/GED,2,""
education,3,TRUE,Some college,Some college,3,""
education,4,TRUE,Vocational/technical training,Vocational/technical training,4,""
education,5,TRUE,Associate degree,Associate degree,5,""
education,6,TRUE,Bachelor's degree,Bachelor's degree,6,""
education,7,TRUE,Graduate/post-graduate degree,Graduate/post-graduate degree,7,""
education,995,FALSE,Missing,Missing,995,""
education,999,TRUE,Prefer not to answer,Prefer not to answer,999,""
employment,-9998,FALSE,Missing,Missing,995,""
employment,1,FALSE,Employed full-time,Employed full-time,1,""
employment,2,FALSE,Employed part-time,Employed part-time,2,""
employment,3,TRUE,Self-employed,Self-employed,3,""
employment,5,FALSE,"Not employed and not looking for work (e.g., retired, stay-at-home parent, student)",Not employed,5,""
employment,6,FALSE,Unemployed and looking for work,Not employed,5,""
employment,7,FALSE,Volunteer or intern,Volunteer or intern,7,""
employment,8,FALSE,"Employed, but not currently working (e.g., on leave, furloughed 100%)","Employed, but not currently working (e.g., on leave, furloughed 100%)",8,""
employment,995,FALSE,Missing,Missing,995,""
employment_pre_covid,1,FALSE,Employed full-time (paid),Employed full-time (paid),1,""
employment_pre_covid,2,FALSE,Employed part-time (paid),Employed part-time (paid),2,""
employment_pre_covid,3,FALSE,Self-employed,Self-employed,3,""
employment_pre_covid,5,FALSE,"Not employed and not looking for work (e.g., retired, stay-at-home parent, student)","Not employed and not looking for work (e.g., retired, stay-at-home parent, student)",5,""
employment_pre_covid,6,FALSE,Unemployed and looking for work,Unemployed and looking for work,6,""
employment_pre_covid,7,FALSE,Unpaid volunteer or intern,Unpaid volunteer or intern,7,""
employment_pre_covid,995,FALSE,Missing,Missing,995,""
end_day,1,FALSE,Home,Home,1,""
end_day,2,FALSE,"Someone else's home (e.g., friend)","Someone else's home (e.g., friend)",2,""
end_day,3,FALSE,Work,Work,3,""
end_day,4,FALSE,"Their other home (e.g., other parent, second home)","Their other home (e.g., other parent, second home)",4,""
end_day,5,FALSE,"Traveling (e.g., red-eye flight)","Traveling (e.g., red-eye flight)",5,""
end_day,7,FALSE,"Temporary lodging (e.g., hotel, vacation rental)","Temporary lodging (e.g., hotel, vacation rental)",7,""
end_day,995,FALSE,Missing,Missing,995,""
end_day,997,FALSE,Other,Other,997,""
ev_charge,1,FALSE,Yes,Yes,1,""
ev_charge,2,FALSE,No,No,2,""
ev_charge,995,FALSE,Missing,Missing,995,""
ev_charge,998,FALSE,Don't know,Don't know,998,""
ev_charge_duration,1,FALSE,Under 4 hours,Under 4 hours,1,""
ev_charge_duration,2,FALSE,4-6 hours,4-6 hours,2,""
ev_charge_duration,3,FALSE,More than 6 hours,More than 6 hours,3,""
ev_charge_duration,995,FALSE,Missing,Missing,995,""
ev_charge_start_time,1,FALSE,12:00 AM - 12:59 AM,12:00 AM - 12:59 AM,1,""
ev_charge_start_time,2,FALSE,1:00 AM - 1:59 AM,1:00 AM - 1:59 AM,2,""
ev_charge_start_time,3,FALSE,2:00 AM - 2:59 AM,2:00 AM - 2:59 AM,3,""
ev_charge_start_time,4,FALSE,3:00 AM - 3:59 AM,3:00 AM - 3:59 AM,4,""
ev_charge_start_time,5,FALSE,4:00 AM - 4:59 AM,4:00 AM - 4:59 AM,5,""
ev_charge_start_time,6,FALSE,5:00 AM - 5:59 AM,5:00 AM - 5:59 AM,6,""
ev_charge_start_time,7,FALSE,6:00 AM - 6:59 AM,6:00 AM - 6:59 AM,7,""
ev_charge_start_time,8,FALSE,7:00 AM - 7:59 AM,7:00 AM - 7:59 AM,8,""
ev_charge_start_time,9,FALSE,8:00 AM - 8:59 AM,8:00 AM - 8:59 AM,9,""
ev_charge_start_time,10,FALSE,9:00 AM - 9:59 AM,9:00 AM - 9:59 AM,10,""
ev_charge_start_time,11,FALSE,10:00 AM - 10:59 AM,10:00 AM - 10:59 AM,11,""
ev_charge_start_time,12,FALSE,11:00 AM - 11:59 AM,11:00 AM - 11:59 AM,12,""
ev_charge_start_time,13,FALSE,12:00 PM - 12:59 PM,12:00 PM - 12:59 PM,13,""
ev_charge_start_time,14,FALSE,1:00 PM - 1:59 PM,1:00 PM - 1:59 PM,14,""
ev_charge_start_time,15,FALSE,2:00 PM - 2:59 PM,2:00 PM - 2:59 PM,15,""
ev_charge_start_time,16,FALSE,3:00 PM - 3:59 PM,3:00 PM - 3:59 PM,16,""
ev_charge_start_time,17,FALSE,4:00 PM - 4:59 PM,4:00 PM - 4:59 PM,17,""
ev_charge_start_time,18,FALSE,5:00 PM - 5:59 PM,5:00 PM - 5:59 PM,18,""
ev_charge_start_time,19,FALSE,6:00 PM - 6:59 PM,6:00 PM - 6:59 PM,19,""
ev_charge_start_time,20,FALSE,7:00 PM - 7:59 PM,7:00 PM - 7:59 PM,20,""
ev_charge_start_time,21,FALSE,8:00 PM - 8:59 PM,8:00 PM - 8:59 PM,21,""
ev_charge_start_time,22,FALSE,9:00 PM - 9:59 PM,9:00 PM - 9:59 PM,22,""
ev_charge_start_time,23,FALSE,10:00 PM - 10:59 PM,10:00 PM - 10:59 PM,23,""
ev_charge_start_time,24,FALSE,11:00 PM - 11:59 PM,11:00 PM - 11:59 PM,24,""
ev_charge_start_time,995,FALSE,Missing,Missing,995,""
ev_charge_station,1,FALSE,No,No,1,""
ev_charge_station,2,FALSE,"Yes, and I did NOT charge the vehicle here before my next trip","Yes, and I did NOT charge the vehicle here before my next trip",2,""
ev_charge_station,3,FALSE,"Yes, and I charged the vehicle here before my next trip","Yes, and I charged the vehicle here before my next trip",3,""
ev_charge_station,995,FALSE,Missing,Missing,995,""
ev_charge_station,998,FALSE,Don't know,Don't know,998,""
ev_charge_station_decision,1,FALSE,Agree,Agree,1,""
ev_charge_station_decision,2,FALSE,Neutral,Neutral,2,""
ev_charge_station_decision,3,FALSE,Disagree,Disagree,3,""
ev_charge_station_decision,995,FALSE,Missing,Missing,995,""
ev_charge_station_level_1,0,FALSE,Not selected,Not selected,0,""
ev_charge_station_level_1,1,FALSE,Selected,Selected,1,""
ev_charge_station_level_1,995,FALSE,Missing,Missing,995,""
ev_charge_station_level_2,0,FALSE,Not selected,Not selected,0,""
ev_charge_station_level_2,1,FALSE,Selected,Selected,1,""
ev_charge_station_level_2,995,FALSE,Missing,Missing,995,""
ev_charge_station_level_3,0,FALSE,Not selected,Not selected,0,""
ev_charge_station_level_3,1,FALSE,Selected,Selected,1,""
ev_charge_station_level_3,995,FALSE,Missing,Missing,995,""
ev_charge_station_level_998,0,FALSE,Not selected,Not selected,0,""
ev_charge_station_level_998,1,FALSE,Selected,Selected,1,""
ev_charge_station_level_998,995,FALSE,Missing,Missing,995,""
ev_outlet,1,FALSE,Yes,Yes,1,""
ev_outlet,2,FALSE,No,No,2,""
ev_outlet,995,FALSE,Missing,Missing,995,""
ev_purchase,1,FALSE,"Yes, I have considered purchasing a fully electric vehicle and may purchase one in the next few years","Yes, I have considered purchasing a fully electric vehicle and may purchase one in the next few years",1,""
ev_purchase,2,FALSE,"Yes, I have considered purchasing a fully electric vehicle, but am NOT likely to purchase one in the next few years","Yes, I have considered purchasing a fully electric vehicle, but am NOT likely to purchase one in the next few years",2,""
ev_purchase,3,FALSE,"No, I have not considered purchasing a fully electric vehicle","No, I have not considered purchasing a fully electric vehicle",3,""
ev_purchase,4,FALSE,"Yes, I have already purchased a fully electric vehicle but no longer own it, or do not drive it as my primary vehicle","Yes, I have already purchased a fully electric vehicle but no longer own it, or do not drive it as my primary vehicle",4,""
ev_purchase,995,FALSE,Missing,Missing,995,""
ev_typical_charge_1,0,FALSE,Not selected,Not selected,0,""
ev_typical_charge_1,1,FALSE,Selected,Selected,1,""
ev_typical_charge_1,995,FALSE,Missing,Missing,995,""
ev_typical_charge_2,0,FALSE,Not selected,Not selected,0,""
ev_typical_charge_2,1,FALSE,Selected,Selected,1,""
ev_typical_charge_2,995,FALSE,Missing,Missing,995,""
ev_typical_charge_3,0,FALSE,Not selected,Not selected,0,""
ev_typical_charge_3,1,FALSE,Selected,Selected,1,""
ev_typical_charge_3,995,FALSE,Missing,Missing,995,""
ev_typical_charge_4,0,FALSE,Not selected,Not selected,0,""
ev_typical_charge_4,1,FALSE,Selected,Selected,1,""
ev_typical_charge_4,995,FALSE,Missing,Missing,995,""
ev_typical_charge_5,0,FALSE,Not selected,Not selected,0,""
ev_typical_charge_5,1,FALSE,Selected,Selected,1,""
ev_typical_charge_5,995,FALSE,Missing,Missing,995,""
ev_typical_charge_6,0,FALSE,Not selected,Not selected,0,""
ev_typical_charge_6,1,FALSE,Selected,Selected,1,""
ev_typical_charge_6,995,FALSE,Missing,Missing,995,""
ev_typical_charge_997,0,FALSE,Not selected,Not selected,0,""
ev_typical_charge_997,1,FALSE,Selected,Selected,1,""
ev_typical_charge_997,995,FALSE,Missing,Missing,995,""
fuel_type,-9998,FALSE,Missing,Missing,995,""
fuel_type,1,TRUE,Gas,Gas,1,""
fuel_type,2,FALSE,Hybrid (HEV),Hybrid,2,""
fuel_type,3,FALSE,Plug-in hybrid (PHEV),Hybrid,2,""
fuel_type,4,FALSE,Electric (EV),Electric (EV),3,""
fuel_type,5,TRUE,Diesel,Diesel,4,""
fuel_type,6,FALSE,Flex fuel (FFV),Other,5,""
fuel_type,7,FALSE,"Other (e.g., natural gas, bio-diesel)",Other,5,""
fuel_type,995,FALSE,Missing,Missing,995,""
gender,1,FALSE,Female,Female,1,Met Council Review
gender,2,FALSE,Male,Male,2,Met Council Review
gender,3,FALSE,Female/Woman/Trans woman/Girl,Female,1,Met Council Review
gender,4,FALSE,Male/Man/Trans man/Boy,Male,2,Met Council Review
gender,5,FALSE,Transgender,Transgender/Non-binary/Other/prefer to self-describe,3,Met Council Review
gender,6,FALSE,"A gender other than singularly male or female (e.g., non-binary, genderfluid, agender, culturally specific gender)",Transgender/Non-binary/Other/prefer to self-describe,3,Met Council Review
gender,7,FALSE,Non-binary/third gender,Transgender/Non-binary/Other/prefer to self-describe,3,Met Council Review
gender,995,FALSE,Missing,Missing,995,Met Council Review
gender,997,FALSE,Other/prefer to self-describe,Transgender/Non-binary/Other/prefer to self-describe,3,Met Council Review
gender,999,TRUE,Prefer not to answer,Prefer not to answer,999,Met Council Review
has_phone,0,FALSE,No,No,0,""
has_phone,1,FALSE,Yes,Yes,1,""
has_proxy,0,FALSE,No,No,0,""
has_proxy,1,FALSE,Yes,Yes,1,""
hh_day_complete,-9998,FALSE,Missing,Missing,995,""
hh_day_complete,0,FALSE,Not complete,Not complete,0,""
hh_day_complete,1,FALSE,Complete,Complete,1,""
hh_day_complete,995,FALSE,Missing,Missing,995,""
hh_day_complete_a,0,FALSE,Incomplete,Incomplete,0,""
hh_day_complete_a,1,FALSE,Complete,Complete,1,""
hh_day_complete_b,0,FALSE,Incomplete,Incomplete,0,""
hh_day_complete_b,1,FALSE,Complete,Complete,1,""
hh_has_pets,0,FALSE,No,No,0,""
hh_has_pets,1,FALSE,Yes,Yes,1,""
hh_is_complete_a,0,FALSE,Incomplete,Incomplete,0,""
hh_is_complete_a,1,FALSE,Complete,Complete,1,""
hh_is_complete_b,0,FALSE,Incomplete,Incomplete,0,""
hh_is_complete_b,1,FALSE,Complete,Complete,1,""
hh_is_weighted,,FALSE,5 days,No,0,""
hh_is_weighted,,FALSE,5 days,Yes,1,""
hh_member_1,-9998,FALSE,Missing,Missing,995,""
hh_member_1,0,TRUE,No,No,0,""
hh_member_1,1,TRUE,Yes,Yes,1,""
hh_member_1,995,FALSE,Missing,Missing,995,""
hh_member_10,-9998,FALSE,Missing,Missing,995,""
hh_member_10,0,TRUE,No,No,0,""
hh_member_10,1,TRUE,Yes,Yes,1,""
hh_member_10,995,FALSE,Missing,Missing,995,""
hh_member_11,-9998,FALSE,Missing,Missing,995,""
hh_member_11,0,FALSE,No,No,0,""
hh_member_11,1,FALSE,Yes,Yes,1,""
hh_member_11,995,FALSE,Missing,Missing,995,""
hh_member_2,-9998,FALSE,Missing,Missing,995,""
hh_member_2,0,TRUE,No,No,0,""
hh_member_2,1,TRUE,Yes,Yes,1,""
hh_member_2,995,FALSE,Missing,Missing,995,""
hh_member_3,-9998,FALSE,Missing,Missing,995,""
hh_member_3,0,TRUE,No,No,0,""
hh_member_3,1,TRUE,Yes,Yes,1,""
hh_member_3,995,FALSE,Missing,Missing,995,""
hh_member_4,-9998,FALSE,Missing,Missing,995,""
hh_member_4,0,TRUE,No,No,0,""
hh_member_4,1,TRUE,Yes,Yes,1,""
hh_member_4,995,FALSE,Missing,Missing,995,""
hh_member_5,-9998,FALSE,Missing,Missing,995,""
hh_member_5,0,TRUE,No,No,0,""
hh_member_5,1,TRUE,Yes,Yes,1,""
hh_member_5,995,FALSE,Missing,Missing,995,""
hh_member_6,-9998,FALSE,Missing,Missing,995,""
hh_member_6,0,TRUE,No,No,0,""
hh_member_6,1,TRUE,Yes,Yes,1,""
hh_member_6,995,FALSE,Missing,Missing,995,""
hh_member_7,-9998,FALSE,Missing,Missing,995,""
hh_member_7,0,TRUE,No,No,0,""
hh_member_7,1,TRUE,Yes,Yes,1,""
hh_member_7,995,FALSE,Missing,Missing,995,""
hh_member_8,-9998,FALSE,Missing,Missing,995,""
hh_member_8,0,TRUE,No,No,0,""
hh_member_8,1,TRUE,Yes,Yes,1,""
hh_member_8,995,FALSE,Missing,Missing,995,""
hh_member_9,-9998,FALSE,Missing,Missing,995,""
hh_member_9,0,TRUE,No,No,0,""
hh_member_9,1,TRUE,Yes,Yes,1,""
hh_member_9,995,FALSE,Missing,Missing,995,""
home_county,995,TRUE,Missing,Missing,995,""
home_county,27001,TRUE,"Aitkin County, MN","Aitkin County, MN",27001,""
home_county,27003,TRUE,"Anoka County, MN","Anoka County, MN",27003,""
home_county,27005,TRUE,"Becker County, MN","Becker County, MN",27005,""
home_county,27007,TRUE,"Beltrami County, MN","Beltrami County, MN",27007,""
home_county,27009,TRUE,"Benton County, MN","Benton County, MN",27009,""
home_county,27011,TRUE,"Big Stone County, MN","Big Stone County, MN",27011,""
home_county,27013,TRUE,"Blue Earth County, MN","Blue Earth County, MN",27013,""
home_county,27015,TRUE,"Brown County, MN","Brown County, MN",27015,""
home_county,27017,TRUE,"Carlton County, MN","Carlton County, MN",27017,""
home_county,27019,TRUE,"Carver County, MN","Carver County, MN",27019,""
home_county,27021,TRUE,"Cass County, MN","Cass County, MN",27021,""
home_county,27023,TRUE,"Chippewa County, MN","Chippewa County, MN",27023,""
home_county,27025,TRUE,"Chisago County, MN","Chisago County, MN",27025,""
home_county,27027,TRUE,"Clay County, MN","Clay County, MN",27027,""
home_county,27029,TRUE,"Clearwater County, MN","Clearwater County, MN",27029,""
home_county,27031,TRUE,"Cook County, MN","Cook County, MN",27031,""
home_county,27033,TRUE,"Cottonwood County, MN","Cottonwood County, MN",27033,""
home_county,27035,TRUE,"Crow Wing County, MN","Crow Wing County, MN",27035,""
home_county,27037,TRUE,"Dakota County, MN","Dakota County, MN",27037,""
home_county,27039,TRUE,"Dodge County, MN","Dodge County, MN",27039,""
home_county,27041,TRUE,"Douglas County, MN","Douglas County, MN",27041,""
home_county,27043,TRUE,"Faribault County, MN","Faribault County, MN",27043,""
home_county,27045,TRUE,"Fillmore County, MN","Fillmore County, MN",27045,""
home_county,27047,TRUE,"Freeborn County, MN","Freeborn County, MN",27047,""
home_county,27049,TRUE,"Goodhue County, MN","Goodhue County, MN",27049,""
home_county,27051,TRUE,"Grant County, MN","Grant County, MN",27051,""
home_county,27053,TRUE,"Hennepin County, MN","Hennepin County, MN",27053,""
home_county,27055,TRUE,"Houston County, MN","Houston County, MN",27055,""
home_county,27057,TRUE,"Hubbard County, MN","Hubbard County, MN",27057,""
home_county,27059,TRUE,"Isanti County, MN","Isanti County, MN",27059,""
home_county,27061,TRUE,"Itasca County, MN","Itasca County, MN",27061,""
home_county,27063,TRUE,"Jackson County, MN","Jackson County, MN",27063,""
home_county,27065,TRUE,"Kanabec County, MN","Kanabec County, MN",27065,""
home_county,27067,TRUE,"Kandiyohi County, MN","Kandiyohi County, MN",27067,""
home_county,27069,TRUE,"Kittson County, MN","Kittson County, MN",27069,""
home_county,27071,TRUE,"Koochiching County, MN","Koochiching County, MN",27071,""
home_county,27073,TRUE,"Lac qui Parle County, MN","Lac qui Parle County, MN",27073,""
home_county,27075,TRUE,"Lake County, MN","Lake County, MN",27075,""
home_county,27077,TRUE,"Lake of the Woods County, MN","Lake of the Woods County, MN",27077,""
home_county,27079,TRUE,"Le Sueur County, MN","Le Sueur County, MN",27079,""
home_county,27081,TRUE,"Lincoln County, MN","Lincoln County, MN",27081,""
home_county,27083,TRUE,"Lyon County, MN","Lyon County, MN",27083,""
home_county,27085,TRUE,"McLeod County, MN","McLeod County, MN",27085,""
home_county,27087,TRUE,"Mahnomen County, MN","Mahnomen County, MN",27087,""
home_county,27089,TRUE,"Marshall County, MN","Marshall County, MN",27089,""
home_county,27091,TRUE,"Martin County, MN","Martin County, MN",27091,""
home_county,27093,TRUE,"Meeker County, MN","Meeker County, MN",27093,""
home_county,27095,TRUE,"Mille Lacs County, MN","Mille Lacs County, MN",27095,""
home_county,27097,TRUE,"Morrison County, MN","Morrison County, MN",27097,""
home_county,27099,TRUE,"Mower County, MN","Mower County, MN",27099,""
home_county,27101,TRUE,"Murray County, MN","Murray County, MN",27101,""
home_county,27103,TRUE,"Nicollet County, MN","Nicollet County, MN",27103,""
home_county,27105,TRUE,"Nobles County, MN","Nobles County, MN",27105,""
home_county,27107,TRUE,"Norman County, MN","Norman County, MN",27107,""
home_county,27109,TRUE,"Olmsted County, MN","Olmsted County, MN",27109,""
home_county,27111,TRUE,"Otter Tail County, MN","Otter Tail County, MN",27111,""
home_county,27113,TRUE,"Pennington County, MN","Pennington County, MN",27113,""
home_county,27115,TRUE,"Pine County, MN","Pine County, MN",27115,""
home_county,27117,TRUE,"Pipestone County, MN","Pipestone County, MN",27117,""
home_county,27119,TRUE,"Polk County, MN","Polk County, MN",27119,""
home_county,27121,TRUE,"Pope County, MN","Pope County, MN",27121,""
home_county,27123,TRUE,"Ramsey County, MN","Ramsey County, MN",27123,""
home_county,27125,TRUE,"Red Lake County, MN","Red Lake County, MN",27125,""
home_county,27127,TRUE,"Redwood County, MN","Redwood County, MN",27127,""
home_county,27129,TRUE,"Renville County, MN","Renville County, MN",27129,""
home_county,27131,TRUE,"Rice County, MN","Rice County, MN",27131,""
home_county,27133,TRUE,"Rock County, MN","Rock County, MN",27133,""
home_county,27135,TRUE,"Roseau County, MN","Roseau County, MN",27135,""
home_county,27137,TRUE,"St Louis County, MN","St Louis County, MN",27137,""
home_county,27139,TRUE,"Scott County, MN","Scott County, MN",27139,""
home_county,27141,TRUE,"Sherburne County, MN","Sherburne County, MN",27141,""
home_county,27143,TRUE,"Sibley County, MN","Sibley County, MN",27143,""
home_county,27145,TRUE,"Stearns County, MN","Stearns County, MN",27145,""
home_county,27147,TRUE,"Steele County, MN","Steele County, MN",27147,""
home_county,27149,TRUE,"Stevens County, MN","Stevens County, MN",27149,""
home_county,27151,TRUE,"Swift County, MN","Swift County, MN",27151,""
home_county,27153,TRUE,"Todd County, MN","Todd County, MN",27153,""
home_county,27155,TRUE,"Traverse County, MN","Traverse County, MN",27155,""
home_county,27157,TRUE,"Wabasha County, MN","Wabasha County, MN",27157,""
home_county,27159,TRUE,"Wadena County, MN","Wadena County, MN",27159,""
home_county,27161,TRUE,"Waseca County, MN","Waseca County, MN",27161,""
home_county,27163,TRUE,"Washington County, MN","Washington County, MN",27163,""
home_county,27165,TRUE,"Watonwan County, MN","Watonwan County, MN",27165,""
home_county,27167,TRUE,"Wilkin County, MN","Wilkin County, MN",27167,""
home_county,27169,TRUE,"Winona County, MN","Winona County, MN",27169,""
home_county,27171,TRUE,"Wright County, MN","Wright County, MN",27171,""
home_county,27173,TRUE,"Yellow Medicine County, MN","Yellow Medicine County, MN",27173,""
home_county,55001,TRUE,"Adams County, WI","Adams County, WI",55001,""
home_county,55003,TRUE,"Ashland County, WI","Ashland County, WI",55003,""
home_county,55005,TRUE,"Barron County, WI","Barron County, WI",55005,""
home_county,55007,TRUE,"Bayfield County, WI","Bayfield County, WI",55007,""
home_county,55009,TRUE,"Brown County, WI","Brown County, WI",55009,""
home_county,55011,TRUE,"Buffalo County, WI","Buffalo County, WI",55011,""
home_county,55013,TRUE,"Burnett County, WI","Burnett County, WI",55013,""
home_county,55015,TRUE,"Calumet County, WI","Calumet County, WI",55015,""
home_county,55017,TRUE,"Chippewa County, WI","Chippewa County, WI",55017,""
home_county,55019,TRUE,"Clark County, WI","Clark County, WI",55019,""
home_county,55021,TRUE,"Columbia County, WI","Columbia County, WI",55021,""
home_county,55023,TRUE,"Crawford County, WI","Crawford County, WI",55023,""
home_county,55025,TRUE,"Dane County, WI","Dane County, WI",55025,""
home_county,55027,TRUE,"Dodge County, WI","Dodge County, WI",55027,""
home_county,55029,TRUE,"Door County, WI","Door County, WI",55029,""
home_county,55031,TRUE,"Douglas County, WI","Douglas County, WI",55031,""
home_county,55033,TRUE,"Dunn County, WI","Dunn County, WI",55033,""
home_county,55035,TRUE,"Eau Claire County, WI","Eau Claire County, WI",55035,""
home_county,55037,TRUE,"Florence County, WI","Florence County, WI",55037,""
home_county,55039,TRUE,"Fond du Lac County, WI","Fond du Lac County, WI",55039,""
home_county,55041,TRUE,"Forest County, WI","Forest County, WI",55041,""
home_county,55043,TRUE,"Grant County, WI","Grant County, WI",55043,""
home_county,55045,TRUE,"Green County, WI","Green County, WI",55045,""
home_county,55047,TRUE,"Green Lake County, WI","Green Lake County, WI",55047,""
home_county,55049,TRUE,"Iowa County, WI","Iowa County, WI",55049,""
home_county,55051,TRUE,"Iron County, WI","Iron County, WI",55051,""
home_county,55053,TRUE,"Jackson County, WI","Jackson County, WI",55053,""
home_county,55055,TRUE,"Jefferson County, WI","Jefferson County, WI",55055,""
home_county,55057,TRUE,"Juneau County, WI","Juneau County, WI",55057,""
home_county,55059,TRUE,"Kenosha County, WI","Kenosha County, WI",55059,""
home_county,55061,TRUE,"Kewaunee County, WI","Kewaunee County, WI",55061,""
home_county,55063,TRUE,"La Crosse County, WI","La Crosse County, WI",55063,""
home_county,55065,TRUE,"Lafayette County, WI","Lafayette County, WI",55065,""
home_county,55067,TRUE,"Langlade County, WI","Langlade County, WI",55067,""
home_county,55069,TRUE,"Lincoln County, WI","Lincoln County, WI",55069,""
home_county,55071,TRUE,"Manitowoc County, WI","Manitowoc County, WI",55071,""
home_county,55073,TRUE,"Marathon County, WI","Marathon County, WI",55073,""
home_county,55075,TRUE,"Marinette County, WI","Marinette County, WI",55075,""
home_county,55077,TRUE,"Marquette County, WI","Marquette County, WI",55077,""
home_county,55078,TRUE,"Menominee County, WI","Menominee County, WI",55078,""
home_county,55079,TRUE,"Milwaukee County, WI","Milwaukee County, WI",55079,""
home_county,55081,TRUE,"Monroe County, WI","Monroe County, WI",55081,""
home_county,55083,TRUE,"Oconto County, WI","Oconto County, WI",55083,""
home_county,55085,TRUE,"Oneida County, WI","Oneida County, WI",55085,""
home_county,55087,TRUE,"Outagamie County, WI","Outagamie County, WI",55087,""
home_county,55089,TRUE,"Ozaukee County, WI","Ozaukee County, WI",55089,""
home_county,55091,TRUE,"Pepin County, WI","Pepin County, WI",55091,""
home_county,55093,TRUE,"Pierce County, WI","Pierce County, WI",55093,""
home_county,55095,TRUE,"Polk County, WI","Polk County, WI",55095,""
home_county,55097,TRUE,"Portage County, WI","Portage County, WI",55097,""
home_county,55099,TRUE,"Price County, WI","Price County, WI",55099,""
home_county,55101,TRUE,"Racine County, WI","Racine County, WI",55101,""
home_county,55103,TRUE,"Richland County, WI","Richland County, WI",55103,""
home_county,55105,TRUE,"Rock County, WI","Rock County, WI",55105,""
home_county,55107,TRUE,"Rusk County, WI","Rusk County, WI",55107,""
home_county,55109,TRUE,"St Croix County, WI","St Croix County, WI",55109,""
home_county,55111,TRUE,"Sauk County, WI","Sauk County, WI",55111,""
home_county,55113,TRUE,"Sawyer County, WI","Sawyer County, WI",55113,""
home_county,55115,TRUE,"Shawano County, WI","Shawano County, WI",55115,""
home_county,55117,TRUE,"Sheboygan County, WI","Sheboygan County, WI",55117,""
home_county,55119,TRUE,"Taylor County, WI","Taylor County, WI",55119,""
home_county,55121,TRUE,"Trempealeau County, WI","Trempealeau County, WI",55121,""
home_county,55123,TRUE,"Vernon County, WI","Vernon County, WI",55123,""
home_county,55125,TRUE,"Vilas County, WI","Vilas County, WI",55125,""
home_county,55127,TRUE,"Walworth County, WI","Walworth County, WI",55127,""
home_county,55129,TRUE,"Washburn County, WI","Washburn County, WI",55129,""
home_county,55131,TRUE,"Washington County, WI","Washington County, WI",55131,""
home_county,55133,TRUE,"Waukesha County, WI","Waukesha County, WI",55133,""
home_county,55135,TRUE,"Waupaca County, WI","Waupaca County, WI",55135,""
home_county,55137,TRUE,"Waushara County, WI","Waushara County, WI",55137,""
home_county,55139,TRUE,"Winnebago County, WI","Winnebago County, WI",55139,""
home_county,55141,TRUE,"Wood County, WI","Wood County, WI",55141,""
home_in_region,0,FALSE,Not in study region,Not in study region,0,""
home_in_region,1,FALSE,In study region,In study region,1,""
home_park,1,FALSE,Home driveway/garage,Home driveway/garage,1,""
home_park,2,FALSE,Parking lot/ramp/garage,Parking lot/ramp/garage,2,""
home_park,3,FALSE,On-street parking,On-street parking,3,""
home_park,995,FALSE,Missing,Missing,995,""
home_park,997,FALSE,Other,Other,997,""
home_park_pass,-9998,FALSE,Missing,Missing,995,""
home_park_pass,1,FALSE,"Yes, vehicle has a permit/pass for parking at/near home","Yes, vehicle has a permit/pass for parking at/near home",1,""
home_park_pass,2,FALSE,No permit/pass needed - typically park at home,No permit/pass needed - typically park at home,2,""
home_park_pass,3,FALSE,No permit/pass needed - typically park on street,No permit/pass needed - typically park on street,3,""
home_park_pass,4,FALSE,No permit/pass needed - typically park elsewhere,No permit/pass needed - typically park elsewhere,4,""
home_park_pay,1,FALSE,Yes,Yes,1,""
home_park_pay,2,FALSE,No,No,2,""
home_park_pay,995,FALSE,Missing,Missing,995,""
home_state,27,TRUE,Minnesota,Minnesota,27,""
home_state,55,TRUE,Wisconsin,Wisconsin,55,""
home_state,995,FALSE,Missing,Missing,995,""
home_zone,1,FALSE,Anoka County,Anoka County,1,""
home_zone,2,FALSE,Carver County,Carver County,2,""
home_zone,3,FALSE,Dakota County,Dakota County,3,""
home_zone,4,FALSE,Hennepin County,Hennepin County,4,""
home_zone,5,FALSE,Ramsey County,Ramsey County,5,""
home_zone,6,FALSE,Scott County,Scott County,6,""
home_zone,7,FALSE,Washington County,Washington County,7,""
home_zone,8,FALSE,MPO outside seven counties,MPO outside seven counties,8,""
home_zone,9,FALSE,"In study region, but not in MPO","In study region, but not in MPO",9,""
home_zone,10,FALSE,Not in study region,Not in study region,10,""
hours_work,-9998,FALSE,Missing,Missing,995,""
hours_work,1,TRUE,50 or more,50 or more,1,""
hours_work,2,FALSE,40 to 49,40-49,2,""
hours_work,3,FALSE,35 to 39,35-39,3,""
hours_work,4,FALSE,30 to 34,30-34,4,""
hours_work,5,FALSE,20 to 29,20-29,5,""
hours_work,6,FALSE,10 to 19,10-19,6,""
hours_work,7,TRUE,Fewer than 10,Fewer than 10,7,""
hours_work,8,TRUE,Hours vary greatly week to week,Hours vary greatly week to week,8,""
hours_work,995,FALSE,Missing,Missing,995,""
housing_cost,-9998,FALSE,Missing,Missing,995,""
housing_cost,1,FALSE,$0 - $499,$0–$499,1,""
housing_cost,2,FALSE,$500 - $749,$500–$749,2,""
housing_cost,3,FALSE,$750 - $999,$750–$999,3,""
housing_cost,4,FALSE,"$1,000 - $1,249","$1,000–$1,249",4,""
housing_cost,5,FALSE,"$1,250 - $1,499","$1,250–$1,499",5,""
housing_cost,6,FALSE,"$1,500 - $1,749","$1,500–$1,749",6,""
housing_cost,7,FALSE,"$1,750 - $1,999","$1,750–$1,999",7,""
housing_cost,8,FALSE,"$2,000 - $2,499","$2,000–$2,499",8,""
housing_cost,9,FALSE,"$2,500 - $2,999","$2,500–$2,999",9,""
housing_cost,10,FALSE,"$3,000 - $3,999","$3,000–$3,999",10,""
housing_cost,11,TRUE,"$4,000 or more","$4,000 or more",11,""
housing_cost,995,FALSE,Missing,Missing,995,""
housing_cost,999,TRUE,Prefer not to answer,Prefer not to answer,999,""
income_broad,1,TRUE,"Under $25,000","Under $25,000",1,""
income_broad,2,TRUE,"$25,000-$49,999","$25,000-$49,999",2,""
income_broad,3,TRUE,"$50,000-$74,999","$50,000-$74,999",3,""
income_broad,4,TRUE,"$75,000-$99,999","$75,000-$99,999",4,""
income_broad,5,FALSE,"$100,000-$199,999","$100,000 or more",5,""
income_broad,6,FALSE,"$200,000 or more","$100,000 or more",5,""
income_broad,995,FALSE,Missing,Missing,995,""
income_broad,999,TRUE,Prefer not to answer,Prefer not to answer,999,""
income_detailed,1,FALSE,"Less than $15,000","Less than $15,000",1,""
income_detailed,2,TRUE,"$15,000-$24,999","$15,000-$24,999",2,""
income_detailed,3,TRUE,"$25,000-$34,999","$25,000-$34,999",3,""
income_detailed,4,TRUE,"$35,000-$49,999","$35,000-$49,999",4,""
income_detailed,5,TRUE,"$50,000-$74,999","$50,000-$74,999",5,""
income_detailed,6,FALSE,"$75,000-$84,999","$75,000-$99,999",6,""
income_detailed,7,FALSE,"$85,000-$99,999","$75,000-$99,999",6,""
income_detailed,8,FALSE,"$75,000-$99,999","$75,000-$99,999",6,""
income_detailed,9,TRUE,"$100,000-$149,999","$100,000-$149,999",7,""
income_detailed,10,TRUE,"$150,000-$199,999","$150,000-$199,999",8,""
income_detailed,11,TRUE,"$200,000-$249,999","$200,000-$249,999",9,""
income_detailed,12,TRUE,"$250,000 or more","$250,000 or more",10,""
income_detailed,995,FALSE,Missing,Missing,995,""
income_detailed,999,TRUE,Prefer not to answer,Prefer not to answer,999,""
invalid_purpose_flag,0,FALSE,Trip purpose consistent with student/employment status,Trip purpose consistent with student/employment status,0,""
invalid_purpose_flag,1,FALSE,Trip purpose not consistent with student/employment status,Trip purpose not consistent with student/employment status,1,""
ios_device,0,FALSE,No,No,0,""
ios_device,1,FALSE,Yes,Yes,1,""
ios_device,995,FALSE,Missing,Missing,995,""
is_access,0,TRUE,Trip is not access portion of linked trip,Trip is not access portion of linked trip,0,""
is_access,1,TRUE,Trip is  access portion of linked trip,Trip is  access portion of linked trip,1,""
is_access,995,FALSE,Missing,Missing,995,""
is_egress,0,TRUE,Trip is not egress portion of linked trip,Trip is not egress portion of linked trip,0,""
is_egress,1,FALSE,Trip is  egress portion of linked trip,Trip is  egress portion of linked trip,1,""
is_egress,995,FALSE,Missing,Missing,995,""
is_participant,0,FALSE,No,No,0,""
is_participant,1,FALSE,Yes,Yes,1,""
is_proxy,0,FALSE,No,No,0,""
is_proxy,1,FALSE,Yes,Yes,1,""
job_type,-998,FALSE,Missing,Missing,995,""
job_type,1,FALSE,Go to one work location ONLY (outside of home),Go to one work location ONLY (outside of home),1,""
job_type,2,TRUE,Work location regularly varies (different offices/jobsites),Work location regularly varies (different offices/jobsites),2,""
job_type,3,FALSE,"Work ONLY from home or remotely (telework, self-employed)","Work ONLY from home or remotely (telework, self-employed)",3,""
job_type,4,FALSE,"Drive/bike/travel for work (driver, sales, deliveries)","Drive/bike/travel for work (driver, sales, deliveries)",4,""
job_type,5,FALSE,Telework some days and travel to a work location some days,Telework some days and travel to a work location some days,5,""
job_type,995,FALSE,Missing,Missing,995,""
job_type_post_covid,1,FALSE,Go to one work location ONLY (outside of home),Go to one work location ONLY (outside of home),1,""
job_type_post_covid,2,FALSE,Work location regularly varies (different offices/jobsites),Work location regularly varies (different offices/jobsites),2,""
job_type_post_covid,3,FALSE,"Work ONLY from home or remotely (telework, self-employed)","Work ONLY from home or remotely (telework, self-employed)",3,""
job_type_post_covid,4,FALSE,"Drive/bike/travel for work (driver, sales, deliveries)","Drive/bike/travel for work (driver, sales, deliveries)",4,""
job_type_post_covid,5,FALSE,Telework some days and travel to a work location some days,Telework some days and travel to a work location some days,5,""
job_type_post_covid,995,FALSE,Missing,Missing,995,""
job_type_pre_covid,1,FALSE,Went to one work location ONLY (outside of home),Went to one work location ONLY (outside of home),1,""
job_type_pre_covid,2,FALSE,Work location regularly varied (different offices/jobsites),Work location regularly varied (different offices/jobsites),2,""
job_type_pre_covid,3,FALSE,"Worked ONLY from home or remotely (telework, self-employed)","Worked ONLY from home or remotely (telework, self-employed)",3,""
job_type_pre_covid,4,FALSE,"Drove/biked/traveled for work (driver, sales, deliveries)","Drove/biked/traveled for work (driver, sales, deliveries)",4,""
job_type_pre_covid,5,FALSE,Teleworked some days and traveled to a work location some days,Teleworked some days and traveled to a work location some days,5,""
job_type_pre_covid,995,FALSE,Missing,Missing,995,""
language_at_home,1,FALSE,English,English,1,""
language_at_home,2,FALSE,Hmong,Hmong,2,""
language_at_home,3,FALSE,Karen,Karen,3,""
language_at_home,4,FALSE,Oromo,Oromo,4,""
language_at_home,5,FALSE,Somali,Somali,5,""
language_at_home,6,FALSE,Spanish,Spanish,6,""
language_at_home,995,FALSE,Missing,Missing,995,""
language_at_home,997,FALSE,Other,Other,997,""
language_at_home,999,FALSE,Prefer not to answer,Prefer not to answer,999,""
made_travel,1,FALSE,"Yes, made trips this day","Yes, made trips this day",1,""
made_travel,2,FALSE,"No, did not go anywhere or make trips this day","No, did not go anywhere or make trips this day",2,""
made_travel,995,FALSE,Missing,Missing,995,""
made_travel,998,FALSE,Don't know,Don't know,998,""
made_travel,999,FALSE,Prefer not to answer,Prefer not to answer,999,""
micromobility_devices_1,0,FALSE,Not selected,Not selected,0,""
micromobility_devices_1,1,FALSE,Selected,Selected,1,""
micromobility_devices_1,995,FALSE,Missing,Missing,995,""
micromobility_devices_2,0,FALSE,Not selected,Not selected,0,""
micromobility_devices_2,1,FALSE,Selected,Selected,1,""
micromobility_devices_2,995,FALSE,Missing,Missing,995,""
micromobility_devices_3,0,FALSE,Not selected,Not selected,0,""
micromobility_devices_3,1,FALSE,Selected,Selected,1,""
micromobility_devices_3,995,FALSE,Missing,Missing,995,""
micromobility_devices_4,0,FALSE,Not selected,Not selected,0,""
micromobility_devices_4,1,FALSE,Selected,Selected,1,""
micromobility_devices_4,995,FALSE,Missing,Missing,995,""
micromobility_devices_5,0,FALSE,Not selected,Not selected,0,""
micromobility_devices_5,1,FALSE,Selected,Selected,1,""
micromobility_devices_5,995,FALSE,Missing,Missing,995,""
micromobility_devices_6,0,FALSE,Not selected,Not selected,0,""
micromobility_devices_6,1,FALSE,Selected,Selected,1,""
micromobility_devices_6,995,FALSE,Missing,Missing,995,""
missing_distance,0,FALSE,No,No,0,""
missing_distance,1,FALSE,Yes,Yes,1,""
missing_school_location,0,FALSE,No,No,0,""
missing_school_location,1,FALSE,Yes,Yes,1,""
missing_school_location,995,FALSE,Missing,Missing,995,""
missing_speed,0,FALSE,No,No,0,""
missing_speed,1,FALSE,Yes,Yes,1,""
missing_work_location,-9998,FALSE,Missing,Missing,995,""
missing_work_location,0,FALSE,No,No,0,""
missing_work_location,1,FALSE,Yes,Yes,1,""
missing_work_location,995,FALSE,Missing,Missing,995,""
mode_1,-9998,FALSE,Missing,Missing,-9998,""
mode_1,1,FALSE,Walk (or jog/wheelchair),Walk (or jog/wheelchair),1,""
mode_1,2,FALSE,Standard bicycle (my household's),Standard bicycle (my household's),2,""
mode_1,3,FALSE,"Borrowed bicycle (e.g., a friend's)","Borrowed bicycle (e.g., a friend's)",3,""
mode_1,4,TRUE,Other rented bicycle,Other rented bicycle,4,""
mode_1,5,TRUE,Other,Other,5,""
mode_1,6,FALSE,Household vehicle 1,Household vehicle 1,6,""
mode_1,7,FALSE,Household vehicle 2,Household vehicle 2,7,""
mode_1,8,FALSE,Household vehicle 3,Household vehicle 3,8,""
mode_1,9,FALSE,Household vehicle 4,Household vehicle 4,9,""
mode_1,10,FALSE,Household vehicle 5,Household vehicle 5,10,""
mode_1,11,FALSE,Household vehicle 6,Household vehicle 6,11,""
mode_1,12,FALSE,Household vehicle 7,Household vehicle 7,12,""
mode_1,13,FALSE,Household vehicle 8,Household vehicle 8,13,""
mode_1,16,TRUE,Other vehicle in household,Other vehicle in household,16,""
mode_1,17,FALSE,Car rental,Car rental,17,""
mode_1,18,FALSE,"Carshare service (e.g., Zipcar)","Carshare service (e.g., Zipcar)",18,""
mode_1,21,TRUE,Vanpool,Vanpool,21,""
mode_1,22,FALSE,Other car,Other car,22,""
mode_1,23,FALSE,Local fixed-route bus,Local fixed-route bus,23,""
mode_1,24,TRUE,School bus,School bus,24,""
mode_1,25,FALSE,"Intercity bus (e.g., BoltBus, Greyhound)","Intercity bus (e.g., BoltBus, Greyhound)",25,""
mode_1,26,FALSE,"Other private shuttle/bus (e.g., Bellair Charters, Airporter Shuttle)","Other private shuttle/bus (e.g., Bellair Charters, Airporter Shuttle)",26,""
mode_1,27,FALSE,Paratransit/Dial-A-Ride,Paratransit/Dial-A-Ride,27,""
mode_1,28,TRUE,Other bus,Other bus,28,""
mode_1,31,TRUE,Airplane/helicopter,Airplane/helicopter,31,""
mode_1,32,FALSE,Boat/ferry,Boat/ferry,32,""
mode_1,33,FALSE,Work vehicle,Work vehicle,33,""
mode_1,34,FALSE,Friend's vehicle,Friend's vehicle,34,""
mode_1,36,TRUE,"Regular taxi (e.g., Yellow Cab)","Regular taxi (e.g., Yellow Cab)",36,""
mode_1,37,FALSE,"Lyft Line, Uberpool, or other shared-ride","Lyft Line, Uberpool, or other shared-ride",37,""
mode_1,38,FALSE,University/college shuttle/bus,University/college shuttle/bus,38,""
mode_1,39,FALSE,Light rail,Light rail,39,""
mode_1,41,TRUE,"Intercity rail (e.g., Amtrak)","Intercity rail (e.g., Amtrak)",41,""
mode_1,42,TRUE,Other rail,Other rail,42,""
mode_1,43,FALSE,Skateboard or rollerblade,Skateboard or rollerblade,43,""
mode_1,44,TRUE,Golf cart,Golf cart,44,""
mode_1,45,FALSE,ATV,ATV,45,""
mode_1,47,FALSE,Other motorcycle in household,Other motorcycle in household,47,""
mode_1,49,FALSE,"Uber, Lyft, or other smartphone-app ride service","Uber, Lyft, or other smartphone-app ride service",49,""
mode_1,54,FALSE,Other motorcycle (not my household's),Other motorcycle (not my household's),54,""
mode_1,55,FALSE,Express/commuter bus,Express/commuter bus,55,""
mode_1,59,FALSE,"Peer-to-peer car rental (e.g., Turo)","Peer-to-peer car rental (e.g., Turo)",59,""
mode_1,60,TRUE,"Other hired car service (e.g., black car, limo)","Other hired car service (e.g., black car, limo)",60,""
mode_1,61,FALSE,"Bus rapid transit (e.g., A Line, C Line, Red Line)","Bus rapid transit (e.g., A Line, C Line, Red Line)",61,""
mode_1,62,FALSE,Employer-provided shuttle/bus,Employer-provided shuttle/bus,62,""
mode_1,63,FALSE,Medical transportation service,Medical transportation service,63,""
mode_1,69,FALSE,Bike-share - standard bicycle,Bike-share - standard bicycle,69,""
mode_1,70,FALSE,Bike-share - electric bicycle,Bike-share - electric bicycle,70,""
mode_1,71,FALSE,Scooter share: electric push scooter,Scooter share: electric push scooter,71,""
mode_1,72,FALSE,Scooter share: non-electric push scooter,Scooter share: non-electric push scooter,72,""
mode_1,73,FALSE,"Moped-share (e.g., Scoot)","Moped-share (e.g., Scoot)",73,""
mode_1,74,TRUE,Segway,Segway,74,""
mode_1,75,FALSE,Other scooter or moped,Other scooter or moped,75,""
mode_1,76,TRUE,"Carpool match (e.g., Waze Carpool)","Carpool match (e.g., Waze Carpool)",76,""
mode_1,77,FALSE,Personal scooter or moped (not shared),Personal scooter or moped (not shared),77,""
mode_1,79,FALSE,Vehicle ferry (took vehicle on board),Vehicle ferry (took vehicle on board),79,""
mode_1,80,FALSE,"Other boat (e.g., kayak)","Other boat (e.g., kayak)",80,""
mode_1,81,FALSE,Snowmobile,Snowmobile,81,""
mode_1,82,FALSE,Electric bicycle (my household's),Electric bicycle (my household's),82,""
mode_1,83,FALSE,"Scooter-share (e.g., Bird, Lime)","Scooter-share (e.g., Bird, Lime)",83,""
mode_1,84,FALSE,"Electric vehicle carshare (e.g., Evie)","Electric vehicle carshare (e.g., Evie)",84,""
mode_1,171,TRUE,Metro Mobility,Metro Mobility,171,""
mode_1,172,TRUE,Northstar,Northstar,172,""
mode_1,201,FALSE,SouthWest Prime or MVTA Connect,SouthWest Prime or MVTA Connect,201,""
mode_1,995,FALSE,Missing,Missing,995,""
mode_2,-9998,FALSE,Missing,Missing,-9998,""
mode_2,1,FALSE,Walk (or jog/wheelchair),Walk (or jog/wheelchair),1,""
mode_2,2,FALSE,Standard bicycle (my household's),Standard bicycle (my household's),2,""
mode_2,3,FALSE,"Borrowed bicycle (e.g., a friend's)","Borrowed bicycle (e.g., a friend's)",3,""
mode_2,4,TRUE,Other rented bicycle,Other rented bicycle,4,""
mode_2,5,TRUE,Other,Other,5,""
mode_2,6,FALSE,Household vehicle 1,Household vehicle 1,6,""
mode_2,7,FALSE,Household vehicle 2,Household vehicle 2,7,""
mode_2,8,FALSE,Household vehicle 3,Household vehicle 3,8,""
mode_2,9,FALSE,Household vehicle 4,Household vehicle 4,9,""
mode_2,10,FALSE,Household vehicle 5,Household vehicle 5,10,""
mode_2,11,FALSE,Household vehicle 6,Household vehicle 6,11,""
mode_2,12,FALSE,Household vehicle 7,Household vehicle 7,12,""
mode_2,13,FALSE,Household vehicle 8,Household vehicle 8,13,""
mode_2,16,TRUE,Other vehicle in household,Other vehicle in household,16,""
mode_2,17,FALSE,Car rental,Car rental,17,""
mode_2,18,FALSE,"Carshare service (e.g., Zipcar)","Carshare service (e.g., Zipcar)",18,""
mode_2,21,TRUE,Vanpool,Vanpool,21,""
mode_2,22,FALSE,Other car,Other car,22,""
mode_2,23,FALSE,Local fixed-route bus,Local fixed-route bus,23,""
mode_2,24,TRUE,School bus,School bus,24,""
mode_2,25,FALSE,"Intercity bus (e.g., BoltBus, Greyhound)","Intercity bus (e.g., BoltBus, Greyhound)",25,""
mode_2,26,FALSE,"Other private shuttle/bus (e.g., Bellair Charters, Airporter Shuttle)","Other private shuttle/bus (e.g., Bellair Charters, Airporter Shuttle)",26,""
mode_2,27,FALSE,Paratransit/Dial-A-Ride,Paratransit/Dial-A-Ride,27,""
mode_2,28,TRUE,Other bus,Other bus,28,""
mode_2,31,TRUE,Airplane/helicopter,Airplane/helicopter,31,""
mode_2,32,FALSE,Boat/ferry,Boat/ferry,32,""
mode_2,33,FALSE,Work vehicle,Work vehicle,33,""
mode_2,34,FALSE,Friend's vehicle,Friend's vehicle,34,""
mode_2,36,TRUE,"Regular taxi (e.g., Yellow Cab)","Regular taxi (e.g., Yellow Cab)",36,""
mode_2,37,FALSE,"Lyft Line, Uberpool, or other shared-ride","Lyft Line, Uberpool, or other shared-ride",37,""
mode_2,38,FALSE,University/college shuttle/bus,University/college shuttle/bus,38,""
mode_2,39,FALSE,Light rail,Light rail,39,""
mode_2,41,TRUE,"Intercity rail (e.g., Amtrak)","Intercity rail (e.g., Amtrak)",41,""
mode_2,42,TRUE,Other rail,Other rail,42,""
mode_2,43,FALSE,Skateboard or rollerblade,Skateboard or rollerblade,43,""
mode_2,44,TRUE,Golf cart,Golf cart,44,""
mode_2,45,FALSE,ATV,ATV,45,""
mode_2,47,FALSE,Other motorcycle in household,Other motorcycle in household,47,""
mode_2,49,FALSE,"Uber, Lyft, or other smartphone-app ride service","Uber, Lyft, or other smartphone-app ride service",49,""
mode_2,54,FALSE,Other motorcycle (not my household's),Other motorcycle (not my household's),54,""
mode_2,55,FALSE,Express/commuter bus,Express/commuter bus,55,""
mode_2,59,FALSE,"Peer-to-peer car rental (e.g., Turo)","Peer-to-peer car rental (e.g., Turo)",59,""
mode_2,60,TRUE,"Other hired car service (e.g., black car, limo)","Other hired car service (e.g., black car, limo)",60,""
mode_2,61,FALSE,"Bus rapid transit (e.g., A Line, C Line, Red Line)","Bus rapid transit (e.g., A Line, C Line, Red Line)",61,""
mode_2,62,FALSE,Employer-provided shuttle/bus,Employer-provided shuttle/bus,62,""
mode_2,63,FALSE,Medical transportation service,Medical transportation service,63,""
mode_2,69,FALSE,Bike-share - standard bicycle,Bike-share - standard bicycle,69,""
mode_2,70,FALSE,Bike-share - electric bicycle,Bike-share - electric bicycle,70,""
mode_2,71,FALSE,Scooter share: electric push scooter,Scooter share: electric push scooter,71,""
mode_2,72,FALSE,Scooter share: non-electric push scooter,Scooter share: non-electric push scooter,72,""
mode_2,73,FALSE,"Moped-share (e.g., Scoot)","Moped-share (e.g., Scoot)",73,""
mode_2,74,TRUE,Segway,Segway,74,""
mode_2,75,FALSE,Other scooter or moped,Other scooter or moped,75,""
mode_2,76,TRUE,"Carpool match (e.g., Waze Carpool)","Carpool match (e.g., Waze Carpool)",76,""
mode_2,77,FALSE,Personal scooter or moped (not shared),Personal scooter or moped (not shared),77,""
mode_2,79,FALSE,Vehicle ferry (took vehicle on board),Vehicle ferry (took vehicle on board),79,""
mode_2,80,FALSE,"Other boat (e.g., kayak)","Other boat (e.g., kayak)",80,""
mode_2,81,FALSE,Snowmobile,Snowmobile,81,""
mode_2,82,FALSE,Electric bicycle (my household's),Electric bicycle (my household's),82,""
mode_2,83,FALSE,"Scooter-share (e.g., Bird, Lime)","Scooter-share (e.g., Bird, Lime)",83,""
mode_2,84,FALSE,"Electric vehicle carshare (e.g., Evie)","Electric vehicle carshare (e.g., Evie)",84,""
mode_2,171,TRUE,Metro Mobility,Metro Mobility,171,""
mode_2,172,TRUE,Northstar,Northstar,172,""
mode_2,201,FALSE,SouthWest Prime or MVTA Connect,SouthWest Prime or MVTA Connect,201,""
mode_2,995,FALSE,Missing,Missing,995,""
mode_3,-9998,FALSE,Missing,Missing,-9998,""
mode_3,1,FALSE,Walk (or jog/wheelchair),Walk (or jog/wheelchair),1,""
mode_3,2,FALSE,Standard bicycle (my household's),Standard bicycle (my household's),2,""
mode_3,3,FALSE,"Borrowed bicycle (e.g., a friend's)","Borrowed bicycle (e.g., a friend's)",3,""
mode_3,4,TRUE,Other rented bicycle,Other rented bicycle,4,""
mode_3,5,TRUE,Other,Other,5,""
mode_3,6,FALSE,Household vehicle 1,Household vehicle 1,6,""
mode_3,7,FALSE,Household vehicle 2,Household vehicle 2,7,""
mode_3,8,FALSE,Household vehicle 3,Household vehicle 3,8,""
mode_3,9,FALSE,Household vehicle 4,Household vehicle 4,9,""
mode_3,10,FALSE,Household vehicle 5,Household vehicle 5,10,""
mode_3,11,FALSE,Household vehicle 6,Household vehicle 6,11,""
mode_3,12,FALSE,Household vehicle 7,Household vehicle 7,12,""
mode_3,13,FALSE,Household vehicle 8,Household vehicle 8,13,""
mode_3,16,TRUE,Other vehicle in household,Other vehicle in household,16,""
mode_3,17,FALSE,Car rental,Car rental,17,""
mode_3,18,FALSE,"Carshare service (e.g., Zipcar)","Carshare service (e.g., Zipcar)",18,""
mode_3,21,TRUE,Vanpool,Vanpool,21,""
mode_3,22,FALSE,Other car,Other car,22,""
mode_3,23,FALSE,Local fixed-route bus,Local fixed-route bus,23,""
mode_3,24,TRUE,School bus,School bus,24,""
mode_3,25,FALSE,"Intercity bus (e.g., BoltBus, Greyhound)","Intercity bus (e.g., BoltBus, Greyhound)",25,""
mode_3,26,FALSE,"Other private shuttle/bus (e.g., Bellair Charters, Airporter Shuttle)","Other private shuttle/bus (e.g., Bellair Charters, Airporter Shuttle)",26,""
mode_3,27,FALSE,Paratransit/Dial-A-Ride,Paratransit/Dial-A-Ride,27,""
mode_3,28,TRUE,Other bus,Other bus,28,""
mode_3,31,TRUE,Airplane/helicopter,Airplane/helicopter,31,""
mode_3,32,FALSE,Boat/ferry,Boat/ferry,32,""
mode_3,33,FALSE,Work vehicle,Work vehicle,33,""
mode_3,34,FALSE,Friend's vehicle,Friend's vehicle,34,""
mode_3,36,TRUE,"Regular taxi (e.g., Yellow Cab)","Regular taxi (e.g., Yellow Cab)",36,""
mode_3,37,FALSE,"Lyft Line, Uberpool, or other shared-ride","Lyft Line, Uberpool, or other shared-ride",37,""
mode_3,38,FALSE,University/college shuttle/bus,University/college shuttle/bus,38,""
mode_3,39,FALSE,Light rail,Light rail,39,""
mode_3,41,TRUE,"Intercity rail (e.g., Amtrak)","Intercity rail (e.g., Amtrak)",41,""
mode_3,42,TRUE,Other rail,Other rail,42,""
mode_3,43,FALSE,Skateboard or rollerblade,Skateboard or rollerblade,43,""
mode_3,44,TRUE,Golf cart,Golf cart,44,""
mode_3,45,FALSE,ATV,ATV,45,""
mode_3,47,FALSE,Other motorcycle in household,Other motorcycle in household,47,""
mode_3,49,FALSE,"Uber, Lyft, or other smartphone-app ride service","Uber, Lyft, or other smartphone-app ride service",49,""
mode_3,54,FALSE,Other motorcycle (not my household's),Other motorcycle (not my household's),54,""
mode_3,55,FALSE,Express/commuter bus,Express/commuter bus,55,""
mode_3,59,FALSE,"Peer-to-peer car rental (e.g., Turo)","Peer-to-peer car rental (e.g., Turo)",59,""
mode_3,60,TRUE,"Other hired car service (e.g., black car, limo)","Other hired car service (e.g., black car, limo)",60,""
mode_3,61,FALSE,"Bus rapid transit (e.g., A Line, C Line, Red Line)","Bus rapid transit (e.g., A Line, C Line, Red Line)",61,""
mode_3,62,FALSE,Employer-provided shuttle/bus,Employer-provided shuttle/bus,62,""
mode_3,63,FALSE,Medical transportation service,Medical transportation service,63,""
mode_3,69,FALSE,Bike-share - standard bicycle,Bike-share - standard bicycle,69,""
mode_3,70,FALSE,Bike-share - electric bicycle,Bike-share - electric bicycle,70,""
mode_3,71,FALSE,Scooter share: electric push scooter,Scooter share: electric push scooter,71,""
mode_3,72,FALSE,Scooter share: non-electric push scooter,Scooter share: non-electric push scooter,72,""
mode_3,73,FALSE,"Moped-share (e.g., Scoot)","Moped-share (e.g., Scoot)",73,""
mode_3,74,TRUE,Segway,Segway,74,""
mode_3,75,FALSE,Other scooter or moped,Other scooter or moped,75,""
mode_3,76,TRUE,"Carpool match (e.g., Waze Carpool)","Carpool match (e.g., Waze Carpool)",76,""
mode_3,77,FALSE,Personal scooter or moped (not shared),Personal scooter or moped (not shared),77,""
mode_3,79,FALSE,Vehicle ferry (took vehicle on board),Vehicle ferry (took vehicle on board),79,""
mode_3,80,FALSE,"Other boat (e.g., kayak)","Other boat (e.g., kayak)",80,""
mode_3,81,FALSE,Snowmobile,Snowmobile,81,""
mode_3,82,FALSE,Electric bicycle (my household's),Electric bicycle (my household's),82,""
mode_3,83,FALSE,"Scooter-share (e.g., Bird, Lime)","Scooter-share (e.g., Bird, Lime)",83,""
mode_3,84,FALSE,"Electric vehicle carshare (e.g., Evie)","Electric vehicle carshare (e.g., Evie)",84,""
mode_3,171,TRUE,Metro Mobility,Metro Mobility,171,""
mode_3,172,TRUE,Northstar,Northstar,172,""
mode_3,201,FALSE,SouthWest Prime or MVTA Connect,SouthWest Prime or MVTA Connect,201,""
mode_3,995,FALSE,Missing,Missing,995,""
mode_4,1,FALSE,Walk (or jog/wheelchair),Walk (or jog/wheelchair),1,""
mode_4,2,FALSE,Standard bicycle (my household's),Standard bicycle (my household's),2,""
mode_4,3,FALSE,"Borrowed bicycle (e.g., a friend's)","Borrowed bicycle (e.g., a friend's)",3,""
mode_4,4,FALSE,Other rented bicycle,Other rented bicycle,4,""
mode_4,5,FALSE,Other,Other,5,""
mode_4,6,FALSE,Household vehicle 1,Household vehicle 1,6,""
mode_4,7,FALSE,Household vehicle 2,Household vehicle 2,7,""
mode_4,8,FALSE,Household vehicle 3,Household vehicle 3,8,""
mode_4,9,FALSE,Household vehicle 4,Household vehicle 4,9,""
mode_4,10,FALSE,Household vehicle 5,Household vehicle 5,10,""
mode_4,11,FALSE,Household vehicle 6,Household vehicle 6,11,""
mode_4,12,FALSE,Household vehicle 7,Household vehicle 7,12,""
mode_4,13,FALSE,Household vehicle 8,Household vehicle 8,13,""
mode_4,16,FALSE,Other vehicle in household,Other vehicle in household,16,""
mode_4,17,FALSE,Car rental,Car rental,17,""
mode_4,18,FALSE,"Carshare service (e.g., Zipcar)","Carshare service (e.g., Zipcar)",18,""
mode_4,21,FALSE,Vanpool,Vanpool,21,""
mode_4,22,FALSE,Other car,Other car,22,""
mode_4,23,FALSE,Local fixed-route bus,Local fixed-route bus,23,""
mode_4,24,FALSE,School bus,School bus,24,""
mode_4,25,FALSE,"Intercity bus (e.g., BoltBus, Greyhound)","Intercity bus (e.g., BoltBus, Greyhound)",25,""
mode_4,26,FALSE,"Other private shuttle/bus (e.g., Bellair Charters, Airporter Shuttle)","Other private shuttle/bus (e.g., Bellair Charters, Airporter Shuttle)",26,""
mode_4,27,FALSE,Paratransit/Dial-A-Ride,Paratransit/Dial-A-Ride,27,""
mode_4,28,FALSE,Other bus,Other bus,28,""
mode_4,31,FALSE,Airplane/helicopter,Airplane/helicopter,31,""
mode_4,32,FALSE,Boat/ferry,Boat/ferry,32,""
mode_4,33,FALSE,Work vehicle,Work vehicle,33,""
mode_4,34,FALSE,Friend's vehicle,Friend's vehicle,34,""
mode_4,36,FALSE,"Regular taxi (e.g., Yellow Cab)","Regular taxi (e.g., Yellow Cab)",36,""
mode_4,38,FALSE,University/college shuttle/bus,University/college shuttle/bus,38,""
mode_4,39,FALSE,Light rail,Light rail,39,""
mode_4,41,FALSE,"Intercity rail (e.g., Amtrak)","Intercity rail (e.g., Amtrak)",41,""
mode_4,42,FALSE,Other rail,Other rail,42,""
mode_4,43,FALSE,Skateboard or rollerblade,Skateboard or rollerblade,43,""
mode_4,44,FALSE,Golf cart,Golf cart,44,""
mode_4,45,FALSE,ATV,ATV,45,""
mode_4,47,FALSE,Other motorcycle in household,Other motorcycle in household,47,""
mode_4,49,FALSE,"Uber, Lyft, or other smartphone-app ride service","Uber, Lyft, or other smartphone-app ride service",49,""
mode_4,54,FALSE,Other motorcycle (not my household's),Other motorcycle (not my household's),54,""
mode_4,55,FALSE,Express/commuter bus,Express/commuter bus,55,""
mode_4,59,FALSE,"Peer-to-peer car rental (e.g., Turo)","Peer-to-peer car rental (e.g., Turo)",59,""
mode_4,60,FALSE,"Other hired car service (e.g., black car, limo)","Other hired car service (e.g., black car, limo)",60,""
mode_4,61,FALSE,"Bus rapid transit (e.g., A Line, C Line, Red Line)","Bus rapid transit (e.g., A Line, C Line, Red Line)",61,""
mode_4,62,FALSE,Employer-provided shuttle/bus,Employer-provided shuttle/bus,62,""
mode_4,63,FALSE,Medical transportation service,Medical transportation service,63,""
mode_4,69,FALSE,Bike-share - standard bicycle,Bike-share - standard bicycle,69,""
mode_4,70,FALSE,Bike-share - electric bicycle,Bike-share - electric bicycle,70,""
mode_4,73,FALSE,"Moped-share (e.g., Scoot)","Moped-share (e.g., Scoot)",73,""
mode_4,74,FALSE,Segway,Segway,74,""
mode_4,75,FALSE,Other scooter or moped,Other scooter or moped,75,""
mode_4,76,FALSE,"Carpool match (e.g., Waze Carpool)","Carpool match (e.g., Waze Carpool)",76,""
mode_4,77,FALSE,Personal scooter or moped (not shared),Personal scooter or moped (not shared),77,""
mode_4,79,FALSE,Vehicle ferry (took vehicle on board),Vehicle ferry (took vehicle on board),79,""
mode_4,80,FALSE,"Other boat (e.g., kayak)","Other boat (e.g., kayak)",80,""
mode_4,81,FALSE,Snowmobile,Snowmobile,81,""
mode_4,82,FALSE,Electric bicycle (my household's),Electric bicycle (my household's),82,""
mode_4,83,FALSE,"Scooter-share (e.g., Bird, Lime)","Scooter-share (e.g., Bird, Lime)",83,""
mode_4,84,FALSE,"Electric vehicle carshare (e.g., Evie)","Electric vehicle carshare (e.g., Evie)",84,""
mode_4,171,FALSE,Metro Mobility,Metro Mobility,171,""
mode_4,172,FALSE,Northstar,Northstar,172,""
mode_4,201,FALSE,SouthWest Prime or MVTA Connect,SouthWest Prime or MVTA Connect,201,""
mode_4,995,FALSE,Missing,Missing,995,""
mode_type,1,TRUE,Rail,Rail,1,""
mode_type,2,TRUE,School Bus,School Bus,2,""
mode_type,3,TRUE,Public Bus,Public Bus,3,""
mode_type,4,TRUE,Other Bus,Other Bus,4,""
mode_type,5,TRUE,Long distance passenger mode,Long distance passenger mode,5,""
mode_type,6,TRUE,Smartphone ridehailing service,Smartphone ridehailing service,6,""
mode_type,7,TRUE,For-Hire Vehicle,For-Hire Vehicle,7,""
mode_type,8,TRUE,Household Vehicle,Household Vehicle,8,""
mode_type,9,TRUE,Other Vehicle,Other Vehicle,9,""
mode_type,10,TRUE,Micromobility,Micromobility,10,""
mode_type,11,TRUE,Other,Other,11,""
mode_type,12,TRUE,Walk,Walk,12,""
mode_type,995,FALSE,Missing,Missing,995,""
mode_type_unlinked,1,TRUE,Rail,Rail,1,""
mode_type_unlinked,2,TRUE,School Bus,School Bus,2,""
mode_type_unlinked,3,TRUE,Public Bus,Public Bus,3,""
mode_type_unlinked,4,TRUE,Other Bus,Other Bus,4,""
mode_type_unlinked,5,TRUE,Long distance passenger mode,Long distance passenger mode,5,""
mode_type_unlinked,6,TRUE,Smartphone ridehailing service,Smartphone ridehailing service,6,""
mode_type_unlinked,7,TRUE,For-Hire Vehicle,For-Hire Vehicle,7,""
mode_type_unlinked,8,TRUE,Household Vehicle,Household Vehicle,8,""
mode_type_unlinked,9,TRUE,Other Vehicle,Other Vehicle,9,""
mode_type_unlinked,10,TRUE,Micromobility,Micromobility,10,""
mode_type_unlinked,11,TRUE,Other,Other,11,""
mode_type_unlinked,12,TRUE,Walk,Walk,12,""
mode_type_unlinked,995,FALSE,Missing,Missing,995,""
mode_type_detailed,-9998,FALSE,Missing,Missing,995,""
mode_type_detailed,1,TRUE,Northstar,Northstar,1,""
mode_type_detailed,2,FALSE,Light rail,Light rail,2,""
mode_type_detailed,3,TRUE,Other rail,Other rail,3,""
mode_type_detailed,4,TRUE,School bus,School bus,4,""
mode_type_detailed,5,FALSE,"Bus rapid transit (e.g., A Line, C Line, Red Line)","Bus rapid transit (e.g., A Line, C Line, Red Line)",5,""
mode_type_detailed,6,FALSE,Express/commuter bus,Express/commuter bus,6,""
mode_type_detailed,7,FALSE,Local fixed-route bus,Local fixed-route bus,7,""
mode_type_detailed,8,FALSE,Paratransit/Dial-A-Ride,Paratransit/Dial-A-Ride,8,""
mode_type_detailed,9,TRUE,Metro Mobility,Metro Mobility,9,""
mode_type_detailed,10,FALSE,SouthWest Prime or MVTA Connect,SouthWest Prime or MVTA Connect,10,""
mode_type_detailed,11,FALSE,Employer-provided shuttle/bus,Employer-provided shuttle/bus,11,""
mode_type_detailed,12,FALSE,University/college shuttle/bus,University/college shuttle/bus,12,""
mode_type_detailed,13,FALSE,"Other private shuttle/bus (e.g., Bellair Charters, Airporter Shuttle)","Other private shuttle/bus (e.g., Bellair Charters, Airporter Shuttle)",13,""
mode_type_detailed,14,TRUE,Vanpool,Vanpool,14,""
mode_type_detailed,15,TRUE,Other bus,Other bus,15,""
mode_type_detailed,16,TRUE,"Intercity rail (e.g., Amtrak)","Intercity rail (e.g., Amtrak)",16,""
mode_type_detailed,17,FALSE,"Intercity bus (e.g., BoltBus, Greyhound)","Intercity bus (e.g., BoltBus, Greyhound)",17,""
mode_type_detailed,18,TRUE,Airplane/helicopter,Airplane/helicopter,18,""
mode_type_detailed,19,FALSE,"Lyft Line, Uberpool, or other shared-ride","Lyft Line, Uberpool, or other shared-ride",19,""
mode_type_detailed,20,TRUE,"Uber, Lyft, or other smartphone-app ride service","Uber, Lyft, or other smartphone-app ride service",20,""
mode_type_detailed,21,FALSE,"Regular taxi (e.g., Yellow Cab)","Regular taxi (e.g., Yellow Cab)",21,""
mode_type_detailed,22,TRUE,"Other hired car service (e.g., black car, limo)","Other hired car service (e.g., black car, limo)",22,""
mode_type_detailed,23,TRUE,Household vehicle 1,Household vehicle 1,23,""
mode_type_detailed,24,TRUE,Household vehicle 2,Household vehicle 2,24,""
mode_type_detailed,25,TRUE,Household vehicle 3,Household vehicle 3,25,""
mode_type_detailed,26,TRUE,Household vehicle 4,Household vehicle 4,26,""
mode_type_detailed,27,TRUE,Household vehicle 5,Household vehicle 5,27,""
mode_type_detailed,28,TRUE,Household vehicle 6,Household vehicle 6,28,""
mode_type_detailed,29,TRUE,Household vehicle 7,Household vehicle 7,29,""
mode_type_detailed,30,TRUE,Household vehicle 8,Household vehicle 8,30,""
mode_type_detailed,31,TRUE,Other vehicle in household,Other vehicle in household,31,""
mode_type_detailed,32,FALSE,Other motorcycle,Other motorcycle,32,""
mode_type_detailed,33,FALSE,Other motorcycle in household,Other motorcycle,32,""
mode_type_detailed,34,FALSE,Other motorcycle (not my household's),Other motorcycle,32,""
mode_type_detailed,35,FALSE,Work vehicle,Work vehicle,35,""
mode_type_detailed,36,FALSE,Friend's vehicle,Friend's vehicle,36,""
mode_type_detailed,37,FALSE,Car rental,Car rental,37,""
mode_type_detailed,38,TRUE,"Carpool match (e.g., Waze Carpool)","Carpool match (e.g., Waze Carpool)",38,""
mode_type_detailed,39,FALSE,"Carshare service (e.g., Zipcar)","Carshare service (e.g., Zipcar)",39,""
mode_type_detailed,40,FALSE,"Peer-to-peer car rental (e.g., Turo)","Peer-to-peer car rental (e.g., Turo)",40,""
mode_type_detailed,41,FALSE,Other car,Other car,41,""
mode_type_detailed,42,FALSE,Electric bicycle (my household's),Electric bicycle (my household's),42,""
mode_type_detailed,43,FALSE,Standard bicycle (my household's),Standard bicycle (my household's),43,""
mode_type_detailed,44,FALSE,"Borrowed bicycle (e.g., a friend's)","Borrowed bicycle (e.g., a friend's)",44,""
mode_type_detailed,45,FALSE,Bike-share - standard bicycle,Bike-share - standard bicycle,45,""
mode_type_detailed,46,FALSE,Bike-share - electric bicycle,Bike-share - electric bicycle,46,""
mode_type_detailed,47,TRUE,Other rented bicycle,Other rented bicycle,47,""
mode_type_detailed,48,TRUE,Personal scooter or moped (not shared),Personal scooter or moped (not shared),48,""
mode_type_detailed,49,FALSE,"Scooter-share (e.g., Bird, Lime)","Scooter-share (e.g., Bird, Lime)",49,""
mode_type_detailed,50,FALSE,Scooter share: electric push scooter,"Scooter-share (e.g., Bird, Lime)",49,""
mode_type_detailed,51,FALSE,Scooter share: non-electric push scooter,"Scooter-share (e.g., Bird, Lime)",49,""
mode_type_detailed,52,FALSE,"Moped-share (e.g., Scoot)","Moped-share (e.g., Scoot)",52,""
mode_type_detailed,53,TRUE,Segway,Segway,53,""
mode_type_detailed,54,TRUE,Other scooter or moped,Other scooter or moped,54,""
mode_type_detailed,55,FALSE,Skateboard or rollerblade,Skateboard or rollerblade,55,""
mode_type_detailed,56,FALSE,"Other boat (e.g., kayak)","Other boat (e.g., kayak)",56,""
mode_type_detailed,57,FALSE,Vehicle ferry (took vehicle on board),Vehicle ferry (took vehicle on board),57,""
mode_type_detailed,58,FALSE,Boat/ferry,Boat/ferry,58,""
mode_type_detailed,59,TRUE,Golf cart,Golf cart,59,""
mode_type_detailed,60,FALSE,Snowmobile,ATV or snowmobile,60,""
mode_type_detailed,61,FALSE,ATV,ATV or snowmobile,60,""
mode_type_detailed,62,FALSE,ATV or snowmobile,ATV or snowmobile,60,""
mode_type_detailed,63,FALSE,Medical transportation service,Medical transportation service,63,""
mode_type_detailed,64,TRUE,Other,Other,64,""
mode_type_detailed,65,FALSE,Walk (or jog/wheelchair),Walk (or jog/wheelchair),65,""
mode_type_detailed,66,FALSE,"Electric vehicle carshare (e.g., Evie)","Electric vehicle carshare (e.g., Evie)",66,""
mode_type_detailed,995,FALSE,Missing,Missing,995,""
mode_type_predicted,-9999,FALSE,Missing,Missing,995,""
mode_type_predicted,1,FALSE,Walk,Walk,1,""
mode_type_predicted,2,FALSE,Bike,Bike,2,""
mode_type_predicted,3,FALSE,Vehicle,Vehicle,3,""
mode_type_predicted,4,FALSE,Transit,Transit,4,""
mode_type_predicted,5,FALSE,Other,Other,5,""
mode_type_predicted,995,FALSE,Missing,Missing,995,""
moped_share_freq,1,FALSE,6-7 days a week,6-7 days a week,1,""
moped_share_freq,2,FALSE,5 days a week,5 days a week,2,""
moped_share_freq,3,FALSE,4 days a week,4 days a week,3,""
moped_share_freq,4,FALSE,2-3 days a week,2-3 days a week,4,""
moped_share_freq,5,FALSE,1 day a week,1 day a week,5,""
moped_share_freq,6,FALSE,1-3 days a month,1-3 days a month,6,""
moped_share_freq,7,FALSE,Less than monthly,Less than monthly,7,""
moped_share_freq,995,FALSE,Missing,Missing,995,""
no_travel_1,0,FALSE,Not selected,Not selected,0,""
no_travel_1,1,FALSE,Selected,Selected,1,""
no_travel_1,995,FALSE,Missing,Missing,995,""
no_travel_11,-9998,FALSE,Missing,Missing,995,""
no_travel_11,0,FALSE,Not selected,Not selected,0,""
no_travel_11,1,FALSE,Selected,Selected,1,""
no_travel_11,995,FALSE,Missing,Missing,995,""
no_travel_12,0,FALSE,Not selected,Not selected,0,""
no_travel_12,1,FALSE,Selected,Selected,1,""
no_travel_12,995,FALSE,Missing,Missing,995,""
no_travel_2,-9998,FALSE,Missing,Missing,995,""
no_travel_2,0,FALSE,Not selected,Not selected,0,""
no_travel_2,1,FALSE,Selected,Selected,1,""
no_travel_2,995,FALSE,Missing,Missing,995,""
no_travel_3,-9998,FALSE,Missing,Missing,995,""
no_travel_3,0,FALSE,Not selected,Not selected,0,""
no_travel_3,1,FALSE,Selected,Selected,1,""
no_travel_3,995,FALSE,Missing,Missing,995,""
no_travel_4,-9998,FALSE,Missing,Missing,995,""
no_travel_4,0,FALSE,Not selected,Not selected,0,""
no_travel_4,1,FALSE,Selected,Selected,1,""
no_travel_4,995,FALSE,Missing,Missing,995,""
no_travel_5,-9998,FALSE,Missing,Missing,995,""
no_travel_5,0,FALSE,Not selected,Not selected,0,""
no_travel_5,1,FALSE,Selected,Selected,1,""
no_travel_5,995,FALSE,Missing,Missing,995,""
no_travel_6,-9998,FALSE,Missing,Missing,995,""
no_travel_6,0,FALSE,Not selected,Not selected,0,""
no_travel_6,1,FALSE,Selected,Selected,1,""
no_travel_6,995,FALSE,Missing,Missing,995,""
no_travel_7,-9998,FALSE,Missing,Missing,995,""
no_travel_7,0,FALSE,Not selected,Not selected,0,""
no_travel_7,1,FALSE,Selected,Selected,1,""
no_travel_7,995,FALSE,Missing,Missing,995,""
no_travel_8,-9998,FALSE,Missing,Missing,995,""
no_travel_8,0,FALSE,Not selected,Not selected,0,""
no_travel_8,1,FALSE,Selected,Selected,1,""
no_travel_8,995,FALSE,Missing,Missing,995,""
no_travel_9,-9998,FALSE,Missing,Missing,995,""
no_travel_9,0,FALSE,Not selected,Not selected,0,""
no_travel_9,1,FALSE,Selected,Selected,1,""
no_travel_9,995,FALSE,Missing,Missing,995,""
no_travel_99,-9998,FALSE,Missing,Missing,995,""
no_travel_99,0,FALSE,Not selected,Not selected,0,""
no_travel_99,1,FALSE,Selected,Selected,1,""
no_travel_99,995,FALSE,Missing,Missing,995,""
no_trips_from_rmove,-9998,FALSE,Missing,Missing,995,""
no_trips_from_rmove,0,FALSE,No,No,0,""
no_trips_from_rmove,1,FALSE,Yes,Yes,1,""
no_trips_from_rmove,995,FALSE,Missing,Missing,995,""
num_adults,1,TRUE,1 adult,1 adult,1,""
num_adults,2,TRUE,2 adults,2 adults,2,""
num_adults,3,TRUE,3 adults,3 adults,3,""
num_adults,4,TRUE,4 adults,4 adults,4,""
num_adults,5,TRUE,5 adults,5 adults,5,""
num_adults,6,TRUE,6 adults,6 adults,6,""
num_adults,7,TRUE,7 adults,7 adults,7,""
num_adults,8,TRUE,8 adults,8 adults,8,""
num_adults,9,TRUE,9 adults,9 adults,9,""
num_adults,10,FALSE,10 adults,10 adults,10,""
num_adults,11,FALSE,11 adults,11 adults,11,""
num_adults,12,FALSE,12 adults,12 adults,12,""
num_adults,13,FALSE,13 or more adults,13 or more adults,13,""
num_adults,995,FALSE,Missing,Missing,995,""
num_bicycles,0,FALSE,0 (No bicycles),0 (No bicycles),0,""
num_bicycles,1,FALSE,1 bicycle,1 bicycle,1,""
num_bicycles,2,FALSE,2 bicycles,2 bicycles,2,""
num_bicycles,3,FALSE,3 bicycles,3 bicycles,3,""
num_bicycles,4,FALSE,4 bicycles,4 bicycles,4,""
num_bicycles,5,FALSE,5 bicycles,5 bicycles,5,""
num_bicycles,6,FALSE,6 bicycles,6 bicycles,6,""
num_bicycles,7,FALSE,7 bicycles,7 bicycles,7,""
num_bicycles,8,FALSE,8 or more,8 or more,8,""
num_bicycles,995,FALSE,Missing,Missing,995,""
num_complete_fri,0,FALSE,Not complete,Not complete,0,""
num_complete_fri,1,FALSE,Complete,Complete,1,""
num_complete_fri,995,FALSE,Missing,Missing,995,""
num_complete_mon,0,FALSE,Not complete,Not complete,0,""
num_complete_mon,1,FALSE,Complete,Complete,1,""
num_complete_mon,995,FALSE,Missing,Missing,995,""
num_complete_sat,0,FALSE,Not complete,Not complete,0,""
num_complete_sat,1,FALSE,Complete,Complete,1,""
num_complete_sat,995,FALSE,Missing,Missing,995,""
num_complete_sun,0,FALSE,Not complete,Not complete,0,""
num_complete_sun,1,FALSE,Complete,Complete,1,""
num_complete_sun,995,FALSE,Missing,Missing,995,""
num_complete_thu,0,FALSE,Not complete,Not complete,0,""
num_complete_thu,1,FALSE,Complete,Complete,1,""
num_complete_thu,995,FALSE,Missing,Missing,995,""
num_complete_tue,0,FALSE,Not complete,Not complete,0,""
num_complete_tue,1,FALSE,Complete,Complete,1,""
num_complete_tue,995,FALSE,Missing,Missing,995,""
num_complete_wed,0,FALSE,Not complete,Not complete,0,""
num_complete_wed,1,FALSE,Complete,Complete,1,""
num_complete_wed,995,FALSE,Missing,Missing,995,""
num_complete_wkdays_4,0,FALSE,0 days,0 days,0,""
num_complete_wkdays_4,1,FALSE,1 day,1 day,1,""
num_complete_wkdays_4,2,FALSE,2 days,2 days,2,""
num_complete_wkdays_4,3,FALSE,3 days,3 days,3,""
num_complete_wkdays_4,4,FALSE,4 days,4 days,4,""
num_complete_wkdays_5,0,FALSE,0 days,0 days,0,""
num_complete_wkdays_5,1,FALSE,1 day,1 day,1,""
num_complete_wkdays_5,2,FALSE,2 days,2 days,2,""
num_complete_wkdays_5,3,FALSE,3 days,3 days,3,""
num_complete_wkdays_5,4,FALSE,4 days,4 days,4,""
num_complete_wkdays_5,5,FALSE,5 days,5 days,5,""
num_complete_wkends_2,0,FALSE,0 days,0 days,0,""
num_complete_wkends_2,1,FALSE,1 day,1 day,1,""
num_complete_wkends_2,2,FALSE,2 days,2 days,2,""
num_complete_wkends_3,0,FALSE,0 days,0 days,0,""
num_complete_wkends_3,1,FALSE,1 day,1 day,1,""
num_complete_wkends_3,2,FALSE,2 days,2 days,2,""
num_complete_wkends_3,3,FALSE,3 days,3 days,3,""
num_days_complete,0,FALSE,0 days complete,0 days complete,0,""
num_days_complete,1,FALSE,1 day complete,1 day complete,1,""
num_days_complete,2,FALSE,2 days complete,2 days complete,2,""
num_days_complete,3,FALSE,3 days complete,3 days complete,3,""
num_days_complete,4,FALSE,4 days complete,4 days complete,4,""
num_days_complete,5,FALSE,5 days complete,5 days complete,5,""
num_days_complete,6,FALSE,6 days complete,6 days complete,6,""
num_days_complete,7,FALSE,7 days complete,7 days complete,7,""
num_days_complete,995,FALSE,Missing,Missing,995,""
num_days_complete_a,0,FALSE,0 days complete,0 days complete,0,""
num_days_complete_a,1,FALSE,1 day complete,1 day complete,1,""
num_days_complete_a,2,FALSE,2 days complete,2 days complete,2,""
num_days_complete_a,3,FALSE,3 days complete,3 days complete,3,""
num_days_complete_a,4,FALSE,4 days complete,4 days complete,4,""
num_days_complete_a,5,FALSE,5 days complete,5 days complete,5,""
num_days_complete_a,6,FALSE,6 days complete,6 days complete,6,""
num_days_complete_a,7,FALSE,7 days complete,7 days complete,7,""
num_days_complete_b,0,FALSE,0 days complete,0 days complete,0,""
num_days_complete_b,1,FALSE,1 day complete,1 day complete,1,""
num_days_complete_b,2,FALSE,2 days complete,2 days complete,2,""
num_days_complete_b,3,FALSE,3 days complete,3 days complete,3,""
num_days_complete_b,4,FALSE,4 days complete,4 days complete,4,""
num_days_complete_b,5,FALSE,5 days complete,5 days complete,5,""
num_days_complete_b,6,FALSE,6 days complete,6 days complete,6,""
num_days_complete_b,7,FALSE,7 days complete,7 days complete,7,""
num_days_complete_weekday,0,FALSE,0 weekdays,0 weekdays,0,""
num_days_complete_weekday,1,FALSE,1 weekday,1 weekday,1,""
num_days_complete_weekday,2,FALSE,2 weekdays,2 weekdays,2,""
num_days_complete_weekday,3,FALSE,3 weekdays,3 weekdays,3,""
num_days_complete_weekday,4,FALSE,4 weekdays,4 weekdays,4,""
num_days_complete_weekday,5,FALSE,5 weekdays,5 weekdays,5,""
num_days_complete_weekday_a,0,FALSE,0 weekdays,0 weekdays,0,""
num_days_complete_weekday_a,1,FALSE,1 weekday,1 weekday,1,""
num_days_complete_weekday_a,2,FALSE,2 weekdays,2 weekdays,2,""
num_days_complete_weekday_a,3,FALSE,3 weekdays,3 weekdays,3,""
num_days_complete_weekday_a,4,FALSE,4 weekdays,4 weekdays,4,""
num_days_complete_weekday_a,5,FALSE,5 weekdays,5 weekdays,5,""
num_days_complete_weekday_b,0,FALSE,0 weekdays,0 weekdays,0,""
num_days_complete_weekday_b,1,FALSE,1 weekday,1 weekday,1,""
num_days_complete_weekday_b,2,FALSE,2 weekdays,2 weekdays,2,""
num_days_complete_weekday_b,3,FALSE,3 weekdays,3 weekdays,3,""
num_days_complete_weekday_b,4,FALSE,4 weekdays,4 weekdays,4,""
num_days_complete_weekday_b,5,FALSE,5 weekdays,5 weekdays,5,""
num_days_complete_weekend,0,FALSE,0 weekend days,0 weekend days,0,""
num_days_complete_weekend,1,FALSE,1 weekend day,1 weekend day,1,""
num_days_complete_weekend,2,FALSE,2 weekend days,2 weekend days,2,""
num_days_complete_weekend_a,0,FALSE,0 weekend days,0 weekend days,0,""
num_days_complete_weekend_a,1,FALSE,1 weekend day,1 weekend day,1,""
num_days_complete_weekend_a,2,FALSE,2 weekend days,2 weekend days,2,""
num_days_complete_weekend_b,0,FALSE,0 weekend days,0 weekend days,0,""
num_days_complete_weekend_b,1,FALSE,1 weekend day,1 weekend day,1,""
num_days_complete_weekend_b,2,FALSE,2 weekend days,2 weekend days,2,""
num_hh_days,1,FALSE,1 day,1 day,1,""
num_hh_days,2,FALSE,2 days,2 days,2,""
num_hh_days,3,FALSE,3 days,3 days,3,""
num_hh_days,4,FALSE,4 days,4 days,4,""
num_hh_days,5,FALSE,5 days,5 days,5,""
num_hh_days,6,FALSE,6 days,6 days,6,""
num_hh_days,7,FALSE,7 days,7 days,7,""
num_hh_days,995,FALSE,Missing,Missing,995,""
num_hh_travelers,-9998,FALSE,Missing,Missing,995,""
num_hh_travelers,1,FALSE,1 traveler,1 traveler,1,""
num_hh_travelers,2,FALSE,2 travelers,2 travelers,2,""
num_hh_travelers,3,FALSE,3 travelers,3 travelers,3,""
num_hh_travelers,4,FALSE,4 travelers,4 travelers,4,""
num_hh_travelers,5,FALSE,5 travelers,5 travelers,5,""
num_hh_travelers,6,FALSE,6 travelers,6 travelers,6,""
num_hh_travelers,7,FALSE,7 travelers,7 or more travelers,7,""
num_hh_travelers,8,FALSE,7 or more travelers,7 or more travelers,7,""
num_hh_travelers,9,FALSE,8 travelers,7 or more travelers,7,""
num_hh_travelers,10,FALSE,9 travelers,7 or more travelers,7,""
num_hh_travelers,11,FALSE,10 travelers,7 or more travelers,7,""
num_hh_travelers,12,FALSE,11 travelers,7 or more travelers,7,""
num_hh_travelers,13,FALSE,12 or more travelers,7 or more travelers,7,""
num_hh_travelers,995,FALSE,Missing,Missing,995,""
num_jobs,-9998,FALSE,Missing,Missing,995,""
num_jobs,1,FALSE,1 job,1 job,1,""
num_jobs,2,FALSE,2 jobs,2 jobs,2,""
num_jobs,3,FALSE,3 jobs,3 jobs,3,""
num_jobs,4,FALSE,4 jobs,4 jobs,4,""
num_jobs,5,FALSE,5 jobs,5 jobs,5,""
num_jobs,6,FALSE,6 or more jobs,6 or more jobs,6,""
num_jobs,995,FALSE,Missing,Missing,995,""
num_kids,0,FALSE,0 children,0 children,0,""
num_kids,1,TRUE,1 child,1 child,1,""
num_kids,2,TRUE,2 children,2 children,2,""
num_kids,3,TRUE,3 children,3 children,3,""
num_kids,4,TRUE,4 children,4 children,4,""
num_kids,5,TRUE,5 children,5 children,5,""
num_kids,6,TRUE,6 children,6 children,6,""
num_kids,7,TRUE,7 children,7 children,7,""
num_kids,8,TRUE,8 children,8 children,8,""
num_kids,9,FALSE,9 children,9 children,9,""
num_kids,10,FALSE,10 children,10 children,10,""
num_kids,11,FALSE,11 children,11 or more children,11,""
num_kids,12,FALSE,11 or more children,11 or more children,11,""
num_kids,13,FALSE,12 or more children,11 or more children,11,""
num_kids,995,FALSE,Missing,Missing,995,""
num_non_hh_travelers,-9998,FALSE,Missing,Missing,995,""
num_non_hh_travelers,0,FALSE,0 travelers,0 travelers,0,""
num_non_hh_travelers,1,FALSE,1 traveler,1 traveler,1,""
num_non_hh_travelers,2,FALSE,2 travelers,2 travelers,2,""
num_non_hh_travelers,3,FALSE,3 travelers,3 travelers,3,""
num_non_hh_travelers,4,FALSE,4 travelers,4 travelers,4,""
num_non_hh_travelers,5,FALSE,5+ travelers,5+ travelers,5,""
num_non_hh_travelers,995,FALSE,Missing,Missing,995,""
num_participants,1,FALSE,1 participant,1 participant,1,""
num_participants,2,FALSE,2 participants,2 participants,2,""
num_participants,3,FALSE,3 participants,3 participants,3,""
num_participants,4,FALSE,4 participants,4 participants,4,""
num_participants,5,FALSE,5 participants,5 participants,5,""
num_participants,6,FALSE,6 participants,6 participants,6,""
num_participants,7,FALSE,7 participants,7 participants,7,""
num_participants,8,FALSE,8 participants,8 participants,8,""
num_participants,9,FALSE,9 participants,9 participants,9,""
num_participants,10,FALSE,10 or more participants,10 or more participants,10,""
num_people,1,FALSE,1 person,1 person,1,""
num_people,2,FALSE,2 people,2 people,2,""
num_people,3,FALSE,3 people,3 people,3,""
num_people,4,FALSE,4 people,4 people,4,""
num_people,5,FALSE,5 people,5 people,5,""
num_people,6,FALSE,6 people,6 people,6,""
num_people,7,FALSE,7 people,7 people,7,""
num_people,8,FALSE,8 people,8 people,8,""
num_people,9,FALSE,9 people,9 people,9,""
num_people,10,FALSE,10 people,10 people,10,""
num_people,11,FALSE,11 people,11 people,11,""
num_people,12,FALSE,12 people,12 or more people,12,""
num_people,13,FALSE,12 or more people,12 or more people,12,""
num_people,14,FALSE,13 or more people,12 or more people,12,""
num_people,995,FALSE,Missing,Missing,995,""
num_person_days,1,FALSE,1 day,1 day,1,""
num_person_days,2,FALSE,2 days,2 days,2,""
num_person_days,3,FALSE,3 days,3 days,3,""
num_person_days,4,FALSE,4 days,4 days,4,""
num_person_days,5,FALSE,5 days,5 days,5,""
num_person_days,6,FALSE,6 days,6 days,6,""
num_person_days,7,FALSE,7 days,7 days,7,""
num_person_days,995,FALSE,Missing,Missing,995,""
num_students,0,FALSE,0 students,0 students,0,""
num_students,1,TRUE,1 student,1 student,1,""
num_students,2,TRUE,2 students,2 students,2,""
num_students,3,TRUE,3 students,3 students,3,""
num_students,4,TRUE,4 students,4 students,4,""
num_students,5,TRUE,5 students,5 students,5,""
num_students,6,TRUE,6 students,6 students,6,""
num_students,7,TRUE,7 students,7 students,7,""
num_students,8,TRUE,8 students,8 students,8,""
num_students,9,FALSE,9 students,9 students,9,""
num_students,10,FALSE,10 students,10 students,10,""
num_students,11,FALSE,11 students,11 students,11,""
num_students,12,FALSE,12 students,12 or more students,12,""
num_students,13,FALSE,12 or more students,12 or more students,12,""
num_students,14,FALSE,13 or more students,12 or more students,12,""
num_students,995,FALSE,Missing,Missing,995,""
num_surveyable,1,FALSE,1 surveyable person,1 surveyable person,1,""
num_surveyable,2,FALSE,2 surveyable persons,2 surveyable persons,2,""
num_surveyable,3,FALSE,3 surveyable persons,3 surveyable persons,3,""
num_surveyable,4,FALSE,4 surveyable persons,4 surveyable persons,4,""
num_surveyable,5,FALSE,5 surveyable persons,5 surveyable persons,5,""
num_surveyable,6,FALSE,6 surveyable persons,6 surveyable persons,6,""
num_surveyable,7,FALSE,7 surveyable persons,7 surveyable persons,7,""
num_surveyable,8,FALSE,8 surveyable persons,8 surveyable persons,8,""
num_surveyable,9,FALSE,9 surveyable persons,9 surveyable persons,9,""
num_surveyable,10,FALSE,10 surveyable persons,10 surveyable persons,10,""
num_surveyable,11,FALSE,11 surveyable persons,11 surveyable persons,11,""
num_surveyable,12,FALSE,12 surveyable persons,12 surveyable persons,12,""
num_surveyable,13,FALSE,13 or more surveyable persons,13 or more surveyable persons,13,""
num_travelers,-9998,FALSE,Missing,Missing,995,""
num_travelers,1,FALSE,1 traveler,1 traveler,1,""
num_travelers,2,FALSE,2 travelers,2 travelers,2,""
num_travelers,3,FALSE,3 travelers,3 travelers,3,""
num_travelers,4,FALSE,4 travelers,4 travelers,4,""
num_travelers,5,FALSE,5+ travelers,5+ travelers,5,""
num_travelers,6,FALSE,5 travelers,5+ travelers,5,""
num_travelers,7,FALSE,6 travelers,5+ travelers,5,""
num_travelers,8,FALSE,7 travelers,5+ travelers,5,""
num_travelers,9,FALSE,8 travelers,5+ travelers,5,""
num_travelers,10,FALSE,9 travelers,5+ travelers,5,""
num_travelers,11,FALSE,10 travelers,5+ travelers,5,""
num_travelers,12,FALSE,11 travelers,5+ travelers,5,""
num_travelers,995,FALSE,Missing,Missing,995,""
num_vehicles,-9998,FALSE,Missing,Missing,995,""
num_vehicles,0,FALSE,0 (no vehicles in household),0 (no vehicles in household),0,""
num_vehicles,1,FALSE,1 vehicle,1 vehicle,1,""
num_vehicles,2,FALSE,2 vehicles,2 vehicles,2,""
num_vehicles,3,FALSE,3 vehicles,3 vehicles,3,""
num_vehicles,4,FALSE,4 vehicles,4 vehicles,4,""
num_vehicles,5,FALSE,5 vehicles,5 vehicles,5,""
num_vehicles,6,FALSE,6 vehicles,6 vehicles,6,""
num_vehicles,7,FALSE,7 vehicles,7 vehicles,7,""
num_vehicles,8,TRUE,8 or more vehicles,8 or more vehicles,8,""
num_workers,0,FALSE,0 workers,0 workers,0,""
num_workers,1,TRUE,1 worker,1 worker,1,""
num_workers,2,TRUE,2 workers,2 workers,2,""
num_workers,3,TRUE,3 workers,3 workers,3,""
num_workers,4,TRUE,4 workers,4 workers,4,""
num_workers,5,TRUE,5 workers,5 workers,5,""
num_workers,6,FALSE,6 workers,6 workers,6,""
num_workers,7,FALSE,7 workers,7 workers,7,""
num_workers,8,FALSE,8 workers,8 workers,8,""
num_workers,9,FALSE,9 workers,9 workers,9,""
num_workers,10,FALSE,10 workers,10 workers,10,""
num_workers,11,FALSE,11 workers,11 workers,11,""
num_workers,12,FALSE,12 workers,12 workers,12,""
num_workers,13,FALSE,13 or more workers,13 or more workers,13,""
num_workers,995,FALSE,Missing,Missing,995,""
o_county,995,TRUE,Missing,Missing,995,""
o_county,27001,TRUE,"Aitkin County, MN","Aitkin County, MN",27001,""
o_county,27003,TRUE,"Anoka County, MN","Anoka County, MN",27003,""
o_county,27005,TRUE,"Becker County, MN","Becker County, MN",27005,""
o_county,27007,TRUE,"Beltrami County, MN","Beltrami County, MN",27007,""
o_county,27009,TRUE,"Benton County, MN","Benton County, MN",27009,""
o_county,27011,TRUE,"Big Stone County, MN","Big Stone County, MN",27011,""
o_county,27013,TRUE,"Blue Earth County, MN","Blue Earth County, MN",27013,""
o_county,27015,TRUE,"Brown County, MN","Brown County, MN",27015,""
o_county,27017,TRUE,"Carlton County, MN","Carlton County, MN",27017,""
o_county,27019,TRUE,"Carver County, MN","Carver County, MN",27019,""
o_county,27021,TRUE,"Cass County, MN","Cass County, MN",27021,""
o_county,27023,TRUE,"Chippewa County, MN","Chippewa County, MN",27023,""
o_county,27025,TRUE,"Chisago County, MN","Chisago County, MN",27025,""
o_county,27027,TRUE,"Clay County, MN","Clay County, MN",27027,""
o_county,27029,TRUE,"Clearwater County, MN","Clearwater County, MN",27029,""
o_county,27031,TRUE,"Cook County, MN","Cook County, MN",27031,""
o_county,27033,TRUE,"Cottonwood County, MN","Cottonwood County, MN",27033,""
o_county,27035,TRUE,"Crow Wing County, MN","Crow Wing County, MN",27035,""
o_county,27037,TRUE,"Dakota County, MN","Dakota County, MN",27037,""
o_county,27039,TRUE,"Dodge County, MN","Dodge County, MN",27039,""
o_county,27041,TRUE,"Douglas County, MN","Douglas County, MN",27041,""
o_county,27043,TRUE,"Faribault County, MN","Faribault County, MN",27043,""
o_county,27045,TRUE,"Fillmore County, MN","Fillmore County, MN",27045,""
o_county,27047,TRUE,"Freeborn County, MN","Freeborn County, MN",27047,""
o_county,27049,TRUE,"Goodhue County, MN","Goodhue County, MN",27049,""
o_county,27051,TRUE,"Grant County, MN","Grant County, MN",27051,""
o_county,27053,TRUE,"Hennepin County, MN","Hennepin County, MN",27053,""
o_county,27055,TRUE,"Houston County, MN","Houston County, MN",27055,""
o_county,27057,TRUE,"Hubbard County, MN","Hubbard County, MN",27057,""
o_county,27059,TRUE,"Isanti County, MN","Isanti County, MN",27059,""
o_county,27061,TRUE,"Itasca County, MN","Itasca County, MN",27061,""
o_county,27063,TRUE,"Jackson County, MN","Jackson County, MN",27063,""
o_county,27065,TRUE,"Kanabec County, MN","Kanabec County, MN",27065,""
o_county,27067,TRUE,"Kandiyohi County, MN","Kandiyohi County, MN",27067,""
o_county,27069,TRUE,"Kittson County, MN","Kittson County, MN",27069,""
o_county,27071,TRUE,"Koochiching County, MN","Koochiching County, MN",27071,""
o_county,27073,TRUE,"Lac qui Parle County, MN","Lac qui Parle County, MN",27073,""
o_county,27075,TRUE,"Lake County, MN","Lake County, MN",27075,""
o_county,27077,TRUE,"Lake of the Woods County, MN","Lake of the Woods County, MN",27077,""
o_county,27079,TRUE,"Le Sueur County, MN","Le Sueur County, MN",27079,""
o_county,27081,TRUE,"Lincoln County, MN","Lincoln County, MN",27081,""
o_county,27083,TRUE,"Lyon County, MN","Lyon County, MN",27083,""
o_county,27085,TRUE,"McLeod County, MN","McLeod County, MN",27085,""
o_county,27087,TRUE,"Mahnomen County, MN","Mahnomen County, MN",27087,""
o_county,27089,TRUE,"Marshall County, MN","Marshall County, MN",27089,""
o_county,27091,TRUE,"Martin County, MN","Martin County, MN",27091,""
o_county,27093,TRUE,"Meeker County, MN","Meeker County, MN",27093,""
o_county,27095,TRUE,"Mille Lacs County, MN","Mille Lacs County, MN",27095,""
o_county,27097,TRUE,"Morrison County, MN","Morrison County, MN",27097,""
o_county,27099,TRUE,"Mower County, MN","Mower County, MN",27099,""
o_county,27101,TRUE,"Murray County, MN","Murray County, MN",27101,""
o_county,27103,TRUE,"Nicollet County, MN","Nicollet County, MN",27103,""
o_county,27105,TRUE,"Nobles County, MN","Nobles County, MN",27105,""
o_county,27107,TRUE,"Norman County, MN","Norman County, MN",27107,""
o_county,27109,TRUE,"Olmsted County, MN","Olmsted County, MN",27109,""
o_county,27111,TRUE,"Otter Tail County, MN","Otter Tail County, MN",27111,""
o_county,27113,TRUE,"Pennington County, MN","Pennington County, MN",27113,""
o_county,27115,TRUE,"Pine County, MN","Pine County, MN",27115,""
o_county,27117,TRUE,"Pipestone County, MN","Pipestone County, MN",27117,""
o_county,27119,TRUE,"Polk County, MN","Polk County, MN",27119,""
o_county,27121,TRUE,"Pope County, MN","Pope County, MN",27121,""
o_county,27123,TRUE,"Ramsey County, MN","Ramsey County, MN",27123,""
o_county,27125,TRUE,"Red Lake County, MN","Red Lake County, MN",27125,""
o_county,27127,TRUE,"Redwood County, MN","Redwood County, MN",27127,""
o_county,27129,TRUE,"Renville County, MN","Renville County, MN",27129,""
o_county,27131,TRUE,"Rice County, MN","Rice County, MN",27131,""
o_county,27133,TRUE,"Rock County, MN","Rock County, MN",27133,""
o_county,27135,TRUE,"Roseau County, MN","Roseau County, MN",27135,""
o_county,27137,TRUE,"St Louis County, MN","St Louis County, MN",27137,""
o_county,27139,TRUE,"Scott County, MN","Scott County, MN",27139,""
o_county,27141,TRUE,"Sherburne County, MN","Sherburne County, MN",27141,""
o_county,27143,TRUE,"Sibley County, MN","Sibley County, MN",27143,""
o_county,27145,TRUE,"Stearns County, MN","Stearns County, MN",27145,""
o_county,27147,TRUE,"Steele County, MN","Steele County, MN",27147,""
o_county,27149,TRUE,"Stevens County, MN","Stevens County, MN",27149,""
o_county,27151,TRUE,"Swift County, MN","Swift County, MN",27151,""
o_county,27153,TRUE,"Todd County, MN","Todd County, MN",27153,""
o_county,27155,TRUE,"Traverse County, MN","Traverse County, MN",27155,""
o_county,27157,TRUE,"Wabasha County, MN","Wabasha County, MN",27157,""
o_county,27159,TRUE,"Wadena County, MN","Wadena County, MN",27159,""
o_county,27161,TRUE,"Waseca County, MN","Waseca County, MN",27161,""
o_county,27163,TRUE,"Washington County, MN","Washington County, MN",27163,""
o_county,27165,TRUE,"Watonwan County, MN","Watonwan County, MN",27165,""
o_county,27167,TRUE,"Wilkin County, MN","Wilkin County, MN",27167,""
o_county,27169,TRUE,"Winona County, MN","Winona County, MN",27169,""
o_county,27171,TRUE,"Wright County, MN","Wright County, MN",27171,""
o_county,27173,TRUE,"Yellow Medicine County, MN","Yellow Medicine County, MN",27173,""
o_county,55001,TRUE,"Adams County, WI","Adams County, WI",55001,""
o_county,55003,TRUE,"Ashland County, WI","Ashland County, WI",55003,""
o_county,55005,TRUE,"Barron County, WI","Barron County, WI",55005,""
o_county,55007,TRUE,"Bayfield County, WI","Bayfield County, WI",55007,""
o_county,55009,TRUE,"Brown County, WI","Brown County, WI",55009,""
o_county,55011,TRUE,"Buffalo County, WI","Buffalo County, WI",55011,""
o_county,55013,TRUE,"Burnett County, WI","Burnett County, WI",55013,""
o_county,55015,TRUE,"Calumet County, WI","Calumet County, WI",55015,""
o_county,55017,TRUE,"Chippewa County, WI","Chippewa County, WI",55017,""
o_county,55019,TRUE,"Clark County, WI","Clark County, WI",55019,""
o_county,55021,TRUE,"Columbia County, WI","Columbia County, WI",55021,""
o_county,55023,TRUE,"Crawford County, WI","Crawford County, WI",55023,""
o_county,55025,TRUE,"Dane County, WI","Dane County, WI",55025,""
o_county,55027,TRUE,"Dodge County, WI","Dodge County, WI",55027,""
o_county,55029,TRUE,"Door County, WI","Door County, WI",55029,""
o_county,55031,TRUE,"Douglas County, WI","Douglas County, WI",55031,""
o_county,55033,TRUE,"Dunn County, WI","Dunn County, WI",55033,""
o_county,55035,TRUE,"Eau Claire County, WI","Eau Claire County, WI",55035,""
o_county,55037,TRUE,"Florence County, WI","Florence County, WI",55037,""
o_county,55039,TRUE,"Fond du Lac County, WI","Fond du Lac County, WI",55039,""
o_county,55041,TRUE,"Forest County, WI","Forest County, WI",55041,""
o_county,55043,TRUE,"Grant County, WI","Grant County, WI",55043,""
o_county,55045,TRUE,"Green County, WI","Green County, WI",55045,""
o_county,55047,TRUE,"Green Lake County, WI","Green Lake County, WI",55047,""
o_county,55049,TRUE,"Iowa County, WI","Iowa County, WI",55049,""
o_county,55051,TRUE,"Iron County, WI","Iron County, WI",55051,""
o_county,55053,TRUE,"Jackson County, WI","Jackson County, WI",55053,""
o_county,55055,TRUE,"Jefferson County, WI","Jefferson County, WI",55055,""
o_county,55057,TRUE,"Juneau County, WI","Juneau County, WI",55057,""
o_county,55059,TRUE,"Kenosha County, WI","Kenosha County, WI",55059,""
o_county,55061,TRUE,"Kewaunee County, WI","Kewaunee County, WI",55061,""
o_county,55063,TRUE,"La Crosse County, WI","La Crosse County, WI",55063,""
o_county,55065,TRUE,"Lafayette County, WI","Lafayette County, WI",55065,""
o_county,55067,TRUE,"Langlade County, WI","Langlade County, WI",55067,""
o_county,55069,TRUE,"Lincoln County, WI","Lincoln County, WI",55069,""
o_county,55071,TRUE,"Manitowoc County, WI","Manitowoc County, WI",55071,""
o_county,55073,TRUE,"Marathon County, WI","Marathon County, WI",55073,""
o_county,55075,TRUE,"Marinette County, WI","Marinette County, WI",55075,""
o_county,55077,TRUE,"Marquette County, WI","Marquette County, WI",55077,""
o_county,55078,TRUE,"Menominee County, WI","Menominee County, WI",55078,""
o_county,55079,TRUE,"Milwaukee County, WI","Milwaukee County, WI",55079,""
o_county,55081,TRUE,"Monroe County, WI","Monroe County, WI",55081,""
o_county,55083,TRUE,"Oconto County, WI","Oconto County, WI",55083,""
o_county,55085,TRUE,"Oneida County, WI","Oneida County, WI",55085,""
o_county,55087,TRUE,"Outagamie County, WI","Outagamie County, WI",55087,""
o_county,55089,TRUE,"Ozaukee County, WI","Ozaukee County, WI",55089,""
o_county,55091,TRUE,"Pepin County, WI","Pepin County, WI",55091,""
o_county,55093,TRUE,"Pierce County, WI","Pierce County, WI",55093,""
o_county,55095,TRUE,"Polk County, WI","Polk County, WI",55095,""
o_county,55097,TRUE,"Portage County, WI","Portage County, WI",55097,""
o_county,55099,TRUE,"Price County, WI","Price County, WI",55099,""
o_county,55101,TRUE,"Racine County, WI","Racine County, WI",55101,""
o_county,55103,TRUE,"Richland County, WI","Richland County, WI",55103,""
o_county,55105,TRUE,"Rock County, WI","Rock County, WI",55105,""
o_county,55107,TRUE,"Rusk County, WI","Rusk County, WI",55107,""
o_county,55109,TRUE,"St Croix County, WI","St Croix County, WI",55109,""
o_county,55111,TRUE,"Sauk County, WI","Sauk County, WI",55111,""
o_county,55113,TRUE,"Sawyer County, WI","Sawyer County, WI",55113,""
o_county,55115,TRUE,"Shawano County, WI","Shawano County, WI",55115,""
o_county,55117,TRUE,"Sheboygan County, WI","Sheboygan County, WI",55117,""
o_county,55119,TRUE,"Taylor County, WI","Taylor County, WI",55119,""
o_county,55121,TRUE,"Trempealeau County, WI","Trempealeau County, WI",55121,""
o_county,55123,TRUE,"Vernon County, WI","Vernon County, WI",55123,""
o_county,55125,TRUE,"Vilas County, WI","Vilas County, WI",55125,""
o_county,55127,TRUE,"Walworth County, WI","Walworth County, WI",55127,""
o_county,55129,TRUE,"Washburn County, WI","Washburn County, WI",55129,""
o_county,55131,TRUE,"Washington County, WI","Washington County, WI",55131,""
o_county,55133,TRUE,"Waukesha County, WI","Waukesha County, WI",55133,""
o_county,55135,TRUE,"Waupaca County, WI","Waupaca County, WI",55135,""
o_county,55137,TRUE,"Waushara County, WI","Waushara County, WI",55137,""
o_county,55139,TRUE,"Winnebago County, WI","Winnebago County, WI",55139,""
o_county,55141,TRUE,"Wood County, WI","Wood County, WI",55141,""
o_in_region,0,FALSE,Not in study region,Not in study region,0,""
o_in_region,1,FALSE,In study region,In study region,1,""
o_purpose,-9998,FALSE,Missing,Missing,995,""
o_purpose,-1,FALSE,Not imputable,Not imputable,-1,""
o_purpose,1,TRUE,Went home,Went home,1,""
o_purpose,10,TRUE,Primary workplace,Primary workplace,10,""
o_purpose,11,FALSE,"Went to work-related activity (e.g., meeting, delivery, worksite)","Went to work-related activity (e.g., meeting, delivery, worksite)",11,""
o_purpose,12,FALSE,"Traveling for work (e.g., going to airport)","Traveling for work (e.g., going to airport)",12,""
o_purpose,13,TRUE,Volunteering,Volunteering,13,""
o_purpose,14,TRUE,Other work-related,Other work-related,14,""
o_purpose,21,FALSE,Attend K-12 school,Attend K-12 school,21,""
o_purpose,22,FALSE,Attend college/university,Attend college/university,22,""
o_purpose,23,FALSE,"Attend other type of class (e.g., cooking class)","Attend other type of class (e.g., cooking class)",23,""
o_purpose,24,FALSE,"Attend other education-related activity (e.g., field trip)","Attend other education-related activity (e.g., field trip)",24,""
o_purpose,25,FALSE,Attend vocational education class,Attend vocational education class,25,""
o_purpose,26,FALSE,Attend daycare or preschool,Attend daycare or preschool,26,""
o_purpose,30,TRUE,Grocery shopping,Grocery shopping,30,""
o_purpose,31,FALSE,Got gas,Got gas,31,""
o_purpose,32,TRUE,"Other routine shopping (e.g., pharmacy)","Other routine shopping (e.g., pharmacy)",32,""
o_purpose,33,FALSE,"Errand without appointment (e.g., post office)","Errand without appointment (e.g., post office)",33,""
o_purpose,34,TRUE,"Medical visit (e.g., doctor, dentist)","Medical visit (e.g., doctor, dentist)",34,""
o_purpose,36,TRUE,"Shopping for major item (e.g., furniture, car)","Shopping for major item (e.g., furniture, car)",36,""
o_purpose,37,FALSE,"Errand with appointment (e.g., haircut)","Errand with appointment (e.g., haircut)",37,""
o_purpose,40,FALSE,Pick-up/drop-off to/from childcare/preschool/adult care,Pick-up/drop-off to/from childcare/preschool/adult care,40,""
o_purpose,41,FALSE,Pick-up/drop-off to/from K-12 school or college,Pick-up/drop-off to/from K-12 school or college,41,""
o_purpose,42,FALSE,Pick-up/drop-off to/from other person's workplace,Pick-up/drop-off to/from other person's workplace,42,""
o_purpose,43,FALSE,"Pick-up/drop-off to/from other person's scheduled activity (e.g., lesson, appointment)","Pick-up/drop-off to/from other person's scheduled activity (e.g., lesson, appointment)",43,""
o_purpose,44,FALSE,"Other activity only (e.g., attend meeting, pick-up or drop-off item)","Other activity only (e.g., attend meeting, pick-up or drop-off item)",44,""
o_purpose,45,FALSE,Other place to pick-up/drop-off,Other place to pick-up/drop-off,45,""
o_purpose,46,FALSE,Pick someone up,Pick someone up,46,""
o_purpose,47,FALSE,Pick-up/drop-off to/from other person's home,Pick-up/drop-off to/from other person's home,47,""
o_purpose,48,FALSE,Drop someone off,Drop someone off,48,""
o_purpose,49,FALSE,"Accompany someone only (e.g., go along for the ride)","Accompany someone only (e.g., go along for the ride)",49,""
o_purpose,50,FALSE,BOTH pick up AND drop off,BOTH pick up AND drop off,50,""
o_purpose,51,FALSE,"Dined out, got coffee or take-out","Dined out, got coffee or take-out",51,""
o_purpose,52,FALSE,"Exercise or recreation (e.g., gym, jog, bike, walk dog)","Exercise or recreation (e.g., gym, jog, bike, walk dog)",52,""
o_purpose,53,FALSE,"Social activity (e.g., visit friends/relatives)","Social activity (e.g., visit friends/relatives)",53,""
o_purpose,54,FALSE,"Leisure/entertainment/cultural (e.g., cinema, museum, park)","Leisure/entertainment/cultural (e.g., cinema, museum, park)",54,""
o_purpose,55,TRUE,Religious/civic/volunteer activity,Religious/civic/volunteer activity,55,""
o_purpose,56,FALSE,Vacation/traveling,Vacation/traveling,56,""
o_purpose,57,TRUE,"Family activity (e.g., watch child's game)","Family activity (e.g., watch child's game)",57,""
o_purpose,58,FALSE,"Changed or transferred mode (e.g., waited for bus, drove onto ferry)","Changed or transferred mode (e.g., waited for bus, drove onto ferry)",58,""
o_purpose,59,FALSE,"Other shopping or errand (e.g., pharmacy, post office)","Other shopping or errand (e.g., pharmacy, post office)",59,""
o_purpose,60,FALSE,Other leisure activity,Other leisure activity,60,""
o_purpose,80,FALSE,Spent the night at non-home location out of region,Spent the night at non-home location out of region,80,""
o_purpose,81,FALSE,Spent the night at non-home location in region,Spent the night at non-home location in region,81,""
o_purpose,99,FALSE,Other reason,Other reason,99,""
o_purpose,150,FALSE,"Went to another residence (e.g., someone else's home, second home)","Went to another residence (e.g., someone else's home, second home)",150,""
o_purpose,151,FALSE,Loop trip (split by analyst at furthest location),Loop trip (split by analyst at furthest location),151,""
o_purpose,152,FALSE,"Went to temporary lodging (e.g., hotel, vacation rental)","Went to temporary lodging (e.g., hotel, vacation rental)",152,""
o_purpose,995,FALSE,Missing,Missing,995,""
o_purpose,997,FALSE,Other purpose,Other purpose,997,""
o_purpose_category,-9998,FALSE,Missing,Missing,995,""
o_purpose_category,-1,FALSE,Not imputable,Not imputable,-1,""
o_purpose_category,1,TRUE,Home,Home,1,""
o_purpose_category,2,TRUE,Work,Work,2,""
o_purpose_category,3,FALSE,Work related,Work related,3,""
o_purpose_category,4,TRUE,School,School,4,""
o_purpose_category,5,FALSE,School related,School related,5,""
o_purpose_category,6,TRUE,Escort,Escort,6,""
o_purpose_category,7,FALSE,Shopping,Shopping,7,""
o_purpose_category,8,TRUE,Meal,Meal,8,""
o_purpose_category,9,TRUE,Social/Recreation,Social/Recreation,9,""
o_purpose_category,10,FALSE,Errand,Errand/Other,10,""
o_purpose_category,11,TRUE,Change mode,Change mode,11,""
o_purpose_category,12,FALSE,Overnight,Overnight,12,""
o_purpose_category,13,FALSE,Other,Errand/Other,10,""
o_purpose_category,14,FALSE,Errand/Other,Errand/Other,10,""
o_purpose_category,995,FALSE,Missing,Missing,995,""
o_state,27,TRUE,Minnesota,Minnesota,27,""
o_state,55,TRUE,Wisconsin,Wisconsin,55,""
o_state,995,TRUE,Missing,Missing,995,""
o_zone,1,FALSE,Anoka County,Anoka County,1,""
o_zone,2,FALSE,Carver County,Carver County,2,""
o_zone,3,FALSE,Dakota County,Dakota County,3,""
o_zone,4,FALSE,Hennepin County,Hennepin County,4,""
o_zone,5,FALSE,Ramsey County,Ramsey County,5,""
o_zone,6,FALSE,Scott County,Scott County,6,""
o_zone,7,FALSE,Washington County,Washington County,7,""
o_zone,8,FALSE,MPO outside seven counties,MPO outside seven counties,8,""
o_zone,9,FALSE,"In study region, but not in MPO","In study region, but not in MPO",9,""
o_zone,10,FALSE,Not in study region,Not in study region,10,""
other_school_mode_season_1,0,FALSE,Not selected,Not selected,0,""
other_school_mode_season_1,1,FALSE,Selected,Selected,1,""
other_school_mode_season_1,995,FALSE,Missing,Missing,995,""
other_school_mode_season_2,0,FALSE,Not selected,Not selected,0,""
other_school_mode_season_2,1,FALSE,Selected,Selected,1,""
other_school_mode_season_2,995,FALSE,Missing,Missing,995,""
other_school_mode_season_3,0,FALSE,Not selected,Not selected,0,""
other_school_mode_season_3,1,FALSE,Selected,Selected,1,""
other_school_mode_season_3,995,FALSE,Missing,Missing,995,""
other_school_mode_season_4,0,FALSE,Not selected,Not selected,0,""
other_school_mode_season_4,1,FALSE,Selected,Selected,1,""
other_school_mode_season_4,995,FALSE,Missing,Missing,995,""
other_work_mode_season_1,0,FALSE,Not selected,Not selected,0,""
other_work_mode_season_1,1,FALSE,Selected,Selected,1,""
other_work_mode_season_1,995,FALSE,Missing,Missing,995,""
other_work_mode_season_2,0,FALSE,Not selected,Not selected,0,""
other_work_mode_season_2,1,FALSE,Selected,Selected,1,""
other_work_mode_season_2,995,FALSE,Missing,Missing,995,""
other_work_mode_season_3,0,FALSE,Not selected,Not selected,0,""
other_work_mode_season_3,1,FALSE,Selected,Selected,1,""
other_work_mode_season_3,995,FALSE,Missing,Missing,995,""
other_work_mode_season_4,0,FALSE,Not selected,Not selected,0,""
other_work_mode_season_4,1,FALSE,Selected,Selected,1,""
other_work_mode_season_4,995,FALSE,Missing,Missing,995,""
park_location,-9998,FALSE,Missing,Missing,995,""
park_location,1,FALSE,Home driveway/garage (yours or someone else's),Home driveway/garage (yours or someone else's),1,""
park_location,2,FALSE,Someone else's driveway,Someone else's driveway,2,""
park_location,3,TRUE,Parking lot/ramp/garage,Parking lot/ramp/garage,3,""
park_location,4,FALSE,On-street parking,On-street parking,4,""
park_location,5,TRUE,Park & Ride lot,Park & Ride lot,5,""
park_location,6,FALSE,"Didn't park (waited, drop-off, drive-thru, gas)","Didn't park (waited, drop-off, drive-thru, gas)",6,""
park_location,7,TRUE,Other,Other,7,""
park_location,995,FALSE,Missing,Missing,995,""
park_type,-9998,FALSE,Missing,Missing,995,""
park_type,1,TRUE,Free parking (no cost at all),Free parking (no cost at all),1,""
park_type,2,TRUE,Used a parking pass (any type),Used a parking pass (any type),2,""
park_type,3,TRUE,"Paid via cash, credit card, or ticket(s)","Paid via cash, credit card, or ticket(s)",3,""
park_type,4,FALSE,"Parking reservation service (e.g., SpotHero, ParkMobile)","Parking reservation service (e.g., SpotHero, ParkMobile)",4,""
park_type,6,TRUE,Other,Other,6,""
park_type,995,FALSE,Missing,Missing,995,""
park_type,995,FALSE,Missing,Missing,995,""
participate,1,FALSE,Yes,Yes,1,""
participate,2,FALSE,No,No,2,""
participate,995,FALSE,Missing,Missing,995,""
participation_group,1,FALSE,"Signup survey completed via browserMove, Diary completed via browserMove","Online or call center recruit, online or call center diary",1,""
participation_group,2,FALSE,"Signup survey completed via browserMove, Diary completed via call center","Online or call center recruit, online or call center diary",1,""
participation_group,3,FALSE,"Signup survey completed via browserMove, Diary completed via rMove","Online or call center recruit, rMove diary",2,""
participation_group,4,FALSE,"Signup survey completed via call center, Diary completed via browserMove","Online or call center recruit, online or call center diary",1,""
participation_group,5,FALSE,"Signup survey completed via call center, Diary completed via call center","Online or call center recruit, online or call center diary",1,""
participation_group,6,FALSE,"Signup survey completed via call center, Diary completed via rMove","Online or call center recruit, rMove diary",2,""
participation_group,7,FALSE,"Signup survey completed via rMove, Diary completed via browserMove","rMove recruit, online or call center diary",4,""
participation_group,8,FALSE,"Signup survey completed via rMove, Diary completed via call center","rMove recruit, online or call center diary",4,""
participation_group,9,FALSE,"Signup survey completed via rMove, Diary completed via rMove","rMove recruit, rMove diary",5,""
participation_group,10,FALSE,"Online or call center recruit, rMove diary","Online or call center recruit, rMove diary",2,""
participation_group,11,FALSE,"Online or call center recruit, online or call center diary","Online or call center recruit, online or call center diary",1,""
participation_group,995,FALSE,Missing,Missing,995,""
peer_rent_freq,1,FALSE,6-7 days a week,6-7 days a week,1,""
peer_rent_freq,2,FALSE,5 days a week,5 days a week,2,""
peer_rent_freq,3,FALSE,4 days a week,4 days a week,3,""
peer_rent_freq,4,FALSE,2-3 days a week,2-3 days a week,4,""
peer_rent_freq,5,FALSE,1 day a week,1 day a week,5,""
peer_rent_freq,6,FALSE,1-3 days a month,1-3 days a month,6,""
peer_rent_freq,7,FALSE,Less than monthly,Less than monthly,7,""
peer_rent_freq,995,FALSE,Missing,Missing,995,""
person_is_complete_a,0,FALSE,Incomplete,Incomplete,0,""
person_is_complete_a,1,FALSE,Complete,Complete,1,""
person_is_complete_a,995,FALSE,Missing,Missing,995,""
person_is_complete_b,0,FALSE,Incomplete,Incomplete,0,""
person_is_complete_b,1,FALSE,Complete,Complete,1,""
person_is_complete_b,995,FALSE,Missing,Missing,995,""
person_num,1,TRUE,Person 1,Person 1,1,""
person_num,2,TRUE,Person 2,Person 2,2,""
person_num,3,TRUE,Person 3,Person 3,3,""
person_num,4,TRUE,Person 4,Person 4,4,""
person_num,5,TRUE,Person 5,Person 5,5,""
person_num,6,TRUE,Person 6,Person 6,6,""
person_num,7,TRUE,Person 7,Person 7,7,""
person_num,8,TRUE,Person 8,Person 8,8,""
person_num,9,TRUE,Person 9,Person 9,9,""
person_num,10,TRUE,Person 10,Person 10,10,""
person_num,11,TRUE,Person 11,Person 11,11,""
person_num,12,FALSE,Person 12,Person 12,12,""
person_num,13,FALSE,Person 13,Person 13,13,""
person_num,995,FALSE,Missing,Missing,995,""
phone_type,0,FALSE,Does not have a smartphone,Does not have a smartphone,0,""
phone_type,1,FALSE,Has an Android phone,Has an Android phone,1,""
phone_type,2,FALSE,Has an Apple iPhone,Has an Apple iPhone,2,""
phone_type,3,FALSE,Has other smartphone type,Has other smartphone type,3,""
phone_type,995,FALSE,Missing,Missing,995,""
prev_home_mn,1,FALSE,"Yes, previous home was in Minnesota","Yes, previous home was in Minnesota",1,""
prev_home_mn,2,FALSE,"No, previous home was in another state","No, previous home was in another state",2,""
prev_home_mn,995,FALSE,Missing,Missing,995,""
prev_rent_own,1,FALSE,Owned/paid mortgage,Owned/paid mortgage,1,""
prev_rent_own,2,FALSE,Rent,Rent,2,""
prev_rent_own,3,FALSE,Provided by job or military,Provided by job or military,3,""
prev_rent_own,4,FALSE,"Provided by family, relative, or friend without payment or rent","Provided by family, relative, or friend without payment or rent",4,""
prev_rent_own,995,FALSE,Missing,Missing,995,""
prev_rent_own,997,FALSE,Other,Other,997,""
prev_rent_own,999,FALSE,Prefer not to answer,Prefer not to answer,999,""
prev_res_factors_1,0,FALSE,Not selected,Not selected,0,""
prev_res_factors_1,1,FALSE,Selected,Selected,1,""
prev_res_factors_1,995,FALSE,Missing,Missing,995,""
prev_res_factors_10,0,FALSE,Not selected,Not selected,0,""
prev_res_factors_10,1,FALSE,Selected,Selected,1,""
prev_res_factors_10,995,FALSE,Missing,Missing,995,""
prev_res_factors_11,0,FALSE,Not selected,Not selected,0,""
prev_res_factors_11,1,FALSE,Selected,Selected,1,""
prev_res_factors_11,995,FALSE,Missing,Missing,995,""
prev_res_factors_12,0,FALSE,Not selected,Not selected,0,""
prev_res_factors_12,1,FALSE,Selected,Selected,1,""
prev_res_factors_12,995,FALSE,Missing,Missing,995,""
prev_res_factors_13,0,FALSE,Not selected,Not selected,0,""
prev_res_factors_13,1,FALSE,Selected,Selected,1,""
prev_res_factors_13,995,FALSE,Missing,Missing,995,""
prev_res_factors_2,0,FALSE,Not selected,Not selected,0,""
prev_res_factors_2,1,FALSE,Selected,Selected,1,""
prev_res_factors_2,995,FALSE,Missing,Missing,995,""
prev_res_factors_3,0,FALSE,Not selected,Not selected,0,""
prev_res_factors_3,1,FALSE,Selected,Selected,1,""
prev_res_factors_3,995,FALSE,Missing,Missing,995,""
prev_res_factors_4,0,FALSE,Not selected,Not selected,0,""
prev_res_factors_4,1,FALSE,Selected,Selected,1,""
prev_res_factors_4,995,FALSE,Missing,Missing,995,""
prev_res_factors_5,0,FALSE,Not selected,Not selected,0,""
prev_res_factors_5,1,FALSE,Selected,Selected,1,""
prev_res_factors_5,995,FALSE,Missing,Missing,995,""
prev_res_factors_6,0,FALSE,Not selected,Not selected,0,""
prev_res_factors_6,1,FALSE,Selected,Selected,1,""
prev_res_factors_6,995,FALSE,Missing,Missing,995,""
prev_res_factors_7,0,FALSE,Not selected,Not selected,0,""
prev_res_factors_7,1,FALSE,Selected,Selected,1,""
prev_res_factors_7,995,FALSE,Missing,Missing,995,""
prev_res_factors_8,0,FALSE,Not selected,Not selected,0,""
prev_res_factors_8,1,FALSE,Selected,Selected,1,""
prev_res_factors_8,995,FALSE,Missing,Missing,995,""
prev_res_factors_9,0,FALSE,Not selected,Not selected,0,""
prev_res_factors_9,1,FALSE,Selected,Selected,1,""
prev_res_factors_9,995,FALSE,Missing,Missing,995,""
prev_res_factors_997,0,FALSE,Not selected,Not selected,0,""
prev_res_factors_997,1,FALSE,Selected,Selected,1,""
prev_res_factors_997,995,FALSE,Missing,Missing,995,""
prev_res_factors_999,0,FALSE,Not selected,Not selected,0,""
prev_res_factors_999,1,FALSE,Selected,Selected,1,""
prev_res_factors_999,995,FALSE,Missing,Missing,995,""
prev_res_type,1,FALSE,Single-family house (detached house),Single-family house (detached house),1,""
prev_res_type,2,FALSE,Single-family house attached to one or more houses (rowhouse or townhouse),Single-family house attached to one or more houses (rowhouse or townhouse),2,""
prev_res_type,3,FALSE,"Building with 2-4 units (duplexes, triplexes, quads)","Building with 2-4 units (duplexes, triplexes, quads)",3,""
prev_res_type,4,FALSE,Building with 5-49 apartments/condos,Building with 5-49 apartments/condos,4,""
prev_res_type,5,FALSE,Building with 50 or more apartments/condos,Building with 50 or more apartments/condos,5,""
prev_res_type,6,FALSE,Senior or age-restricted apartments/condos,Senior or age-restricted apartments/condos,6,""
prev_res_type,7,FALSE,Manufactured home/mobile home/trailer,Manufactured home/mobile home/trailer,7,""
prev_res_type,8,FALSE,"Dorm, group quarters, or institutional housing","Dorm, group quarters, or institutional housing",8,""
prev_res_type,9,FALSE,Assisted living or nursing home,Assisted living or nursing home,9,""
prev_res_type,10,FALSE,Unhoused,Unhoused,10,""
prev_res_type,995,FALSE,Missing,Missing,995,""
prev_res_type,997,FALSE,Other,Other,997,""
proxy_complete,0,FALSE,Not complete,Not complete,0,""
proxy_complete,1,FALSE,Complete,Complete,1,""
proxy_complete,995,FALSE,Missing,Missing,995,""
proxy_reported,0,FALSE,No,No,0,""
proxy_reported,1,FALSE,Yes,Yes,1,""
race_1,-9998,FALSE,Missing,Missing,995,""
race_1,0,FALSE,Not selected,Not selected,0,""
race_1,1,FALSE,Selected,Selected,1,""
race_1,995,FALSE,Missing,Missing,995,""
race_1,999,FALSE,Prefer not to answer,Prefer not to answer,999,""
race_2,-9998,FALSE,Missing,Missing,995,""
race_2,0,FALSE,Not selected,Not selected,0,""
race_2,1,FALSE,Selected,Selected,1,""
race_2,995,FALSE,Missing,Missing,995,""
race_2,999,FALSE,Prefer not to answer,Prefer not to answer,999,""
race_3,-9998,FALSE,Missing,Missing,995,""
race_3,0,FALSE,Not selected,Not selected,0,""
race_3,1,FALSE,Selected,Selected,1,""
race_3,995,FALSE,Missing,Missing,995,""
race_3,999,FALSE,Prefer not to answer,Prefer not to answer,999,""
race_4,-9998,FALSE,Missing,Missing,995,""
race_4,0,FALSE,Not selected,Not selected,0,""
race_4,1,FALSE,Selected,Selected,1,""
race_4,995,FALSE,Missing,Missing,995,""
race_4,999,FALSE,Prefer not to answer,Prefer not to answer,999,""
race_5,-9998,FALSE,Missing,Missing,995,""
race_5,0,FALSE,Not selected,Not selected,0,""
race_5,1,FALSE,Selected,Selected,1,""
race_5,995,FALSE,Missing,Missing,995,""
race_5,999,FALSE,Prefer not to answer,Prefer not to answer,999,""
race_6,-9998,FALSE,Missing,Missing,995,""
race_6,0,FALSE,Not selected,Not selected,0,""
race_6,1,FALSE,Selected,Selected,1,""
race_6,995,FALSE,Missing,Missing,995,""
race_6,999,FALSE,Prefer not to answer,Prefer not to answer,999,""
race_7,-9998,FALSE,Missing,Missing,995,""
race_7,0,FALSE,Not selected,Not selected,0,""
race_7,1,FALSE,Selected,Selected,1,""
race_7,995,FALSE,Missing,Missing,995,""
race_7,999,FALSE,Prefer not to answer,Prefer not to answer,999,""
race_997,-9998,FALSE,Missing,Missing,995,""
race_997,0,FALSE,Not selected,Not selected,0,""
race_997,1,FALSE,Selected,Selected,1,""
race_997,995,FALSE,Missing,Missing,995,""
race_997,999,FALSE,Prefer not to answer,Prefer not to answer,999,""
race_998,0,FALSE,Not selected,Not selected,0,""
race_998,1,FALSE,Selected,Selected,1,""
race_998,995,FALSE,Missing,Missing,995,To derive this column in 2019 search for any race number that is equal to 999
race_999,0,FALSE,Not selected,Not selected,0,""
race_999,1,FALSE,Selected,Selected,1,""
race_999,995,FALSE,Missing,Missing,995,""
race_asian_1,0,FALSE,Not selected,Not selected,0,""
race_asian_1,1,FALSE,Selected,Selected,1,""
race_asian_1,995,FALSE,Missing,Missing,995,""
race_asian_2,0,FALSE,Not selected,Not selected,0,""
race_asian_2,1,FALSE,Selected,Selected,1,""
race_asian_2,995,FALSE,Missing,Missing,995,""
race_asian_3,0,FALSE,Not selected,Not selected,0,""
race_asian_3,1,FALSE,Selected,Selected,1,""
race_asian_3,995,FALSE,Missing,Missing,995,""
race_asian_4,0,FALSE,Not selected,Not selected,0,""
race_asian_4,1,FALSE,Selected,Selected,1,""
race_asian_4,995,FALSE,Missing,Missing,995,""
race_asian_5,0,FALSE,Not selected,Not selected,0,""
race_asian_5,1,FALSE,Selected,Selected,1,""
race_asian_5,995,FALSE,Missing,Missing,995,""
race_asian_6,0,FALSE,Not selected,Not selected,0,""
race_asian_6,1,FALSE,Selected,Selected,1,""
race_asian_6,995,FALSE,Missing,Missing,995,""
race_asian_7,0,FALSE,Not selected,Not selected,0,""
race_asian_7,1,FALSE,Selected,Selected,1,""
race_asian_7,995,FALSE,Missing,Missing,995,""
race_asian_997,0,FALSE,Not selected,Not selected,0,""
race_asian_997,1,FALSE,Selected,Selected,1,""
race_asian_997,995,FALSE,Missing,Missing,995,""
race_asian_998,0,FALSE,Not selected,Not selected,0,""
race_asian_998,1,FALSE,Selected,Selected,1,""
race_asian_998,995,FALSE,Missing,Missing,995,""
race_asian_999,0,FALSE,Not selected,Not selected,0,""
race_asian_999,1,FALSE,Selected,Selected,1,""
race_asian_999,995,FALSE,Missing,Missing,995,""
race_black_african_1,0,FALSE,Not selected,Not selected,0,""
race_black_african_1,1,FALSE,Selected,Selected,1,""
race_black_african_1,995,FALSE,Missing,Missing,995,""
race_black_african_2,0,FALSE,Not selected,Not selected,0,""
race_black_african_2,1,FALSE,Selected,Selected,1,""
race_black_african_2,995,FALSE,Missing,Missing,995,""
race_black_african_3,0,FALSE,Not selected,Not selected,0,""
race_black_african_3,1,FALSE,Selected,Selected,1,""
race_black_african_3,995,FALSE,Missing,Missing,995,""
race_black_african_4,0,FALSE,Not selected,Not selected,0,""
race_black_african_4,1,FALSE,Selected,Selected,1,""
race_black_african_4,995,FALSE,Missing,Missing,995,""
race_black_african_5,0,FALSE,Not selected,Not selected,0,""
race_black_african_5,1,FALSE,Selected,Selected,1,""
race_black_african_5,995,FALSE,Missing,Missing,995,""
race_black_african_997,0,FALSE,Not selected,Not selected,0,""
race_black_african_997,1,FALSE,Selected,Selected,1,""
race_black_african_997,995,FALSE,Missing,Missing,995,""
race_black_african_998,0,FALSE,Not selected,Not selected,0,""
race_black_african_998,1,FALSE,Selected,Selected,1,""
race_black_african_998,995,FALSE,Missing,Missing,995,""
race_black_african_999,0,FALSE,Not selected,Not selected,0,""
race_black_african_999,1,FALSE,Selected,Selected,1,""
race_black_african_999,995,FALSE,Missing,Missing,995,""
race_hispanic_1,0,FALSE,Not selected,Not selected,0,""
race_hispanic_1,1,FALSE,Selected,Selected,1,""
race_hispanic_1,995,FALSE,Missing,Missing,995,""
race_hispanic_2,0,FALSE,Not selected,Not selected,0,""
race_hispanic_2,1,FALSE,Selected,Selected,1,""
race_hispanic_2,995,FALSE,Missing,Missing,995,""
race_hispanic_3,0,FALSE,Not selected,Not selected,0,""
race_hispanic_3,1,FALSE,Selected,Selected,1,""
race_hispanic_3,995,FALSE,Missing,Missing,995,""
race_hispanic_996,0,FALSE,Not selected,Not selected,0,""
race_hispanic_996,1,FALSE,Selected,Selected,1,""
race_hispanic_996,995,FALSE,Missing,Missing,995,""
race_hispanic_997,0,FALSE,Not selected,Not selected,0,""
race_hispanic_997,1,FALSE,Selected,Selected,1,""
race_hispanic_997,995,FALSE,Missing,Missing,995,""
race_hispanic_998,0,FALSE,Not selected,Not selected,0,""
race_hispanic_998,1,FALSE,Selected,Selected,1,""
race_hispanic_998,995,FALSE,Missing,Missing,995,""
race_hispanic_999,0,FALSE,Not selected,Not selected,0,""
race_hispanic_999,1,FALSE,Selected,Selected,1,""
race_hispanic_999,995,FALSE,Missing,Missing,995,""
rail_payment_type,-9998,FALSE,Missing,Missing,995,""
rail_payment_type,1,FALSE,Free (no cost at all),Free (no cost at all),1,""
rail_payment_type,2,FALSE,Used transit Go-To card or pass (any type),Used transit Go-To card or pass (any type),2,""
rail_payment_type,3,FALSE,"Cash, credit card, token(s), or ticket(s)","Cash, credit card, token(s), or ticket(s)",3,""
rail_payment_type,4,FALSE,Don't know,Don't know,4,""
rail_payment_type,995,FALSE,Missing,Missing,995,""
relationship,0,TRUE,Self,Self,0,""
relationship,1,FALSE,"Spouse, partner","Spouse, partner",1,""
relationship,2,FALSE,"Child, child in-law","Child, child in-law",2,""
relationship,3,FALSE,"Parent, parent in-law","Parent, parent in-law",3,""
relationship,4,FALSE,"Sibling, sibling in-law","Sibling, sibling in-law",4,""
relationship,5,FALSE,"Other relative (grandchild, cousin)","Other relative (grandchild, cousin)",5,""
relationship,6,FALSE,"Nonrelative (e.g., friend, roommate, household help)","Nonrelative (e.g., friend, roommate, household help)",6,""
relationship,7,FALSE,Roommate/friend,"Nonrelative (e.g., friend, roommate, household help)",6,""
relationship,8,FALSE,Household help,"Nonrelative (e.g., friend, roommate, household help)",6,""
relationship,9,FALSE,Unmarried partner,"Nonrelative (e.g., friend, roommate, household help)",6,""
relationship,995,FALSE,Missing,Missing,995,""
relationship,997,FALSE,Other nonrelative,"Nonrelative (e.g., friend, roommate, household help)",6,""
remote_class_freq,1,FALSE,6-7 days a week,6-7 days a week,1,""
remote_class_freq,2,FALSE,5 days a week,5 days a week,2,""
remote_class_freq,3,FALSE,4 days a week,4 days a week,3,""
remote_class_freq,4,FALSE,3 days,2-3 days a week,4,""
remote_class_freq,5,FALSE,2-3 days a week,2-3 days a week,4,""
remote_class_freq,6,FALSE,2 days,2-3 days a week,4,""
remote_class_freq,7,FALSE,1 day,1 day a week,5,""
remote_class_freq,8,FALSE,1-3 days a month,1-3 days a month,6,""
remote_class_freq,9,FALSE,Less than monthly,Less than monthly,7,""
remote_class_freq,995,FALSE,Missing,Missing,995,""
remote_class_freq,996,FALSE,Never,Never,996,""
res_duration,1,TRUE,Less than a year,Less than a year,1,""
res_duration,2,TRUE,Between 1 and 2 years,Between 1 and 2 years,2,""
res_duration,3,TRUE,Between 2 and 3 years,Between 2 and 3 years,3,""
res_duration,4,TRUE,Between 3 and 5 years,Between 3 and 5 years,4,""
res_duration,5,TRUE,Between 5 and 10 years,Between 5 and 10 years,5,""
res_duration,6,TRUE,Between 10 and 20 years,Between 10 and 20 years,6,""
res_duration,7,TRUE,More than 20 years,More than 20 years,7,""
res_duration,995,FALSE,Missing,Missing,995,""
res_months,-9998,FALSE,Missing,Missing,995,""
res_months,1,TRUE,12 months (all year long),12 months (all year long),1,""
res_months,2,TRUE,10-11 months,10-11 months,2,""
res_months,3,TRUE,7-9 months,7-9 months,3,""
res_months,4,TRUE,4-6 months,4-6 months,4,""
res_months,5,TRUE,Up to 3 months of the year,Up to 3 months of the year,5,""
res_months,995,FALSE,Missing,Missing,995,""
res_months,999,TRUE,Prefer not to answer,Prefer not to answer,999,""
res_type,1,TRUE,Single-family house (detached house),Single-family house (detached house),1,""
res_type,2,FALSE,Single-family house attached to one or more houses (rowhouse or townhouse),Single-family house attached to one or more houses (rowhouse or townhouse),2,""
res_type,3,TRUE,"Building with 2-4 units (duplexes, triplexes, quads)","Building with 2-4 units (duplexes, triplexes, quads)",3,""
res_type,4,FALSE,Building with 5-49 apartments/condos,Building with 5-49 apartments/condos,4,""
res_type,5,FALSE,Building with 50 or more apartments/condos,Building with 50 or more apartments/condos,5,""
res_type,6,FALSE,Senior or age-restricted apartments/condos,Senior or age-restricted apartments/condos,6,""
res_type,7,TRUE,Manufactured home/mobile home/trailer,Manufactured home/mobile home/trailer,7,""
res_type,8,FALSE,"Dorm, group quarters, or institutional housing","Dorm, group quarters, or institutional housing",8,""
res_type,9,FALSE,Assisted living or nursing home,Other,9,""
res_type,10,FALSE,Unhousing,Other,9,""
res_type,995,FALSE,Missing,Missing,995,""
res_type,997,FALSE,Other,Other,9,""
residence_rent_own,1,FALSE,Own/buying (paying a mortgage),Own/buying (paying a mortgage),1,""
residence_rent_own,2,TRUE,Rent,Rent,2,""
residence_rent_own,3,TRUE,Housing provided by job or military,Housing provided by job or military,3,""
residence_rent_own,4,FALSE,"Provided by family, relative, or friend without payment or rent","Provided by family, relative, or friend without payment or rent",4,""
residence_rent_own,995,FALSE,Missing,Missing,995,""
residence_rent_own,997,TRUE,Other,Other,997,""
residence_rent_own,999,TRUE,Prefer not to answer,Prefer not to answer,999,""
sample_home_county,995,FALSE,Missing,Missing,995,""
sample_home_county,27001,FALSE,"Aitkin County, MN","Aitkin County, MN",27001,""
sample_home_county,27003,FALSE,"Anoka County, MN","Anoka County, MN",27003,""
sample_home_county,27005,FALSE,"Becker County, MN","Becker County, MN",27005,""
sample_home_county,27007,FALSE,"Beltrami County, MN","Beltrami County, MN",27007,""
sample_home_county,27009,FALSE,"Benton County, MN","Benton County, MN",27009,""
sample_home_county,27011,FALSE,"Big Stone County, MN","Big Stone County, MN",27011,""
sample_home_county,27013,FALSE,"Blue Earth County, MN","Blue Earth County, MN",27013,""
sample_home_county,27015,FALSE,"Brown County, MN","Brown County, MN",27015,""
sample_home_county,27017,FALSE,"Carlton County, MN","Carlton County, MN",27017,""
sample_home_county,27019,FALSE,"Carver County, MN","Carver County, MN",27019,""
sample_home_county,27021,FALSE,"Cass County, MN","Cass County, MN",27021,""
sample_home_county,27023,FALSE,"Chippewa County, MN","Chippewa County, MN",27023,""
sample_home_county,27025,FALSE,"Chisago County, MN","Chisago County, MN",27025,""
sample_home_county,27027,FALSE,"Clay County, MN","Clay County, MN",27027,""
sample_home_county,27029,FALSE,"Clearwater County, MN","Clearwater County, MN",27029,""
sample_home_county,27031,FALSE,"Cook County, MN","Cook County, MN",27031,""
sample_home_county,27033,FALSE,"Cottonwood County, MN","Cottonwood County, MN",27033,""
sample_home_county,27035,FALSE,"Crow Wing County, MN","Crow Wing County, MN",27035,""
sample_home_county,27037,FALSE,"Dakota County, MN","Dakota County, MN",27037,""
sample_home_county,27039,FALSE,"Dodge County, MN","Dodge County, MN",27039,""
sample_home_county,27041,FALSE,"Douglas County, MN","Douglas County, MN",27041,""
sample_home_county,27043,FALSE,"Faribault County, MN","Faribault County, MN",27043,""
sample_home_county,27045,FALSE,"Fillmore County, MN","Fillmore County, MN",27045,""
sample_home_county,27047,FALSE,"Freeborn County, MN","Freeborn County, MN",27047,""
sample_home_county,27049,FALSE,"Goodhue County, MN","Goodhue County, MN",27049,""
sample_home_county,27051,FALSE,"Grant County, MN","Grant County, MN",27051,""
sample_home_county,27053,FALSE,"Hennepin County, MN","Hennepin County, MN",27053,""
sample_home_county,27055,FALSE,"Houston County, MN","Houston County, MN",27055,""
sample_home_county,27057,FALSE,"Hubbard County, MN","Hubbard County, MN",27057,""
sample_home_county,27059,FALSE,"Isanti County, MN","Isanti County, MN",27059,""
sample_home_county,27061,FALSE,"Itasca County, MN","Itasca County, MN",27061,""
sample_home_county,27063,FALSE,"Jackson County, MN","Jackson County, MN",27063,""
sample_home_county,27065,FALSE,"Kanabec County, MN","Kanabec County, MN",27065,""
sample_home_county,27067,FALSE,"Kandiyohi County, MN","Kandiyohi County, MN",27067,""
sample_home_county,27069,FALSE,"Kittson County, MN","Kittson County, MN",27069,""
sample_home_county,27071,FALSE,"Koochiching County, MN","Koochiching County, MN",27071,""
sample_home_county,27073,FALSE,"Lac qui Parle County, MN","Lac qui Parle County, MN",27073,""
sample_home_county,27075,FALSE,"Lake County, MN","Lake County, MN",27075,""
sample_home_county,27077,FALSE,"Lake of the Woods County, MN","Lake of the Woods County, MN",27077,""
sample_home_county,27079,FALSE,"Le Sueur County, MN","Le Sueur County, MN",27079,""
sample_home_county,27081,FALSE,"Lincoln County, MN","Lincoln County, MN",27081,""
sample_home_county,27083,FALSE,"Lyon County, MN","Lyon County, MN",27083,""
sample_home_county,27085,FALSE,"McLeod County, MN","McLeod County, MN",27085,""
sample_home_county,27087,FALSE,"Mahnomen County, MN","Mahnomen County, MN",27087,""
sample_home_county,27089,FALSE,"Marshall County, MN","Marshall County, MN",27089,""
sample_home_county,27091,FALSE,"Martin County, MN","Martin County, MN",27091,""
sample_home_county,27093,FALSE,"Meeker County, MN","Meeker County, MN",27093,""
sample_home_county,27095,FALSE,"Mille Lacs County, MN","Mille Lacs County, MN",27095,""
sample_home_county,27097,FALSE,"Morrison County, MN","Morrison County, MN",27097,""
sample_home_county,27099,FALSE,"Mower County, MN","Mower County, MN",27099,""
sample_home_county,27101,FALSE,"Murray County, MN","Murray County, MN",27101,""
sample_home_county,27103,FALSE,"Nicollet County, MN","Nicollet County, MN",27103,""
sample_home_county,27105,FALSE,"Nobles County, MN","Nobles County, MN",27105,""
sample_home_county,27107,FALSE,"Norman County, MN","Norman County, MN",27107,""
sample_home_county,27109,FALSE,"Olmsted County, MN","Olmsted County, MN",27109,""
sample_home_county,27111,FALSE,"Otter Tail County, MN","Otter Tail County, MN",27111,""
sample_home_county,27113,FALSE,"Pennington County, MN","Pennington County, MN",27113,""
sample_home_county,27115,FALSE,"Pine County, MN","Pine County, MN",27115,""
sample_home_county,27117,FALSE,"Pipestone County, MN","Pipestone County, MN",27117,""
sample_home_county,27119,FALSE,"Polk County, MN","Polk County, MN",27119,""
sample_home_county,27121,FALSE,"Pope County, MN","Pope County, MN",27121,""
sample_home_county,27123,FALSE,"Ramsey County, MN","Ramsey County, MN",27123,""
sample_home_county,27125,FALSE,"Red Lake County, MN","Red Lake County, MN",27125,""
sample_home_county,27127,FALSE,"Redwood County, MN","Redwood County, MN",27127,""
sample_home_county,27129,FALSE,"Renville County, MN","Renville County, MN",27129,""
sample_home_county,27131,FALSE,"Rice County, MN","Rice County, MN",27131,""
sample_home_county,27133,FALSE,"Rock County, MN","Rock County, MN",27133,""
sample_home_county,27135,FALSE,"Roseau County, MN","Roseau County, MN",27135,""
sample_home_county,27137,FALSE,"St Louis County, MN","St Louis County, MN",27137,""
sample_home_county,27139,FALSE,"Scott County, MN","Scott County, MN",27139,""
sample_home_county,27141,FALSE,"Sherburne County, MN","Sherburne County, MN",27141,""
sample_home_county,27143,FALSE,"Sibley County, MN","Sibley County, MN",27143,""
sample_home_county,27145,FALSE,"Stearns County, MN","Stearns County, MN",27145,""
sample_home_county,27147,FALSE,"Steele County, MN","Steele County, MN",27147,""
sample_home_county,27149,FALSE,"Stevens County, MN","Stevens County, MN",27149,""
sample_home_county,27151,FALSE,"Swift County, MN","Swift County, MN",27151,""
sample_home_county,27153,FALSE,"Todd County, MN","Todd County, MN",27153,""
sample_home_county,27155,FALSE,"Traverse County, MN","Traverse County, MN",27155,""
sample_home_county,27157,FALSE,"Wabasha County, MN","Wabasha County, MN",27157,""
sample_home_county,27159,FALSE,"Wadena County, MN","Wadena County, MN",27159,""
sample_home_county,27161,FALSE,"Waseca County, MN","Waseca County, MN",27161,""
sample_home_county,27163,FALSE,"Washington County, MN","Washington County, MN",27163,""
sample_home_county,27165,FALSE,"Watonwan County, MN","Watonwan County, MN",27165,""
sample_home_county,27167,FALSE,"Wilkin County, MN","Wilkin County, MN",27167,""
sample_home_county,27169,FALSE,"Winona County, MN","Winona County, MN",27169,""
sample_home_county,27171,FALSE,"Wright County, MN","Wright County, MN",27171,""
sample_home_county,27173,FALSE,"Yellow Medicine County, MN","Yellow Medicine County, MN",27173,""
sample_home_county,55001,FALSE,"Adams County, WI","Adams County, WI",55001,""
sample_home_county,55003,FALSE,"Ashland County, WI","Ashland County, WI",55003,""
sample_home_county,55005,FALSE,"Barron County, WI","Barron County, WI",55005,""
sample_home_county,55007,FALSE,"Bayfield County, WI","Bayfield County, WI",55007,""
sample_home_county,55009,FALSE,"Brown County, WI","Brown County, WI",55009,""
sample_home_county,55011,FALSE,"Buffalo County, WI","Buffalo County, WI",55011,""
sample_home_county,55013,FALSE,"Burnett County, WI","Burnett County, WI",55013,""
sample_home_county,55015,FALSE,"Calumet County, WI","Calumet County, WI",55015,""
sample_home_county,55017,FALSE,"Chippewa County, WI","Chippewa County, WI",55017,""
sample_home_county,55019,FALSE,"Clark County, WI","Clark County, WI",55019,""
sample_home_county,55021,FALSE,"Columbia County, WI","Columbia County, WI",55021,""
sample_home_county,55023,FALSE,"Crawford County, WI","Crawford County, WI",55023,""
sample_home_county,55025,FALSE,"Dane County, WI","Dane County, WI",55025,""
sample_home_county,55027,FALSE,"Dodge County, WI","Dodge County, WI",55027,""
sample_home_county,55029,FALSE,"Door County, WI","Door County, WI",55029,""
sample_home_county,55031,FALSE,"Douglas County, WI","Douglas County, WI",55031,""
sample_home_county,55033,FALSE,"Dunn County, WI","Dunn County, WI",55033,""
sample_home_county,55035,FALSE,"Eau Claire County, WI","Eau Claire County, WI",55035,""
sample_home_county,55037,FALSE,"Florence County, WI","Florence County, WI",55037,""
sample_home_county,55039,FALSE,"Fond du Lac County, WI","Fond du Lac County, WI",55039,""
sample_home_county,55041,FALSE,"Forest County, WI","Forest County, WI",55041,""
sample_home_county,55043,FALSE,"Grant County, WI","Grant County, WI",55043,""
sample_home_county,55045,FALSE,"Green County, WI","Green County, WI",55045,""
sample_home_county,55047,FALSE,"Green Lake County, WI","Green Lake County, WI",55047,""
sample_home_county,55049,FALSE,"Iowa County, WI","Iowa County, WI",55049,""
sample_home_county,55051,FALSE,"Iron County, WI","Iron County, WI",55051,""
sample_home_county,55053,FALSE,"Jackson County, WI","Jackson County, WI",55053,""
sample_home_county,55055,FALSE,"Jefferson County, WI","Jefferson County, WI",55055,""
sample_home_county,55057,FALSE,"Juneau County, WI","Juneau County, WI",55057,""
sample_home_county,55059,FALSE,"Kenosha County, WI","Kenosha County, WI",55059,""
sample_home_county,55061,FALSE,"Kewaunee County, WI","Kewaunee County, WI",55061,""
sample_home_county,55063,FALSE,"La Crosse County, WI","La Crosse County, WI",55063,""
sample_home_county,55065,FALSE,"Lafayette County, WI","Lafayette County, WI",55065,""
sample_home_county,55067,FALSE,"Langlade County, WI","Langlade County, WI",55067,""
sample_home_county,55069,FALSE,"Lincoln County, WI","Lincoln County, WI",55069,""
sample_home_county,55071,FALSE,"Manitowoc County, WI","Manitowoc County, WI",55071,""
sample_home_county,55073,FALSE,"Marathon County, WI","Marathon County, WI",55073,""
sample_home_county,55075,FALSE,"Marinette County, WI","Marinette County, WI",55075,""
sample_home_county,55077,FALSE,"Marquette County, WI","Marquette County, WI",55077,""
sample_home_county,55078,FALSE,"Menominee County, WI","Menominee County, WI",55078,""
sample_home_county,55079,FALSE,"Milwaukee County, WI","Milwaukee County, WI",55079,""
sample_home_county,55081,FALSE,"Monroe County, WI","Monroe County, WI",55081,""
sample_home_county,55083,FALSE,"Oconto County, WI","Oconto County, WI",55083,""
sample_home_county,55085,FALSE,"Oneida County, WI","Oneida County, WI",55085,""
sample_home_county,55087,FALSE,"Outagamie County, WI","Outagamie County, WI",55087,""
sample_home_county,55089,FALSE,"Ozaukee County, WI","Ozaukee County, WI",55089,""
sample_home_county,55091,FALSE,"Pepin County, WI","Pepin County, WI",55091,""
sample_home_county,55093,FALSE,"Pierce County, WI","Pierce County, WI",55093,""
sample_home_county,55095,FALSE,"Polk County, WI","Polk County, WI",55095,""
sample_home_county,55097,FALSE,"Portage County, WI","Portage County, WI",55097,""
sample_home_county,55099,FALSE,"Price County, WI","Price County, WI",55099,""
sample_home_county,55101,FALSE,"Racine County, WI","Racine County, WI",55101,""
sample_home_county,55103,FALSE,"Richland County, WI","Richland County, WI",55103,""
sample_home_county,55105,FALSE,"Rock County, WI","Rock County, WI",55105,""
sample_home_county,55107,FALSE,"Rusk County, WI","Rusk County, WI",55107,""
sample_home_county,55109,FALSE,"St Croix County, WI","St Croix County, WI",55109,""
sample_home_county,55111,FALSE,"Sauk County, WI","Sauk County, WI",55111,""
sample_home_county,55113,FALSE,"Sawyer County, WI","Sawyer County, WI",55113,""
sample_home_county,55115,FALSE,"Shawano County, WI","Shawano County, WI",55115,""
sample_home_county,55117,FALSE,"Sheboygan County, WI","Sheboygan County, WI",55117,""
sample_home_county,55119,FALSE,"Taylor County, WI","Taylor County, WI",55119,""
sample_home_county,55121,FALSE,"Trempealeau County, WI","Trempealeau County, WI",55121,""
sample_home_county,55123,FALSE,"Vernon County, WI","Vernon County, WI",55123,""
sample_home_county,55125,FALSE,"Vilas County, WI","Vilas County, WI",55125,""
sample_home_county,55127,FALSE,"Walworth County, WI","Walworth County, WI",55127,""
sample_home_county,55129,FALSE,"Washburn County, WI","Washburn County, WI",55129,""
sample_home_county,55131,FALSE,"Washington County, WI","Washington County, WI",55131,""
sample_home_county,55133,FALSE,"Waukesha County, WI","Waukesha County, WI",55133,""
sample_home_county,55135,FALSE,"Waupaca County, WI","Waupaca County, WI",55135,""
sample_home_county,55137,FALSE,"Waushara County, WI","Waushara County, WI",55137,""
sample_home_county,55139,FALSE,"Winnebago County, WI","Winnebago County, WI",55139,""
sample_home_county,55141,FALSE,"Wood County, WI","Wood County, WI",55141,""
sample_home_state,27,FALSE,Minnesota,Minnesota,27,""
sample_home_state,55,FALSE,Wisconsin,Wisconsin,55,""
sample_segment,1,FALSE,Core Urban 1,Core Urban BGs,1,""
sample_segment,2,FALSE,Core Urban 2,Core Urban BGs,1,""
sample_segment,3,FALSE,Core Urban 3,Core Urban BGs,1,""
sample_segment,4,FALSE,Core Urban 4,Core Urban BGs,1,""
sample_segment,5,FALSE,Core Urban 5,Core Urban BGs,1,""
sample_segment,6,FALSE,Core Urban BGs,Core Urban BGs,1,""
sample_segment,7,FALSE,Core Rural,Core Rural,2,""
sample_segment,8,FALSE,Rural Ring,Rural Ring,3,""
sample_segment,9,FALSE,Supplemental,Supplemental,4,""
sample_segment,10,FALSE,Hard-to-reach BGs,Hard-to-reach BGs,5,""
sample_segment,11,FALSE,Outreach,Outreach,6,""
sample_segment,995,FALSE,Missing,Missing,995,""
school_attend,1,FALSE,"All in-person classes at school (e.g., 4 or 5 days/week)","All in-person classes at school (e.g., 4 or 5 days/week)",1,""
school_attend,2,FALSE,"Partially in-person at school (e.g., only mornings/afternoons or 1-3 days/week)","Partially in-person at school (e.g., only mornings/afternoons or 1-3 days/week)",2,""
school_attend,3,FALSE,All remote/online classes (no in-person classes),All remote/online classes (no in-person classes),3,""
school_attend,995,FALSE,Missing,Missing,995,""
school_bus,-9998,FALSE,Missing,Missing,995,""
school_bus,1,TRUE,Yes,Yes,1,""
school_bus,2,TRUE,No,No,2,""
school_bus,995,FALSE,Missing,Missing,995,""
school_bus,998,FALSE,Don't know,Don't know,998,""
school_county,995,TRUE,Missing,Missing,995,""
school_county,27001,TRUE,"Aitkin County, MN","Aitkin County, MN",27001,""
school_county,27003,TRUE,"Anoka County, MN","Anoka County, MN",27003,""
school_county,27005,TRUE,"Becker County, MN","Becker County, MN",27005,""
school_county,27007,TRUE,"Beltrami County, MN","Beltrami County, MN",27007,""
school_county,27009,TRUE,"Benton County, MN","Benton County, MN",27009,""
school_county,27011,TRUE,"Big Stone County, MN","Big Stone County, MN",27011,""
school_county,27013,TRUE,"Blue Earth County, MN","Blue Earth County, MN",27013,""
school_county,27015,TRUE,"Brown County, MN","Brown County, MN",27015,""
school_county,27017,TRUE,"Carlton County, MN","Carlton County, MN",27017,""
school_county,27019,TRUE,"Carver County, MN","Carver County, MN",27019,""
school_county,27021,TRUE,"Cass County, MN","Cass County, MN",27021,""
school_county,27023,TRUE,"Chippewa County, MN","Chippewa County, MN",27023,""
school_county,27025,TRUE,"Chisago County, MN","Chisago County, MN",27025,""
school_county,27027,TRUE,"Clay County, MN","Clay County, MN",27027,""
school_county,27029,TRUE,"Clearwater County, MN","Clearwater County, MN",27029,""
school_county,27031,TRUE,"Cook County, MN","Cook County, MN",27031,""
school_county,27033,TRUE,"Cottonwood County, MN","Cottonwood County, MN",27033,""
school_county,27035,TRUE,"Crow Wing County, MN","Crow Wing County, MN",27035,""
school_county,27037,TRUE,"Dakota County, MN","Dakota County, MN",27037,""
school_county,27039,TRUE,"Dodge County, MN","Dodge County, MN",27039,""
school_county,27041,TRUE,"Douglas County, MN","Douglas County, MN",27041,""
school_county,27043,TRUE,"Faribault County, MN","Faribault County, MN",27043,""
school_county,27045,TRUE,"Fillmore County, MN","Fillmore County, MN",27045,""
school_county,27047,TRUE,"Freeborn County, MN","Freeborn County, MN",27047,""
school_county,27049,TRUE,"Goodhue County, MN","Goodhue County, MN",27049,""
school_county,27051,TRUE,"Grant County, MN","Grant County, MN",27051,""
school_county,27053,TRUE,"Hennepin County, MN","Hennepin County, MN",27053,""
school_county,27055,TRUE,"Houston County, MN","Houston County, MN",27055,""
school_county,27057,TRUE,"Hubbard County, MN","Hubbard County, MN",27057,""
school_county,27059,TRUE,"Isanti County, MN","Isanti County, MN",27059,""
school_county,27061,TRUE,"Itasca County, MN","Itasca County, MN",27061,""
school_county,27063,TRUE,"Jackson County, MN","Jackson County, MN",27063,""
school_county,27065,TRUE,"Kanabec County, MN","Kanabec County, MN",27065,""
school_county,27067,TRUE,"Kandiyohi County, MN","Kandiyohi County, MN",27067,""
school_county,27069,TRUE,"Kittson County, MN","Kittson County, MN",27069,""
school_county,27071,TRUE,"Koochiching County, MN","Koochiching County, MN",27071,""
school_county,27073,TRUE,"Lac qui Parle County, MN","Lac qui Parle County, MN",27073,""
school_county,27075,TRUE,"Lake County, MN","Lake County, MN",27075,""
school_county,27077,TRUE,"Lake of the Woods County, MN","Lake of the Woods County, MN",27077,""
school_county,27079,TRUE,"Le Sueur County, MN","Le Sueur County, MN",27079,""
school_county,27081,TRUE,"Lincoln County, MN","Lincoln County, MN",27081,""
school_county,27083,TRUE,"Lyon County, MN","Lyon County, MN",27083,""
school_county,27085,TRUE,"McLeod County, MN","McLeod County, MN",27085,""
school_county,27087,TRUE,"Mahnomen County, MN","Mahnomen County, MN",27087,""
school_county,27089,TRUE,"Marshall County, MN","Marshall County, MN",27089,""
school_county,27091,TRUE,"Martin County, MN","Martin County, MN",27091,""
school_county,27093,TRUE,"Meeker County, MN","Meeker County, MN",27093,""
school_county,27095,TRUE,"Mille Lacs County, MN","Mille Lacs County, MN",27095,""
school_county,27097,TRUE,"Morrison County, MN","Morrison County, MN",27097,""
school_county,27099,TRUE,"Mower County, MN","Mower County, MN",27099,""
school_county,27101,TRUE,"Murray County, MN","Murray County, MN",27101,""
school_county,27103,TRUE,"Nicollet County, MN","Nicollet County, MN",27103,""
school_county,27105,TRUE,"Nobles County, MN","Nobles County, MN",27105,""
school_county,27107,TRUE,"Norman County, MN","Norman County, MN",27107,""
school_county,27109,TRUE,"Olmsted County, MN","Olmsted County, MN",27109,""
school_county,27111,TRUE,"Otter Tail County, MN","Otter Tail County, MN",27111,""
school_county,27113,TRUE,"Pennington County, MN","Pennington County, MN",27113,""
school_county,27115,TRUE,"Pine County, MN","Pine County, MN",27115,""
school_county,27117,TRUE,"Pipestone County, MN","Pipestone County, MN",27117,""
school_county,27119,TRUE,"Polk County, MN","Polk County, MN",27119,""
school_county,27121,TRUE,"Pope County, MN","Pope County, MN",27121,""
school_county,27123,TRUE,"Ramsey County, MN","Ramsey County, MN",27123,""
school_county,27125,TRUE,"Red Lake County, MN","Red Lake County, MN",27125,""
school_county,27127,TRUE,"Redwood County, MN","Redwood County, MN",27127,""
school_county,27129,TRUE,"Renville County, MN","Renville County, MN",27129,""
school_county,27131,TRUE,"Rice County, MN","Rice County, MN",27131,""
school_county,27133,TRUE,"Rock County, MN","Rock County, MN",27133,""
school_county,27135,TRUE,"Roseau County, MN","Roseau County, MN",27135,""
school_county,27137,TRUE,"St Louis County, MN","St Louis County, MN",27137,""
school_county,27139,TRUE,"Scott County, MN","Scott County, MN",27139,""
school_county,27141,TRUE,"Sherburne County, MN","Sherburne County, MN",27141,""
school_county,27143,TRUE,"Sibley County, MN","Sibley County, MN",27143,""
school_county,27145,TRUE,"Stearns County, MN","Stearns County, MN",27145,""
school_county,27147,TRUE,"Steele County, MN","Steele County, MN",27147,""
school_county,27149,TRUE,"Stevens County, MN","Stevens County, MN",27149,""
school_county,27151,TRUE,"Swift County, MN","Swift County, MN",27151,""
school_county,27153,TRUE,"Todd County, MN","Todd County, MN",27153,""
school_county,27155,TRUE,"Traverse County, MN","Traverse County, MN",27155,""
school_county,27157,TRUE,"Wabasha County, MN","Wabasha County, MN",27157,""
school_county,27159,TRUE,"Wadena County, MN","Wadena County, MN",27159,""
school_county,27161,TRUE,"Waseca County, MN","Waseca County, MN",27161,""
school_county,27163,TRUE,"Washington County, MN","Washington County, MN",27163,""
school_county,27165,TRUE,"Watonwan County, MN","Watonwan County, MN",27165,""
school_county,27167,TRUE,"Wilkin County, MN","Wilkin County, MN",27167,""
school_county,27169,TRUE,"Winona County, MN","Winona County, MN",27169,""
school_county,27171,TRUE,"Wright County, MN","Wright County, MN",27171,""
school_county,27173,TRUE,"Yellow Medicine County, MN","Yellow Medicine County, MN",27173,""
school_county,55001,TRUE,"Adams County, WI","Adams County, WI",55001,""
school_county,55003,TRUE,"Ashland County, WI","Ashland County, WI",55003,""
school_county,55005,TRUE,"Barron County, WI","Barron County, WI",55005,""
school_county,55007,TRUE,"Bayfield County, WI","Bayfield County, WI",55007,""
school_county,55009,TRUE,"Brown County, WI","Brown County, WI",55009,""
school_county,55011,TRUE,"Buffalo County, WI","Buffalo County, WI",55011,""
school_county,55013,TRUE,"Burnett County, WI","Burnett County, WI",55013,""
school_county,55015,TRUE,"Calumet County, WI","Calumet County, WI",55015,""
school_county,55017,TRUE,"Chippewa County, WI","Chippewa County, WI",55017,""
school_county,55019,TRUE,"Clark County, WI","Clark County, WI",55019,""
school_county,55021,TRUE,"Columbia County, WI","Columbia County, WI",55021,""
school_county,55023,TRUE,"Crawford County, WI","Crawford County, WI",55023,""
school_county,55025,TRUE,"Dane County, WI","Dane County, WI",55025,""
school_county,55027,TRUE,"Dodge County, WI","Dodge County, WI",55027,""
school_county,55029,TRUE,"Door County, WI","Door County, WI",55029,""
school_county,55031,TRUE,"Douglas County, WI","Douglas County, WI",55031,""
school_county,55033,TRUE,"Dunn County, WI","Dunn County, WI",55033,""
school_county,55035,TRUE,"Eau Claire County, WI","Eau Claire County, WI",55035,""
school_county,55037,TRUE,"Florence County, WI","Florence County, WI",55037,""
school_county,55039,TRUE,"Fond du Lac County, WI","Fond du Lac County, WI",55039,""
school_county,55041,TRUE,"Forest County, WI","Forest County, WI",55041,""
school_county,55043,TRUE,"Grant County, WI","Grant County, WI",55043,""
school_county,55045,TRUE,"Green County, WI","Green County, WI",55045,""
school_county,55047,TRUE,"Green Lake County, WI","Green Lake County, WI",55047,""
school_county,55049,TRUE,"Iowa County, WI","Iowa County, WI",55049,""
school_county,55051,TRUE,"Iron County, WI","Iron County, WI",55051,""
school_county,55053,TRUE,"Jackson County, WI","Jackson County, WI",55053,""
school_county,55055,TRUE,"Jefferson County, WI","Jefferson County, WI",55055,""
school_county,55057,TRUE,"Juneau County, WI","Juneau County, WI",55057,""
school_county,55059,TRUE,"Kenosha County, WI","Kenosha County, WI",55059,""
school_county,55061,TRUE,"Kewaunee County, WI","Kewaunee County, WI",55061,""
school_county,55063,TRUE,"La Crosse County, WI","La Crosse County, WI",55063,""
school_county,55065,TRUE,"Lafayette County, WI","Lafayette County, WI",55065,""
school_county,55067,TRUE,"Langlade County, WI","Langlade County, WI",55067,""
school_county,55069,TRUE,"Lincoln County, WI","Lincoln County, WI",55069,""
school_county,55071,TRUE,"Manitowoc County, WI","Manitowoc County, WI",55071,""
school_county,55073,TRUE,"Marathon County, WI","Marathon County, WI",55073,""
school_county,55075,TRUE,"Marinette County, WI","Marinette County, WI",55075,""
school_county,55077,TRUE,"Marquette County, WI","Marquette County, WI",55077,""
school_county,55078,TRUE,"Menominee County, WI","Menominee County, WI",55078,""
school_county,55079,TRUE,"Milwaukee County, WI","Milwaukee County, WI",55079,""
school_county,55081,TRUE,"Monroe County, WI","Monroe County, WI",55081,""
school_county,55083,TRUE,"Oconto County, WI","Oconto County, WI",55083,""
school_county,55085,TRUE,"Oneida County, WI","Oneida County, WI",55085,""
school_county,55087,TRUE,"Outagamie County, WI","Outagamie County, WI",55087,""
school_county,55089,TRUE,"Ozaukee County, WI","Ozaukee County, WI",55089,""
school_county,55091,TRUE,"Pepin County, WI","Pepin County, WI",55091,""
school_county,55093,TRUE,"Pierce County, WI","Pierce County, WI",55093,""
school_county,55095,TRUE,"Polk County, WI","Polk County, WI",55095,""
school_county,55097,TRUE,"Portage County, WI","Portage County, WI",55097,""
school_county,55099,TRUE,"Price County, WI","Price County, WI",55099,""
school_county,55101,TRUE,"Racine County, WI","Racine County, WI",55101,""
school_county,55103,TRUE,"Richland County, WI","Richland County, WI",55103,""
school_county,55105,TRUE,"Rock County, WI","Rock County, WI",55105,""
school_county,55107,TRUE,"Rusk County, WI","Rusk County, WI",55107,""
school_county,55109,TRUE,"St Croix County, WI","St Croix County, WI",55109,""
school_county,55111,TRUE,"Sauk County, WI","Sauk County, WI",55111,""
school_county,55113,TRUE,"Sawyer County, WI","Sawyer County, WI",55113,""
school_county,55115,TRUE,"Shawano County, WI","Shawano County, WI",55115,""
school_county,55117,TRUE,"Sheboygan County, WI","Sheboygan County, WI",55117,""
school_county,55119,TRUE,"Taylor County, WI","Taylor County, WI",55119,""
school_county,55121,TRUE,"Trempealeau County, WI","Trempealeau County, WI",55121,""
school_county,55123,TRUE,"Vernon County, WI","Vernon County, WI",55123,""
school_county,55125,TRUE,"Vilas County, WI","Vilas County, WI",55125,""
school_county,55127,TRUE,"Walworth County, WI","Walworth County, WI",55127,""
school_county,55129,TRUE,"Washburn County, WI","Washburn County, WI",55129,""
school_county,55131,TRUE,"Washington County, WI","Washington County, WI",55131,""
school_county,55133,TRUE,"Waukesha County, WI","Waukesha County, WI",55133,""
school_county,55135,TRUE,"Waupaca County, WI","Waupaca County, WI",55135,""
school_county,55137,TRUE,"Waushara County, WI","Waushara County, WI",55137,""
school_county,55139,TRUE,"Winnebago County, WI","Winnebago County, WI",55139,""
school_county,55141,TRUE,"Wood County, WI","Wood County, WI",55141,""
school_daily,1,FALSE,Yes,Yes,1,""
school_daily,2,FALSE,No,No,2,""
school_daily,995,FALSE,Missing,Missing,995,""
school_freq,1,FALSE,6-7 days a week,6-7 days a week,1,""
school_freq,2,FALSE,5 days a week,5 days a week,2,""
school_freq,3,FALSE,4 days a week,4 days a week,3,""
school_freq,4,FALSE,3 days a week,2-3 days a week,4,""
school_freq,5,FALSE,2-3 days a week,2-3 days a week,4,""
school_freq,6,FALSE,2 days a week,2-3 days a week,4,""
school_freq,7,FALSE,1 day a week,1 day a week,5,""
school_freq,8,FALSE,1-3 days a month,1-3 days a month,6,""
school_freq,9,FALSE,Less than monthly,Less than monthly,7,""
school_freq,995,FALSE,Missing,Missing,995,""
school_freq,996,FALSE,Never,Never,996,""
school_in_region,0,FALSE,Not in study region,Not in study region,0,""
school_in_region,1,FALSE,In study region,In study region,1,""
school_in_region,995,FALSE,Missing,Missing,995,""
school_mode,-9998,FALSE,Missing,Missing,995,""
school_mode,1,FALSE,"Walk, jog, or roll using a mobility device","Walk, jog, or roll using a mobility device",1,""
school_mode,3,FALSE,Drive alone,Household vehicle (or motorcycle),100,""
school_mode,4,FALSE,Carpool with only family/household member(s),Household vehicle (or motorcycle),100,""
school_mode,5,FALSE,Carpool with at least one person not in household,Household vehicle (or motorcycle),100,""
school_mode,7,FALSE,Bus (public transit),"Bus, shuttle, or vanpool",102,""
school_mode,8,FALSE,Private shuttle bus,"Bus, shuttle, or vanpool",102,""
school_mode,9,FALSE,Paratransit,"Bus, shuttle, or vanpool",102,""
school_mode,10,FALSE,Vanpool,"Bus, shuttle, or vanpool",102,""
school_mode,11,FALSE,"Taxi (e.g., Yellow Cab)","Uber/Lyft, taxi, or car service",106,""
school_mode,12,FALSE,"Uber, Lyft, or other smartphone-app ride service","Uber/Lyft, taxi, or car service",106,""
school_mode,13,FALSE,Subway,"Rail (e.g., train, subway)",105,""
school_mode,14,FALSE,Light rail,"Rail (e.g., train, subway)",105,""
school_mode,15,FALSE,"Intercity rail (e.g., Amtrak)","Rail (e.g., train, subway)",105,""
school_mode,24,TRUE,School bus,School bus,24,""
school_mode,100,FALSE,Household vehicle (or motorcycle),Household vehicle (or motorcycle),100,""
school_mode,101,FALSE,"Other vehicle (e.g., friend's car, rental, carshare, work car)","Other vehicle (e.g., friend's car, rental, work car)",101,""
school_mode,102,FALSE,"Bus, shuttle, or vanpool","Bus, shuttle, or vanpool",102,""
school_mode,103,FALSE,Bicycle or e-bicycle,Bicycle or e-bicycle,103,""
school_mode,104,FALSE,Other,Other,104,""
school_mode,105,FALSE,"Rail (e.g., train, subway)","Rail (e.g., train, subway)",105,""
school_mode,106,FALSE,"Uber/Lyft, taxi, or car service","Uber/Lyft, taxi, or car service",106,""
school_mode,107,FALSE,"Scooter, moped, or skateboard","Scooter, moped, or skateboard",107,""
school_mode,201,FALSE,SouthWest Prime or MVTA Connect,"Bus, shuttle, or vanpool",102,""
school_mode,995,FALSE,Missing,Missing,995,""
school_mode_season,1,FALSE,"Walk, jog, or roll using a mobility device","Walk, jog, or roll using a mobility device",1,""
school_mode_season,24,FALSE,School bus,School bus,24,""
school_mode_season,100,FALSE,Household vehicle (or motorcycle),Household vehicle (or motorcycle),100,""
school_mode_season,101,FALSE,"Other vehicle (e.g., friend's car, rental, carshare, work car)","Other vehicle (e.g., friend's car, rental, carshare, work car)",101,""
school_mode_season,102,FALSE,"Bus, shuttle, or vanpool","Bus, shuttle, or vanpool",102,""
school_mode_season,103,FALSE,Bicycle or e-bicycle,Bicycle or e-bicycle,103,""
school_mode_season,104,FALSE,Other way of traveling,Other way of traveling,104,""
school_mode_season,105,FALSE,"Rail (e.g., light rail)","Rail (e.g., light rail)",105,""
school_mode_season,106,FALSE,"Uber/Lyft, taxi, or car service","Uber/Lyft, taxi, or car service",106,""
school_mode_season,107,FALSE,"Scooter, moped, or skateboard","Scooter, moped, or skateboard",107,""
school_mode_season,201,FALSE,SouthWest Prime or MVTA Connect,SouthWest Prime or MVTA Connect,201,""
school_mode_season,995,FALSE,Missing,Missing,995,""
school_mode_seasonality,-9998,FALSE,Missing,Missing,995,""
school_mode_seasonality,1,TRUE,Yes,Yes,1,""
school_mode_seasonality,2,TRUE,No,No,2,""
school_mode_seasonality,995,FALSE,Missing,Missing,995,""
school_mode_seasonality,996,FALSE,"Not applicable, only take online classes","Not applicable, only take online classes",996,""
school_state,27,TRUE,Minnesota,Minnesota,27,""
school_state,55,TRUE,Wisconsin,Wisconsin,55,""
school_state,995,TRUE,Missing,Missing,995,""
school_type,-9998,FALSE,Missing,Missing,995,""
school_type,1,FALSE,Cared for at home,Cared for at home,1,""
school_type,2,TRUE,Daycare outside home,Daycare outside home,2,""
school_type,3,TRUE,Preschool,Preschool,3,""
school_type,4,TRUE,Home school,Home school,4,""
school_type,5,TRUE,"Elementary school (public, private, charter)","Elementary school (public, private, charter)",5,""
school_type,6,TRUE,"Middle school (public, private, charter)","Middle school (public, private, charter)",6,""
school_type,7,TRUE,"High school (public, private, charter)","High school (public, private, charter)",7,""
school_type,10,TRUE,Vocational/technical school,Vocational/technical school,10,""
school_type,11,FALSE,2-year college,2-year college,11,""
school_type,12,FALSE,4-year college,4-year college,12,""
school_type,13,FALSE,Graduate or professional school,Graduate or professional school,13,""
school_type,995,FALSE,Missing,Missing,995,""
school_type,997,TRUE,Other,Other,997,""
school_zone,1,FALSE,Anoka County,Anoka County,1,""
school_zone,2,FALSE,Carver County,Carver County,2,""
school_zone,3,FALSE,Dakota County,Dakota County,3,""
school_zone,4,FALSE,Hennepin County,Hennepin County,4,""
school_zone,5,FALSE,Ramsey County,Ramsey County,5,""
school_zone,6,FALSE,Scott County,Scott County,6,""
school_zone,7,FALSE,Washington County,Washington County,7,""
school_zone,8,FALSE,MPO outside seven counties,MPO outside seven counties,8,""
school_zone,9,FALSE,"In study region, but not in MPO","In study region, but not in MPO",9,""
school_zone,10,FALSE,Not in study region,Not in study region,10,""
scoot_share_freq,1,FALSE,6-7 days a week,6-7 days a week,1,""
scoot_share_freq,2,FALSE,5 days a week,5 days a week,2,""
scoot_share_freq,3,FALSE,4 days a week,4 days a week,3,""
scoot_share_freq,4,FALSE,2-3 days a week,2-3 days a week,4,""
scoot_share_freq,5,FALSE,1 day a week,1 day a week,5,""
scoot_share_freq,6,FALSE,1-3 days a month,1-3 days a month,6,""
scoot_share_freq,7,FALSE,Less than monthly,Less than monthly,7,""
scoot_share_freq,995,FALSE,Missing,Missing,995,""
scooter_park_location,-9999,FALSE,Missing,Missing,995,""
scooter_park_location,-9998,FALSE,Missing,Missing,995,""
scooter_park_location,1,FALSE,"Inside house/apartment (includes garage, porch, storage area)","Inside house/apartment (includes garage, porch, storage area)",1,""
scooter_park_location,2,FALSE,Bike/scooter rack,Bike/scooter rack,2,""
scooter_park_location,3,FALSE,Locker for bikes/scooters,Locker for bikes/scooters,3,""
scooter_park_location,4,FALSE,Secured room,Secured room,4,""
scooter_park_location,5,FALSE,"Locked to other object (e.g., post, tree)","Locked to other object (e.g., post, tree)",5,""
scooter_park_location,6,TRUE,Scooter-share designated docking station,Scooter-share designated docking station,6,""
scooter_park_location,7,TRUE,Unlocked on-street,Unlocked on-street,7,""
scooter_park_location,8,FALSE,In a parking garage/ramp/lot,Other,997,""
scooter_park_location,9,FALSE,Moped-share designated docking station,Other,997,""
scooter_park_location,10,FALSE,Carried it with me,Other,997,""
scooter_park_location,995,FALSE,Missing,Missing,995,""
scooter_park_location,997,TRUE,Other,Other,997,""
second_home,-9999,FALSE,Missing,Missing,995,""
second_home,0,FALSE,Does not regularly spend night at second home,Does not regularly spend night at second home,0,""
second_home,1,FALSE,Regularly spends night at second home,Regularly spends night at second home,1,""
second_home,995,FALSE,Missing,Missing,995,""
second_home,999,FALSE,Prefer not to answer,Prefer not to answer,999,""
second_home_all,1,FALSE,No,No,1,""
second_home_all,2,FALSE,Yes,Yes,2,""
second_home_all,995,FALSE,Missing,Missing,995,""
second_home_county,995,FALSE,Missing,Missing,995,""
second_home_county,27001,FALSE,Aitkin,Aitkin,27001,""
second_home_county,27003,FALSE,Anoka,Anoka,27003,""
second_home_county,27005,FALSE,Becker,Becker,27005,""
second_home_county,27007,FALSE,Beltrami,Beltrami,27007,""
second_home_county,27009,FALSE,Benton,Benton,27009,""
second_home_county,27011,FALSE,Big Stone,Big Stone,27011,""
second_home_county,27013,FALSE,Blue Earth,Blue Earth,27013,""
second_home_county,27015,FALSE,Brown,"Brown, MN",27015,""
second_home_county,27017,FALSE,Carlton,Carlton,27017,""
second_home_county,27019,FALSE,Carver,Carver,27019,""
second_home_county,27021,FALSE,Cass,Cass,27021,""
second_home_county,27023,FALSE,Chippewa,"Chippewa, MN",27023,""
second_home_county,27025,FALSE,Chisago,Chisago,27025,""
second_home_county,27027,FALSE,Clay,Clay,27027,""
second_home_county,27029,FALSE,Clearwater,Clearwater,27029,""
second_home_county,27031,FALSE,Cook,Cook,27031,""
second_home_county,27033,FALSE,Cottonwood,Cottonwood,27033,""
second_home_county,27035,FALSE,Crow Wing,Crow Wing,27035,""
second_home_county,27037,FALSE,Dakota,Dakota,27037,""
second_home_county,27039,FALSE,Dodge,"Dodge, MN",27039,""
second_home_county,27041,FALSE,Douglas,"Douglas, MN",27041,""
second_home_county,27043,FALSE,Faribault,Faribault,27043,""
second_home_county,27045,FALSE,Fillmore,Fillmore,27045,""
second_home_county,27047,FALSE,Freeborn,Freeborn,27047,""
second_home_county,27049,FALSE,Goodhue,Goodhue,27049,""
second_home_county,27051,FALSE,Grant,"Grant, MN",27051,""
second_home_county,27053,FALSE,Hennepin,Hennepin,27053,""
second_home_county,27055,FALSE,Houston,Houston,27055,""
second_home_county,27057,FALSE,Hubbard,Hubbard,27057,""
second_home_county,27059,FALSE,Isanti,Isanti,27059,""
second_home_county,27061,FALSE,Itasca,Itasca,27061,""
second_home_county,27063,FALSE,Jackson,"Jackson, MN",27063,""
second_home_county,27065,FALSE,Kanabec,Kanabec,27065,""
second_home_county,27067,FALSE,Kandiyohi,Kandiyohi,27067,""
second_home_county,27069,FALSE,Kittson,Kittson,27069,""
second_home_county,27071,FALSE,Koochiching,Koochiching,27071,""
second_home_county,27073,FALSE,Lac qui Parle,Lac qui Parle,27073,""
second_home_county,27075,FALSE,Lake,Lake,27075,""
second_home_county,27077,FALSE,Lake of the Woods,Lake of the Woods,27077,""
second_home_county,27079,FALSE,Le Sueur,Le Sueur,27079,""
second_home_county,27081,FALSE,Lincoln,"Lincoln, MN",27081,""
second_home_county,27083,FALSE,Lyon,Lyon,27083,""
second_home_county,27085,FALSE,McLeod,McLeod,27085,""
second_home_county,27087,FALSE,Mahnomen,Mahnomen,27087,""
second_home_county,27089,FALSE,Marshall,Marshall,27089,""
second_home_county,27091,FALSE,Martin,Martin,27091,""
second_home_county,27093,FALSE,Meeker,Meeker,27093,""
second_home_county,27095,FALSE,Mille Lacs,Mille Lacs,27095,""
second_home_county,27097,FALSE,Morrison,Morrison,27097,""
second_home_county,27099,FALSE,Mower,Mower,27099,""
second_home_county,27101,FALSE,Murray,Murray,27101,""
second_home_county,27103,FALSE,Nicollet,Nicollet,27103,""
second_home_county,27105,FALSE,Nobles,Nobles,27105,""
second_home_county,27107,FALSE,Norman,Norman,27107,""
second_home_county,27109,FALSE,Olmsted,Olmsted,27109,""
second_home_county,27111,FALSE,Otter Tail,Otter Tail,27111,""
second_home_county,27113,FALSE,Pennington,Pennington,27113,""
second_home_county,27115,FALSE,Pine,Pine,27115,""
second_home_county,27117,FALSE,Pipestone,Pipestone,27117,""
second_home_county,27119,FALSE,Polk,"Polk, MN",27119,""
second_home_county,27121,FALSE,Pope,Pope,27121,""
second_home_county,27123,FALSE,Ramsey,Ramsey,27123,""
second_home_county,27125,FALSE,Red Lake,Red Lake,27125,""
second_home_county,27127,FALSE,Redwood,Redwood,27127,""
second_home_county,27129,FALSE,Renville,Renville,27129,""
second_home_county,27131,FALSE,Rice,Rice,27131,""
second_home_county,27133,FALSE,Rock,"Rock, MN",27133,""
second_home_county,27135,FALSE,Roseau,Roseau,27135,""
second_home_county,27137,FALSE,St Louis,St Louis,27137,""
second_home_county,27139,FALSE,Scott,Scott,27139,""
second_home_county,27141,FALSE,Sherburne,Sherburne,27141,""
second_home_county,27143,FALSE,Sibley,Sibley,27143,""
second_home_county,27145,FALSE,Stearns,Stearns,27145,""
second_home_county,27147,FALSE,Steele,Steele,27147,""
second_home_county,27149,FALSE,Stevens,Stevens,27149,""
second_home_county,27151,FALSE,Swift,Swift,27151,""
second_home_county,27153,FALSE,Todd,Todd,27153,""
second_home_county,27155,FALSE,Traverse,Traverse,27155,""
second_home_county,27157,FALSE,Wabasha,Wabasha,27157,""
second_home_county,27159,FALSE,Wadena,Wadena,27159,""
second_home_county,27161,FALSE,Waseca,Waseca,27161,""
second_home_county,27163,FALSE,Washington,"Washington, MN",27163,""
second_home_county,27165,FALSE,Watonwan,Watonwan,27165,""
second_home_county,27167,FALSE,Wilkin,Wilkin,27167,""
second_home_county,27169,FALSE,Winona,Winona,27169,""
second_home_county,27171,FALSE,Wright,Wright,27171,""
second_home_county,27173,FALSE,Yellow Medicine,Yellow Medicine,27173,""
second_home_county,55001,FALSE,Adams,Adams,55001,""
second_home_county,55003,FALSE,Ashland,Ashland,55003,""
second_home_county,55005,FALSE,Barron,Barron,55005,""
second_home_county,55007,FALSE,Bayfield,Bayfield,55007,""
second_home_county,55009,FALSE,Brown,"Brown, WI",55009,""
second_home_county,55011,FALSE,Buffalo,Buffalo,55011,""
second_home_county,55013,FALSE,Burnett,Burnett,55013,""
second_home_county,55015,FALSE,Calumet,Calumet,55015,""
second_home_county,55017,FALSE,Chippewa,"Chippewa, WI",55017,""
second_home_county,55019,FALSE,Clark,Clark,55019,""
second_home_county,55021,FALSE,Columbia,Columbia,55021,""
second_home_county,55023,FALSE,Crawford,Crawford,55023,""
second_home_county,55025,FALSE,Dane,Dane,55025,""
second_home_county,55027,FALSE,Dodge,"Dodge, WI",55027,""
second_home_county,55029,FALSE,Door,Door,55029,""
second_home_county,55031,FALSE,Douglas,"Douglas, WI",55031,""
second_home_county,55033,FALSE,Dunn,Dunn,55033,""
second_home_county,55035,FALSE,Eau Claire,Eau Claire,55035,""
second_home_county,55037,FALSE,Florence,Florence,55037,""
second_home_county,55039,FALSE,Fond du Lac,Fond du Lac,55039,""
second_home_county,55041,FALSE,Forest,Forest,55041,""
second_home_county,55043,FALSE,Grant,"Grant, WI",55043,""
second_home_county,55045,FALSE,Green,Green,55045,""
second_home_county,55047,FALSE,Green Lake,Green Lake,55047,""
second_home_county,55049,FALSE,Iowa,Iowa,55049,""
second_home_county,55051,FALSE,Iron,Iron,55051,""
second_home_county,55053,FALSE,Jackson,"Jackson, WI",55053,""
second_home_county,55055,FALSE,Jefferson,Jefferson,55055,""
second_home_county,55057,FALSE,Juneau,Juneau,55057,""
second_home_county,55059,FALSE,Kenosha,Kenosha,55059,""
second_home_county,55061,FALSE,Kewaunee,Kewaunee,55061,""
second_home_county,55063,FALSE,La Crosse,La Crosse,55063,""
second_home_county,55065,FALSE,Lafayette,Lafayette,55065,""
second_home_county,55067,FALSE,Langlade,Langlade,55067,""
second_home_county,55069,FALSE,Lincoln,"Lincoln, WI",55069,""
second_home_county,55071,FALSE,Manitowoc,Manitowoc,55071,""
second_home_county,55073,FALSE,Marathon,Marathon,55073,""
second_home_county,55075,FALSE,Marinette,Marinette,55075,""
second_home_county,55077,FALSE,Marquette,Marquette,55077,""
second_home_county,55078,FALSE,Menominee,Menominee,55078,""
second_home_county,55079,FALSE,Milwaukee,Milwaukee,55079,""
second_home_county,55081,FALSE,Monroe,Monroe,55081,""
second_home_county,55083,FALSE,Oconto,Oconto,55083,""
second_home_county,55085,FALSE,Oneida,Oneida,55085,""
second_home_county,55087,FALSE,Outagamie,Outagamie,55087,""
second_home_county,55089,FALSE,Ozaukee,Ozaukee,55089,""
second_home_county,55091,FALSE,Pepin,Pepin,55091,""
second_home_county,55093,FALSE,Pierce,Pierce,55093,""
second_home_county,55095,FALSE,Polk,"Polk, WI",55095,""
second_home_county,55097,FALSE,Portage,Portage,55097,""
second_home_county,55099,FALSE,Price,Price,55099,""
second_home_county,55101,FALSE,Racine,Racine,55101,""
second_home_county,55103,FALSE,Richland,Richland,55103,""
second_home_county,55105,FALSE,Rock,"Rock, WI",55105,""
second_home_county,55107,FALSE,Rusk,Rusk,55107,""
second_home_county,55109,FALSE,St Croix,St Croix,55109,""
second_home_county,55111,FALSE,Sauk,Sauk,55111,""
second_home_county,55113,FALSE,Sawyer,Sawyer,55113,""
second_home_county,55115,FALSE,Shawano,Shawano,55115,""
second_home_county,55117,FALSE,Sheboygan,Sheboygan,55117,""
second_home_county,55119,FALSE,Taylor,Taylor,55119,""
second_home_county,55121,FALSE,Trempealeau,Trempealeau,55121,""
second_home_county,55123,FALSE,Vernon,Vernon,55123,""
second_home_county,55125,FALSE,Vilas,Vilas,55125,""
second_home_county,55127,FALSE,Walworth,Walworth,55127,""
second_home_county,55129,FALSE,Washburn,Washburn,55129,""
second_home_county,55131,FALSE,Washington,"Washington, WI",55131,""
second_home_county,55133,FALSE,Waukesha,Waukesha,55133,""
second_home_county,55135,FALSE,Waupaca,Waupaca,55135,""
second_home_county,55137,FALSE,Waushara,Waushara,55137,""
second_home_county,55139,FALSE,Winnebago,Winnebago,55139,""
second_home_county,55141,FALSE,Wood,Wood,55141,""
second_home_in_region,0,FALSE,No,No,0,""
second_home_in_region,1,FALSE,Yes,Yes,1,""
second_home_in_region,995,FALSE,Missing,Missing,995,""
second_home_state,27,FALSE,Minnesota,Minnesota,27,""
second_home_state,55,FALSE,Wisconsin,Wisconsin,55,""
second_home_state,995,FALSE,Missing,Missing,995,""
share_1,-9998,FALSE,Missing,Missing,995,""
share_1,0,FALSE,Not selected,Not selected,0,""
share_1,1,FALSE,Selected,Selected,1,""
share_1,995,FALSE,Missing,Missing,995,""
share_2,-9998,FALSE,Missing,Missing,995,""
share_2,0,FALSE,Not selected,Not selected,0,""
share_2,1,FALSE,Selected,Selected,1,""
share_2,995,FALSE,Missing,Missing,995,""
share_201,0,FALSE,Not selected,Not selected,0,""
share_201,1,FALSE,Selected,Selected,1,""
share_201,995,FALSE,Missing,Missing,995,""
share_3,-9998,FALSE,Missing,Missing,995,""
share_3,0,FALSE,Not selected,Not selected,0,""
share_3,1,FALSE,Selected,Selected,1,""
share_3,995,FALSE,Missing,Missing,995,""
share_4,-9998,FALSE,Missing,Missing,995,""
share_4,0,FALSE,Not selected,Not selected,0,""
share_4,1,FALSE,Selected,Selected,1,""
share_4,995,FALSE,Missing,Missing,995,""
share_5,-9998,FALSE,Missing,Missing,995,""
share_5,0,FALSE,Not selected,Not selected,0,""
share_5,1,FALSE,Selected,Selected,1,""
share_5,995,FALSE,Missing,Missing,995,""
share_6,0,FALSE,Not selected,Not selected,0,""
share_6,1,FALSE,Selected,Selected,1,""
share_6,995,FALSE,Missing,Missing,995,""
share_7,0,FALSE,Not selected,Not selected,0,""
share_7,1,FALSE,Selected,Selected,1,""
share_7,995,FALSE,Missing,Missing,995,""
share_8,0,FALSE,Not selected,Not selected,0,""
share_8,1,FALSE,Selected,Selected,1,""
share_8,995,FALSE,Missing,Missing,995,""
share_996,-9998,FALSE,Missing,Missing,995,""
share_996,0,FALSE,Not selected,Not selected,0,""
share_996,1,FALSE,Selected,Selected,1,""
share_996,995,FALSE,Missing,Missing,995,""
share_work_1,-9998,FALSE,Missing,Missing,995,""
share_work_1,0,FALSE,Not selected,Not selected,0,""
share_work_1,1,FALSE,Selected,Selected,1,""
share_work_1,995,FALSE,Missing,Missing,995,""
share_work_2,0,FALSE,Not selected,Not selected,0,""
share_work_2,1,FALSE,Selected,Selected,1,""
share_work_2,995,FALSE,Missing,Missing,995,""
share_work_3,0,FALSE,Not selected,Not selected,0,""
share_work_3,1,FALSE,Selected,Selected,1,""
share_work_3,995,FALSE,Missing,Missing,995,""
share_work_4,0,FALSE,Not selected,Not selected,0,""
share_work_4,1,FALSE,Selected,Selected,1,""
share_work_4,995,FALSE,Missing,Missing,995,""
share_work_5,0,FALSE,Not selected,Not selected,0,""
share_work_5,1,FALSE,Selected,Selected,1,""
share_work_5,995,FALSE,Missing,Missing,995,""
share_work_6,0,FALSE,Not selected,Not selected,0,""
share_work_6,1,FALSE,Selected,Selected,1,""
share_work_6,995,FALSE,Missing,Missing,995,""
share_work_996,0,FALSE,Not selected,Not selected,0,""
share_work_996,1,FALSE,Selected,Selected,1,""
share_work_996,995,FALSE,Missing,Missing,995,""
share_work_997,0,FALSE,Not selected,Not selected,0,""
share_work_997,1,FALSE,Selected,Selected,1,""
share_work_997,995,FALSE,Missing,Missing,995,""
shop_online,-9998,FALSE,Missing,Missing,995,""
shop_online,1,TRUE,Yes,Yes,1,""
shop_online,2,TRUE,No,No,2,""
shop_online,995,FALSE,Missing,Missing,995,""
speed_flag,0,FALSE,No,No,0,""
speed_flag,1,FALSE,Yes,Yes,1,""
student,0,FALSE,"Full-time student, attends some or all classes in-person",Full-time student,1,""
student,1,FALSE,"Part-time student, attends some or all classes in-person",Part-time student,2,""
student,2,FALSE,Not a student,Not a student,0,""
student,3,FALSE,"Part-time student, ONLY online classes",Part-time student,2,""
student,4,FALSE,"Full-time student, ONLY online classes",Full-time student,1,""
student,5,FALSE,Full-time student,Full-time student,1,""
student,6,FALSE,Part-time student,Part-time student,2,""
student,995,FALSE,Missing,Missing,995,""
study_design,-9998,FALSE,Missing,Missing,995,""
study_design,1,FALSE,Traditional,Traditional,1,""
study_design,2,FALSE,All-in-one,All-in-one,2,""
summary_complete,-9998,FALSE,Missing,Missing,995,""
summary_complete,0,FALSE,Not complete,Not complete,0,""
summary_complete,1,FALSE,Complete,Complete,1,""
summary_complete,995,FALSE,Missing,Missing,995,""
surveyable,0,FALSE,No,No,0,""
surveyable,1,FALSE,Yes,Yes,1,""
taxi_pay,1,FALSE,Knows amount paid,Knows amount paid,1,""
taxi_pay,2,FALSE,Don't know,Don't know,2,""
taxi_pay,995,FALSE,Missing,Missing,995,""
taxi_type,-9998,FALSE,Missing,Missing,995,""
taxi_type,1,FALSE,I paid the fare myself (no reimbursement),I paid the fare myself (no reimbursement),1,""
taxi_type,2,FALSE,Employer paid (I am reimbursed),Employer paid (I am reimbursed),2,""
taxi_type,3,FALSE,Split/shared fare with other(s),Split/shared fare with other(s),3,""
taxi_type,4,FALSE,Someone else paid 100% (all of fare),Someone else paid 100% (all of fare),4,""
taxi_type,5,FALSE,Other,Other,5,""
taxi_type,995,FALSE,Missing,Missing,995,""
telework_freq,-9998,FALSE,Missing,Missing,995,""
telework_freq,1,TRUE,6-7 days a week,6-7 days a week,1,""
telework_freq,2,TRUE,5 days a week,5 days a week,2,""
telework_freq,3,TRUE,4 days a week,4 days a week,3,""
telework_freq,4,TRUE,2-3 days a week,2-3 days a week,4,""
telework_freq,5,TRUE,1 day a week,1 day a week,5,""
telework_freq,6,FALSE,1 day every 2 weeks,1 day every 2 weeks,6,""
telework_freq,7,FALSE,1-3 days a month,1-3 days a month,7,""
telework_freq,8,TRUE,Less than monthly,Less than monthly,8,""
telework_freq,995,FALSE,Missing,Missing,995,""
telework_freq,996,TRUE,Never,Never,996,""
tnc_freq,-9998,FALSE,Missing,Missing,995,""
tnc_freq,1,TRUE,6-7 days a week,6-7 days a week,1,""
tnc_freq,2,TRUE,5 days a week,5 days a week,2,""
tnc_freq,3,TRUE,4 days a week,4 days a week,3,""
tnc_freq,4,TRUE,2-3 days a week,2-3 days a week,4,""
tnc_freq,5,TRUE,1 day a week,1 day a week,5,""
tnc_freq,6,TRUE,1-3 days a month,1-3 days a month,6,""
tnc_freq,7,TRUE,Less than monthly,Less than monthly,7,""
tnc_freq,995,FALSE,Missing,Missing,995,""
tnc_type,1,FALSE,"Pooled (e.g., UberPool, Lyft Shared)","Pooled (e.g., UberPool, Lyft Shared)",1,""
tnc_type,2,FALSE,"Regular (e.g., UberX, UberXL, Lyft, LyftXL)","Regular (e.g., UberX, UberXL, Lyft, LyftXL)",2,""
tnc_type,3,FALSE,"Premium (e.g., UberBlack, Lyft Lux)","Premium (e.g., UberBlack, Lyft Lux)",3,""
tnc_type,995,FALSE,Missing,Missing,995,""
tnc_type,998,FALSE,Don't know,Don't know,998,""
tnc_work_hours,1,FALSE,50 or more,50 or more,1,""
tnc_work_hours,2,FALSE,40 to 49,40 to 49,2,""
tnc_work_hours,3,FALSE,35 to 39,35 to 39,3,""
tnc_work_hours,4,FALSE,30 to 34,30 to 34,4,""
tnc_work_hours,5,FALSE,20 to 29,20 to 29,5,""
tnc_work_hours,6,FALSE,10 to 19,10 to 19,6,""
tnc_work_hours,7,FALSE,Fewer than 10,Fewer than 10,7,""
tnc_work_hours,8,FALSE,Hours vary greatly week to week,Hours vary greatly week to week,8,""
tnc_work_hours,995,FALSE,Missing,Missing,995,""
toll_transponder,-9998,FALSE,Missing,Missing,995,""
toll_transponder,0,TRUE,No,No,0,""
toll_transponder,1,TRUE,Yes,Yes,1,""
toll_transponder,995,FALSE,Missing,Missing,995,""
trace_quality_flag,0,FALSE,No,No,0,""
trace_quality_flag,1,FALSE,Yes,Yes,1,""
transit_access,1,FALSE,"Walk, jog, or roll using a mobility device","Walk, jog, or roll using a mobility device",1,""
transit_access,2,FALSE,Bicycle,Bicycle,2,""
transit_access,3,FALSE,Transferred from another bus,Transferred from another bus,3,""
transit_access,4,FALSE,"Scooter, moped, or skateboard","Scooter, moped, or skateboard",4,""
transit_access,5,FALSE,"Transferred from other transit (e.g., rail, air)","Transferred from other transit (e.g., rail, air)",5,""
transit_access,6,FALSE,"Uber/Lyft, taxi, or car service","Uber/Lyft, taxi, or car service",6,""
transit_access,7,FALSE,Drove and parked my own household's vehicle (or motorcycle),Drove and parked my own household's vehicle (or motorcycle),7,""
transit_access,8,FALSE,Drove and parked another vehicle (or motorcycle),Drove and parked another vehicle (or motorcycle),8,""
transit_access,9,FALSE,Got dropped off in my own household's vehicle (or motorcycle),Got dropped off in my own household's vehicle (or motorcycle),9,""
transit_access,10,FALSE,Got dropped off in another vehicle (or motorcycle),Got dropped off in another vehicle (or motorcycle),10,""
transit_access,201,FALSE,SouthWest Prime or MVTA Connect,SouthWest Prime or MVTA Connect,201,""
transit_access,995,FALSE,Missing,Missing,995,""
transit_access,997,FALSE,Other,Other,997,""
transit_egress,1,FALSE,"Walk, jog, or roll using a mobility device","Walk, jog, or roll using a mobility device",1,""
transit_egress,2,FALSE,Bicycle,Bicycle,2,""
transit_egress,3,FALSE,Transferred to another bus,Transferred to another bus,3,""
transit_egress,4,FALSE,"Scooter, moped, or skateboard","Scooter, moped, or skateboard",4,""
transit_egress,5,FALSE,"Transferred to other transit (e.g., rail, air)","Transferred to other transit (e.g., rail, air)",5,""
transit_egress,6,FALSE,"Uber/Lyft, taxi, or car service","Uber/Lyft, taxi, or car service",6,""
transit_egress,7,FALSE,Drove my own household's vehicle (or motorcycle),Drove my own household's vehicle (or motorcycle),7,""
transit_egress,8,FALSE,Drove another vehicle (or motorcycle),Drove another vehicle (or motorcycle),8,""
transit_egress,9,FALSE,Got picked up in my own household's vehicle (or motorcycle),Got picked up in my own household's vehicle (or motorcycle),9,""
transit_egress,10,FALSE,Got picked up in another vehicle (or motorcycle),Got picked up in another vehicle (or motorcycle),10,""
transit_egress,201,FALSE,SouthWest Prime or MVTA Connect,SouthWest Prime or MVTA Connect,201,""
transit_egress,995,FALSE,Missing,Missing,995,""
transit_egress,997,FALSE,Other,Other,997,""
transit_freq,-9998,FALSE,Missing,Missing,-9998,""
transit_freq,1,TRUE,6-7 days a week,6-7 days a week,1,""
transit_freq,2,TRUE,5 days a week,5 days a week,2,""
transit_freq,3,TRUE,4 days a week,4 days a week,3,""
transit_freq,4,TRUE,2-3 days a week,2-3 days a week,4,""
transit_freq,5,TRUE,1 day a week,1 day a week,5,""
transit_freq,6,TRUE,1-3 days a month,1-3 days a month,6,""
transit_freq,7,FALSE,Less than monthly,Less than monthly,7,""
transit_freq,8,FALSE,"Only when attending an event (e.g., State Fair, sporting event, concert)","Only when attending an event (e.g., State Fair, sporting event, concert)",8,""
transit_freq,995,FALSE,Missing,Missing,995,""
transit_freq,996,TRUE,Never,Never,996,""
transit_pay,-9998,FALSE,Missing,Missing,995,""
transit_pay,1,FALSE,"Pay using a Go-To card (e.g., Metropass, U-Pass, College Pass, Student Pass)","Pay using a Go-To card (e.g., Metropass, U-Pass, College Pass, Student Pass)",1,""
transit_pay,2,FALSE,"Pay per ride using cash, token, ticket, or credit card","Pay per ride using cash, token, ticket, or credit card",2,""
transit_pay,3,FALSE,"Ride for free (e.g., Civil Servant, Disabled Veteran)","Ride for free (e.g., Civil Servant, Disabled Veteran)",3,""
transit_pay,995,FALSE,Missing,Missing,995,""
transportation_barriers_1,0,FALSE,Not selected,Not selected,0,""
transportation_barriers_1,1,FALSE,Selected,Selected,1,""
transportation_barriers_1,995,FALSE,Missing,Missing,995,""
transportation_barriers_2,0,FALSE,Not selected,Not selected,0,""
transportation_barriers_2,1,FALSE,Selected,Selected,1,""
transportation_barriers_2,995,FALSE,Missing,Missing,995,""
transportation_barriers_3,0,FALSE,Not selected,Not selected,0,""
transportation_barriers_3,1,FALSE,Selected,Selected,1,""
transportation_barriers_3,995,FALSE,Missing,Missing,995,""
transportation_barriers_4,0,FALSE,Not selected,Not selected,0,""
transportation_barriers_4,1,FALSE,Selected,Selected,1,""
transportation_barriers_4,995,FALSE,Missing,Missing,995,""
transportation_barriers_5,0,FALSE,Not selected,Not selected,0,""
transportation_barriers_5,1,FALSE,Selected,Selected,1,""
transportation_barriers_5,995,FALSE,Missing,Missing,995,""
transportation_barriers_997,0,FALSE,Not selected,Not selected,0,""
transportation_barriers_997,1,FALSE,Selected,Selected,1,""
transportation_barriers_997,995,FALSE,Missing,Missing,995,""
transportation_barriers_999,0,FALSE,Not selected,Not selected,0,""
transportation_barriers_999,1,FALSE,Selected,Selected,1,""
transportation_barriers_999,995,FALSE,Missing,Missing,995,""
travel_dow,1,TRUE,Monday,Monday,1,""
travel_dow,2,TRUE,Tuesday,Tuesday,2,""
travel_dow,3,TRUE,Wednesday,Wednesday,3,""
travel_dow,4,TRUE,Thursday,Thursday,4,""
travel_dow,5,TRUE,Friday,Friday,5,""
travel_dow,6,TRUE,Saturday,Saturday,6,""
travel_dow,7,TRUE,Sunday,Sunday,7,""
travel_dow,995,FALSE,Missing,Missing,995,""
trip_survey_complete,0,TRUE,No,No,0,""
trip_survey_complete,1,TRUE,Yes,Yes,1,""
trip_survey_complete,995,FALSE,Missing,Missing,995,""
unlinked_trip,-9998,TRUE,Missing,Missing,995,""
unlinked_trip,0,TRUE,No,No,0,""
unlinked_trip,1,TRUE,Yes,Yes,1,""
unlinked_trip,995,FALSE,Missing,Missing,995,""
vanpool_freq,1,FALSE,6-7 days a week,6-7 days a week,1,""
vanpool_freq,2,FALSE,5 days a week,5 days a week,2,""
vanpool_freq,3,FALSE,4 days a week,4 days a week,3,""
vanpool_freq,4,FALSE,2-3 days a week,2-3 days a week,4,""
vanpool_freq,5,FALSE,1 day a week,1 day a week,5,""
vanpool_freq,6,FALSE,1-3 days a month,1-3 days a month,6,""
vanpool_freq,7,FALSE,Less than monthly,Less than monthly,7,""
vanpool_freq,995,FALSE,Missing,Missing,995,""
vehicle,6,FALSE,Household vehicle 1,Household vehicle 1,6,""
vehicle,7,FALSE,Household vehicle 2,Household vehicle 2,7,""
vehicle,8,FALSE,Household vehicle 3,Household vehicle 3,8,""
vehicle,9,FALSE,Household vehicle 4,Household vehicle 4,9,""
vehicle,10,FALSE,Household vehicle 5,Household vehicle 5,10,""
vehicle,11,FALSE,Household vehicle 6,Household vehicle 6,11,""
vehicle,12,FALSE,Household vehicle 7,Household vehicle 7,12,""
vehicle,13,FALSE,Household vehicle 8,Household vehicle 8,13,""
vehicle,18,FALSE,"A carshare vehicle (e.g., Zipcar)","A carshare vehicle (e.g., Zipcar)",18,""
vehicle,995,FALSE,Missing,Missing,995,""
vehicle,996,FALSE,None (I do not drive a vehicle),None (I do not drive a vehicle),996,""
vehicle,997,FALSE,Other vehicle,Other vehicle,997,""
vehicle_cost,2,FALSE,Less than $250,Less than $250,2,""
vehicle_cost,3,FALSE,$250-$499,$250-$499,3,""
vehicle_cost,4,FALSE,$500-$749,$500-$749,4,""
vehicle_cost,5,FALSE,$750-$999,$750-$999,5,""
vehicle_cost,6,FALSE,"$1,000 or more","$1,000 or more",6,""
vehicle_cost,995,FALSE,Missing,Missing,995,""
vehicle_cost,998,FALSE,Don't know,Don't know,998,""
vehicle_cost,999,FALSE,Prefer not to answer,Prefer not to answer,999,""
vehicle_num,1,TRUE,Household vehicle 1,Household vehicle 1,1,""
vehicle_num,2,TRUE,Household vehicle 2,Household vehicle 2,2,""
vehicle_num,3,TRUE,Household vehicle 3,Household vehicle 3,3,""
vehicle_num,4,TRUE,Household vehicle 4,Household vehicle 4,4,""
vehicle_num,5,TRUE,Household vehicle 5,Household vehicle 5,5,""
vehicle_num,6,TRUE,Household vehicle 6,Household vehicle 6,6,""
vehicle_num,7,TRUE,Household vehicle 7,Household vehicle 7,7,""
vehicle_num,8,TRUE,Household vehicle 8,Household vehicle 8,8,""
vehicle_ownership,-9998,FALSE,Missing,Missing,995,""
vehicle_ownership,1,FALSE,Owned (making payments),Owned (making payments),1,""
vehicle_ownership,2,TRUE,Leased,Leased,2,""
vehicle_ownership,3,FALSE,Employer provided,Employer provided,3,""
vehicle_ownership,4,FALSE,Fully owned (not making payments),Fully owned (not making payments),4,""
vehicle_ownership,995,FALSE,Missing,Missing,995,""
vehicle_ownership,997,TRUE,Other,Other,997,""
vehicle_park_who_paid,-9999,FALSE,Missing,Missing,995,""
vehicle_park_who_paid,-9998,FALSE,Missing,Missing,995,""
vehicle_park_who_paid,1,FALSE,Participant provided parking payment amount,Participant provided parking payment amount,1,""
vehicle_park_who_paid,2,FALSE,Another person paid or participant was reimbursed,Another person paid or participant was reimbursed,2,""
vehicle_park_who_paid,995,FALSE,Missing,Missing,995,""
vehicle_park_who_paid,998,FALSE,Don't know,Don't know,998,""
vehicle_purchase,1,FALSE,Very likely,Very likely,1,""
vehicle_purchase,2,FALSE,Somewhat likely,Somewhat likely,2,""
vehicle_purchase,3,FALSE,Neutral,Neutral,3,""
vehicle_purchase,4,FALSE,Somewhat unlikely,Somewhat unlikely,4,""
vehicle_purchase,5,FALSE,Very unlikely,Very unlikely,5,""
vehicle_purchase,995,FALSE,Missing,Missing,995,""
work_county,995,TRUE,Missing,Missing,995,""
work_county,27001,TRUE,"Aitkin County, MN","Aitkin County, MN",27001,""
work_county,27003,TRUE,"Anoka County, MN","Anoka County, MN",27003,""
work_county,27005,TRUE,"Becker County, MN","Becker County, MN",27005,""
work_county,27007,TRUE,"Beltrami County, MN","Beltrami County, MN",27007,""
work_county,27009,TRUE,"Benton County, MN","Benton County, MN",27009,""
work_county,27011,TRUE,"Big Stone County, MN","Big Stone County, MN",27011,""
work_county,27013,TRUE,"Blue Earth County, MN","Blue Earth County, MN",27013,""
work_county,27015,TRUE,"Brown County, MN","Brown County, MN",27015,""
work_county,27017,TRUE,"Carlton County, MN","Carlton County, MN",27017,""
work_county,27019,TRUE,"Carver County, MN","Carver County, MN",27019,""
work_county,27021,TRUE,"Cass County, MN","Cass County, MN",27021,""
work_county,27023,TRUE,"Chippewa County, MN","Chippewa County, MN",27023,""
work_county,27025,TRUE,"Chisago County, MN","Chisago County, MN",27025,""
work_county,27027,TRUE,"Clay County, MN","Clay County, MN",27027,""
work_county,27029,TRUE,"Clearwater County, MN","Clearwater County, MN",27029,""
work_county,27031,TRUE,"Cook County, MN","Cook County, MN",27031,""
work_county,27033,TRUE,"Cottonwood County, MN","Cottonwood County, MN",27033,""
work_county,27035,TRUE,"Crow Wing County, MN","Crow Wing County, MN",27035,""
work_county,27037,TRUE,"Dakota County, MN","Dakota County, MN",27037,""
work_county,27039,TRUE,"Dodge County, MN","Dodge County, MN",27039,""
work_county,27041,TRUE,"Douglas County, MN","Douglas County, MN",27041,""
work_county,27043,TRUE,"Faribault County, MN","Faribault County, MN",27043,""
work_county,27045,TRUE,"Fillmore County, MN","Fillmore County, MN",27045,""
work_county,27047,TRUE,"Freeborn County, MN","Freeborn County, MN",27047,""
work_county,27049,TRUE,"Goodhue County, MN","Goodhue County, MN",27049,""
work_county,27051,TRUE,"Grant County, MN","Grant County, MN",27051,""
work_county,27053,TRUE,"Hennepin County, MN","Hennepin County, MN",27053,""
work_county,27055,TRUE,"Houston County, MN","Houston County, MN",27055,""
work_county,27057,TRUE,"Hubbard County, MN","Hubbard County, MN",27057,""
work_county,27059,TRUE,"Isanti County, MN","Isanti County, MN",27059,""
work_county,27061,TRUE,"Itasca County, MN","Itasca County, MN",27061,""
work_county,27063,TRUE,"Jackson County, MN","Jackson County, MN",27063,""
work_county,27065,TRUE,"Kanabec County, MN","Kanabec County, MN",27065,""
work_county,27067,TRUE,"Kandiyohi County, MN","Kandiyohi County, MN",27067,""
work_county,27069,TRUE,"Kittson County, MN","Kittson County, MN",27069,""
work_county,27071,TRUE,"Koochiching County, MN","Koochiching County, MN",27071,""
work_county,27073,TRUE,"Lac qui Parle County, MN","Lac qui Parle County, MN",27073,""
work_county,27075,TRUE,"Lake County, MN","Lake County, MN",27075,""
work_county,27077,TRUE,"Lake of the Woods County, MN","Lake of the Woods County, MN",27077,""
work_county,27079,TRUE,"Le Sueur County, MN","Le Sueur County, MN",27079,""
work_county,27081,TRUE,"Lincoln County, MN","Lincoln County, MN",27081,""
work_county,27083,TRUE,"Lyon County, MN","Lyon County, MN",27083,""
work_county,27085,TRUE,"McLeod County, MN","McLeod County, MN",27085,""
work_county,27087,TRUE,"Mahnomen County, MN","Mahnomen County, MN",27087,""
work_county,27089,TRUE,"Marshall County, MN","Marshall County, MN",27089,""
work_county,27091,TRUE,"Martin County, MN","Martin County, MN",27091,""
work_county,27093,TRUE,"Meeker County, MN","Meeker County, MN",27093,""
work_county,27095,TRUE,"Mille Lacs County, MN","Mille Lacs County, MN",27095,""
work_county,27097,TRUE,"Morrison County, MN","Morrison County, MN",27097,""
work_county,27099,TRUE,"Mower County, MN","Mower County, MN",27099,""
work_county,27101,TRUE,"Murray County, MN","Murray County, MN",27101,""
work_county,27103,TRUE,"Nicollet County, MN","Nicollet County, MN",27103,""
work_county,27105,TRUE,"Nobles County, MN","Nobles County, MN",27105,""
work_county,27107,TRUE,"Norman County, MN","Norman County, MN",27107,""
work_county,27109,TRUE,"Olmsted County, MN","Olmsted County, MN",27109,""
work_county,27111,TRUE,"Otter Tail County, MN","Otter Tail County, MN",27111,""
work_county,27113,TRUE,"Pennington County, MN","Pennington County, MN",27113,""
work_county,27115,TRUE,"Pine County, MN","Pine County, MN",27115,""
work_county,27117,TRUE,"Pipestone County, MN","Pipestone County, MN",27117,""
work_county,27119,TRUE,"Polk County, MN","Polk County, MN",27119,""
work_county,27121,TRUE,"Pope County, MN","Pope County, MN",27121,""
work_county,27123,TRUE,"Ramsey County, MN","Ramsey County, MN",27123,""
work_county,27125,TRUE,"Red Lake County, MN","Red Lake County, MN",27125,""
work_county,27127,TRUE,"Redwood County, MN","Redwood County, MN",27127,""
work_county,27129,TRUE,"Renville County, MN","Renville County, MN",27129,""
work_county,27131,TRUE,"Rice County, MN","Rice County, MN",27131,""
work_county,27133,TRUE,"Rock County, MN","Rock County, MN",27133,""
work_county,27135,TRUE,"Roseau County, MN","Roseau County, MN",27135,""
work_county,27137,TRUE,"St Louis County, MN","St Louis County, MN",27137,""
work_county,27139,TRUE,"Scott County, MN","Scott County, MN",27139,""
work_county,27141,TRUE,"Sherburne County, MN","Sherburne County, MN",27141,""
work_county,27143,TRUE,"Sibley County, MN","Sibley County, MN",27143,""
work_county,27145,TRUE,"Stearns County, MN","Stearns County, MN",27145,""
work_county,27147,TRUE,"Steele County, MN","Steele County, MN",27147,""
work_county,27149,TRUE,"Stevens County, MN","Stevens County, MN",27149,""
work_county,27151,TRUE,"Swift County, MN","Swift County, MN",27151,""
work_county,27153,TRUE,"Todd County, MN","Todd County, MN",27153,""
work_county,27155,TRUE,"Traverse County, MN","Traverse County, MN",27155,""
work_county,27157,TRUE,"Wabasha County, MN","Wabasha County, MN",27157,""
work_county,27159,TRUE,"Wadena County, MN","Wadena County, MN",27159,""
work_county,27161,TRUE,"Waseca County, MN","Waseca County, MN",27161,""
work_county,27163,TRUE,"Washington County, MN","Washington County, MN",27163,""
work_county,27165,TRUE,"Watonwan County, MN","Watonwan County, MN",27165,""
work_county,27167,TRUE,"Wilkin County, MN","Wilkin County, MN",27167,""
work_county,27169,TRUE,"Winona County, MN","Winona County, MN",27169,""
work_county,27171,TRUE,"Wright County, MN","Wright County, MN",27171,""
work_county,27173,TRUE,"Yellow Medicine County, MN","Yellow Medicine County, MN",27173,""
work_county,55001,TRUE,"Adams County, WI","Adams County, WI",55001,""
work_county,55003,TRUE,"Ashland County, WI","Ashland County, WI",55003,""
work_county,55005,TRUE,"Barron County, WI","Barron County, WI",55005,""
work_county,55007,TRUE,"Bayfield County, WI","Bayfield County, WI",55007,""
work_county,55009,TRUE,"Brown County, WI","Brown County, WI",55009,""
work_county,55011,TRUE,"Buffalo County, WI","Buffalo County, WI",55011,""
work_county,55013,TRUE,"Burnett County, WI","Burnett County, WI",55013,""
work_county,55015,TRUE,"Calumet County, WI","Calumet County, WI",55015,""
work_county,55017,TRUE,"Chippewa County, WI","Chippewa County, WI",55017,""
work_county,55019,TRUE,"Clark County, WI","Clark County, WI",55019,""
work_county,55021,TRUE,"Columbia County, WI","Columbia County, WI",55021,""
work_county,55023,TRUE,"Crawford County, WI","Crawford County, WI",55023,""
work_county,55025,TRUE,"Dane County, WI","Dane County, WI",55025,""
work_county,55027,TRUE,"Dodge County, WI","Dodge County, WI",55027,""
work_county,55029,TRUE,"Door County, WI","Door County, WI",55029,""
work_county,55031,TRUE,"Douglas County, WI","Douglas County, WI",55031,""
work_county,55033,TRUE,"Dunn County, WI","Dunn County, WI",55033,""
work_county,55035,TRUE,"Eau Claire County, WI","Eau Claire County, WI",55035,""
work_county,55037,TRUE,"Florence County, WI","Florence County, WI",55037,""
work_county,55039,TRUE,"Fond du Lac County, WI","Fond du Lac County, WI",55039,""
work_county,55041,TRUE,"Forest County, WI","Forest County, WI",55041,""
work_county,55043,TRUE,"Grant County, WI","Grant County, WI",55043,""
work_county,55045,TRUE,"Green County, WI","Green County, WI",55045,""
work_county,55047,TRUE,"Green Lake County, WI","Green Lake County, WI",55047,""
work_county,55049,TRUE,"Iowa County, WI","Iowa County, WI",55049,""
work_county,55051,TRUE,"Iron County, WI","Iron County, WI",55051,""
work_county,55053,TRUE,"Jackson County, WI","Jackson County, WI",55053,""
work_county,55055,TRUE,"Jefferson County, WI","Jefferson County, WI",55055,""
work_county,55057,TRUE,"Juneau County, WI","Juneau County, WI",55057,""
work_county,55059,TRUE,"Kenosha County, WI","Kenosha County, WI",55059,""
work_county,55061,TRUE,"Kewaunee County, WI","Kewaunee County, WI",55061,""
work_county,55063,TRUE,"La Crosse County, WI","La Crosse County, WI",55063,""
work_county,55065,TRUE,"Lafayette County, WI","Lafayette County, WI",55065,""
work_county,55067,TRUE,"Langlade County, WI","Langlade County, WI",55067,""
work_county,55069,TRUE,"Lincoln County, WI","Lincoln County, WI",55069,""
work_county,55071,TRUE,"Manitowoc County, WI","Manitowoc County, WI",55071,""
work_county,55073,TRUE,"Marathon County, WI","Marathon County, WI",55073,""
work_county,55075,TRUE,"Marinette County, WI","Marinette County, WI",55075,""
work_county,55077,TRUE,"Marquette County, WI","Marquette County, WI",55077,""
work_county,55078,TRUE,"Menominee County, WI","Menominee County, WI",55078,""
work_county,55079,TRUE,"Milwaukee County, WI","Milwaukee County, WI",55079,""
work_county,55081,TRUE,"Monroe County, WI","Monroe County, WI",55081,""
work_county,55083,TRUE,"Oconto County, WI","Oconto County, WI",55083,""
work_county,55085,TRUE,"Oneida County, WI","Oneida County, WI",55085,""
work_county,55087,TRUE,"Outagamie County, WI","Outagamie County, WI",55087,""
work_county,55089,TRUE,"Ozaukee County, WI","Ozaukee County, WI",55089,""
work_county,55091,TRUE,"Pepin County, WI","Pepin County, WI",55091,""
work_county,55093,TRUE,"Pierce County, WI","Pierce County, WI",55093,""
work_county,55095,TRUE,"Polk County, WI","Polk County, WI",55095,""
work_county,55097,TRUE,"Portage County, WI","Portage County, WI",55097,""
work_county,55099,TRUE,"Price County, WI","Price County, WI",55099,""
work_county,55101,TRUE,"Racine County, WI","Racine County, WI",55101,""
work_county,55103,TRUE,"Richland County, WI","Richland County, WI",55103,""
work_county,55105,TRUE,"Rock County, WI","Rock County, WI",55105,""
work_county,55107,TRUE,"Rusk County, WI","Rusk County, WI",55107,""
work_county,55109,TRUE,"St Croix County, WI","St Croix County, WI",55109,""
work_county,55111,TRUE,"Sauk County, WI","Sauk County, WI",55111,""
work_county,55113,TRUE,"Sawyer County, WI","Sawyer County, WI",55113,""
work_county,55115,TRUE,"Shawano County, WI","Shawano County, WI",55115,""
work_county,55117,TRUE,"Sheboygan County, WI","Sheboygan County, WI",55117,""
work_county,55119,TRUE,"Taylor County, WI","Taylor County, WI",55119,""
work_county,55121,TRUE,"Trempealeau County, WI","Trempealeau County, WI",55121,""
work_county,55123,TRUE,"Vernon County, WI","Vernon County, WI",55123,""
work_county,55125,TRUE,"Vilas County, WI","Vilas County, WI",55125,""
work_county,55127,TRUE,"Walworth County, WI","Walworth County, WI",55127,""
work_county,55129,TRUE,"Washburn County, WI","Washburn County, WI",55129,""
work_county,55131,TRUE,"Washington County, WI","Washington County, WI",55131,""
work_county,55133,TRUE,"Waukesha County, WI","Waukesha County, WI",55133,""
work_county,55135,TRUE,"Waupaca County, WI","Waupaca County, WI",55135,""
work_county,55137,TRUE,"Waushara County, WI","Waushara County, WI",55137,""
work_county,55139,TRUE,"Winnebago County, WI","Winnebago County, WI",55139,""
work_county,55141,TRUE,"Wood County, WI","Wood County, WI",55141,""
work_freq,1,FALSE,6-7 days a week,6-7 days a week,1,""
work_freq,2,FALSE,5 days a week,5 days a week,2,""
work_freq,3,FALSE,4 days a week,4 days a week,3,""
work_freq,4,FALSE,3 days a week,3 days a week,4,""
work_freq,5,FALSE,2 days a week,2 days a week,5,""
work_freq,6,FALSE,1 day a week,1 day a week,6,""
work_freq,7,FALSE,9 days every 2 weeks,9 days every 2 weeks,7,""
work_freq,995,FALSE,Missing,Missing,995,""
work_freq,997,FALSE,Other,Other,997,""
work_in_region,0,FALSE,Not in study region,Not in study region,0,""
work_in_region,1,FALSE,In study region,In study region,1,""
work_in_region,995,FALSE,Missing,Missing,995,""
work_mode,1,TRUE,"Walk, jog, or roll using a mobility device","Walk, jog, or roll using a mobility device",1,""
work_mode,3,FALSE,Drive alone,Household vehicle (or motorcycle),100,""
work_mode,4,FALSE,Carpool with only family/household member(s),Household vehicle (or motorcycle),100,""
work_mode,5,FALSE,Carpool with at least one person not in household,Household vehicle (or motorcycle),100,""
work_mode,7,FALSE,Bus (public transit),"Bus, shuttle, or vanpool",102,""
work_mode,8,FALSE,Private shuttle bus,"Bus, shuttle, or vanpool",102,""
work_mode,9,FALSE,Paratransit,"Bus, shuttle, or vanpool",102,""
work_mode,10,FALSE,Vanpool,"Bus, shuttle, or vanpool",102,""
work_mode,11,FALSE,"Taxi (e.g., Yellow Cab)","Uber/Lyft, taxi, or car service",106,""
work_mode,12,FALSE,"Uber, Lyft, or other smartphone-app ride service","Uber/Lyft, taxi, or car service",106,""
work_mode,13,FALSE,Subway,"Rail (e.g., light rail)",105,""
work_mode,14,FALSE,Light rail,"Rail (e.g., light rail)",105,""
work_mode,15,FALSE,"Intercity rail (e.g., Amtrak)","Rail (e.g., light rail)",105,""
work_mode,17,FALSE,Northstar,"Rail (e.g., light rail)",105,""
work_mode,100,FALSE,Household vehicle (or motorcycle),Household vehicle (or motorcycle),100,""
work_mode,101,FALSE,"Other vehicle (e.g., friend's car, rental, carshare, work car)","Other vehicle (e.g., friend's car, rental, work car)",101,""
work_mode,102,FALSE,"Bus, shuttle, or vanpool","Bus, shuttle, or vanpool",102,""
work_mode,103,FALSE,Bicycle or e-bicycle,Bicycle or e-bicycle,103,""
work_mode,104,FALSE,Other,Other,104,""
work_mode,105,FALSE,"Rail (e.g., light rail)","Rail (e.g., light rail)",105,""
work_mode,106,FALSE,"Uber/Lyft, taxi, or car service","Uber/Lyft, taxi, or car service",106,""
work_mode,107,FALSE,"Scooter, moped, or skateboard","Scooter, moped, or skateboard",107,""
work_mode,201,FALSE,SouthWest Prime or MVTA Connect,"Bus, shuttle, or vanpool",102,""
work_mode,995,FALSE,Missing,Missing,995,""
work_mode,995,FALSE,Missing,Missing,995,""
work_mode_pre_covid,1,FALSE,"Walk, jog, or roll using a mobility device","Walk, jog, or roll using a mobility device",1,""
work_mode_pre_covid,100,FALSE,Household vehicle (or motorcycle),Household vehicle (or motorcycle),100,""
work_mode_pre_covid,101,FALSE,"Other vehicle (e.g., friend's car, rental, carshare, work car)","Other vehicle (e.g., friend's car, rental, carshare, work car)",101,""
work_mode_pre_covid,102,FALSE,"Bus, shuttle, or vanpool","Bus, shuttle, or vanpool",102,""
work_mode_pre_covid,103,FALSE,Bicycle or e-bicycle,Bicycle or e-bicycle,103,""
work_mode_pre_covid,105,FALSE,"Rail (e.g., light rail)","Rail (e.g., light rail)",105,""
work_mode_pre_covid,106,FALSE,"Uber/Lyft, taxi, or car service","Uber/Lyft, taxi, or car service",106,""
work_mode_pre_covid,107,FALSE,"Scooter, moped, or skateboard","Scooter, moped, or skateboard",107,""
work_mode_pre_covid,201,FALSE,SouthWest Prime or MVTA Connect,SouthWest Prime or MVTA Connect,201,""
work_mode_pre_covid,995,FALSE,Missing,Missing,995,""
work_mode_pre_covid,997,FALSE,Other,Other,997,""
work_mode_season,1,FALSE,"Walk, jog, or roll using a mobility device","Walk, jog, or roll using a mobility device",1,""
work_mode_season,100,FALSE,Household vehicle (or motorcycle),Household vehicle (or motorcycle),100,""
work_mode_season,101,FALSE,"Other vehicle (e.g., friend's car, rental, carshare, work car)","Other vehicle (e.g., friend's car, rental, carshare, work car)",101,""
work_mode_season,102,FALSE,"Bus, shuttle, or vanpool","Bus, shuttle, or vanpool",102,""
work_mode_season,103,FALSE,Bicycle or e-bicycle,Bicycle or e-bicycle,103,""
work_mode_season,104,FALSE,Other,Other,104,""
work_mode_season,105,FALSE,"Rail (e.g., light rail)","Rail (e.g., light rail)",105,""
work_mode_season,106,FALSE,"Uber/Lyft, taxi, or car service","Uber/Lyft, taxi, or car service",106,""
work_mode_season,107,FALSE,"Scooter, moped, or skateboard","Scooter, moped, or skateboard",107,""
work_mode_season,201,FALSE,SouthWest Prime or MVTA Connect,SouthWest Prime or MVTA Connect,201,""
work_mode_season,995,FALSE,Missing,Missing,995,""
work_mode_seasonality,-9998,FALSE,Missing,Missing,995,""
work_mode_seasonality,1,TRUE,Yes,Yes,1,""
work_mode_seasonality,2,TRUE,No,No,2,""
work_mode_seasonality,995,FALSE,Missing,Missing,995,""
work_park_pay,-9998,FALSE,Missing,Missing,995,""
work_park_pay,1,TRUE,"Parking is always free at/near work, at park & ride, etc.","Parking is always free at/near work, at park & ride, etc.",1,""
work_park_pay,2,FALSE,Employer pays ALL parking costs (for me),Employer pays ALL parking costs (for me),2,""
work_park_pay,3,FALSE,Employer offers discounted parking (I pay some),Employer offers discounted parking (I pay some),3,""
work_park_pay,4,FALSE,I pay some or all parking costs with a pre-tax transportation card,I pay some or all parking costs with a pre-tax transportation card,4,""
work_park_pay,5,FALSE,I pay some or all parking costs (employer pays none),I pay some or all parking costs (employer pays none),5,""
work_park_pay,995,FALSE,Missing,Missing,995,""
work_park_pay,996,FALSE,Not applicable (Never drive to work),Not applicable (Never drive to work),996,""
work_park_pay,998,TRUE,Don't know,Don't know,998,""
work_state,27,TRUE,Minnesota,Minnesota,27,""
work_state,55,TRUE,Wisconsin,Wisconsin,55,""
work_state,995,FALSE,Missing,Missing,995,""
work_vehicle_park,3,FALSE,Parking lot/ramp/garage,Parking lot/ramp/garage,3,""
work_vehicle_park,4,FALSE,On-street parking,On-street parking,4,""
work_vehicle_park,5,FALSE,Park & Ride lot,Park & Ride lot,5,""
work_vehicle_park,6,FALSE,"Don't park (e.g., get dropped off)","Don't park (e.g., get dropped off)",6,""
work_vehicle_park,7,FALSE,Other,Other,7,""
work_vehicle_park,995,FALSE,Missing,Missing,995,""
work_zone,1,FALSE,Anoka County,Anoka County,1,""
work_zone,2,FALSE,Carver County,Carver County,2,""
work_zone,3,FALSE,Dakota County,Dakota County,3,""
work_zone,4,FALSE,Hennepin County,Hennepin County,4,""
work_zone,5,FALSE,Ramsey County,Ramsey County,5,""
work_zone,6,FALSE,Scott County,Scott County,6,""
work_zone,7,FALSE,Washington County,Washington County,7,""
work_zone,8,FALSE,MPO outside seven counties,MPO outside seven counties,8,""
work_zone,9,FALSE,"In study region, but not in MPO","In study region, but not in MPO",9,""
work_zone,10,FALSE,Not in study region,Not in study region,10,""
workplace_post_covid,1,FALSE,Yes,Yes,1,""
workplace_post_covid,2,FALSE,No,No,2,""
workplace_post_covid,995,FALSE,Missing,Missing,995,""
year,995,TRUE,Missing,Missing,995,""
year,1980,TRUE,1980 or earlier,1980 or earlier,1980,""
year,1981,TRUE,1981,1981,1981,""
year,1982,TRUE,1982,1982,1982,""
year,1983,TRUE,1983,1983,1983,""
year,1984,TRUE,1984,1984,1984,""
year,1985,TRUE,1985,1985,1985,""
year,1986,TRUE,1986,1986,1986,""
year,1987,TRUE,1987,1987,1987,""
year,1988,TRUE,1988,1988,1988,""
year,1989,TRUE,1989,1989,1989,""
year,1990,TRUE,1990,1990,1990,""
year,1991,TRUE,1991,1991,1991,""
year,1992,TRUE,1992,1992,1992,""
year,1993,TRUE,1993,1993,1993,""
year,1994,TRUE,1994,1994,1994,""
year,1995,TRUE,1995,1995,1995,""
year,1996,TRUE,1996,1996,1996,""
year,1997,TRUE,1997,1997,1997,""
year,1998,TRUE,1998,1998,1998,""
year,1999,TRUE,1999,1999,1999,""
year,2000,TRUE,2000,2000,2000,""
year,2001,TRUE,2001,2001,2001,""
year,2002,TRUE,2002,2002,2002,""
year,2003,TRUE,2003,2003,2003,""
year,2004,TRUE,2004,2004,2004,""
year,2005,TRUE,2005,2005,2005,""
year,2006,TRUE,2006,2006,2006,""
year,2007,TRUE,2007,2007,2007,""
year,2008,TRUE,2008,2008,2008,""
year,2009,TRUE,2009,2009,2009,""
year,2010,TRUE,2010,2010,2010,""
year,2011,TRUE,2011,2011,2011,""
year,2012,TRUE,2012,2012,2012,""
year,2013,TRUE,2013,2013,2013,""
year,2014,TRUE,2014,2014,2014,""
year,2015,TRUE,2015,2015,2015,""
year,2016,TRUE,2016,2016,2016,""
year,2017,TRUE,2017,2017,2017,""
year,2018,TRUE,2018,2018,2018,""
year,2019,TRUE,2019,2019,2019,""
year,2020,TRUE,2020,2020,2020,""
year,2021,FALSE,2021,2021,2021,""
year,2022,FALSE,2022,2022,2022,""
year,2023,FALSE,2023,2023,2023,""
year,2024,FALSE,2024,2024,2024,""
purpose,-1,TRUE,Not imputable,Not imputable,-1,""
purpose,1,TRUE,Went home,Went home,1,""
purpose,2,TRUE,Went to work/work-related/volunteer-related,Went to work/work-related/volunteer-related,2,""
purpose,3,TRUE,Attended school/class,Attended school/class,3,""
purpose,4,TRUE,Appointment/shopping/errands,Appointment/shopping/errands,4,""
purpose,5,TRUE,"Drop off, pick up, accompany person","Drop off, pick up, accompany person",5,""
purpose,7,TRUE,Social/leisure/vacation activity,Social/leisure/vacation activity,7,""
purpose,10,TRUE,Primary workplace,Primary workplace,10,""
purpose,11,TRUE,"Went to work-related activity (e.g., meeting, delivery, worksite)","Went to work-related activity (e.g., meeting, delivery, worksite)",11,""
purpose,12,TRUE,"Traveling for work (e.g., going to airport)","Traveling for work (e.g., going to airport)",12,""
purpose,13,TRUE,Volunteering,Volunteering,13,""
purpose,14,TRUE,Other work-related,Other work-related,14,""
purpose,21,TRUE,Attend K-12 school,Attend K-12 school,21,""
purpose,22,TRUE,Attend college/university,Attend college/university,22,""
purpose,23,TRUE,"Attend other type of class (e.g., cooking class)","Attend other type of class (e.g., cooking class)",23,""
purpose,24,TRUE,"Attend other education-related activity (e.g., field trip)","Attend other education-related activity (e.g., field trip)",24,""
purpose,25,TRUE,Attend vocational education class,Attend vocational education class,25,""
purpose,26,TRUE,Attend daycare or preschool,Attend daycare or preschool,26,""
purpose,30,TRUE,Grocery shopping,Grocery shopping,30,""
purpose,31,TRUE,Got gas,Got gas,31,""
purpose,32,TRUE,"Other routine shopping (e.g., pharmacy)","Other routine shopping (e.g., pharmacy)",32,""
purpose,33,TRUE,"Errand without appointment (e.g., post office)","Errand without appointment (e.g., post office)",33,""
purpose,34,TRUE,"Medical visit (e.g., doctor, dentist)","Medical visit (e.g., doctor, dentist)",34,""
purpose,36,TRUE,"Shopping for major item (e.g., furniture, car)","Shopping for major item (e.g., furniture, car)",36,""
purpose,37,TRUE,"Errand with appointment (e.g., haircut)","Errand with appointment (e.g., haircut)",37,""
purpose,40,TRUE,Pick-up/drop-off to/from childcare/preschool/adult care,Pick-up/drop-off to/from childcare/preschool/adult care,40,""
purpose,41,TRUE,Pick-up/drop-off to/from K-12 school or college,Pick-up/drop-off to/from K-12 school or college,41,""
purpose,42,TRUE,Pick-up/drop-off to/from other person's workplace,Pick-up/drop-off to/from other person's workplace,42,""
purpose,43,TRUE,"Pick-up/drop-off to/from other person's scheduled activity (e.g., lesson, appointment)","Pick-up/drop-off to/from other person's scheduled activity (e.g., lesson, appointment)",43,""
purpose,44,TRUE,"Other activity only (e.g., attend meeting, pick-up or drop-off item)","Other activity only (e.g., attend meeting, pick-up or drop-off item)",44,""
purpose,45,TRUE,Other place to pick-up/drop-off,Other place to pick-up/drop-off,45,""
purpose,46,TRUE,Pick someone up,Pick someone up,46,""
purpose,47,TRUE,Pick-up/drop-off to/from other person's home,Pick-up/drop-off to/from other person's home,47,""
purpose,48,TRUE,Drop someone off,Drop someone off,48,""
purpose,49,TRUE,"Accompany someone only (e.g., go along for the ride)","Accompany someone only (e.g., go along for the ride)",49,""
purpose,50,TRUE,BOTH pick up AND drop off,BOTH pick up AND drop off,50,""
purpose,51,TRUE,"Dined out, got coffee or take-out","Dined out, got coffee or take-out",51,""
purpose,52,TRUE,"Exercise or recreation (e.g., gym, jog, bike, walk dog)","Exercise or recreation (e.g., gym, jog, bike, walk dog)",52,""
purpose,53,TRUE,"Social activity (e.g., visit friends/relatives)","Social activity (e.g., visit friends/relatives)",53,""
purpose,54,TRUE,"Leisure/entertainment/cultural (e.g., cinema, museum, park)","Leisure/entertainment/cultural (e.g., cinema, museum, park)",54,""
purpose,55,TRUE,Religious/civic/volunteer activity,Religious/civic/volunteer activity,55,""
purpose,56,TRUE,Vacation/traveling,Vacation/traveling,56,""
purpose,57,TRUE,"Family activity (e.g., watch child's game)","Family activity (e.g., watch child's game)",57,""
purpose,58,TRUE,"Changed or transferred mode (e.g., waited for bus, drove onto ferry)","Changed or transferred mode (e.g., waited for bus, drove onto ferry)",58,""
purpose,59,TRUE,"Other shopping or errand (e.g., pharmacy, post office)","Other shopping or errand (e.g., pharmacy, post office)",59,""
purpose,60,TRUE,Other leisure activity,Other leisure activity,60,""
purpose,80,TRUE,Spent the night at non-home location out of region,Spent the night at non-home location out of region,80,""
purpose,81,TRUE,Spent the night at non-home location in region,Spent the night at non-home location in region,81,""
purpose,99,TRUE,Other reason,Other reason,99,""
purpose,150,TRUE,"Went to another residence (e.g., someone else's home, second home)","Went to another residence (e.g., someone else's home, second home)",150,""
purpose,151,TRUE,Loop trip (split by analyst at furthest location),Loop trip (split by analyst at furthest location),151,""
purpose,152,TRUE,"Went to temporary lodging (e.g., hotel, vacation rental)","Went to temporary lodging (e.g., hotel, vacation rental)",152,""
purpose,997,TRUE,Other purpose,Other purpose,997,""
purpose,995,TRUE,Other purpose,Missing,995,""
purpose_category,-9998,TRUE,Missing,Missing,995,""
purpose_category,-1,TRUE,Not imputable,Not imputable,-1,""
purpose_category,1,TRUE,Home,Home,1,""
purpose_category,2,TRUE,Work,Work,2,""
purpose_category,3,TRUE,Work related,Work related,3,""
purpose_category,4,TRUE,School,School,4,""
purpose_category,5,TRUE,School related,School related,5,""
purpose_category,6,TRUE,Escort,Escort,6,""
purpose_category,7,TRUE,Shopping,Shopping,7,""
purpose_category,8,TRUE,Meal,Meal,8,""
purpose_category,9,TRUE,Social/Recreation,Social/Recreation,9,""
purpose_category,10,TRUE,Errand,Errand,10,""
purpose_category,11,TRUE,Change mode,Change mode,11,""
purpose_category,12,TRUE,Overnight,Overnight,12,""
purpose_category,13,TRUE,Other,Other,13,""
purpose_category,14,TRUE,Errand/Other,Errand,10,""
purpose_category,995,TRUE,Missing,Missing,995,""
synthetic_trip,,,Yes,Yes,1,""
synthetic_trip,,,No,No,0,""
survey_year,2019,,2019,2019,2019,""
survey_year,2021,,2021,2021,2021,""
survey_year,2023,,2023,2023,2023,""
vehicle_id,,,,,,ID for vehicles
veh_age,,,,,,Age of vehicle
hh_in_mpo,,,,,,Household in the MPO geography (T/F)
hh_county,,,,,,Household County
hh_city,,,,,,"Household City, Township, and Unorganized Territory"
hh_census_place,,,,,,Household Census Incorporated Place
cd_2050,,,,,,Household community designation (2050 plan)
cd_2050_broad,,,,,,"Household community designation, broad categorizaiton (2050 plan)"
cd_2050_rsd,,,,,,"Household community designation, urban, rural, non-council (2050 plan)"
cd_2040,,,,,,Household community designation (2040 plan)
cd_2040_broad,,,,,,"Household community designation, broad categorizaiton (2040 plan)"
cd_2040_rsd,,,,,,"Household community designation, urban, rural, non-council (2040 plan)"
hh_cbg_2010,,,,,,Household 2010 Census block group
hh_cbg_2020,,,,,,Household 2020 Census block group
hh_taz,,,,,,Household Transportation Analysis Zones (TAZ)
taz_pop_per_acre,,,,,,Population density in household's TAZ
taz_housing_units_per_acre,,,,,,Housing density in household's TAZ
taz_jobs_per_acre,,,,,,Job density in household's TAZ
hh_tract,,,,,,Household Census tract
trip_o_in_mpo,,,,,,Trip origin in the MPO geography (T/F)
trip_o_county,,,,,,Trip origin County
trip_o_city,,,,,,"Trip origin City, Township, and Unorganized Territory"
trip_o_census_place,,,,,,Trip origin Census Incorporated Place
trip_o_cd_2050,,,,,,Trip origin community designation (2050 plan)
trip_o_cd_2050_broad,,,,,,"Trip origin community designation, broad categorizaiton (2050 plan)"
trip_o_cd_2050_rsd,,,,,,"Trip origin community designation, urban, rural, non-council (2050 plan)"
trip_o_cd_2040,,,,,,Trip origin community designation (2040 plan)
trip_o_cd_2040_broad,,,,,,"Trip origin community designation, broad categorizaiton (2040 plan)"
trip_o_cd_2040_rsd,,,,,,"Trip origin community designation, urban, rural, non-council (2040 plan)"
trip_o_cbg_2010,,,,,,Trip origin 2010 Census block group
trip_o_cbg_2020,,,,,,Trip origin 2020 Census block group
trip_o_taz,,,,,,Trip origin Transportation Analysis Zones (TAZ)
trip_o_tract,,,,,,Trip origin Census tract
trip_d_in_mpo,,,,,,Trip destination in the MPO geography (T/F)
trip_d_county,,,,,,Trip destination County
trip_d_city,,,,,,"Trip destination City, Township, and Unorganized Territory"
trip_d_census_place,,,,,,Trip destination Census Incorporated Place
trip_d_cd_2050,,,,,,Trip destination community designation (2050 plan)
trip_d_cd_2050_broad,,,,,,"Trip destination community designation, broad categorizaiton (2050 plan)"
trip_d_cd_2050_rsd,,,,,,"Trip destination community designation, urban, rural, non-council (2050 plan)"
trip_d_cd_2040,,,,,,Trip destination community designation (2040 plan)
trip_d_cd_2040_broad,,,,,,"Trip destination community designation, broad categorizaiton (2040 plan)"
trip_d_cd_2040_rsd,,,,,,"Trip destination community designation, urban, rural, non-council (2040 plan)"
trip_d_cbg_2010,,,,,,Trip destination 2010 Census block group
trip_d_cbg_2020,,,,,,Trip destination 2020 Census block group
trip_d_taz,,,,,,Trip destination Transportation Analysis Zones (TAZ)
trip_d_tract,,,,,,Trip destination Census tract
work_in_mpo,,,,,,Workplace in the MPO geography (T/F)
work_county,,,,,,Workplace County
work_city,,,,,,"Workplace City, Township, and Unorganized Territory"
work_census_place,,,,,,Workplace Census Incorporated Place
work_cd_2050,,,,,,Workplace community designation (2050 plan)
work_cd_2050_broad,,,,,,"Workplace community designation, broad categorizaiton (2050 plan)"
work_cd_2050_rsd,,,,,,"Workplace community designation, urban, rural, non-council (2050 plan)"
work_cd_2040,,,,,,Workplace community designation (2040 plan)
work_cd_2040_broad,,,,,,"Workplace community designation, broad categorizaiton (2040 plan)"
work_cd_2040_rsd,,,,,,"Workplace community designation, urban, rural, non-council (2040 plan)"
work_cbg_2010,,,,,,Workplace 2010 Census block group
work_cbg_2020,,,,,,Workplace 2020 Census block group
work_taz,,,,,,Workplace Transportation Analysis Zones (TAZ)
work_tract,,,,,,Workplace Census tract
school_in_mpo,,,,,,School in the MPO geography (T/F)
school_city,,,,,,"School City, Township, and Unorganized Territory"
school_cd_2050,,,,,,School community designation (2050 plan)
school_cd_2050_broad,,,,,,"School community designation, broad categorizaiton (2050 plan)"
school_cd_2050_rsd,,,,,,"School community designation, urban, rural, non-council (2050 plan)"
school_cd_2040,,,,,,School community designation (2040 plan)
school_cd_2040_broad,,,,,,"School community designation, broad categorizaiton (2040 plan)"
school_cd_2040_rsd,,,,,,"School community designation, urban, rural, non-council (2040 plan)"
school_cbg_2010,,,,,,School 2010 Census block group
school_cbg_2020,,,,,,School 2020 Census block group
school_taz,,,,,,School Transportation Analysis Zones (TAZ)
school_tract,,,,,,School Census tract
trip_part,,,,,,Starting or ending record of a trip
race,,,,,,Collapsed race that aligns with the ACS.
ethnicity,,,,,,Ethnicity that aligns with the ACS.
d_purpose_category_broad,,,,,,Broad re-catagorization of trip destination purpose
o_purpose_category_broad,,,,,,Broad re-catagorization of trip origin purpose
travel_date_season,,,,,,Season of date
num_travelers_int,,,,,,Number of travelers as integer cut off at 5
num_hh_travelers_int,,,,,,Number of household travelers as integer cut off at 7
num_non_hh_travelers,,,,,,Number of non-household travelers as integer cut off at 7
