2026-09-30 07:20:10 - data_sources.base_survey_trip - INFO - Logging to: /home/exouser/Documents/Tareek/logs/plan_generation_20260930_072010.log
2026-09-30 07:20:11 - __main__ - INFO - ============================================================
2026-09-30 07:20:11 - __main__ - INFO - STEP 1: VALIDATING CONFIGURATION
2026-09-30 07:20:11 - __main__ - INFO - ============================================================
2026-09-30 07:20:11 - utils.config_validator - INFO - Loaded config from: config/USA/TwinCities/config_10iter_tc_tbi_nw16.json
2026-09-30 07:20:11 - utils.config_validator - INFO - Validating configuration...
2026-09-30 07:20:11 - utils.config_validator - INFO - Network config: Using 15 counties
2026-09-30 07:20:11 - utils.config_validator - INFO - MATSim config: mode=basic, run_simulation=True
2026-09-30 07:20:11 - utils.config_validator - INFO - Plan generation config: target_plans=all, scaling_factor=0.15
2026-09-30 07:20:11 - utils.config_validator - INFO - Data directory validated: /home/exouser/Documents/Tareek/data
2026-09-30 07:20:11 - utils.config_validator - INFO - Counts config: enabled=True, custom=False
2026-09-30 07:20:11 - utils.config_validator - WARNING - nonwork_purposes.nonwork_trip_share = 1.6 (neutral = 1.0): this scales the survey value
2026-09-30 07:20:11 - utils.config_validator - INFO - External tools found: java
2026-09-30 07:20:11 - utils.config_validator - INFO - Configuration validation passed
2026-09-30 07:20:11 - __main__ - INFO - Configuration file: config/USA/TwinCities/config_10iter_tc_tbi_nw16.json
2026-09-30 07:20:11 - __main__ - INFO - Experiment ID: tc_tbi_hermes_nw16_10iter
2026-09-30 07:20:11 - __main__ - INFO - 
2026-09-30 07:20:11 - __main__ - INFO - ============================================================
2026-09-30 07:20:11 - __main__ - INFO - DETECTING COORDINATE SYSTEM
2026-09-30 07:20:11 - __main__ - INFO - ============================================================
2026-09-30 07:20:13 - __main__ - INFO -   Counties: Mille Lacs, Wright, Scott, Chisago, Dakota, Anoka, Ramsey, Isanti, Washington, Sherburne, Le Sueur, Hennepin, Carver, Pierce, St. Croix
2026-09-30 07:20:13 - __main__ - INFO -   Average centroid: (45.0820, -93.2851)
2026-09-30 07:20:13 - __main__ - INFO -   Detected UTM EPSG: EPSG:26915
2026-09-30 07:20:13 - __main__ - INFO -   All downstream components will use EPSG:26915
2026-09-30 07:20:13 - __main__ - INFO - 
2026-09-30 07:20:13 - __main__ - INFO - ============================================================
2026-09-30 07:20:13 - __main__ - INFO - STEP 2: SETTING UP EXPERIMENT DIRECTORY
2026-09-30 07:20:13 - __main__ - INFO - ============================================================
2026-09-30 07:20:13 - utils.logger - INFO - Logging reconfigured from /home/exouser/Documents/Tareek/logs/plan_generation_20260930_072010.log to /home/exouser/Documents/Tareek/experiments/tc_tbi_hermes_nw16_10iter/experiment_20260930_072013.log
2026-09-30 07:20:13 - utils.logger - INFO - Removed temporary log file: /home/exouser/Documents/Tareek/logs/plan_generation_20260930_072010.log
2026-09-30 07:20:13 - __main__ - INFO - Created new experiment directory: /home/exouser/Documents/Tareek/experiments/tc_tbi_hermes_nw16_10iter
2026-09-30 07:20:13 - __main__ - INFO - All experiment logs will be saved to: /home/exouser/Documents/Tareek/experiments/tc_tbi_hermes_nw16_10iter/experiment_20260930_072013.log
2026-09-30 07:20:13 - __main__ - INFO - 
2026-09-30 07:20:13 - __main__ - INFO - ============================================================
2026-09-30 07:20:13 - __main__ - INFO - STEP 2b: GENERATING MATSIM config.xml
2026-09-30 07:20:13 - __main__ - INFO - ============================================================
2026-09-30 07:20:13 - matsim.config_manager - INFO - Generating MATSim config for mode: basic
2026-09-30 07:20:13 - matsim.config_manager - INFO - Using config template: /home/exouser/Documents/Tareek/matsim/configs/basic/config.xml
2026-09-30 07:20:13 - matsim.config_manager - INFO - Auto-set writeLinkStatsInterval = 10 (matches lastIteration)
2026-09-30 07:20:13 - matsim.config_manager - INFO - Auto-set write*Interval = 10 (bulky per-iteration output written only at the final iteration; set matsim.write_intermediate_output=true to write every iteration)
2026-09-30 07:20:13 - matsim.config_manager - INFO - Auto-set counts.countsScaleFactor = 6.666666666666667 (1/0.15 flowCapacityFactor)
2026-09-30 07:20:13 - matsim.config_manager - INFO - Auto-set counts.writeCountsInterval = 10 (matches lastIteration)
2026-09-30 07:20:13 - matsim.config_manager - INFO - Applied configurable param: controller.mobsim = hermes
2026-09-30 07:20:13 - matsim.config_manager - INFO - Applied configurable param: global.numberOfThreads = 30
2026-09-30 07:20:13 - matsim.config_manager - INFO - Applied configurable param: qsim.numberOfThreads = 30
2026-09-30 07:20:13 - matsim.config_manager - INFO - Applied configurable param: qsim.flowCapacityFactor = 0.15
2026-09-30 07:20:13 - matsim.config_manager - INFO - Mirrored qsim.flowCapacityFactor -> hermes.flowCapacityFactor = 0.15
2026-09-30 07:20:13 - matsim.config_manager - INFO - Applied configurable param: qsim.storageCapacityFactor = 0.18
2026-09-30 07:20:13 - matsim.config_manager - INFO - Mirrored qsim.storageCapacityFactor -> hermes.storageCapacityFactor = 0.18
2026-09-30 07:20:13 - matsim.config_manager - INFO - Applied configurable param: qsim.stuckTime = 10.0
2026-09-30 07:20:13 - matsim.config_manager - INFO - Applied configurable param: linkStats.averageLinkStatsOverIterations = 5
2026-09-30 07:20:13 - matsim.config_manager - INFO - Applied scoring.waitingPt = -3.0
2026-09-30 07:20:13 - matsim.config_manager - INFO - Applied scoring.modeParams.walk.constant = -1.0
2026-09-30 07:20:13 - matsim.config_manager - INFO - Applied configurable param: transitRouter.maxBeelineWalkConnectionDistance = 250.0
2026-09-30 07:20:13 - matsim.config_manager - INFO - Applied configurable param: transitRouter.directWalkFactor = 1.3
2026-09-30 07:20:13 - matsim.config_manager - INFO - Applied configurable param: hermes.endTime = 36:00:00
2026-09-30 07:20:13 - matsim.config_manager - INFO - Mirrored qsim.flowCapacityFactor -> hermes.flowCapacityFactor = 0.15
2026-09-30 07:20:13 - matsim.config_manager - INFO - Mirrored qsim.storageCapacityFactor -> hermes.storageCapacityFactor = 0.18
2026-09-30 07:20:13 - matsim.config_manager - INFO - Applied scoring.waitingPt = -3.0
2026-09-30 07:20:13 - matsim.config_manager - INFO - Applied scoring.modeParams.walk.constant = -1.0
2026-09-30 07:20:13 - matsim.config_manager - INFO - Enabled transit module with transitModes=pt (from enabled modes: ['bus', 'rail']) (preserved existing params on: transitRouter)
2026-09-30 07:20:13 - matsim.config_manager - INFO - Registered scoring activityParams for 'freight_origin'
2026-09-30 07:20:13 - matsim.config_manager - INFO - Registered scoring activityParams for 'freight_destination'
2026-09-30 07:20:13 - matsim.config_manager - INFO - Set replanning strategies for freight: ChangeExpBeta=0.8, ReRoute=0.2
2026-09-30 07:20:13 - matsim.config_manager - INFO - Freight: writeEventsInterval = 10 so the final iteration emits events (needed to isolate the truck stream)
2026-09-30 07:20:13 - matsim.config_manager - INFO - Config saved to: /home/exouser/Documents/Tareek/experiments/tc_tbi_hermes_nw16_10iter/config.xml
2026-09-30 07:20:13 - models.freight.vehicles - INFO - Freight PCE is off; no vehicles.xml written (pce=1.0 run)
2026-09-30 07:20:13 - __main__ - INFO -   Generated: /home/exouser/Documents/Tareek/experiments/tc_tbi_hermes_nw16_10iter/config.xml
2026-09-30 07:20:13 - __main__ - INFO - 
2026-09-30 07:20:13 - __main__ - INFO - ============================================================
2026-09-30 07:20:13 - __main__ - INFO - STEP 3: SETTING UP NETWORK
2026-09-30 07:20:13 - __main__ - INFO - ============================================================
2026-09-30 07:20:13 - matsim.osm_downloader - INFO - OSM cache directory: /home/exouser/Documents/Tareek/data/osm_cache
2026-09-30 07:20:14 - utils.region_utils - INFO - Retrieved 15 county names for network generation
2026-09-30 07:20:14 - __main__ - INFO - Converted 15 FIPS codes to county names
2026-09-30 07:20:15 - __main__ - INFO - Transit network enabled - setting up GTFS feeds...
2026-09-30 07:20:15 - data_sources.gtfs_manager - INFO - ==================================================
2026-09-30 07:20:15 - data_sources.gtfs_manager - INFO - GTFS SETUP
2026-09-30 07:20:15 - data_sources.gtfs_manager - INFO - ==================================================
2026-09-30 07:20:15 - data_sources.gtfs_manager - INFO - GTFS modes configured: ['bus', 'rail']
2026-09-30 07:20:15 - data_sources.gtfs_manager - INFO - Region bbox: (-94.2615, 44.1961, -92.1349, 46.2472) (took 0.2s)
2026-09-30 07:20:15 - data_sources.gtfs_manager - INFO - Using cached catalog: data/gtfs/feeds_v2.csv
2026-09-30 07:20:15 - data_sources.gtfs_manager - INFO - Catalog has 6475 total entries
2026-09-30 07:20:15 - data_sources.gtfs_manager - INFO -   After data_type=gtfs filter: 4548
2026-09-30 07:20:15 - data_sources.gtfs_manager - INFO -   After country=US filter: 1689
2026-09-30 07:20:15 - data_sources.gtfs_manager - INFO -   After excluding deprecated/inactive: 911
2026-09-30 07:20:15 - data_sources.gtfs_manager - INFO -   Skipped 4 feeds with bboxes too broad for region
2026-09-30 07:20:15 - data_sources.gtfs_manager - INFO - Found 4 GTFS feeds for region (took 0.1s):
2026-09-30 07:20:15 - data_sources.gtfs_manager - INFO -   - Metro Transit (mdb-205): Minnesota Anoka
2026-09-30 07:20:15 - data_sources.gtfs_manager - INFO -   - Minnesota Valley Transit Authority (MVTA) (mdb-206): Minnesota Apple Valley
2026-09-30 07:20:15 - data_sources.gtfs_manager - INFO -   - Hiawathaland Transit (mdb-2859): Minnesota Faribault
2026-09-30 07:20:15 - data_sources.gtfs_manager - INFO -   - St. Cloud Metropolitan Transit Commission (ntd-50028): Minnesota Stearns County
2026-09-30 07:20:15 - data_sources.gtfs_manager - INFO - Checking integrity of 5 feeds in database...
2026-09-30 07:20:15 - data_sources.gtfs_manager - INFO - All feeds are complete
2026-09-30 07:20:15 - data_sources.gtfs_manager - INFO - Feed mdb-205 is up to date (cached)
2026-09-30 07:20:16 - data_sources.gtfs_manager - INFO - Feed mdb-205 already in database, skipping
2026-09-30 07:20:16 - data_sources.gtfs_manager - INFO - Feed mdb-206 is up to date (cached)
2026-09-30 07:20:16 - data_sources.gtfs_manager - INFO - Feed mdb-206 already in database, skipping
2026-09-30 07:20:16 - data_sources.gtfs_manager - INFO - Feed mdb-2859 is up to date (cached)
2026-09-30 07:20:16 - data_sources.gtfs_manager - INFO - Feed mdb-2859 already in database, skipping
2026-09-30 07:20:16 - data_sources.gtfs_manager - INFO - Feed ntd-50028 is up to date (cached)
2026-09-30 07:20:16 - data_sources.gtfs_manager - INFO - Feed ntd-50028 already in database, skipping
2026-09-30 07:20:16 - data_sources.gtfs_manager - INFO - GTFS setup complete in 0.8s: 0 newly loaded, 4 already in DB, 0 failed (total 4 feeds)
2026-09-30 07:20:16 - data_sources.gtfs_manager - INFO - ==================================================
2026-09-30 07:20:16 - __main__ - INFO - GTFS setup complete
2026-09-30 07:20:16 - matsim.network_manager - INFO - Found existing network: /home/exouser/Documents/Tareek/data/networks/c8696e6924712e09/network.xml
2026-09-30 07:20:16 - matsim.network_manager - INFO - Network ID: c8696e6924712e09
2026-09-30 07:20:16 - matsim.network_manager - INFO - Counties: 15 counties
2026-09-30 07:20:16 - matsim.network_manager - INFO - Copied cached network to: /home/exouser/Documents/Tareek/experiments/tc_tbi_hermes_nw16_10iter/network.xml
2026-09-30 07:20:16 - matsim.network_manager - INFO - Copied cached transitSchedule.xml to: /home/exouser/Documents/Tareek/experiments/tc_tbi_hermes_nw16_10iter/transitSchedule.xml
2026-09-30 07:20:16 - matsim.network_manager - INFO - Copied cached transitVehicles.xml to: /home/exouser/Documents/Tareek/experiments/tc_tbi_hermes_nw16_10iter/transitVehicles.xml
2026-09-30 07:20:16 - __main__ - INFO - Network ready: /home/exouser/Documents/Tareek/experiments/tc_tbi_hermes_nw16_10iter/network.xml
2026-09-30 07:20:16 - __main__ - INFO -   Nodes: 275034
2026-09-30 07:20:16 - __main__ - INFO -   Links: 634245
2026-09-30 07:20:16 - __main__ - INFO -   Coordinate system: EPSG:26915
2026-09-30 07:20:16 - __main__ - INFO -   Transit schedule: /home/exouser/Documents/Tareek/experiments/tc_tbi_hermes_nw16_10iter/transitSchedule.xml (exists=True)
2026-09-30 07:20:16 - __main__ - INFO -   Transit vehicles: /home/exouser/Documents/Tareek/experiments/tc_tbi_hermes_nw16_10iter/transitVehicles.xml (exists=True)
2026-09-30 07:20:16 - __main__ - INFO - 
2026-09-30 07:20:16 - __main__ - INFO - ============================================================
2026-09-30 07:20:16 - __main__ - INFO - STEP 3b: GENERATING COUNTS FILE
2026-09-30 07:20:16 - __main__ - INFO - ============================================================
2026-09-30 07:20:17 - data_sources.fha_counts_manager - INFO - Setting up FHA counts data...
2026-09-30 07:20:17 - data_sources.fha_counts_manager - INFO - FHA counts rebuild requested — clearing existing data and re-running ETL
2026-09-30 07:20:17 - utils.duckdb_manager - INFO - Successfully deleted records from fha_hourly_volumes
2026-09-30 07:20:17 - utils.duckdb_manager - INFO - Successfully deleted records from fha_stations
2026-09-30 07:20:18 - utils.duckdb_manager - INFO - Successfully deleted records from fha_hourly_volumes
2026-09-30 07:20:18 - utils.duckdb_manager - INFO - Successfully deleted records from fha_stations
2026-09-30 07:20:18 - data_sources.fha_counts_manager - INFO - FHA: cleared existing data for state(s) ['27', '55']
2026-09-30 07:20:18 - data_sources.fha_counts_manager - INFO - FHA: parsing stations for state MN, filtering to counties ['003', '019', '025', '037', '053', '059', '079', '095', '123', '139', '141', '163', '171']
2026-09-30 07:20:18 - data_sources.fha_counts_manager - INFO - FHA: dropped 2 station rows with non-cardinal travel_dir (diagonal codes 2/4/6/8)
2026-09-30 07:20:18 - data_sources.fha_counts_manager - INFO - FHA: parsing volumes for state MN, 53 station IDs
2026-09-30 07:20:18 - data_sources.fha_counts_manager - INFO - FHA: parsing stations for state WI, filtering to counties ['093', '109']
2026-09-30 07:20:18 - data_sources.fha_counts_manager - INFO - FHA: parsing volumes for state WI, 7 station IDs
2026-09-30 07:20:18 - data_sources.fha_counts_manager - INFO - FHA: 20 station-directions in STA have no volume data — skipped
2026-09-30 07:20:18 - utils.duckdb_manager - INFO - Successfully inserted 100 records into fha_stations
2026-09-30 07:20:18 - utils.duckdb_manager - INFO - Successfully inserted 100 records into fha_hourly_volumes
2026-09-30 07:20:18 - data_sources.fha_counts_manager - INFO - FHA: loaded 100 station-directions, 100 volume records for 2 state(s)
2026-09-30 07:20:18 - matsim.counts_generator - INFO - Generating counts.xml for MATSim validation...
2026-09-30 07:20:18 - matsim.counts_generator - INFO - Loading network from /home/exouser/Documents/Tareek/experiments/tc_tbi_hermes_nw16_10iter/network.xml
2026-09-30 07:22:46 - matsim.counts_generator - INFO - Loaded 634,245 links
2026-09-30 07:22:46 - matsim.counts_generator - INFO - FHA: 96 stations within network area (of 157 total)
2026-09-30 07:22:56 - matsim.counts_generator - INFO - FHA directional matching: 96 assigned, 0 dropped (0 for facility-class mismatch, rest no distinct carriageway)
2026-09-30 07:22:56 - matsim.counts_generator - INFO - FHA: 48 stations matched via HPMS functional-class constraint
2026-09-30 07:22:56 - matsim.counts_generator - INFO - FHA: station FHA_27_011283_7 split over 2 parallel roadways ['498942', '313967'] by capacity [6000, 3000]
2026-09-30 07:22:56 - matsim.counts_generator - INFO - FHA: station FHA_27_011726_7 split over 2 parallel roadways ['458818', '20674'] by capacity [6000, 3000]
2026-09-30 07:22:56 - matsim.counts_generator - INFO - FHA: 2 directional counts split over parallel roadways
2026-09-30 07:22:56 - matsim.counts_generator - INFO - FHA: matched 98 station-directions to network links
2026-09-30 07:22:56 - matsim.counts_generator - INFO - Counts sources: FHA only (98 stations)
2026-09-30 07:22:56 - utils.region_utils - INFO - Loaded 15 county boundary polygons
2026-09-30 07:23:33 - matsim.counts_generator - INFO - County boundary filter: removed 2 devices matched to buffer-zone links (outside county polygons)
2026-09-30 07:23:33 - matsim.counts_generator - INFO - County boundary filter: 96 devices retained
2026-09-30 07:23:33 - matsim.counts_generator - INFO - Generated counts.xml with 96 count locations
2026-09-30 07:23:33 - matsim.counts_generator - INFO -   - FHA per-direction counts: 96
2026-09-30 07:23:33 - matsim.counts_generator - INFO -   - Custom bidirectional sensors (50/50 split): 0
2026-09-30 07:23:33 - matsim.counts_generator - INFO -   - Saved to: /home/exouser/Documents/Tareek/experiments/tc_tbi_hermes_nw16_10iter/counts.xml
2026-09-30 07:23:33 - matsim.counts_generator - INFO -   - Saved matched devices to: /home/exouser/Documents/Tareek/experiments/tc_tbi_hermes_nw16_10iter/matched_devices.csv
2026-09-30 07:23:33 - __main__ - INFO - 
2026-09-30 07:23:34 - __main__ - INFO - ============================================================
2026-09-30 07:23:34 - __main__ - INFO - STEP 4: GENERATING ACTIVITY PLANS (WORK + NON-WORK)
2026-09-30 07:23:34 - __main__ - INFO - ============================================================
2026-09-30 07:23:35 - models.home_locs_v2 - INFO - Home locations already exist for all 15 configured counties
2026-09-30 07:23:37 - models.work_locs_v2 - INFO - Work locations already exist for all 15 configured counties
2026-09-30 07:23:38 - models.poi_manager - INFO - [OK] All 15 counties already have POIs in database
2026-09-30 07:23:38 - __main__ - INFO - Target total plans: all
2026-09-30 07:23:38 - __main__ - INFO - Scaling factor: 0.15
2026-09-30 07:23:38 - __main__ - INFO - 
2026-09-30 07:23:38 - __main__ - INFO - ------------------------------------------------------------
2026-09-30 07:23:38 - __main__ - INFO - LOADING SHARED DATA FOR NON-WORK PLANS
2026-09-30 07:23:38 - __main__ - INFO - ------------------------------------------------------------
2026-09-30 07:23:39 - models.home_locs_v2 - INFO - Loading home locations for 15 counties from config...
2026-09-30 07:23:40 - models.home_locs_v2 - INFO - Loaded 48,457 home location blocks for 15 counties
2026-09-30 07:23:40 - __main__ - INFO -   Loaded 48,457 home blocks (county-filtered)
2026-09-30 07:23:42 - models.poi_manager - INFO - Loaded 45,653 POIs across 6 activity types (county-filtered)
2026-09-30 07:23:42 - __main__ - INFO -   Loaded 45,653 POIs in 6 activity types (county-filtered)
2026-09-30 07:23:42 - __main__ - INFO -   Pre-computing POI-to-block mapping...
2026-09-30 07:23:42 - models.od_matrix_nonwork - INFO - Pre-computing POI-to-block mapping for ALL POIs...
2026-09-30 07:23:42 - models.od_matrix_nonwork - INFO -   Total POIs: 45,653
2026-09-30 07:23:42 - models.od_matrix_nonwork - INFO -   Blocks with coordinates: 48,457
2026-09-30 07:23:43 - models.od_matrix_nonwork - INFO -   Built KD-tree spatial index
2026-09-30 07:23:43 - models.od_matrix_nonwork - INFO -   POIs with valid coordinates: 45,653
2026-09-30 07:23:43 - models.od_matrix_nonwork - INFO -   Converting POI coordinates to EPSG:26915...
2026-09-30 07:23:44 - models.od_matrix_nonwork - INFO -   Finding nearest block for each POI...
2026-09-30 07:23:44 - models.od_matrix_nonwork - INFO -   POI-to-block mapping complete: 45,653 POIs mapped
2026-09-30 07:23:44 - __main__ - INFO -   POI-to-block mapping complete: 45,653 POIs mapped
2026-09-30 07:23:45 - data_sources.survey_manager - INFO - Survey data already exists for all 1 active source(s)
2026-09-30 07:23:45 - data_sources.survey_manager - INFO - Initialized survey source: tbi (year=2023)
2026-09-30 07:23:45 - data_sources.survey_manager - INFO - Skipping survey source 'nhts' (weight=0)
2026-09-30 07:23:45 - data_sources.base_survey_trip - INFO - Loading survey data from DuckDB...
2026-09-30 07:23:49 - data_sources.base_survey_trip - INFO - Loaded 90151 records from DuckDB
2026-09-30 07:23:49 - data_sources.survey_manager - INFO - Survey 'tbi': kept 67,694/90,151 weekday trips (dropped 22,457)
2026-09-30 07:23:49 - data_sources.tbi_survey - INFO - TBI person-days: 11,085 from /home/exouser/Documents/Tareek/data/csv_society_tbi_home_interview2023/TravelBehaviorInventory2023Day.csv
2026-09-30 07:23:49 - data_sources.survey_manager - INFO - Survey 'tbi': month window [3, 4, 5, 9, 10, 11] keeps 7,006/11,085 weekday person-days
2026-09-30 07:23:50 - data_sources.survey_manager - INFO - Survey 'tbi': month/person-day filter kept 22,229/67,694 trips
2026-09-30 07:23:50 - data_sources.survey_manager - INFO - Loaded 22229 records for 'tbi'
2026-09-30 07:23:50 - data_sources.survey_manager - INFO - Survey 'tbi': kept 67,694/90,151 weekday trips (dropped 22,457)
2026-09-30 07:23:50 - data_sources.survey_manager - INFO - Survey 'tbi': month/person-day filter kept 22,229/67,694 trips
2026-09-30 07:23:50 - data_sources.base_survey_trip - INFO - Processing persons and trips...
2026-09-30 07:23:53 - data_sources.base_survey_trip - INFO - Processed 3648 persons across 5333 person-days
2026-09-30 07:23:53 - data_sources.survey_manager - INFO - Processed 3648 persons for 'tbi'
2026-09-30 07:23:53 - __main__ - INFO -   Loaded 22,229 survey trips
2026-09-30 07:23:53 - __main__ - INFO -   Processed 3,648 persons
2026-09-30 07:23:53 - models.chains - INFO - Starting trip chain processing...
2026-09-30 07:23:56 - models.chains - INFO - Successfully processed 5333 trip chains
2026-09-30 07:23:56 - __main__ - INFO -   Processed 1,854 trip chains
2026-09-30 07:23:56 - __main__ - INFO -   Initializing shared time models...
2026-09-30 07:23:56 - models.time - INFO - Clock-time KDE bandwidth: 10 min
2026-09-30 07:23:56 - models.time - WARNING - INSUFFICIENT DATA: Only 5 departure samples for ('Work', 'School') (need >5). No KDE model fitted for this pair.
2026-09-30 07:23:56 - models.time - WARNING - INSUFFICIENT DATA: Only 5 arrival samples for ('Work', 'School') (need >5). No KDE model fitted for this pair.
2026-09-30 07:23:56 - models.time - INFO - Fitted models for 49 activity pairs
2026-09-30 07:23:56 - models.time - INFO - Mean trip durations: global=17.3min, per-pair=49 pairs
2026-09-30 07:23:56 - models.time - INFO - First-of-day departure KDEs: 34 pairs from 5333 first trips (of 22229 trips)
2026-09-30 07:23:59 - models.time - WARNING - FILTER: Rejected 4314 activity durations from survey (outside per-activity [min_minutes, max_minutes] bounds from config). Kept 12582 valid durations.
2026-09-30 07:23:59 - models.time - INFO - Extracted 12582 activity durations from survey
2026-09-30 07:23:59 - models.time - INFO -   Activity 'Dining': fitted survey KDE from 1185 samples (mean=47.7 min, std=43.4 min)
2026-09-30 07:23:59 - models.time - INFO -   Activity 'Home': fitted survey KDE from 2219 samples (mean=150.2 min, std=129.8 min)
2026-09-30 07:23:59 - models.time - INFO -   Activity 'Other': fitted survey KDE from 597 samples (mean=81.1 min, std=71.2 min)
2026-09-30 07:23:59 - models.time - INFO -   Activity 'School': fitted survey KDE from 478 samples (mean=319.3 min, std=172.8 min)
2026-09-30 07:23:59 - models.time - INFO -   Activity 'Shopping': fitted survey KDE from 4122 samples (mean=36.2 min, std=42.2 min)
2026-09-30 07:23:59 - models.time - INFO -   Activity 'Social': fitted survey KDE from 1545 samples (mean=95.3 min, std=60.9 min)
2026-09-30 07:23:59 - models.time - INFO -   Activity 'Work': fitted survey KDE from 2436 samples (mean=295.6 min, std=188.9 min)
2026-09-30 07:23:59 - models.time - INFO - Fitted 7 survey KDE models for activity types
2026-09-30 07:23:59 - models.time - INFO - Fitted 3 target KDE models for activity types
2026-09-30 07:23:59 - models.time - INFO -   Activity 'Dining' bin 'afternoon': fitted binned KDE from 379 samples (mean=52.0 min, std=46.1 min)
2026-09-30 07:23:59 - models.time - INFO -   Activity 'Dining' bin 'evening': fitted binned KDE from 281 samples (mean=54.3 min, std=44.1 min)
2026-09-30 07:23:59 - models.time - INFO -   Activity 'Dining' bin 'midday': fitted binned KDE from 404 samples (mean=41.9 min, std=38.9 min)
2026-09-30 07:23:59 - models.time - INFO -   Activity 'Dining' bin 'morning': fitted binned KDE from 121 samples (mean=37.7 min, std=43.2 min)
2026-09-30 07:23:59 - models.time - INFO -   Activity 'Home' bin 'afternoon': fitted binned KDE from 890 samples (mean=98.2 min, std=72.7 min)
2026-09-30 07:23:59 - models.time - INFO -   Activity 'Home' bin 'evening': fitted binned KDE from 151 samples (mean=68.3 min, std=60.4 min)
2026-09-30 07:23:59 - models.time - INFO -   Activity 'Home' bin 'midday': fitted binned KDE from 758 samples (mean=182.1 min, std=131.1 min)
2026-09-30 07:23:59 - models.time - INFO -   Activity 'Home' bin 'morning': fitted binned KDE from 420 samples (mean=232.1 min, std=169.9 min)
2026-09-30 07:23:59 - models.time - INFO -   Activity 'Other' bin 'afternoon': fitted binned KDE from 223 samples (mean=82.2 min, std=72.8 min)
2026-09-30 07:23:59 - models.time - INFO -   Activity 'Other' bin 'evening': fitted binned KDE from 154 samples (mean=78.3 min, std=66.0 min)
2026-09-30 07:23:59 - models.time - INFO -   Activity 'Other' bin 'midday': fitted binned KDE from 159 samples (mean=81.7 min, std=69.4 min)
2026-09-30 07:23:59 - models.time - INFO -   Activity 'Other' bin 'morning': fitted binned KDE from 61 samples (mean=82.1 min, std=82.1 min)
2026-09-30 07:23:59 - models.time - INFO -   Activity 'School' bin 'afternoon': fitted binned KDE from 53 samples (mean=116.9 min, std=69.7 min)
2026-09-30 07:23:59 - models.time - INFO -   Activity 'School' bin 'midday': fitted binned KDE from 74 samples (mean=147.3 min, std=105.7 min)
2026-09-30 07:23:59 - models.time - INFO -   Activity 'School' bin 'morning': fitted binned KDE from 339 samples (mean=396.6 min, std=134.7 min)
2026-09-30 07:23:59 - models.time - INFO -   Activity 'Shopping' bin 'afternoon': fitted binned KDE from 1532 samples (mean=33.4 min, std=38.8 min)
2026-09-30 07:23:59 - models.time - INFO -   Activity 'Shopping' bin 'evening': fitted binned KDE from 488 samples (mean=25.7 min, std=29.8 min)
2026-09-30 07:23:59 - models.time - INFO -   Activity 'Shopping' bin 'midday': fitted binned KDE from 1523 samples (mean=39.2 min, std=43.5 min)
2026-09-30 07:23:59 - models.time - INFO -   Activity 'Shopping' bin 'morning': fitted binned KDE from 579 samples (mean=44.6 min, std=52.6 min)
2026-09-30 07:23:59 - models.time - INFO -   Activity 'Social' bin 'afternoon': fitted binned KDE from 512 samples (mean=95.2 min, std=64.0 min)
2026-09-30 07:23:59 - models.time - INFO -   Activity 'Social' bin 'evening': fitted binned KDE from 421 samples (mean=105.3 min, std=58.8 min)
2026-09-30 07:23:59 - models.time - INFO -   Activity 'Social' bin 'midday': fitted binned KDE from 321 samples (mean=90.5 min, std=64.4 min)
2026-09-30 07:23:59 - models.time - INFO -   Activity 'Social' bin 'morning': fitted binned KDE from 291 samples (mean=86.4 min, std=51.7 min)
2026-09-30 07:23:59 - models.time - INFO -   Activity 'Work' bin 'afternoon': fitted binned KDE from 331 samples (mean=133.7 min, std=119.1 min)
2026-09-30 07:23:59 - models.time - INFO -   Activity 'Work' bin 'evening': fitted binned KDE from 54 samples (mean=91.7 min, std=68.9 min)
2026-09-30 07:23:59 - models.time - INFO -   Activity 'Work' bin 'midday': fitted binned KDE from 594 samples (mean=193.3 min, std=134.0 min)
2026-09-30 07:23:59 - models.time - INFO -   Activity 'Work' bin 'morning': fitted binned KDE from 1457 samples (mean=381.6 min, std=172.6 min)
2026-09-30 07:23:59 - models.time - INFO - Fitted 27 arrival-time-binned KDE models
2026-09-30 07:23:59 - __main__ - INFO -   Time models initialized
2026-09-30 07:23:59 - __main__ - INFO -   Building shared POI spatial index...
2026-09-30 07:24:01 - __main__ - INFO -   POI spatial index built: 6 activity types, 45,653 POIs
2026-09-30 07:24:04 - data_sources.tbi_survey - INFO - TBI reported commute: 61.8% of weekdays (3,757 of 3,828 workers answered)
2026-09-30 07:24:05 - models.chains - INFO - Starting trip chain processing...
2026-09-30 07:24:07 - models.chains - INFO - Successfully processed 1279 trip chains
2026-09-30 07:24:07 - models.chains - INFO - Starting trip chain processing...
2026-09-30 07:24:09 - models.chains - INFO - Successfully processed 414 trip chains
2026-09-30 07:24:09 - models.chains - INFO - Starting trip chain processing...
2026-09-30 07:24:11 - models.chains - INFO - Successfully processed 904 trip chains
2026-09-30 07:24:11 - models.chains - INFO - Starting trip chain processing...
2026-09-30 07:24:13 - models.chains - INFO - Successfully processed 381 trip chains
2026-09-30 07:24:13 - models.chains - INFO - Starting trip chain processing...
2026-09-30 07:24:15 - models.chains - INFO - Successfully processed 241 trip chains
2026-09-30 07:24:15 - models.demand_budget - INFO - ======================================================================
2026-09-30 07:24:15 - models.demand_budget - INFO - DEMAND BUDGET (person-first)
2026-09-30 07:24:15 - models.demand_budget - INFO - ======================================================================
2026-09-30 07:24:15 - models.demand_budget - INFO -   worker           persons    1,900,761 | commute 51.1%  other travel 35.2%  no travel 13.7%
2026-09-30 07:24:15 - models.demand_budget - INFO -   student          persons      635,060 | commute 0.4%  other travel 75.7%  no travel 24.0%
2026-09-30 07:24:15 - models.demand_budget - INFO -   nonworker_adult  persons      931,687 | commute 0.6%  other travel 67.5%  no travel 31.8%
2026-09-30 07:24:15 - models.demand_budget - INFO -   child_0_4        persons      222,104 (no own plan) | age split: ACS 2023 B01001 (cache)
2026-09-30 07:24:15 - models.demand_budget - INFO -   P(commute) of workers: 51.1%
2026-09-30 07:24:15 - models.demand_budget - INFO -   Shopping   unscaled persons    1,079,289 (knob factor 1.600, 386 chain patterns)
2026-09-30 07:24:15 - models.demand_budget - INFO -   School     unscaled persons      621,630 (knob factor 1.600, 116 chain patterns)
2026-09-30 07:24:15 - models.demand_budget - INFO -   Social     unscaled persons      641,664 (knob factor 1.600, 325 chain patterns)
2026-09-30 07:24:15 - models.demand_budget - INFO -   Dining     unscaled persons      282,746 (knob factor 1.600, 187 chain patterns)
2026-09-30 07:24:15 - models.demand_budget - INFO -   Other      unscaled persons      219,556 (knob factor 1.600, 129 chain patterns)
2026-09-30 07:24:15 - models.demand_budget - INFO -   NOTE: tbi: workers report commuting on 61.8% of weekdays (person file, 3,757 workers); the diary gives 51.1%
2026-09-30 07:24:15 - models.demand_budget - INFO -   NOTE: nonworker_adult: 0.6% of days are commute days; work plans come from LODES workers only, so these are not generated
2026-09-30 07:24:15 - models.demand_budget - INFO - ======================================================================
2026-09-30 07:24:15 - __main__ - INFO - ------------------------------------------------------------
2026-09-30 07:24:15 - __main__ - INFO - ------------------------------------------------------------
2026-09-30 07:24:15 - __main__ - INFO - GENERATING WORK PLANS
2026-09-30 07:24:15 - __main__ - INFO - ------------------------------------------------------------
2026-09-30 07:24:15 - models.plan_generator - INFO - ======================================================================
2026-09-30 07:24:15 - models.plan_generator - INFO - INITIALIZING PLAN GENERATOR
2026-09-30 07:24:15 - models.plan_generator - INFO - ======================================================================
2026-09-30 07:24:15 - models.plan_generator - INFO - Loading location data...
2026-09-30 07:24:15 - models.plan_generator - INFO -   Using data directory: /home/exouser/Documents/Tareek/data
2026-09-30 07:24:15 - models.plan_generator - INFO -   Filtering by 15 counties from config
2026-09-30 07:24:16 - models.home_locs_v2 - INFO - Loading home locations for 15 counties from config...
2026-09-30 07:24:18 - models.home_locs_v2 - INFO - Loaded 48,457 home location blocks for 15 counties
2026-09-30 07:24:19 - models.work_locs_v2 - INFO - Loading work locations for 15 counties from config...
2026-09-30 07:24:20 - models.work_locs_v2 - INFO - Loaded 23,742 work location blocks for 15 counties
2026-09-30 07:24:20 - models.plan_generator - INFO -   Loaded 48457 home blocks
2026-09-30 07:24:20 - models.plan_generator - INFO -   Loaded 23742 work blocks
2026-09-30 07:24:20 - models.plan_generator - INFO - Loading survey data...
2026-09-30 07:24:21 - data_sources.survey_manager - INFO - Survey data already exists for all 1 active source(s)
2026-09-30 07:24:21 - data_sources.survey_manager - INFO - Initialized survey source: tbi (year=2023)
2026-09-30 07:24:21 - data_sources.survey_manager - INFO - Skipping survey source 'nhts' (weight=0)
2026-09-30 07:24:21 - data_sources.base_survey_trip - INFO - Loading survey data from DuckDB...
2026-09-30 07:24:26 - data_sources.base_survey_trip - INFO - Loaded 90151 records from DuckDB
2026-09-30 07:24:27 - data_sources.survey_manager - INFO - Survey 'tbi': kept 67,694/90,151 weekday trips (dropped 22,457)
2026-09-30 07:24:27 - data_sources.tbi_survey - INFO - TBI person-days: 11,085 from /home/exouser/Documents/Tareek/data/csv_society_tbi_home_interview2023/TravelBehaviorInventory2023Day.csv
2026-09-30 07:24:27 - data_sources.survey_manager - INFO - Survey 'tbi': month window [3, 4, 5, 9, 10, 11] keeps 7,006/11,085 weekday person-days
2026-09-30 07:24:27 - data_sources.survey_manager - INFO - Survey 'tbi': month/person-day filter kept 22,229/67,694 trips
2026-09-30 07:24:27 - data_sources.survey_manager - INFO - Loaded 22229 records for 'tbi'
2026-09-30 07:24:27 - data_sources.survey_manager - INFO - Survey 'tbi': kept 67,694/90,151 weekday trips (dropped 22,457)
2026-09-30 07:24:27 - data_sources.survey_manager - INFO - Survey 'tbi': month/person-day filter kept 22,229/67,694 trips
2026-09-30 07:24:27 - data_sources.base_survey_trip - INFO - Processing persons and trips...
2026-09-30 07:24:31 - data_sources.base_survey_trip - INFO - Processed 3648 persons across 5333 person-days
2026-09-30 07:24:31 - data_sources.survey_manager - INFO - Processed 3648 persons for 'tbi'
2026-09-30 07:24:31 - models.plan_generator - INFO -   Loaded 22229 survey trips
2026-09-30 07:24:31 - models.plan_generator - INFO -   Processed 3648 persons
2026-09-30 07:24:31 - models.plan_generator - INFO -   Detected survey geo level: block_group
2026-09-30 07:24:31 - models.plan_generator - INFO - Initializing statistical models...
2026-09-30 07:24:31 - models.plan_generator - INFO -   Single survey source — using direct models
2026-09-30 07:24:31 - models.chains - INFO - Starting trip chain processing...
2026-09-30 07:24:34 - models.chains - INFO - Successfully processed 5333 trip chains
2026-09-30 07:24:34 - models.chains - INFO - Filtered chains by type 'contains_work': 817/1854 chains match
2026-09-30 07:24:34 - models.plan_generator - INFO -   Chain model fitted with 817 patterns (length dist from 1854 unfiltered)
2026-09-30 07:24:34 - models.time - INFO - Clock-time KDE bandwidth: 10 min
2026-09-30 07:24:34 - models.time - WARNING - INSUFFICIENT DATA: Only 5 departure samples for ('Work', 'School') (need >5). No KDE model fitted for this pair.
2026-09-30 07:24:34 - models.time - WARNING - INSUFFICIENT DATA: Only 5 arrival samples for ('Work', 'School') (need >5). No KDE model fitted for this pair.
2026-09-30 07:24:34 - models.time - INFO - Fitted models for 49 activity pairs
2026-09-30 07:24:34 - models.time - INFO - Mean trip durations: global=17.3min, per-pair=49 pairs
2026-09-30 07:24:34 - models.time - INFO - First-of-day departure KDEs: 34 pairs from 5333 first trips (of 22229 trips)
2026-09-30 07:24:37 - models.time - WARNING - FILTER: Rejected 4314 activity durations from survey (outside per-activity [min_minutes, max_minutes] bounds from config). Kept 12582 valid durations.
2026-09-30 07:24:37 - models.time - INFO - Extracted 12582 activity durations from survey
2026-09-30 07:24:37 - models.time - INFO -   Activity 'Dining': fitted survey KDE from 1185 samples (mean=47.7 min, std=43.4 min)
2026-09-30 07:24:37 - models.time - INFO -   Activity 'Home': fitted survey KDE from 2219 samples (mean=150.2 min, std=129.8 min)
2026-09-30 07:24:37 - models.time - INFO -   Activity 'Other': fitted survey KDE from 597 samples (mean=81.1 min, std=71.2 min)
2026-09-30 07:24:37 - models.time - INFO -   Activity 'School': fitted survey KDE from 478 samples (mean=319.3 min, std=172.8 min)
2026-09-30 07:24:37 - models.time - INFO -   Activity 'Shopping': fitted survey KDE from 4122 samples (mean=36.2 min, std=42.2 min)
2026-09-30 07:24:37 - models.time - INFO -   Activity 'Social': fitted survey KDE from 1545 samples (mean=95.3 min, std=60.9 min)
2026-09-30 07:24:37 - models.time - INFO -   Activity 'Work': fitted survey KDE from 2436 samples (mean=295.6 min, std=188.9 min)
2026-09-30 07:24:37 - models.time - INFO - Fitted 7 survey KDE models for activity types
2026-09-30 07:24:37 - models.time - INFO - Fitted 3 target KDE models for activity types
2026-09-30 07:24:37 - models.time - INFO -   Activity 'Dining' bin 'afternoon': fitted binned KDE from 379 samples (mean=52.0 min, std=46.1 min)
2026-09-30 07:24:37 - models.time - INFO -   Activity 'Dining' bin 'evening': fitted binned KDE from 281 samples (mean=54.3 min, std=44.1 min)
2026-09-30 07:24:37 - models.time - INFO -   Activity 'Dining' bin 'midday': fitted binned KDE from 404 samples (mean=41.9 min, std=38.9 min)
2026-09-30 07:24:37 - models.time - INFO -   Activity 'Dining' bin 'morning': fitted binned KDE from 121 samples (mean=37.7 min, std=43.2 min)
2026-09-30 07:24:37 - models.time - INFO -   Activity 'Home' bin 'afternoon': fitted binned KDE from 890 samples (mean=98.2 min, std=72.7 min)
2026-09-30 07:24:37 - models.time - INFO -   Activity 'Home' bin 'evening': fitted binned KDE from 151 samples (mean=68.3 min, std=60.4 min)
2026-09-30 07:24:37 - models.time - INFO -   Activity 'Home' bin 'midday': fitted binned KDE from 758 samples (mean=182.1 min, std=131.1 min)
2026-09-30 07:24:37 - models.time - INFO -   Activity 'Home' bin 'morning': fitted binned KDE from 420 samples (mean=232.1 min, std=169.9 min)
2026-09-30 07:24:37 - models.time - INFO -   Activity 'Other' bin 'afternoon': fitted binned KDE from 223 samples (mean=82.2 min, std=72.8 min)
2026-09-30 07:24:37 - models.time - INFO -   Activity 'Other' bin 'evening': fitted binned KDE from 154 samples (mean=78.3 min, std=66.0 min)
2026-09-30 07:24:37 - models.time - INFO -   Activity 'Other' bin 'midday': fitted binned KDE from 159 samples (mean=81.7 min, std=69.4 min)
2026-09-30 07:24:37 - models.time - INFO -   Activity 'Other' bin 'morning': fitted binned KDE from 61 samples (mean=82.1 min, std=82.1 min)
2026-09-30 07:24:37 - models.time - INFO -   Activity 'School' bin 'afternoon': fitted binned KDE from 53 samples (mean=116.9 min, std=69.7 min)
2026-09-30 07:24:37 - models.time - INFO -   Activity 'School' bin 'midday': fitted binned KDE from 74 samples (mean=147.3 min, std=105.7 min)
2026-09-30 07:24:37 - models.time - INFO -   Activity 'School' bin 'morning': fitted binned KDE from 339 samples (mean=396.6 min, std=134.7 min)
2026-09-30 07:24:37 - models.time - INFO -   Activity 'Shopping' bin 'afternoon': fitted binned KDE from 1532 samples (mean=33.4 min, std=38.8 min)
2026-09-30 07:24:37 - models.time - INFO -   Activity 'Shopping' bin 'evening': fitted binned KDE from 488 samples (mean=25.7 min, std=29.8 min)
2026-09-30 07:24:37 - models.time - INFO -   Activity 'Shopping' bin 'midday': fitted binned KDE from 1523 samples (mean=39.2 min, std=43.5 min)
2026-09-30 07:24:37 - models.time - INFO -   Activity 'Shopping' bin 'morning': fitted binned KDE from 579 samples (mean=44.6 min, std=52.6 min)
2026-09-30 07:24:37 - models.time - INFO -   Activity 'Social' bin 'afternoon': fitted binned KDE from 512 samples (mean=95.2 min, std=64.0 min)
2026-09-30 07:24:37 - models.time - INFO -   Activity 'Social' bin 'evening': fitted binned KDE from 421 samples (mean=105.3 min, std=58.8 min)
2026-09-30 07:24:37 - models.time - INFO -   Activity 'Social' bin 'midday': fitted binned KDE from 321 samples (mean=90.5 min, std=64.4 min)
2026-09-30 07:24:37 - models.time - INFO -   Activity 'Social' bin 'morning': fitted binned KDE from 291 samples (mean=86.4 min, std=51.7 min)
2026-09-30 07:24:37 - models.time - INFO -   Activity 'Work' bin 'afternoon': fitted binned KDE from 331 samples (mean=133.7 min, std=119.1 min)
2026-09-30 07:24:37 - models.time - INFO -   Activity 'Work' bin 'evening': fitted binned KDE from 54 samples (mean=91.7 min, std=68.9 min)
2026-09-30 07:24:37 - models.time - INFO -   Activity 'Work' bin 'midday': fitted binned KDE from 594 samples (mean=193.3 min, std=134.0 min)
2026-09-30 07:24:37 - models.time - INFO -   Activity 'Work' bin 'morning': fitted binned KDE from 1457 samples (mean=381.6 min, std=172.6 min)
2026-09-30 07:24:37 - models.time - INFO - Fitted 27 arrival-time-binned KDE models
2026-09-30 07:24:37 - models.time - INFO - Home typicalDuration: using 720 min (overnight anchor) instead of the measured mid-chain median 110 min — MATSim allows only one value per activity type and the overnight stay dominates the day
2026-09-30 07:24:37 - models.plan_generator - INFO -   Survey typicalDuration for MATSim: Dining=32min, Home=720min, Other=61min, School=415min, Shopping=19min, Social=80min, Work=314min
2026-09-30 07:24:37 - models.time - INFO - Home typicalDuration: using 720 min (overnight anchor) instead of the measured mid-chain median 110 min — MATSim allows only one value per activity type and the overnight stay dominates the day
2026-09-30 07:24:37 - models.plan_generator - INFO -   Survey activity scoring windows for MATSim: Dining=8.5-20.9h/min5m, Other=8.8-21.6h/min6m, School=7.2-17.7h/min42m, Shopping=8.2-20.0h/min5m, Social=6.3-21.8h/min17m, Work=6.0-21.0h/min18m
2026-09-30 07:24:37 - models.plan_generator - INFO - Initializing POI manager...
2026-09-30 07:24:38 - models.poi_manager - INFO - POIManager initialized (Overpass servers: 3 configured)
2026-09-30 07:24:38 - models.poi_manager - INFO -   1. [primary] https://overpass-api.de/api/interpreter
2026-09-30 07:24:38 - models.poi_manager - INFO -   2. [fallback] https://overpass.kumi.systems/api/interpreter
2026-09-30 07:24:38 - models.poi_manager - INFO -   3. [fallback] https://overpass.private.coffee/api/interpreter
2026-09-30 07:24:40 - models.plan_generator - INFO -   POI manager initialized: 53629 POIs loaded
2026-09-30 07:24:40 - models.plan_generator - INFO - Generating OD matrix...
2026-09-30 07:24:41 - models.plan_generator - INFO -   Aggregated to 2861 home block groups
2026-09-30 07:24:41 - models.plan_generator - INFO -   Aggregated to 2892 work block groups
2026-09-30 07:24:42 - data_sources.lodes_od - INFO - ======================================================================
2026-09-30 07:24:42 - data_sources.lodes_od - INFO - LOADING OBSERVED LODES OD FLOWS
2026-09-30 07:24:42 - data_sources.lodes_od - INFO - ======================================================================
2026-09-30 07:24:42 - data_sources.lodes_od - INFO -   Year: 2023 | Version: LODES8 | Job type: JT00 | Segment: S000
2026-09-30 07:24:42 - data_sources.lodes_od - INFO -   Region: 15 counties across 2 state(s): ['MN', 'WI']
2026-09-30 07:24:46 - data_sources.lodes_od - INFO -   mn_main: 2,468,379 rows downloaded
2026-09-30 07:24:46 - data_sources.lodes_od - INFO -   mn_aux: 107,050 rows downloaded
2026-09-30 07:24:50 - data_sources.lodes_od - INFO -   wi_main: 2,553,959 rows downloaded
2026-09-30 07:24:50 - data_sources.lodes_od - INFO -   wi_aux: 117,613 rows downloaded
2026-09-30 07:24:50 - data_sources.lodes_od - INFO -   Combined: 5,247,001 block-pair rows across all files
2026-09-30 07:24:53 - data_sources.lodes_od - INFO - ----------------------------------------------------------------------
2026-09-30 07:24:53 - data_sources.lodes_od - INFO -   Observed flow classes (after county filter):
2026-09-30 07:24:53 - data_sources.lodes_od - INFO -     I-I internal:     1,773,395
2026-09-30 07:24:53 - data_sources.lodes_od - INFO -     I-E outbound:       109,568  (dropped unless boundary_policy=anchor)
2026-09-30 07:24:53 - data_sources.lodes_od - INFO -     E-I inbound:        185,300  (dropped unless boundary_policy=anchor)
2026-09-30 07:24:53 - data_sources.lodes_od - INFO -     internal_share (resident-side, I-I/(I-I+I-E)): 0.9418
2026-09-30 07:24:53 - data_sources.lodes_od - INFO -     job-side share (I-I/(I-I+E-I)):                0.9054
2026-09-30 07:24:53 - data_sources.lodes_od - INFO -     two-sided share (I-I/all region-touching):     0.8574
2026-09-30 07:24:53 - data_sources.lodes_od - WARNING -   294,868 boundary commutes (109,568 I-E + 185,300 E-I) are outside the region's internal matrix — 14.3% of region-touching flow. 109,568 employed residents (5.8%) get no work trip from observed OD.
2026-09-30 07:24:53 - data_sources.lodes_od - INFO -     I-I sourced from aux files: 28,509 (1.61%)
2026-09-30 07:24:53 - data_sources.lodes_od - INFO - ----------------------------------------------------------------------
2026-09-30 07:24:53 - data_sources.lodes_od - INFO -   Loaded assembled OD matrix from cache: /home/exouser/Documents/Tareek/data/lodes_od_cache/od_matrix_f347cd5f2b966c86.parquet
2026-09-30 07:24:53 - data_sources.lodes_od - INFO -   Reconciliation OK: matrix 2,068,232 vs direct aggregation 2,068,263 (1,773,395 I-I + 294,868 anchored) (delta -31)
2026-09-30 07:24:53 - utils.od_diagnostics - INFO - OD source: lodes_od
2026-09-30 07:24:53 - models.od_matrix_v3 - INFO - ======================================================================
2026-09-30 07:24:53 - models.od_matrix_v3 - INFO - COMBINING OD MATRICES
2026-09-30 07:24:53 - models.od_matrix_v3 - INFO - ======================================================================
2026-09-30 07:24:53 - models.od_matrix_v3 - INFO - Survey matrix shape: (743, 658)
2026-09-30 07:24:53 - models.od_matrix_v3 - INFO - Local matrix shape: (2861, 2892)
2026-09-30 07:24:53 - models.od_matrix_v3 - INFO - Alpha (survey weight): 0.10
2026-09-30 07:24:53 - models.od_matrix_v3 - INFO - Local weight: 0.90
2026-09-30 07:24:53 - models.od_matrix_v3 - INFO - Aligning survey to local matrix structure...
2026-09-30 07:24:53 - models.od_matrix_v3 - INFO - Combining matrices (alpha blend where survey exists, local only where survey is empty)...
2026-09-30 07:24:53 - models.od_matrix_v3 - INFO - No scaling target specified. Using local matrix total: 2,068,232
2026-09-30 07:24:53 - models.od_matrix_v3 - INFO - Matrix total before scaling: 2,121,191
2026-09-30 07:24:53 - models.od_matrix_v3 - INFO - Scale factor: 0.975033
2026-09-30 07:24:53 - models.od_matrix_v3 - INFO - Applying robust rounding to guarantee target total...
2026-09-30 07:24:53 - models.od_matrix_v3 - INFO - Total after flooring: 1,217,878
2026-09-30 07:24:53 - models.od_matrix_v3 - INFO - Remainder to distribute: 850,354
2026-09-30 07:24:54 - models.od_matrix_v3 - INFO - ======================================================================
2026-09-30 07:24:54 - models.od_matrix_v3 - INFO - VERIFICATION
2026-09-30 07:24:54 - models.od_matrix_v3 - INFO - ======================================================================
2026-09-30 07:24:54 - models.od_matrix_v3 - INFO - Survey total trips: 535,269
2026-09-30 07:24:54 - models.od_matrix_v3 - INFO - Local total trips: 2,068,232
2026-09-30 07:24:54 - models.od_matrix_v3 - INFO - Combined total trips (before scaling): 2,121,191
2026-09-30 07:24:54 - models.od_matrix_v3 - INFO - Combined total trips (after scaling & rounding): 2,068,232
2026-09-30 07:24:54 - models.od_matrix_v3 - INFO - Target total: 2,068,232
2026-09-30 07:24:54 - models.od_matrix_v3 - INFO - Difference: 0
2026-09-30 07:24:54 - models.od_matrix_v3 - INFO - Combined matrix shape: (2861, 2892)
2026-09-30 07:24:54 - models.plan_generator - INFO -   Combined OD matrix shape: (2861, 2892)
2026-09-30 07:24:54 - models.plan_generator - INFO -   Total trips in matrix: 2,068,232
2026-09-30 07:24:54 - data_sources.lodes_od - INFO -   Matrix: 2,861 × 2,892, 899,849 non-zero pairs (10.9% dense), 2,068,232 trips
2026-09-30 07:24:54 - data_sources.lodes_od - INFO -   Zero-rows: 0 | Zero-cols: 0
2026-09-30 07:24:54 - utils.od_diagnostics - INFO -   Trip length: mean 27.57 km, median 18.17 km, p25 8.84 km, p75 33.44 km
2026-09-30 07:24:54 - utils.od_diagnostics - INFO -   Intrazonal share: 1.17%
2026-09-30 07:24:54 - utils.od_diagnostics - INFO -   vs gravity base: 2,068,232 / 1,900,761 = 1.0881 (+8.81% agents)
2026-09-30 07:24:54 - models.plan_generator - INFO -   Observed I-I gives 1,773,395 trips vs 1,900,761 employed residents (-6.70% agents) — E1
2026-09-30 07:24:58 - models.plan_generator - INFO -   Saved base (pre-blend) OD matrix to: /home/exouser/Documents/Tareek/experiments/tc_tbi_hermes_nw16_10iter/base_od_matrix.csv
2026-09-30 07:24:59 - models.plan_generator - INFO -   Saved combined OD matrix to: /home/exouser/Documents/Tareek/experiments/tc_tbi_hermes_nw16_10iter/combined_od_matrix.csv
2026-09-30 07:24:59 - utils.od_diagnostics - INFO -   Wrote OD diagnostics to: /home/exouser/Documents/Tareek/experiments/tc_tbi_hermes_nw16_10iter/od_matrix_diagnostics.json
2026-09-30 07:24:59 - models.plan_generator - INFO - Initializing GTFS transit availability...
2026-09-30 07:25:01 - models.plan_generator - INFO -   GTFS feeds already in DB, skipping redundant setup
2026-09-30 07:25:01 - models.gtfs_availability - INFO - Building GTFS spatial indices...
2026-09-30 07:25:02 - models.gtfs_availability - INFO -   Built index for bus: 10769 stops (route_types=[3, 11], took 1.13s)
2026-09-30 07:25:02 - models.gtfs_availability - INFO -   Built index for rail: 75 stops (route_types=[0, 1, 2, 12], took 0.04s)
2026-09-30 07:25:02 - models.gtfs_availability - INFO - GTFS spatial indices built: 2 modes, 10844 total stops (took 1.2s)
2026-09-30 07:25:02 - models.plan_generator - INFO -   GTFS availability ready: 2 modes, 10844 stops indexed
2026-09-30 07:25:02 - models.plan_generator - INFO - Initializing mode choice model...
2026-09-30 07:25:02 - models.mode_choice - INFO - Computing mode shares from survey data...
2026-09-30 07:25:02 - models.mode_choice - INFO - Computed mode rates for 8 purposes
2026-09-30 07:25:02 - models.mode_choice - INFO -   Overall mode distribution: car=81.7%, walk=12.7%, bus=1.7%, bike=1.5%, school_bus=0.8%, other=0.6%, rail=0.5%, rideshare=0.5%
2026-09-30 07:25:02 - models.mode_choice - INFO - ModeChoiceModel initialized with 4 modes: ['car', 'bus', 'rail', 'walk']
2026-09-30 07:25:02 - models.plan_generator - INFO - Plan generator initialized successfully!
2026-09-30 07:25:02 - models.plan_generator - INFO - ======================================================================
2026-09-30 07:25:02 - models.plan_generator - INFO - Using provided experiment directory: /home/exouser/Documents/Tareek/experiments/tc_tbi_hermes_nw16_10iter
2026-09-30 07:25:02 - models.plan_generator - INFO - All logs will be saved to: /home/exouser/Documents/Tareek/experiments/tc_tbi_hermes_nw16_10iter/experiment_20260930_072013.log
2026-09-30 07:25:02 - models.plan_generator - INFO - ======================================================================
2026-09-30 07:25:02 - models.plan_generator - INFO - GENERATING PLANS
2026-09-30 07:25:02 - models.plan_generator - INFO - Target plans: all
2026-09-30 07:25:02 - models.plan_generator - INFO - Scaling factor: 0.15
2026-09-30 07:25:02 - models.plan_generator - INFO - Experiment directory: /home/exouser/Documents/Tareek/experiments/tc_tbi_hermes_nw16_10iter
2026-09-30 07:25:02 - models.plan_generator - INFO - ======================================================================
2026-09-30 07:25:02 - models.plan_generator - INFO - P(commute) of workers (survey): 0.511
2026-09-30 07:25:02 - models.plan_generator - INFO - Effective work scaling: 0.15 x 0.511 x 1.0 = 0.0767
2026-09-30 07:25:02 - models.plan_generator - INFO - Initial OD pairs: 141546
2026-09-30 07:25:02 - models.plan_generator - INFO - Original total trips: 2,068,232
2026-09-30 07:25:02 - models.plan_generator - INFO - Expected scaled trips: 158,542
2026-09-30 07:25:02 - models.plan_generator - INFO - Actual scaled trips: 158,088
2026-09-30 07:25:02 - models.plan_generator - INFO - Scaling accuracy: 99.7%
2026-09-30 07:25:02 - models.plan_generator - INFO - Using ALL scaled OD pairs (representative sample)
2026-09-30 07:25:02 - models.plan_generator - INFO - Total plans to generate: 158,088
2026-09-30 07:25:02 - models.plan_generator - INFO - Using 30 processes
2026-09-30 07:25:02 - models.plan_generator - INFO - Pre-loading data for multiprocessing...
2026-09-30 07:25:05 - models.poi_manager - INFO - Loaded 45,653 POIs across 6 activity types (county-filtered)
2026-09-30 07:25:05 - models.plan_generator - INFO - Loading POIs from database: found 45653 POIs (county-filtered)
2026-09-30 07:25:05 - models.plan_generator - INFO - Grouped POIs into 6 activity categories:
2026-09-30 07:25:05 - models.plan_generator - INFO -   - Shopping: 2173 POIs
2026-09-30 07:25:05 - models.plan_generator - INFO -   - Other: 23588 POIs
2026-09-30 07:25:05 - models.plan_generator - INFO -   - Social: 12803 POIs
2026-09-30 07:25:05 - models.plan_generator - INFO -   - Dining: 4905 POIs
2026-09-30 07:25:05 - models.plan_generator - INFO -   - School: 1799 POIs
2026-09-30 07:25:05 - models.plan_generator - INFO -   - Escort: 385 POIs
2026-09-30 07:25:05 - models.plan_generator - INFO -   Loaded 45653 POIs across 6 activities
2026-09-30 07:25:05 - models.plan_generator - INFO -   Pre-processed 817 chain patterns
2026-09-30 07:25:05 - models.plan_generator - INFO -   Serialized GTFS stop data for workers: bus=10769 stops, rail=75 stops
2026-09-30 07:25:05 - models.plan_generator - INFO - Split 141546 OD pairs into 31 chunks
2026-09-30 07:25:05 - models.plan_generator - INFO - Workers will log to: /home/exouser/Documents/Tareek/experiments/tc_tbi_hermes_nw16_10iter/experiment_20260930_072013.log
2026-09-30 07:25:08 - [ForkPoolWorker-1] models.plan_generator - INFO - Worker ForkPoolWorker-1 started - processing 4718 OD pairs
2026-09-30 07:25:09 - [ForkPoolWorker-1] models.time - INFO - Fitted models for 49 activity pairs
2026-09-30 07:25:09 - [ForkPoolWorker-1] models.time - INFO - Mean trip durations: global=17.3min, per-pair=49 pairs
2026-09-30 07:25:09 - [ForkPoolWorker-2] models.plan_generator - INFO - Worker ForkPoolWorker-2 started - processing 4718 OD pairs
2026-09-30 07:25:09 - [ForkPoolWorker-2] models.time - INFO - Fitted models for 49 activity pairs
2026-09-30 07:25:09 - [ForkPoolWorker-2] models.time - INFO - Mean trip durations: global=17.3min, per-pair=49 pairs
2026-09-30 07:25:10 - [ForkPoolWorker-3] models.plan_generator - INFO - Worker ForkPoolWorker-3 started - processing 4718 OD pairs
2026-09-30 07:25:10 - [ForkPoolWorker-3] models.time - INFO - Fitted models for 49 activity pairs
2026-09-30 07:25:10 - [ForkPoolWorker-3] models.time - INFO - Mean trip durations: global=17.3min, per-pair=49 pairs
2026-09-30 07:25:11 - [ForkPoolWorker-4] models.plan_generator - INFO - Worker ForkPoolWorker-4 started - processing 4718 OD pairs
2026-09-30 07:25:11 - [ForkPoolWorker-4] models.time - INFO - Fitted models for 49 activity pairs
2026-09-30 07:25:11 - [ForkPoolWorker-4] models.time - INFO - Mean trip durations: global=17.3min, per-pair=49 pairs
2026-09-30 07:25:12 - [ForkPoolWorker-5] models.plan_generator - INFO - Worker ForkPoolWorker-5 started - processing 4718 OD pairs
2026-09-30 07:25:12 - [ForkPoolWorker-5] models.time - INFO - Fitted models for 49 activity pairs
2026-09-30 07:25:12 - [ForkPoolWorker-5] models.time - INFO - Mean trip durations: global=17.3min, per-pair=49 pairs
2026-09-30 07:25:12 - [ForkPoolWorker-6] models.plan_generator - INFO - Worker ForkPoolWorker-6 started - processing 4718 OD pairs
2026-09-30 07:25:13 - [ForkPoolWorker-6] models.time - INFO - Fitted models for 49 activity pairs
2026-09-30 07:25:13 - [ForkPoolWorker-6] models.time - INFO - Mean trip durations: global=17.3min, per-pair=49 pairs
2026-09-30 07:25:13 - [ForkPoolWorker-7] models.plan_generator - INFO - Worker ForkPoolWorker-7 started - processing 4718 OD pairs
2026-09-30 07:25:13 - [ForkPoolWorker-7] models.time - INFO - Fitted models for 49 activity pairs
2026-09-30 07:25:13 - [ForkPoolWorker-7] models.time - INFO - Mean trip durations: global=17.3min, per-pair=49 pairs
2026-09-30 07:25:14 - [ForkPoolWorker-1] models.mode_availability - DEBUG - Registered availability checker for car: UniversalAvailability
2026-09-30 07:25:14 - [ForkPoolWorker-1] models.mode_availability - DEBUG - Registered availability checker for bus: GTFSTransitAvailability
2026-09-30 07:25:14 - [ForkPoolWorker-1] models.mode_availability - DEBUG - Registered availability checker for rail: GTFSTransitAvailability
2026-09-30 07:25:14 - [ForkPoolWorker-1] models.mode_availability - DEBUG - Registered availability checker for walk: DistanceBasedAvailability
2026-09-30 07:25:14 - [ForkPoolWorker-1] models.mode_choice - INFO - Computing mode shares from survey data...
2026-09-30 07:25:14 - [ForkPoolWorker-1] models.mode_choice - DEBUG -   Survey weights (normalized): {'default': 1.0}
2026-09-30 07:25:14 - [ForkPoolWorker-1] models.mode_choice - DEBUG -   Computing rates for purposes: ['Shopping', 'Other', 'Social', 'School', 'Work', 'Dining', 'Home', 'all']
2026-09-30 07:25:14 - [ForkPoolWorker-1] models.mode_choice - DEBUG -   Mode rates for 'Shopping': car=91.7%, walk=4.9%, bike=1.0%, bus=0.9%, other=0.8%, rideshare=0.4%, rail=0.3%, school_bus=0.1%
2026-09-30 07:25:14 - [ForkPoolWorker-1] models.mode_choice - DEBUG -   Mode rates for 'Other': car=90.8%, walk=5.2%, bike=1.3%, bus=1.0%, other=1.0%, rideshare=0.5%, rail=0.2%
2026-09-30 07:25:14 - [ForkPoolWorker-1] models.mode_choice - DEBUG -   Mode rates for 'Social': car=61.3%, walk=34.7%, bike=1.9%, bus=0.9%, rideshare=0.4%, rail=0.4%, other=0.4%, school_bus=0.0%
2026-09-30 07:25:14 - [ForkPoolWorker-1] models.mode_choice - DEBUG -   Mode rates for 'School': car=57.1%, walk=17.3%, school_bus=16.8%, bus=4.4%, rail=2.1%, other=1.1%, bike=0.9%, rideshare=0.4%
2026-09-30 07:25:14 - [ForkPoolWorker-1] models.mode_choice - DEBUG -   Mode rates for 'Work': car=83.2%, walk=9.8%, bus=3.8%, bike=1.9%, rideshare=0.6%, rail=0.5%, other=0.2%, school_bus=0.1%
2026-09-30 07:25:14 - [ForkPoolWorker-1] models.mode_choice - DEBUG -   Mode rates for 'Dining': car=86.3%, walk=10.6%, bike=1.3%, bus=0.9%, rail=0.3%, other=0.3%, rideshare=0.2%
2026-09-30 07:25:14 - [ForkPoolWorker-1] models.mode_choice - DEBUG -   Mode rates for 'Home': car=80.2%, walk=13.3%, bus=1.8%, bike=1.8%, school_bus=1.1%, other=0.6%, rail=0.6%, rideshare=0.6%
2026-09-30 07:25:14 - [ForkPoolWorker-1] models.mode_choice - DEBUG -   Mode rates for 'all': car=81.7%, walk=12.7%, bus=1.7%, bike=1.5%, school_bus=0.8%, other=0.6%, rail=0.5%, rideshare=0.5%
2026-09-30 07:25:14 - [ForkPoolWorker-1] models.mode_choice - INFO - Computed mode rates for 8 purposes
2026-09-30 07:25:14 - [ForkPoolWorker-1] models.mode_choice - INFO -   Overall mode distribution: car=81.7%, walk=12.7%, bus=1.7%, bike=1.5%, school_bus=0.8%, other=0.6%, rail=0.5%, rideshare=0.5%
2026-09-30 07:25:14 - [ForkPoolWorker-1] models.mode_choice - INFO - ModeChoiceModel initialized with 4 modes: ['car', 'bus', 'rail', 'walk']
2026-09-30 07:25:14 - [ForkPoolWorker-8] models.plan_generator - INFO - Worker ForkPoolWorker-8 started - processing 4718 OD pairs
2026-09-30 07:25:14 - [ForkPoolWorker-8] models.time - INFO - Fitted models for 49 activity pairs
2026-09-30 07:25:14 - [ForkPoolWorker-8] models.time - INFO - Mean trip durations: global=17.3min, per-pair=49 pairs
2026-09-30 07:25:14 - [ForkPoolWorker-2] models.mode_availability - DEBUG - Registered availability checker for car: UniversalAvailability
2026-09-30 07:25:14 - [ForkPoolWorker-2] models.mode_availability - DEBUG - Registered availability checker for bus: GTFSTransitAvailability
2026-09-30 07:25:14 - [ForkPoolWorker-2] models.mode_availability - DEBUG - Registered availability checker for rail: GTFSTransitAvailability
2026-09-30 07:25:14 - [ForkPoolWorker-2] models.mode_availability - DEBUG - Registered availability checker for walk: DistanceBasedAvailability
2026-09-30 07:25:14 - [ForkPoolWorker-2] models.mode_choice - INFO - Computing mode shares from survey data...
2026-09-30 07:25:14 - [ForkPoolWorker-2] models.mode_choice - DEBUG -   Survey weights (normalized): {'default': 1.0}
2026-09-30 07:25:14 - [ForkPoolWorker-2] models.mode_choice - DEBUG -   Computing rates for purposes: ['Shopping', 'Other', 'Social', 'School', 'Work', 'Dining', 'Home', 'all']
2026-09-30 07:25:14 - [ForkPoolWorker-2] models.mode_choice - DEBUG -   Mode rates for 'Shopping': car=91.7%, walk=4.9%, bike=1.0%, bus=0.9%, other=0.8%, rideshare=0.4%, rail=0.3%, school_bus=0.1%
2026-09-30 07:25:14 - [ForkPoolWorker-2] models.mode_choice - DEBUG -   Mode rates for 'Other': car=90.8%, walk=5.2%, bike=1.3%, bus=1.0%, other=1.0%, rideshare=0.5%, rail=0.2%
2026-09-30 07:25:14 - [ForkPoolWorker-2] models.mode_choice - DEBUG -   Mode rates for 'Social': car=61.3%, walk=34.7%, bike=1.9%, bus=0.9%, rideshare=0.4%, rail=0.4%, other=0.4%, school_bus=0.0%
2026-09-30 07:25:14 - [ForkPoolWorker-2] models.mode_choice - DEBUG -   Mode rates for 'School': car=57.1%, walk=17.3%, school_bus=16.8%, bus=4.4%, rail=2.1%, other=1.1%, bike=0.9%, rideshare=0.4%
2026-09-30 07:25:14 - [ForkPoolWorker-2] models.mode_choice - DEBUG -   Mode rates for 'Work': car=83.2%, walk=9.8%, bus=3.8%, bike=1.9%, rideshare=0.6%, rail=0.5%, other=0.2%, school_bus=0.1%
2026-09-30 07:25:14 - [ForkPoolWorker-2] models.mode_choice - DEBUG -   Mode rates for 'Dining': car=86.3%, walk=10.6%, bike=1.3%, bus=0.9%, rail=0.3%, other=0.3%, rideshare=0.2%
2026-09-30 07:25:14 - [ForkPoolWorker-2] models.mode_choice - DEBUG -   Mode rates for 'Home': car=80.2%, walk=13.3%, bus=1.8%, bike=1.8%, school_bus=1.1%, other=0.6%, rail=0.6%, rideshare=0.6%
2026-09-30 07:25:14 - [ForkPoolWorker-2] models.mode_choice - DEBUG -   Mode rates for 'all': car=81.7%, walk=12.7%, bus=1.7%, bike=1.5%, school_bus=0.8%, other=0.6%, rail=0.5%, rideshare=0.5%
2026-09-30 07:25:14 - [ForkPoolWorker-2] models.mode_choice - INFO - Computed mode rates for 8 purposes
2026-09-30 07:25:14 - [ForkPoolWorker-2] models.mode_choice - INFO -   Overall mode distribution: car=81.7%, walk=12.7%, bus=1.7%, bike=1.5%, school_bus=0.8%, other=0.6%, rail=0.5%, rideshare=0.5%
2026-09-30 07:25:14 - [ForkPoolWorker-2] models.mode_choice - INFO - ModeChoiceModel initialized with 4 modes: ['car', 'bus', 'rail', 'walk']
2026-09-30 07:25:14 - [ForkPoolWorker-9] models.plan_generator - INFO - Worker ForkPoolWorker-9 started - processing 4718 OD pairs
2026-09-30 07:25:15 - [ForkPoolWorker-9] models.time - INFO - Fitted models for 49 activity pairs
2026-09-30 07:25:15 - [ForkPoolWorker-9] models.time - INFO - Mean trip durations: global=17.3min, per-pair=49 pairs
2026-09-30 07:25:15 - [ForkPoolWorker-3] models.mode_availability - DEBUG - Registered availability checker for car: UniversalAvailability
2026-09-30 07:25:15 - [ForkPoolWorker-3] models.mode_availability - DEBUG - Registered availability checker for bus: GTFSTransitAvailability
2026-09-30 07:25:15 - [ForkPoolWorker-3] models.mode_availability - DEBUG - Registered availability checker for rail: GTFSTransitAvailability
2026-09-30 07:25:15 - [ForkPoolWorker-3] models.mode_availability - DEBUG - Registered availability checker for walk: DistanceBasedAvailability
2026-09-30 07:25:15 - [ForkPoolWorker-3] models.mode_choice - INFO - Computing mode shares from survey data...
2026-09-30 07:25:15 - [ForkPoolWorker-3] models.mode_choice - DEBUG -   Survey weights (normalized): {'default': 1.0}
2026-09-30 07:25:15 - [ForkPoolWorker-3] models.mode_choice - DEBUG -   Computing rates for purposes: ['Shopping', 'Other', 'Social', 'School', 'Work', 'Dining', 'Home', 'all']
2026-09-30 07:25:15 - [ForkPoolWorker-3] models.mode_choice - DEBUG -   Mode rates for 'Shopping': car=91.7%, walk=4.9%, bike=1.0%, bus=0.9%, other=0.8%, rideshare=0.4%, rail=0.3%, school_bus=0.1%
2026-09-30 07:25:15 - [ForkPoolWorker-3] models.mode_choice - DEBUG -   Mode rates for 'Other': car=90.8%, walk=5.2%, bike=1.3%, bus=1.0%, other=1.0%, rideshare=0.5%, rail=0.2%
2026-09-30 07:25:15 - [ForkPoolWorker-3] models.mode_choice - DEBUG -   Mode rates for 'Social': car=61.3%, walk=34.7%, bike=1.9%, bus=0.9%, rideshare=0.4%, rail=0.4%, other=0.4%, school_bus=0.0%
2026-09-30 07:25:15 - [ForkPoolWorker-3] models.mode_choice - DEBUG -   Mode rates for 'School': car=57.1%, walk=17.3%, school_bus=16.8%, bus=4.4%, rail=2.1%, other=1.1%, bike=0.9%, rideshare=0.4%
2026-09-30 07:25:15 - [ForkPoolWorker-3] models.mode_choice - DEBUG -   Mode rates for 'Work': car=83.2%, walk=9.8%, bus=3.8%, bike=1.9%, rideshare=0.6%, rail=0.5%, other=0.2%, school_bus=0.1%
2026-09-30 07:25:15 - [ForkPoolWorker-3] models.mode_choice - DEBUG -   Mode rates for 'Dining': car=86.3%, walk=10.6%, bike=1.3%, bus=0.9%, rail=0.3%, other=0.3%, rideshare=0.2%
2026-09-30 07:25:15 - [ForkPoolWorker-3] models.mode_choice - DEBUG -   Mode rates for 'Home': car=80.2%, walk=13.3%, bus=1.8%, bike=1.8%, school_bus=1.1%, other=0.6%, rail=0.6%, rideshare=0.6%
2026-09-30 07:25:15 - [ForkPoolWorker-3] models.mode_choice - DEBUG -   Mode rates for 'all': car=81.7%, walk=12.7%, bus=1.7%, bike=1.5%, school_bus=0.8%, other=0.6%, rail=0.5%, rideshare=0.5%
2026-09-30 07:25:15 - [ForkPoolWorker-3] models.mode_choice - INFO - Computed mode rates for 8 purposes
2026-09-30 07:25:15 - [ForkPoolWorker-3] models.mode_choice - INFO -   Overall mode distribution: car=81.7%, walk=12.7%, bus=1.7%, bike=1.5%, school_bus=0.8%, other=0.6%, rail=0.5%, rideshare=0.5%
2026-09-30 07:25:15 - [ForkPoolWorker-3] models.mode_choice - INFO - ModeChoiceModel initialized with 4 modes: ['car', 'bus', 'rail', 'walk']
2026-09-30 07:25:15 - [ForkPoolWorker-10] models.plan_generator - INFO - Worker ForkPoolWorker-10 started - processing 4718 OD pairs
2026-09-30 07:25:15 - [ForkPoolWorker-10] models.time - INFO - Fitted models for 49 activity pairs
2026-09-30 07:25:15 - [ForkPoolWorker-10] models.time - INFO - Mean trip durations: global=17.3min, per-pair=49 pairs
2026-09-30 07:25:16 - [ForkPoolWorker-11] models.plan_generator - INFO - Worker ForkPoolWorker-11 started - processing 4718 OD pairs
2026-09-30 07:25:16 - [ForkPoolWorker-11] models.time - INFO - Fitted models for 49 activity pairs
2026-09-30 07:25:16 - [ForkPoolWorker-11] models.time - INFO - Mean trip durations: global=17.3min, per-pair=49 pairs
2026-09-30 07:25:16 - [ForkPoolWorker-4] models.mode_availability - DEBUG - Registered availability checker for car: UniversalAvailability
2026-09-30 07:25:16 - [ForkPoolWorker-4] models.mode_availability - DEBUG - Registered availability checker for bus: GTFSTransitAvailability
2026-09-30 07:25:16 - [ForkPoolWorker-4] models.mode_availability - DEBUG - Registered availability checker for rail: GTFSTransitAvailability
2026-09-30 07:25:16 - [ForkPoolWorker-4] models.mode_availability - DEBUG - Registered availability checker for walk: DistanceBasedAvailability
2026-09-30 07:25:16 - [ForkPoolWorker-4] models.mode_choice - INFO - Computing mode shares from survey data...
2026-09-30 07:25:16 - [ForkPoolWorker-4] models.mode_choice - DEBUG -   Survey weights (normalized): {'default': 1.0}
2026-09-30 07:25:16 - [ForkPoolWorker-4] models.mode_choice - DEBUG -   Computing rates for purposes: ['Shopping', 'Other', 'Social', 'School', 'Work', 'Dining', 'Home', 'all']
2026-09-30 07:25:16 - [ForkPoolWorker-4] models.mode_choice - DEBUG -   Mode rates for 'Shopping': car=91.7%, walk=4.9%, bike=1.0%, bus=0.9%, other=0.8%, rideshare=0.4%, rail=0.3%, school_bus=0.1%
2026-09-30 07:25:16 - [ForkPoolWorker-4] models.mode_choice - DEBUG -   Mode rates for 'Other': car=90.8%, walk=5.2%, bike=1.3%, bus=1.0%, other=1.0%, rideshare=0.5%, rail=0.2%
2026-09-30 07:25:16 - [ForkPoolWorker-4] models.mode_choice - DEBUG -   Mode rates for 'Social': car=61.3%, walk=34.7%, bike=1.9%, bus=0.9%, rideshare=0.4%, rail=0.4%, other=0.4%, school_bus=0.0%
2026-09-30 07:25:16 - [ForkPoolWorker-4] models.mode_choice - DEBUG -   Mode rates for 'School': car=57.1%, walk=17.3%, school_bus=16.8%, bus=4.4%, rail=2.1%, other=1.1%, bike=0.9%, rideshare=0.4%
2026-09-30 07:25:16 - [ForkPoolWorker-4] models.mode_choice - DEBUG -   Mode rates for 'Work': car=83.2%, walk=9.8%, bus=3.8%, bike=1.9%, rideshare=0.6%, rail=0.5%, other=0.2%, school_bus=0.1%
2026-09-30 07:25:16 - [ForkPoolWorker-4] models.mode_choice - DEBUG -   Mode rates for 'Dining': car=86.3%, walk=10.6%, bike=1.3%, bus=0.9%, rail=0.3%, other=0.3%, rideshare=0.2%
2026-09-30 07:25:16 - [ForkPoolWorker-4] models.mode_choice - DEBUG -   Mode rates for 'Home': car=80.2%, walk=13.3%, bus=1.8%, bike=1.8%, school_bus=1.1%, other=0.6%, rail=0.6%, rideshare=0.6%
2026-09-30 07:25:16 - [ForkPoolWorker-4] models.mode_choice - DEBUG -   Mode rates for 'all': car=81.7%, walk=12.7%, bus=1.7%, bike=1.5%, school_bus=0.8%, other=0.6%, rail=0.5%, rideshare=0.5%
2026-09-30 07:25:16 - [ForkPoolWorker-4] models.mode_choice - INFO - Computed mode rates for 8 purposes
2026-09-30 07:25:16 - [ForkPoolWorker-4] models.mode_choice - INFO -   Overall mode distribution: car=81.7%, walk=12.7%, bus=1.7%, bike=1.5%, school_bus=0.8%, other=0.6%, rail=0.5%, rideshare=0.5%
2026-09-30 07:25:16 - [ForkPoolWorker-4] models.mode_choice - INFO - ModeChoiceModel initialized with 4 modes: ['car', 'bus', 'rail', 'walk']
2026-09-30 07:25:17 - [ForkPoolWorker-5] models.mode_availability - DEBUG - Registered availability checker for car: UniversalAvailability
2026-09-30 07:25:17 - [ForkPoolWorker-5] models.mode_availability - DEBUG - Registered availability checker for bus: GTFSTransitAvailability
2026-09-30 07:25:17 - [ForkPoolWorker-5] models.mode_availability - DEBUG - Registered availability checker for rail: GTFSTransitAvailability
2026-09-30 07:25:17 - [ForkPoolWorker-5] models.mode_availability - DEBUG - Registered availability checker for walk: DistanceBasedAvailability
2026-09-30 07:25:17 - [ForkPoolWorker-5] models.mode_choice - INFO - Computing mode shares from survey data...
2026-09-30 07:25:17 - [ForkPoolWorker-5] models.mode_choice - DEBUG -   Survey weights (normalized): {'default': 1.0}
2026-09-30 07:25:17 - [ForkPoolWorker-5] models.mode_choice - DEBUG -   Computing rates for purposes: ['Shopping', 'Other', 'Social', 'School', 'Work', 'Dining', 'Home', 'all']
2026-09-30 07:25:17 - [ForkPoolWorker-5] models.mode_choice - DEBUG -   Mode rates for 'Shopping': car=91.7%, walk=4.9%, bike=1.0%, bus=0.9%, other=0.8%, rideshare=0.4%, rail=0.3%, school_bus=0.1%
2026-09-30 07:25:17 - [ForkPoolWorker-5] models.mode_choice - DEBUG -   Mode rates for 'Other': car=90.8%, walk=5.2%, bike=1.3%, bus=1.0%, other=1.0%, rideshare=0.5%, rail=0.2%
2026-09-30 07:25:17 - [ForkPoolWorker-5] models.mode_choice - DEBUG -   Mode rates for 'Social': car=61.3%, walk=34.7%, bike=1.9%, bus=0.9%, rideshare=0.4%, rail=0.4%, other=0.4%, school_bus=0.0%
2026-09-30 07:25:17 - [ForkPoolWorker-5] models.mode_choice - DEBUG -   Mode rates for 'School': car=57.1%, walk=17.3%, school_bus=16.8%, bus=4.4%, rail=2.1%, other=1.1%, bike=0.9%, rideshare=0.4%
2026-09-30 07:25:17 - [ForkPoolWorker-5] models.mode_choice - DEBUG -   Mode rates for 'Work': car=83.2%, walk=9.8%, bus=3.8%, bike=1.9%, rideshare=0.6%, rail=0.5%, other=0.2%, school_bus=0.1%
2026-09-30 07:25:17 - [ForkPoolWorker-5] models.mode_choice - DEBUG -   Mode rates for 'Dining': car=86.3%, walk=10.6%, bike=1.3%, bus=0.9%, rail=0.3%, other=0.3%, rideshare=0.2%
2026-09-30 07:25:17 - [ForkPoolWorker-5] models.mode_choice - DEBUG -   Mode rates for 'Home': car=80.2%, walk=13.3%, bus=1.8%, bike=1.8%, school_bus=1.1%, other=0.6%, rail=0.6%, rideshare=0.6%
2026-09-30 07:25:17 - [ForkPoolWorker-5] models.mode_choice - DEBUG -   Mode rates for 'all': car=81.7%, walk=12.7%, bus=1.7%, bike=1.5%, school_bus=0.8%, other=0.6%, rail=0.5%, rideshare=0.5%
2026-09-30 07:25:17 - [ForkPoolWorker-5] models.mode_choice - INFO - Computed mode rates for 8 purposes
2026-09-30 07:25:17 - [ForkPoolWorker-5] models.mode_choice - INFO -   Overall mode distribution: car=81.7%, walk=12.7%, bus=1.7%, bike=1.5%, school_bus=0.8%, other=0.6%, rail=0.5%, rideshare=0.5%
2026-09-30 07:25:17 - [ForkPoolWorker-5] models.mode_choice - INFO - ModeChoiceModel initialized with 4 modes: ['car', 'bus', 'rail', 'walk']
2026-09-30 07:25:17 - [ForkPoolWorker-12] models.plan_generator - INFO - Worker ForkPoolWorker-12 started - processing 4718 OD pairs
2026-09-30 07:25:17 - [ForkPoolWorker-12] models.time - INFO - Fitted models for 49 activity pairs
2026-09-30 07:25:17 - [ForkPoolWorker-12] models.time - INFO - Mean trip durations: global=17.3min, per-pair=49 pairs
2026-09-30 07:25:17 - [ForkPoolWorker-6] models.mode_availability - DEBUG - Registered availability checker for car: UniversalAvailability
2026-09-30 07:25:17 - [ForkPoolWorker-6] models.mode_availability - DEBUG - Registered availability checker for bus: GTFSTransitAvailability
2026-09-30 07:25:17 - [ForkPoolWorker-6] models.mode_availability - DEBUG - Registered availability checker for rail: GTFSTransitAvailability
2026-09-30 07:25:17 - [ForkPoolWorker-6] models.mode_availability - DEBUG - Registered availability checker for walk: DistanceBasedAvailability
2026-09-30 07:25:17 - [ForkPoolWorker-6] models.mode_choice - INFO - Computing mode shares from survey data...
2026-09-30 07:25:17 - [ForkPoolWorker-6] models.mode_choice - DEBUG -   Survey weights (normalized): {'default': 1.0}
2026-09-30 07:25:17 - [ForkPoolWorker-6] models.mode_choice - DEBUG -   Computing rates for purposes: ['Shopping', 'Other', 'Social', 'School', 'Work', 'Dining', 'Home', 'all']
2026-09-30 07:25:17 - [ForkPoolWorker-6] models.mode_choice - DEBUG -   Mode rates for 'Shopping': car=91.7%, walk=4.9%, bike=1.0%, bus=0.9%, other=0.8%, rideshare=0.4%, rail=0.3%, school_bus=0.1%
2026-09-30 07:25:17 - [ForkPoolWorker-6] models.mode_choice - DEBUG -   Mode rates for 'Other': car=90.8%, walk=5.2%, bike=1.3%, bus=1.0%, other=1.0%, rideshare=0.5%, rail=0.2%
2026-09-30 07:25:17 - [ForkPoolWorker-6] models.mode_choice - DEBUG -   Mode rates for 'Social': car=61.3%, walk=34.7%, bike=1.9%, bus=0.9%, rideshare=0.4%, rail=0.4%, other=0.4%, school_bus=0.0%
2026-09-30 07:25:17 - [ForkPoolWorker-6] models.mode_choice - DEBUG -   Mode rates for 'School': car=57.1%, walk=17.3%, school_bus=16.8%, bus=4.4%, rail=2.1%, other=1.1%, bike=0.9%, rideshare=0.4%
2026-09-30 07:25:17 - [ForkPoolWorker-6] models.mode_choice - DEBUG -   Mode rates for 'Work': car=83.2%, walk=9.8%, bus=3.8%, bike=1.9%, rideshare=0.6%, rail=0.5%, other=0.2%, school_bus=0.1%
2026-09-30 07:25:17 - [ForkPoolWorker-6] models.mode_choice - DEBUG -   Mode rates for 'Dining': car=86.3%, walk=10.6%, bike=1.3%, bus=0.9%, rail=0.3%, other=0.3%, rideshare=0.2%
2026-09-30 07:25:17 - [ForkPoolWorker-6] models.mode_choice - DEBUG -   Mode rates for 'Home': car=80.2%, walk=13.3%, bus=1.8%, bike=1.8%, school_bus=1.1%, other=0.6%, rail=0.6%, rideshare=0.6%
2026-09-30 07:25:17 - [ForkPoolWorker-6] models.mode_choice - DEBUG -   Mode rates for 'all': car=81.7%, walk=12.7%, bus=1.7%, bike=1.5%, school_bus=0.8%, other=0.6%, rail=0.5%, rideshare=0.5%
2026-09-30 07:25:17 - [ForkPoolWorker-6] models.mode_choice - INFO - Computed mode rates for 8 purposes
2026-09-30 07:25:17 - [ForkPoolWorker-6] models.mode_choice - INFO -   Overall mode distribution: car=81.7%, walk=12.7%, bus=1.7%, bike=1.5%, school_bus=0.8%, other=0.6%, rail=0.5%, rideshare=0.5%
2026-09-30 07:25:17 - [ForkPoolWorker-6] models.mode_choice - INFO - ModeChoiceModel initialized with 4 modes: ['car', 'bus', 'rail', 'walk']
2026-09-30 07:25:18 - [ForkPoolWorker-13] models.plan_generator - INFO - Worker ForkPoolWorker-13 started - processing 4718 OD pairs
2026-09-30 07:25:18 - [ForkPoolWorker-13] models.time - INFO - Fitted models for 49 activity pairs
2026-09-30 07:25:18 - [ForkPoolWorker-13] models.time - INFO - Mean trip durations: global=17.3min, per-pair=49 pairs
2026-09-30 07:25:18 - [ForkPoolWorker-7] models.mode_availability - DEBUG - Registered availability checker for car: UniversalAvailability
2026-09-30 07:25:18 - [ForkPoolWorker-7] models.mode_availability - DEBUG - Registered availability checker for bus: GTFSTransitAvailability
2026-09-30 07:25:18 - [ForkPoolWorker-7] models.mode_availability - DEBUG - Registered availability checker for rail: GTFSTransitAvailability
2026-09-30 07:25:18 - [ForkPoolWorker-7] models.mode_availability - DEBUG - Registered availability checker for walk: DistanceBasedAvailability
2026-09-30 07:25:18 - [ForkPoolWorker-7] models.mode_choice - INFO - Computing mode shares from survey data...
2026-09-30 07:25:18 - [ForkPoolWorker-7] models.mode_choice - DEBUG -   Survey weights (normalized): {'default': 1.0}
2026-09-30 07:25:18 - [ForkPoolWorker-7] models.mode_choice - DEBUG -   Computing rates for purposes: ['Shopping', 'Other', 'Social', 'School', 'Work', 'Dining', 'Home', 'all']
2026-09-30 07:25:18 - [ForkPoolWorker-7] models.mode_choice - DEBUG -   Mode rates for 'Shopping': car=91.7%, walk=4.9%, bike=1.0%, bus=0.9%, other=0.8%, rideshare=0.4%, rail=0.3%, school_bus=0.1%
2026-09-30 07:25:18 - [ForkPoolWorker-7] models.mode_choice - DEBUG -   Mode rates for 'Other': car=90.8%, walk=5.2%, bike=1.3%, bus=1.0%, other=1.0%, rideshare=0.5%, rail=0.2%
2026-09-30 07:25:18 - [ForkPoolWorker-7] models.mode_choice - DEBUG -   Mode rates for 'Social': car=61.3%, walk=34.7%, bike=1.9%, bus=0.9%, rideshare=0.4%, rail=0.4%, other=0.4%, school_bus=0.0%
2026-09-30 07:25:18 - [ForkPoolWorker-7] models.mode_choice - DEBUG -   Mode rates for 'School': car=57.1%, walk=17.3%, school_bus=16.8%, bus=4.4%, rail=2.1%, other=1.1%, bike=0.9%, rideshare=0.4%
2026-09-30 07:25:18 - [ForkPoolWorker-7] models.mode_choice - DEBUG -   Mode rates for 'Work': car=83.2%, walk=9.8%, bus=3.8%, bike=1.9%, rideshare=0.6%, rail=0.5%, other=0.2%, school_bus=0.1%
2026-09-30 07:25:18 - [ForkPoolWorker-7] models.mode_choice - DEBUG -   Mode rates for 'Dining': car=86.3%, walk=10.6%, bike=1.3%, bus=0.9%, rail=0.3%, other=0.3%, rideshare=0.2%
2026-09-30 07:25:18 - [ForkPoolWorker-7] models.mode_choice - DEBUG -   Mode rates for 'Home': car=80.2%, walk=13.3%, bus=1.8%, bike=1.8%, school_bus=1.1%, other=0.6%, rail=0.6%, rideshare=0.6%
2026-09-30 07:25:18 - [ForkPoolWorker-7] models.mode_choice - DEBUG -   Mode rates for 'all': car=81.7%, walk=12.7%, bus=1.7%, bike=1.5%, school_bus=0.8%, other=0.6%, rail=0.5%, rideshare=0.5%
2026-09-30 07:25:18 - [ForkPoolWorker-7] models.mode_choice - INFO - Computed mode rates for 8 purposes
2026-09-30 07:25:18 - [ForkPoolWorker-7] models.mode_choice - INFO -   Overall mode distribution: car=81.7%, walk=12.7%, bus=1.7%, bike=1.5%, school_bus=0.8%, other=0.6%, rail=0.5%, rideshare=0.5%
2026-09-30 07:25:18 - [ForkPoolWorker-7] models.mode_choice - INFO - ModeChoiceModel initialized with 4 modes: ['car', 'bus', 'rail', 'walk']
2026-09-30 07:25:18 - [ForkPoolWorker-14] models.plan_generator - INFO - Worker ForkPoolWorker-14 started - processing 4718 OD pairs
2026-09-30 07:25:19 - [ForkPoolWorker-14] models.time - INFO - Fitted models for 49 activity pairs
2026-09-30 07:25:19 - [ForkPoolWorker-14] models.time - INFO - Mean trip durations: global=17.3min, per-pair=49 pairs
2026-09-30 07:25:19 - [ForkPoolWorker-8] models.mode_availability - DEBUG - Registered availability checker for car: UniversalAvailability
2026-09-30 07:25:19 - [ForkPoolWorker-8] models.mode_availability - DEBUG - Registered availability checker for bus: GTFSTransitAvailability
2026-09-30 07:25:19 - [ForkPoolWorker-8] models.mode_availability - DEBUG - Registered availability checker for rail: GTFSTransitAvailability
2026-09-30 07:25:19 - [ForkPoolWorker-8] models.mode_availability - DEBUG - Registered availability checker for walk: DistanceBasedAvailability
2026-09-30 07:25:19 - [ForkPoolWorker-8] models.mode_choice - INFO - Computing mode shares from survey data...
2026-09-30 07:25:19 - [ForkPoolWorker-8] models.mode_choice - DEBUG -   Survey weights (normalized): {'default': 1.0}
2026-09-30 07:25:19 - [ForkPoolWorker-8] models.mode_choice - DEBUG -   Computing rates for purposes: ['Shopping', 'Other', 'Social', 'School', 'Work', 'Dining', 'Home', 'all']
2026-09-30 07:25:19 - [ForkPoolWorker-8] models.mode_choice - DEBUG -   Mode rates for 'Shopping': car=91.7%, walk=4.9%, bike=1.0%, bus=0.9%, other=0.8%, rideshare=0.4%, rail=0.3%, school_bus=0.1%
2026-09-30 07:25:19 - [ForkPoolWorker-8] models.mode_choice - DEBUG -   Mode rates for 'Other': car=90.8%, walk=5.2%, bike=1.3%, bus=1.0%, other=1.0%, rideshare=0.5%, rail=0.2%
2026-09-30 07:25:19 - [ForkPoolWorker-8] models.mode_choice - DEBUG -   Mode rates for 'Social': car=61.3%, walk=34.7%, bike=1.9%, bus=0.9%, rideshare=0.4%, rail=0.4%, other=0.4%, school_bus=0.0%
2026-09-30 07:25:19 - [ForkPoolWorker-8] models.mode_choice - DEBUG -   Mode rates for 'School': car=57.1%, walk=17.3%, school_bus=16.8%, bus=4.4%, rail=2.1%, other=1.1%, bike=0.9%, rideshare=0.4%
2026-09-30 07:25:19 - [ForkPoolWorker-8] models.mode_choice - DEBUG -   Mode rates for 'Work': car=83.2%, walk=9.8%, bus=3.8%, bike=1.9%, rideshare=0.6%, rail=0.5%, other=0.2%, school_bus=0.1%
2026-09-30 07:25:19 - [ForkPoolWorker-8] models.mode_choice - DEBUG -   Mode rates for 'Dining': car=86.3%, walk=10.6%, bike=1.3%, bus=0.9%, rail=0.3%, other=0.3%, rideshare=0.2%
2026-09-30 07:25:19 - [ForkPoolWorker-8] models.mode_choice - DEBUG -   Mode rates for 'Home': car=80.2%, walk=13.3%, bus=1.8%, bike=1.8%, school_bus=1.1%, other=0.6%, rail=0.6%, rideshare=0.6%
2026-09-30 07:25:19 - [ForkPoolWorker-8] models.mode_choice - DEBUG -   Mode rates for 'all': car=81.7%, walk=12.7%, bus=1.7%, bike=1.5%, school_bus=0.8%, other=0.6%, rail=0.5%, rideshare=0.5%
2026-09-30 07:25:19 - [ForkPoolWorker-8] models.mode_choice - INFO - Computed mode rates for 8 purposes
2026-09-30 07:25:19 - [ForkPoolWorker-8] models.mode_choice - INFO -   Overall mode distribution: car=81.7%, walk=12.7%, bus=1.7%, bike=1.5%, school_bus=0.8%, other=0.6%, rail=0.5%, rideshare=0.5%
2026-09-30 07:25:19 - [ForkPoolWorker-8] models.mode_choice - INFO - ModeChoiceModel initialized with 4 modes: ['car', 'bus', 'rail', 'walk']
2026-09-30 07:25:19 - [ForkPoolWorker-15] models.plan_generator - INFO - Worker ForkPoolWorker-15 started - processing 4718 OD pairs
2026-09-30 07:25:20 - [ForkPoolWorker-9] models.mode_availability - DEBUG - Registered availability checker for car: UniversalAvailability
2026-09-30 07:25:20 - [ForkPoolWorker-9] models.mode_availability - DEBUG - Registered availability checker for bus: GTFSTransitAvailability
2026-09-30 07:25:20 - [ForkPoolWorker-9] models.mode_availability - DEBUG - Registered availability checker for rail: GTFSTransitAvailability
2026-09-30 07:25:20 - [ForkPoolWorker-9] models.mode_availability - DEBUG - Registered availability checker for walk: DistanceBasedAvailability
2026-09-30 07:25:20 - [ForkPoolWorker-9] models.mode_choice - INFO - Computing mode shares from survey data...
2026-09-30 07:25:20 - [ForkPoolWorker-9] models.mode_choice - DEBUG -   Survey weights (normalized): {'default': 1.0}
2026-09-30 07:25:20 - [ForkPoolWorker-9] models.mode_choice - DEBUG -   Computing rates for purposes: ['Shopping', 'Other', 'Social', 'School', 'Work', 'Dining', 'Home', 'all']
2026-09-30 07:25:20 - [ForkPoolWorker-9] models.mode_choice - DEBUG -   Mode rates for 'Shopping': car=91.7%, walk=4.9%, bike=1.0%, bus=0.9%, other=0.8%, rideshare=0.4%, rail=0.3%, school_bus=0.1%
2026-09-30 07:25:20 - [ForkPoolWorker-9] models.mode_choice - DEBUG -   Mode rates for 'Other': car=90.8%, walk=5.2%, bike=1.3%, bus=1.0%, other=1.0%, rideshare=0.5%, rail=0.2%
2026-09-30 07:25:20 - [ForkPoolWorker-9] models.mode_choice - DEBUG -   Mode rates for 'Social': car=61.3%, walk=34.7%, bike=1.9%, bus=0.9%, rideshare=0.4%, rail=0.4%, other=0.4%, school_bus=0.0%
2026-09-30 07:25:20 - [ForkPoolWorker-9] models.mode_choice - DEBUG -   Mode rates for 'School': car=57.1%, walk=17.3%, school_bus=16.8%, bus=4.4%, rail=2.1%, other=1.1%, bike=0.9%, rideshare=0.4%
2026-09-30 07:25:20 - [ForkPoolWorker-9] models.mode_choice - DEBUG -   Mode rates for 'Work': car=83.2%, walk=9.8%, bus=3.8%, bike=1.9%, rideshare=0.6%, rail=0.5%, other=0.2%, school_bus=0.1%
2026-09-30 07:25:20 - [ForkPoolWorker-9] models.mode_choice - DEBUG -   Mode rates for 'Dining': car=86.3%, walk=10.6%, bike=1.3%, bus=0.9%, rail=0.3%, other=0.3%, rideshare=0.2%
2026-09-30 07:25:20 - [ForkPoolWorker-9] models.mode_choice - DEBUG -   Mode rates for 'Home': car=80.2%, walk=13.3%, bus=1.8%, bike=1.8%, school_bus=1.1%, other=0.6%, rail=0.6%, rideshare=0.6%
2026-09-30 07:25:20 - [ForkPoolWorker-9] models.mode_choice - DEBUG -   Mode rates for 'all': car=81.7%, walk=12.7%, bus=1.7%, bike=1.5%, school_bus=0.8%, other=0.6%, rail=0.5%, rideshare=0.5%
2026-09-30 07:25:20 - [ForkPoolWorker-9] models.mode_choice - INFO - Computed mode rates for 8 purposes
2026-09-30 07:25:20 - [ForkPoolWorker-9] models.mode_choice - INFO -   Overall mode distribution: car=81.7%, walk=12.7%, bus=1.7%, bike=1.5%, school_bus=0.8%, other=0.6%, rail=0.5%, rideshare=0.5%
2026-09-30 07:25:20 - [ForkPoolWorker-9] models.mode_choice - INFO - ModeChoiceModel initialized with 4 modes: ['car', 'bus', 'rail', 'walk']
2026-09-30 07:25:20 - [ForkPoolWorker-15] models.time - INFO - Fitted models for 49 activity pairs
2026-09-30 07:25:20 - [ForkPoolWorker-15] models.time - INFO - Mean trip durations: global=17.3min, per-pair=49 pairs
2026-09-30 07:25:20 - [ForkPoolWorker-16] models.plan_generator - INFO - Worker ForkPoolWorker-16 started - processing 4718 OD pairs
2026-09-30 07:25:20 - [ForkPoolWorker-10] models.mode_availability - DEBUG - Registered availability checker for car: UniversalAvailability
2026-09-30 07:25:20 - [ForkPoolWorker-10] models.mode_availability - DEBUG - Registered availability checker for bus: GTFSTransitAvailability
2026-09-30 07:25:20 - [ForkPoolWorker-10] models.mode_availability - DEBUG - Registered availability checker for rail: GTFSTransitAvailability
2026-09-30 07:25:20 - [ForkPoolWorker-10] models.mode_availability - DEBUG - Registered availability checker for walk: DistanceBasedAvailability
2026-09-30 07:25:20 - [ForkPoolWorker-10] models.mode_choice - INFO - Computing mode shares from survey data...
2026-09-30 07:25:20 - [ForkPoolWorker-10] models.mode_choice - DEBUG -   Survey weights (normalized): {'default': 1.0}
2026-09-30 07:25:20 - [ForkPoolWorker-10] models.mode_choice - DEBUG -   Computing rates for purposes: ['Shopping', 'Other', 'Social', 'School', 'Work', 'Dining', 'Home', 'all']
2026-09-30 07:25:20 - [ForkPoolWorker-10] models.mode_choice - DEBUG -   Mode rates for 'Shopping': car=91.7%, walk=4.9%, bike=1.0%, bus=0.9%, other=0.8%, rideshare=0.4%, rail=0.3%, school_bus=0.1%
2026-09-30 07:25:20 - [ForkPoolWorker-10] models.mode_choice - DEBUG -   Mode rates for 'Other': car=90.8%, walk=5.2%, bike=1.3%, bus=1.0%, other=1.0%, rideshare=0.5%, rail=0.2%
2026-09-30 07:25:20 - [ForkPoolWorker-10] models.mode_choice - DEBUG -   Mode rates for 'Social': car=61.3%, walk=34.7%, bike=1.9%, bus=0.9%, rideshare=0.4%, rail=0.4%, other=0.4%, school_bus=0.0%
2026-09-30 07:25:20 - [ForkPoolWorker-10] models.mode_choice - DEBUG -   Mode rates for 'School': car=57.1%, walk=17.3%, school_bus=16.8%, bus=4.4%, rail=2.1%, other=1.1%, bike=0.9%, rideshare=0.4%
2026-09-30 07:25:20 - [ForkPoolWorker-10] models.mode_choice - DEBUG -   Mode rates for 'Work': car=83.2%, walk=9.8%, bus=3.8%, bike=1.9%, rideshare=0.6%, rail=0.5%, other=0.2%, school_bus=0.1%
2026-09-30 07:25:20 - [ForkPoolWorker-10] models.mode_choice - DEBUG -   Mode rates for 'Dining': car=86.3%, walk=10.6%, bike=1.3%, bus=0.9%, rail=0.3%, other=0.3%, rideshare=0.2%
2026-09-30 07:25:20 - [ForkPoolWorker-10] models.mode_choice - DEBUG -   Mode rates for 'Home': car=80.2%, walk=13.3%, bus=1.8%, bike=1.8%, school_bus=1.1%, other=0.6%, rail=0.6%, rideshare=0.6%
2026-09-30 07:25:20 - [ForkPoolWorker-10] models.mode_choice - DEBUG -   Mode rates for 'all': car=81.7%, walk=12.7%, bus=1.7%, bike=1.5%, school_bus=0.8%, other=0.6%, rail=0.5%, rideshare=0.5%
2026-09-30 07:25:20 - [ForkPoolWorker-10] models.mode_choice - INFO - Computed mode rates for 8 purposes
2026-09-30 07:25:20 - [ForkPoolWorker-10] models.mode_choice - INFO -   Overall mode distribution: car=81.7%, walk=12.7%, bus=1.7%, bike=1.5%, school_bus=0.8%, other=0.6%, rail=0.5%, rideshare=0.5%
2026-09-30 07:25:20 - [ForkPoolWorker-10] models.mode_choice - INFO - ModeChoiceModel initialized with 4 modes: ['car', 'bus', 'rail', 'walk']
2026-09-30 07:25:20 - [ForkPoolWorker-16] models.time - INFO - Fitted models for 49 activity pairs
2026-09-30 07:25:20 - [ForkPoolWorker-16] models.time - INFO - Mean trip durations: global=17.3min, per-pair=49 pairs
2026-09-30 07:25:21 - [ForkPoolWorker-17] models.plan_generator - INFO - Worker ForkPoolWorker-17 started - processing 4718 OD pairs
2026-09-30 07:25:21 - [ForkPoolWorker-17] models.time - INFO - Fitted models for 49 activity pairs
2026-09-30 07:25:21 - [ForkPoolWorker-17] models.time - INFO - Mean trip durations: global=17.3min, per-pair=49 pairs
2026-09-30 07:25:21 - [ForkPoolWorker-11] models.mode_availability - DEBUG - Registered availability checker for car: UniversalAvailability
2026-09-30 07:25:21 - [ForkPoolWorker-11] models.mode_availability - DEBUG - Registered availability checker for bus: GTFSTransitAvailability
2026-09-30 07:25:21 - [ForkPoolWorker-11] models.mode_availability - DEBUG - Registered availability checker for rail: GTFSTransitAvailability
2026-09-30 07:25:21 - [ForkPoolWorker-11] models.mode_availability - DEBUG - Registered availability checker for walk: DistanceBasedAvailability
2026-09-30 07:25:21 - [ForkPoolWorker-11] models.mode_choice - INFO - Computing mode shares from survey data...
2026-09-30 07:25:21 - [ForkPoolWorker-11] models.mode_choice - DEBUG -   Survey weights (normalized): {'default': 1.0}
2026-09-30 07:25:21 - [ForkPoolWorker-11] models.mode_choice - DEBUG -   Computing rates for purposes: ['Shopping', 'Other', 'Social', 'School', 'Work', 'Dining', 'Home', 'all']
2026-09-30 07:25:21 - [ForkPoolWorker-11] models.mode_choice - DEBUG -   Mode rates for 'Shopping': car=91.7%, walk=4.9%, bike=1.0%, bus=0.9%, other=0.8%, rideshare=0.4%, rail=0.3%, school_bus=0.1%
2026-09-30 07:25:21 - [ForkPoolWorker-11] models.mode_choice - DEBUG -   Mode rates for 'Other': car=90.8%, walk=5.2%, bike=1.3%, bus=1.0%, other=1.0%, rideshare=0.5%, rail=0.2%
2026-09-30 07:25:21 - [ForkPoolWorker-11] models.mode_choice - DEBUG -   Mode rates for 'Social': car=61.3%, walk=34.7%, bike=1.9%, bus=0.9%, rideshare=0.4%, rail=0.4%, other=0.4%, school_bus=0.0%
2026-09-30 07:25:21 - [ForkPoolWorker-11] models.mode_choice - DEBUG -   Mode rates for 'School': car=57.1%, walk=17.3%, school_bus=16.8%, bus=4.4%, rail=2.1%, other=1.1%, bike=0.9%, rideshare=0.4%
2026-09-30 07:25:21 - [ForkPoolWorker-11] models.mode_choice - DEBUG -   Mode rates for 'Work': car=83.2%, walk=9.8%, bus=3.8%, bike=1.9%, rideshare=0.6%, rail=0.5%, other=0.2%, school_bus=0.1%
2026-09-30 07:25:21 - [ForkPoolWorker-11] models.mode_choice - DEBUG -   Mode rates for 'Dining': car=86.3%, walk=10.6%, bike=1.3%, bus=0.9%, rail=0.3%, other=0.3%, rideshare=0.2%
2026-09-30 07:25:21 - [ForkPoolWorker-11] models.mode_choice - DEBUG -   Mode rates for 'Home': car=80.2%, walk=13.3%, bus=1.8%, bike=1.8%, school_bus=1.1%, other=0.6%, rail=0.6%, rideshare=0.6%
2026-09-30 07:25:21 - [ForkPoolWorker-11] models.mode_choice - DEBUG -   Mode rates for 'all': car=81.7%, walk=12.7%, bus=1.7%, bike=1.5%, school_bus=0.8%, other=0.6%, rail=0.5%, rideshare=0.5%
2026-09-30 07:25:21 - [ForkPoolWorker-11] models.mode_choice - INFO - Computed mode rates for 8 purposes
2026-09-30 07:25:21 - [ForkPoolWorker-11] models.mode_choice - INFO -   Overall mode distribution: car=81.7%, walk=12.7%, bus=1.7%, bike=1.5%, school_bus=0.8%, other=0.6%, rail=0.5%, rideshare=0.5%
2026-09-30 07:25:21 - [ForkPoolWorker-11] models.mode_choice - INFO - ModeChoiceModel initialized with 4 modes: ['car', 'bus', 'rail', 'walk']
2026-09-30 07:25:21 - [ForkPoolWorker-18] models.plan_generator - INFO - Worker ForkPoolWorker-18 started - processing 4718 OD pairs
2026-09-30 07:25:21 - [ForkPoolWorker-18] models.time - INFO - Fitted models for 49 activity pairs
2026-09-30 07:25:21 - [ForkPoolWorker-18] models.time - INFO - Mean trip durations: global=17.3min, per-pair=49 pairs
2026-09-30 07:25:22 - [ForkPoolWorker-12] models.mode_availability - DEBUG - Registered availability checker for car: UniversalAvailability
2026-09-30 07:25:22 - [ForkPoolWorker-12] models.mode_availability - DEBUG - Registered availability checker for bus: GTFSTransitAvailability
2026-09-30 07:25:22 - [ForkPoolWorker-12] models.mode_availability - DEBUG - Registered availability checker for rail: GTFSTransitAvailability
2026-09-30 07:25:22 - [ForkPoolWorker-12] models.mode_availability - DEBUG - Registered availability checker for walk: DistanceBasedAvailability
2026-09-30 07:25:22 - [ForkPoolWorker-12] models.mode_choice - INFO - Computing mode shares from survey data...
2026-09-30 07:25:22 - [ForkPoolWorker-12] models.mode_choice - DEBUG -   Survey weights (normalized): {'default': 1.0}
2026-09-30 07:25:22 - [ForkPoolWorker-12] models.mode_choice - DEBUG -   Computing rates for purposes: ['Shopping', 'Other', 'Social', 'School', 'Work', 'Dining', 'Home', 'all']
2026-09-30 07:25:22 - [ForkPoolWorker-12] models.mode_choice - DEBUG -   Mode rates for 'Shopping': car=91.7%, walk=4.9%, bike=1.0%, bus=0.9%, other=0.8%, rideshare=0.4%, rail=0.3%, school_bus=0.1%
2026-09-30 07:25:22 - [ForkPoolWorker-12] models.mode_choice - DEBUG -   Mode rates for 'Other': car=90.8%, walk=5.2%, bike=1.3%, bus=1.0%, other=1.0%, rideshare=0.5%, rail=0.2%
2026-09-30 07:25:22 - [ForkPoolWorker-12] models.mode_choice - DEBUG -   Mode rates for 'Social': car=61.3%, walk=34.7%, bike=1.9%, bus=0.9%, rideshare=0.4%, rail=0.4%, other=0.4%, school_bus=0.0%
2026-09-30 07:25:22 - [ForkPoolWorker-12] models.mode_choice - DEBUG -   Mode rates for 'School': car=57.1%, walk=17.3%, school_bus=16.8%, bus=4.4%, rail=2.1%, other=1.1%, bike=0.9%, rideshare=0.4%
2026-09-30 07:25:22 - [ForkPoolWorker-12] models.mode_choice - DEBUG -   Mode rates for 'Work': car=83.2%, walk=9.8%, bus=3.8%, bike=1.9%, rideshare=0.6%, rail=0.5%, other=0.2%, school_bus=0.1%
2026-09-30 07:25:22 - [ForkPoolWorker-12] models.mode_choice - DEBUG -   Mode rates for 'Dining': car=86.3%, walk=10.6%, bike=1.3%, bus=0.9%, rail=0.3%, other=0.3%, rideshare=0.2%
2026-09-30 07:25:22 - [ForkPoolWorker-12] models.mode_choice - DEBUG -   Mode rates for 'Home': car=80.2%, walk=13.3%, bus=1.8%, bike=1.8%, school_bus=1.1%, other=0.6%, rail=0.6%, rideshare=0.6%
2026-09-30 07:25:22 - [ForkPoolWorker-12] models.mode_choice - DEBUG -   Mode rates for 'all': car=81.7%, walk=12.7%, bus=1.7%, bike=1.5%, school_bus=0.8%, other=0.6%, rail=0.5%, rideshare=0.5%
2026-09-30 07:25:22 - [ForkPoolWorker-12] models.mode_choice - INFO - Computed mode rates for 8 purposes
2026-09-30 07:25:22 - [ForkPoolWorker-12] models.mode_choice - INFO -   Overall mode distribution: car=81.7%, walk=12.7%, bus=1.7%, bike=1.5%, school_bus=0.8%, other=0.6%, rail=0.5%, rideshare=0.5%
2026-09-30 07:25:22 - [ForkPoolWorker-12] models.mode_choice - INFO - ModeChoiceModel initialized with 4 modes: ['car', 'bus', 'rail', 'walk']
2026-09-30 07:25:22 - [ForkPoolWorker-19] models.plan_generator - INFO - Worker ForkPoolWorker-19 started - processing 4718 OD pairs
2026-09-30 07:25:23 - [ForkPoolWorker-19] models.time - INFO - Fitted models for 49 activity pairs
2026-09-30 07:25:23 - [ForkPoolWorker-19] models.time - INFO - Mean trip durations: global=17.3min, per-pair=49 pairs
2026-09-30 07:25:23 - [ForkPoolWorker-13] models.mode_availability - DEBUG - Registered availability checker for car: UniversalAvailability
2026-09-30 07:25:23 - [ForkPoolWorker-13] models.mode_availability - DEBUG - Registered availability checker for bus: GTFSTransitAvailability
2026-09-30 07:25:23 - [ForkPoolWorker-13] models.mode_availability - DEBUG - Registered availability checker for rail: GTFSTransitAvailability
2026-09-30 07:25:23 - [ForkPoolWorker-13] models.mode_availability - DEBUG - Registered availability checker for walk: DistanceBasedAvailability
2026-09-30 07:25:23 - [ForkPoolWorker-13] models.mode_choice - INFO - Computing mode shares from survey data...
2026-09-30 07:25:23 - [ForkPoolWorker-13] models.mode_choice - DEBUG -   Survey weights (normalized): {'default': 1.0}
2026-09-30 07:25:23 - [ForkPoolWorker-13] models.mode_choice - DEBUG -   Computing rates for purposes: ['Shopping', 'Other', 'Social', 'School', 'Work', 'Dining', 'Home', 'all']
2026-09-30 07:25:23 - [ForkPoolWorker-13] models.mode_choice - DEBUG -   Mode rates for 'Shopping': car=91.7%, walk=4.9%, bike=1.0%, bus=0.9%, other=0.8%, rideshare=0.4%, rail=0.3%, school_bus=0.1%
2026-09-30 07:25:23 - [ForkPoolWorker-13] models.mode_choice - DEBUG -   Mode rates for 'Other': car=90.8%, walk=5.2%, bike=1.3%, bus=1.0%, other=1.0%, rideshare=0.5%, rail=0.2%
2026-09-30 07:25:23 - [ForkPoolWorker-13] models.mode_choice - DEBUG -   Mode rates for 'Social': car=61.3%, walk=34.7%, bike=1.9%, bus=0.9%, rideshare=0.4%, rail=0.4%, other=0.4%, school_bus=0.0%
2026-09-30 07:25:23 - [ForkPoolWorker-13] models.mode_choice - DEBUG -   Mode rates for 'School': car=57.1%, walk=17.3%, school_bus=16.8%, bus=4.4%, rail=2.1%, other=1.1%, bike=0.9%, rideshare=0.4%
2026-09-30 07:25:23 - [ForkPoolWorker-13] models.mode_choice - DEBUG -   Mode rates for 'Work': car=83.2%, walk=9.8%, bus=3.8%, bike=1.9%, rideshare=0.6%, rail=0.5%, other=0.2%, school_bus=0.1%
2026-09-30 07:25:23 - [ForkPoolWorker-13] models.mode_choice - DEBUG -   Mode rates for 'Dining': car=86.3%, walk=10.6%, bike=1.3%, bus=0.9%, rail=0.3%, other=0.3%, rideshare=0.2%
2026-09-30 07:25:23 - [ForkPoolWorker-13] models.mode_choice - DEBUG -   Mode rates for 'Home': car=80.2%, walk=13.3%, bus=1.8%, bike=1.8%, school_bus=1.1%, other=0.6%, rail=0.6%, rideshare=0.6%
2026-09-30 07:25:23 - [ForkPoolWorker-13] models.mode_choice - DEBUG -   Mode rates for 'all': car=81.7%, walk=12.7%, bus=1.7%, bike=1.5%, school_bus=0.8%, other=0.6%, rail=0.5%, rideshare=0.5%
2026-09-30 07:25:23 - [ForkPoolWorker-13] models.mode_choice - INFO - Computed mode rates for 8 purposes
2026-09-30 07:25:23 - [ForkPoolWorker-13] models.mode_choice - INFO -   Overall mode distribution: car=81.7%, walk=12.7%, bus=1.7%, bike=1.5%, school_bus=0.8%, other=0.6%, rail=0.5%, rideshare=0.5%
2026-09-30 07:25:23 - [ForkPoolWorker-13] models.mode_choice - INFO - ModeChoiceModel initialized with 4 modes: ['car', 'bus', 'rail', 'walk']
2026-09-30 07:25:23 - [ForkPoolWorker-20] models.plan_generator - INFO - Worker ForkPoolWorker-20 started - processing 4718 OD pairs
2026-09-30 07:25:23 - [ForkPoolWorker-20] models.time - INFO - Fitted models for 49 activity pairs
2026-09-30 07:25:23 - [ForkPoolWorker-20] models.time - INFO - Mean trip durations: global=17.3min, per-pair=49 pairs
2026-09-30 07:25:23 - [ForkPoolWorker-14] models.mode_availability - DEBUG - Registered availability checker for car: UniversalAvailability
2026-09-30 07:25:23 - [ForkPoolWorker-14] models.mode_availability - DEBUG - Registered availability checker for bus: GTFSTransitAvailability
2026-09-30 07:25:23 - [ForkPoolWorker-14] models.mode_availability - DEBUG - Registered availability checker for rail: GTFSTransitAvailability
2026-09-30 07:25:23 - [ForkPoolWorker-14] models.mode_availability - DEBUG - Registered availability checker for walk: DistanceBasedAvailability
2026-09-30 07:25:23 - [ForkPoolWorker-14] models.mode_choice - INFO - Computing mode shares from survey data...
2026-09-30 07:25:23 - [ForkPoolWorker-14] models.mode_choice - DEBUG -   Survey weights (normalized): {'default': 1.0}
2026-09-30 07:25:23 - [ForkPoolWorker-14] models.mode_choice - DEBUG -   Computing rates for purposes: ['Shopping', 'Other', 'Social', 'School', 'Work', 'Dining', 'Home', 'all']
2026-09-30 07:25:23 - [ForkPoolWorker-14] models.mode_choice - DEBUG -   Mode rates for 'Shopping': car=91.7%, walk=4.9%, bike=1.0%, bus=0.9%, other=0.8%, rideshare=0.4%, rail=0.3%, school_bus=0.1%
2026-09-30 07:25:23 - [ForkPoolWorker-14] models.mode_choice - DEBUG -   Mode rates for 'Other': car=90.8%, walk=5.2%, bike=1.3%, bus=1.0%, other=1.0%, rideshare=0.5%, rail=0.2%
2026-09-30 07:25:23 - [ForkPoolWorker-14] models.mode_choice - DEBUG -   Mode rates for 'Social': car=61.3%, walk=34.7%, bike=1.9%, bus=0.9%, rideshare=0.4%, rail=0.4%, other=0.4%, school_bus=0.0%
2026-09-30 07:25:23 - [ForkPoolWorker-14] models.mode_choice - DEBUG -   Mode rates for 'School': car=57.1%, walk=17.3%, school_bus=16.8%, bus=4.4%, rail=2.1%, other=1.1%, bike=0.9%, rideshare=0.4%
2026-09-30 07:25:23 - [ForkPoolWorker-14] models.mode_choice - DEBUG -   Mode rates for 'Work': car=83.2%, walk=9.8%, bus=3.8%, bike=1.9%, rideshare=0.6%, rail=0.5%, other=0.2%, school_bus=0.1%
2026-09-30 07:25:23 - [ForkPoolWorker-14] models.mode_choice - DEBUG -   Mode rates for 'Dining': car=86.3%, walk=10.6%, bike=1.3%, bus=0.9%, rail=0.3%, other=0.3%, rideshare=0.2%
2026-09-30 07:25:23 - [ForkPoolWorker-14] models.mode_choice - DEBUG -   Mode rates for 'Home': car=80.2%, walk=13.3%, bus=1.8%, bike=1.8%, school_bus=1.1%, other=0.6%, rail=0.6%, rideshare=0.6%
2026-09-30 07:25:23 - [ForkPoolWorker-14] models.mode_choice - DEBUG -   Mode rates for 'all': car=81.7%, walk=12.7%, bus=1.7%, bike=1.5%, school_bus=0.8%, other=0.6%, rail=0.5%, rideshare=0.5%
2026-09-30 07:25:23 - [ForkPoolWorker-14] models.mode_choice - INFO - Computed mode rates for 8 purposes
2026-09-30 07:25:23 - [ForkPoolWorker-14] models.mode_choice - INFO -   Overall mode distribution: car=81.7%, walk=12.7%, bus=1.7%, bike=1.5%, school_bus=0.8%, other=0.6%, rail=0.5%, rideshare=0.5%
2026-09-30 07:25:23 - [ForkPoolWorker-14] models.mode_choice - INFO - ModeChoiceModel initialized with 4 modes: ['car', 'bus', 'rail', 'walk']
2026-09-30 07:25:23 - [ForkPoolWorker-21] models.plan_generator - INFO - Worker ForkPoolWorker-21 started - processing 4718 OD pairs
2026-09-30 07:25:24 - [ForkPoolWorker-21] models.time - INFO - Fitted models for 49 activity pairs
2026-09-30 07:25:24 - [ForkPoolWorker-21] models.time - INFO - Mean trip durations: global=17.3min, per-pair=49 pairs
2026-09-30 07:25:25 - [ForkPoolWorker-15] models.mode_availability - DEBUG - Registered availability checker for car: UniversalAvailability
2026-09-30 07:25:25 - [ForkPoolWorker-15] models.mode_availability - DEBUG - Registered availability checker for bus: GTFSTransitAvailability
2026-09-30 07:25:25 - [ForkPoolWorker-15] models.mode_availability - DEBUG - Registered availability checker for rail: GTFSTransitAvailability
2026-09-30 07:25:25 - [ForkPoolWorker-15] models.mode_availability - DEBUG - Registered availability checker for walk: DistanceBasedAvailability
2026-09-30 07:25:25 - [ForkPoolWorker-15] models.mode_choice - INFO - Computing mode shares from survey data...
2026-09-30 07:25:25 - [ForkPoolWorker-15] models.mode_choice - DEBUG -   Survey weights (normalized): {'default': 1.0}
2026-09-30 07:25:25 - [ForkPoolWorker-15] models.mode_choice - DEBUG -   Computing rates for purposes: ['Shopping', 'Other', 'Social', 'School', 'Work', 'Dining', 'Home', 'all']
2026-09-30 07:25:25 - [ForkPoolWorker-15] models.mode_choice - DEBUG -   Mode rates for 'Shopping': car=91.7%, walk=4.9%, bike=1.0%, bus=0.9%, other=0.8%, rideshare=0.4%, rail=0.3%, school_bus=0.1%
2026-09-30 07:25:25 - [ForkPoolWorker-15] models.mode_choice - DEBUG -   Mode rates for 'Other': car=90.8%, walk=5.2%, bike=1.3%, bus=1.0%, other=1.0%, rideshare=0.5%, rail=0.2%
2026-09-30 07:25:25 - [ForkPoolWorker-15] models.mode_choice - DEBUG -   Mode rates for 'Social': car=61.3%, walk=34.7%, bike=1.9%, bus=0.9%, rideshare=0.4%, rail=0.4%, other=0.4%, school_bus=0.0%
2026-09-30 07:25:25 - [ForkPoolWorker-15] models.mode_choice - DEBUG -   Mode rates for 'School': car=57.1%, walk=17.3%, school_bus=16.8%, bus=4.4%, rail=2.1%, other=1.1%, bike=0.9%, rideshare=0.4%
2026-09-30 07:25:25 - [ForkPoolWorker-15] models.mode_choice - DEBUG -   Mode rates for 'Work': car=83.2%, walk=9.8%, bus=3.8%, bike=1.9%, rideshare=0.6%, rail=0.5%, other=0.2%, school_bus=0.1%
2026-09-30 07:25:25 - [ForkPoolWorker-15] models.mode_choice - DEBUG -   Mode rates for 'Dining': car=86.3%, walk=10.6%, bike=1.3%, bus=0.9%, rail=0.3%, other=0.3%, rideshare=0.2%
2026-09-30 07:25:25 - [ForkPoolWorker-15] models.mode_choice - DEBUG -   Mode rates for 'Home': car=80.2%, walk=13.3%, bus=1.8%, bike=1.8%, school_bus=1.1%, other=0.6%, rail=0.6%, rideshare=0.6%
2026-09-30 07:25:25 - [ForkPoolWorker-15] models.mode_choice - DEBUG -   Mode rates for 'all': car=81.7%, walk=12.7%, bus=1.7%, bike=1.5%, school_bus=0.8%, other=0.6%, rail=0.5%, rideshare=0.5%
2026-09-30 07:25:25 - [ForkPoolWorker-15] models.mode_choice - INFO - Computed mode rates for 8 purposes
2026-09-30 07:25:25 - [ForkPoolWorker-15] models.mode_choice - INFO -   Overall mode distribution: car=81.7%, walk=12.7%, bus=1.7%, bike=1.5%, school_bus=0.8%, other=0.6%, rail=0.5%, rideshare=0.5%
2026-09-30 07:25:25 - [ForkPoolWorker-15] models.mode_choice - INFO - ModeChoiceModel initialized with 4 modes: ['car', 'bus', 'rail', 'walk']
2026-09-30 07:25:25 - [ForkPoolWorker-22] models.plan_generator - INFO - Worker ForkPoolWorker-22 started - processing 4718 OD pairs
2026-09-30 07:25:25 - [ForkPoolWorker-22] models.time - INFO - Fitted models for 49 activity pairs
2026-09-30 07:25:25 - [ForkPoolWorker-22] models.time - INFO - Mean trip durations: global=17.3min, per-pair=49 pairs
2026-09-30 07:25:25 - [ForkPoolWorker-16] models.mode_availability - DEBUG - Registered availability checker for car: UniversalAvailability
2026-09-30 07:25:25 - [ForkPoolWorker-16] models.mode_availability - DEBUG - Registered availability checker for bus: GTFSTransitAvailability
2026-09-30 07:25:25 - [ForkPoolWorker-16] models.mode_availability - DEBUG - Registered availability checker for rail: GTFSTransitAvailability
2026-09-30 07:25:25 - [ForkPoolWorker-16] models.mode_availability - DEBUG - Registered availability checker for walk: DistanceBasedAvailability
2026-09-30 07:25:25 - [ForkPoolWorker-16] models.mode_choice - INFO - Computing mode shares from survey data...
2026-09-30 07:25:25 - [ForkPoolWorker-16] models.mode_choice - DEBUG -   Survey weights (normalized): {'default': 1.0}
2026-09-30 07:25:25 - [ForkPoolWorker-16] models.mode_choice - DEBUG -   Computing rates for purposes: ['Shopping', 'Other', 'Social', 'School', 'Work', 'Dining', 'Home', 'all']
2026-09-30 07:25:25 - [ForkPoolWorker-16] models.mode_choice - DEBUG -   Mode rates for 'Shopping': car=91.7%, walk=4.9%, bike=1.0%, bus=0.9%, other=0.8%, rideshare=0.4%, rail=0.3%, school_bus=0.1%
2026-09-30 07:25:25 - [ForkPoolWorker-16] models.mode_choice - DEBUG -   Mode rates for 'Other': car=90.8%, walk=5.2%, bike=1.3%, bus=1.0%, other=1.0%, rideshare=0.5%, rail=0.2%
2026-09-30 07:25:25 - [ForkPoolWorker-16] models.mode_choice - DEBUG -   Mode rates for 'Social': car=61.3%, walk=34.7%, bike=1.9%, bus=0.9%, rideshare=0.4%, rail=0.4%, other=0.4%, school_bus=0.0%
2026-09-30 07:25:25 - [ForkPoolWorker-16] models.mode_choice - DEBUG -   Mode rates for 'School': car=57.1%, walk=17.3%, school_bus=16.8%, bus=4.4%, rail=2.1%, other=1.1%, bike=0.9%, rideshare=0.4%
2026-09-30 07:25:25 - [ForkPoolWorker-16] models.mode_choice - DEBUG -   Mode rates for 'Work': car=83.2%, walk=9.8%, bus=3.8%, bike=1.9%, rideshare=0.6%, rail=0.5%, other=0.2%, school_bus=0.1%
2026-09-30 07:25:25 - [ForkPoolWorker-16] models.mode_choice - DEBUG -   Mode rates for 'Dining': car=86.3%, walk=10.6%, bike=1.3%, bus=0.9%, rail=0.3%, other=0.3%, rideshare=0.2%
2026-09-30 07:25:25 - [ForkPoolWorker-16] models.mode_choice - DEBUG -   Mode rates for 'Home': car=80.2%, walk=13.3%, bus=1.8%, bike=1.8%, school_bus=1.1%, other=0.6%, rail=0.6%, rideshare=0.6%
2026-09-30 07:25:25 - [ForkPoolWorker-16] models.mode_choice - DEBUG -   Mode rates for 'all': car=81.7%, walk=12.7%, bus=1.7%, bike=1.5%, school_bus=0.8%, other=0.6%, rail=0.5%, rideshare=0.5%
2026-09-30 07:25:25 - [ForkPoolWorker-16] models.mode_choice - INFO - Computed mode rates for 8 purposes
2026-09-30 07:25:25 - [ForkPoolWorker-16] models.mode_choice - INFO -   Overall mode distribution: car=81.7%, walk=12.7%, bus=1.7%, bike=1.5%, school_bus=0.8%, other=0.6%, rail=0.5%, rideshare=0.5%
2026-09-30 07:25:25 - [ForkPoolWorker-16] models.mode_choice - INFO - ModeChoiceModel initialized with 4 modes: ['car', 'bus', 'rail', 'walk']
2026-09-30 07:25:25 - [ForkPoolWorker-23] models.plan_generator - INFO - Worker ForkPoolWorker-23 started - processing 4718 OD pairs
2026-09-30 07:25:25 - [ForkPoolWorker-23] models.time - INFO - Fitted models for 49 activity pairs
2026-09-30 07:25:25 - [ForkPoolWorker-23] models.time - INFO - Mean trip durations: global=17.3min, per-pair=49 pairs
2026-09-30 07:25:26 - [ForkPoolWorker-17] models.mode_availability - DEBUG - Registered availability checker for car: UniversalAvailability
2026-09-30 07:25:26 - [ForkPoolWorker-17] models.mode_availability - DEBUG - Registered availability checker for bus: GTFSTransitAvailability
2026-09-30 07:25:26 - [ForkPoolWorker-17] models.mode_availability - DEBUG - Registered availability checker for rail: GTFSTransitAvailability
2026-09-30 07:25:26 - [ForkPoolWorker-17] models.mode_availability - DEBUG - Registered availability checker for walk: DistanceBasedAvailability
2026-09-30 07:25:26 - [ForkPoolWorker-17] models.mode_choice - INFO - Computing mode shares from survey data...
2026-09-30 07:25:26 - [ForkPoolWorker-17] models.mode_choice - DEBUG -   Survey weights (normalized): {'default': 1.0}
2026-09-30 07:25:26 - [ForkPoolWorker-17] models.mode_choice - DEBUG -   Computing rates for purposes: ['Shopping', 'Other', 'Social', 'School', 'Work', 'Dining', 'Home', 'all']
2026-09-30 07:25:26 - [ForkPoolWorker-17] models.mode_choice - DEBUG -   Mode rates for 'Shopping': car=91.7%, walk=4.9%, bike=1.0%, bus=0.9%, other=0.8%, rideshare=0.4%, rail=0.3%, school_bus=0.1%
2026-09-30 07:25:26 - [ForkPoolWorker-17] models.mode_choice - DEBUG -   Mode rates for 'Other': car=90.8%, walk=5.2%, bike=1.3%, bus=1.0%, other=1.0%, rideshare=0.5%, rail=0.2%
2026-09-30 07:25:26 - [ForkPoolWorker-17] models.mode_choice - DEBUG -   Mode rates for 'Social': car=61.3%, walk=34.7%, bike=1.9%, bus=0.9%, rideshare=0.4%, rail=0.4%, other=0.4%, school_bus=0.0%
2026-09-30 07:25:26 - [ForkPoolWorker-17] models.mode_choice - DEBUG -   Mode rates for 'School': car=57.1%, walk=17.3%, school_bus=16.8%, bus=4.4%, rail=2.1%, other=1.1%, bike=0.9%, rideshare=0.4%
2026-09-30 07:25:26 - [ForkPoolWorker-17] models.mode_choice - DEBUG -   Mode rates for 'Work': car=83.2%, walk=9.8%, bus=3.8%, bike=1.9%, rideshare=0.6%, rail=0.5%, other=0.2%, school_bus=0.1%
2026-09-30 07:25:26 - [ForkPoolWorker-17] models.mode_choice - DEBUG -   Mode rates for 'Dining': car=86.3%, walk=10.6%, bike=1.3%, bus=0.9%, rail=0.3%, other=0.3%, rideshare=0.2%
2026-09-30 07:25:26 - [ForkPoolWorker-17] models.mode_choice - DEBUG -   Mode rates for 'Home': car=80.2%, walk=13.3%, bus=1.8%, bike=1.8%, school_bus=1.1%, other=0.6%, rail=0.6%, rideshare=0.6%
2026-09-30 07:25:26 - [ForkPoolWorker-17] models.mode_choice - DEBUG -   Mode rates for 'all': car=81.7%, walk=12.7%, bus=1.7%, bike=1.5%, school_bus=0.8%, other=0.6%, rail=0.5%, rideshare=0.5%
2026-09-30 07:25:26 - [ForkPoolWorker-17] models.mode_choice - INFO - Computed mode rates for 8 purposes
2026-09-30 07:25:26 - [ForkPoolWorker-17] models.mode_choice - INFO -   Overall mode distribution: car=81.7%, walk=12.7%, bus=1.7%, bike=1.5%, school_bus=0.8%, other=0.6%, rail=0.5%, rideshare=0.5%
2026-09-30 07:25:26 - [ForkPoolWorker-17] models.mode_choice - INFO - ModeChoiceModel initialized with 4 modes: ['car', 'bus', 'rail', 'walk']
2026-09-30 07:25:26 - [ForkPoolWorker-24] models.plan_generator - INFO - Worker ForkPoolWorker-24 started - processing 4718 OD pairs
2026-09-30 07:25:26 - [ForkPoolWorker-24] models.time - INFO - Fitted models for 49 activity pairs
2026-09-30 07:25:26 - [ForkPoolWorker-24] models.time - INFO - Mean trip durations: global=17.3min, per-pair=49 pairs
2026-09-30 07:25:26 - [ForkPoolWorker-18] models.mode_availability - DEBUG - Registered availability checker for car: UniversalAvailability
2026-09-30 07:25:26 - [ForkPoolWorker-18] models.mode_availability - DEBUG - Registered availability checker for bus: GTFSTransitAvailability
2026-09-30 07:25:26 - [ForkPoolWorker-18] models.mode_availability - DEBUG - Registered availability checker for rail: GTFSTransitAvailability
2026-09-30 07:25:26 - [ForkPoolWorker-18] models.mode_availability - DEBUG - Registered availability checker for walk: DistanceBasedAvailability
2026-09-30 07:25:26 - [ForkPoolWorker-18] models.mode_choice - INFO - Computing mode shares from survey data...
2026-09-30 07:25:26 - [ForkPoolWorker-18] models.mode_choice - DEBUG -   Survey weights (normalized): {'default': 1.0}
2026-09-30 07:25:26 - [ForkPoolWorker-18] models.mode_choice - DEBUG -   Computing rates for purposes: ['Shopping', 'Other', 'Social', 'School', 'Work', 'Dining', 'Home', 'all']
2026-09-30 07:25:26 - [ForkPoolWorker-18] models.mode_choice - DEBUG -   Mode rates for 'Shopping': car=91.7%, walk=4.9%, bike=1.0%, bus=0.9%, other=0.8%, rideshare=0.4%, rail=0.3%, school_bus=0.1%
2026-09-30 07:25:26 - [ForkPoolWorker-18] models.mode_choice - DEBUG -   Mode rates for 'Other': car=90.8%, walk=5.2%, bike=1.3%, bus=1.0%, other=1.0%, rideshare=0.5%, rail=0.2%
2026-09-30 07:25:26 - [ForkPoolWorker-18] models.mode_choice - DEBUG -   Mode rates for 'Social': car=61.3%, walk=34.7%, bike=1.9%, bus=0.9%, rideshare=0.4%, rail=0.4%, other=0.4%, school_bus=0.0%
2026-09-30 07:25:26 - [ForkPoolWorker-18] models.mode_choice - DEBUG -   Mode rates for 'School': car=57.1%, walk=17.3%, school_bus=16.8%, bus=4.4%, rail=2.1%, other=1.1%, bike=0.9%, rideshare=0.4%
2026-09-30 07:25:26 - [ForkPoolWorker-18] models.mode_choice - DEBUG -   Mode rates for 'Work': car=83.2%, walk=9.8%, bus=3.8%, bike=1.9%, rideshare=0.6%, rail=0.5%, other=0.2%, school_bus=0.1%
2026-09-30 07:25:26 - [ForkPoolWorker-18] models.mode_choice - DEBUG -   Mode rates for 'Dining': car=86.3%, walk=10.6%, bike=1.3%, bus=0.9%, rail=0.3%, other=0.3%, rideshare=0.2%
2026-09-30 07:25:26 - [ForkPoolWorker-18] models.mode_choice - DEBUG -   Mode rates for 'Home': car=80.2%, walk=13.3%, bus=1.8%, bike=1.8%, school_bus=1.1%, other=0.6%, rail=0.6%, rideshare=0.6%
2026-09-30 07:25:26 - [ForkPoolWorker-18] models.mode_choice - DEBUG -   Mode rates for 'all': car=81.7%, walk=12.7%, bus=1.7%, bike=1.5%, school_bus=0.8%, other=0.6%, rail=0.5%, rideshare=0.5%
2026-09-30 07:25:26 - [ForkPoolWorker-18] models.mode_choice - INFO - Computed mode rates for 8 purposes
2026-09-30 07:25:26 - [ForkPoolWorker-18] models.mode_choice - INFO -   Overall mode distribution: car=81.7%, walk=12.7%, bus=1.7%, bike=1.5%, school_bus=0.8%, other=0.6%, rail=0.5%, rideshare=0.5%
2026-09-30 07:25:26 - [ForkPoolWorker-18] models.mode_choice - INFO - ModeChoiceModel initialized with 4 modes: ['car', 'bus', 'rail', 'walk']
2026-09-30 07:25:27 - [ForkPoolWorker-25] models.plan_generator - INFO - Worker ForkPoolWorker-25 started - processing 4718 OD pairs
2026-09-30 07:25:27 - [ForkPoolWorker-25] models.time - INFO - Fitted models for 49 activity pairs
2026-09-30 07:25:27 - [ForkPoolWorker-25] models.time - INFO - Mean trip durations: global=17.3min, per-pair=49 pairs
2026-09-30 07:25:27 - [ForkPoolWorker-19] models.mode_availability - DEBUG - Registered availability checker for car: UniversalAvailability
2026-09-30 07:25:27 - [ForkPoolWorker-19] models.mode_availability - DEBUG - Registered availability checker for bus: GTFSTransitAvailability
2026-09-30 07:25:27 - [ForkPoolWorker-19] models.mode_availability - DEBUG - Registered availability checker for rail: GTFSTransitAvailability
2026-09-30 07:25:27 - [ForkPoolWorker-19] models.mode_availability - DEBUG - Registered availability checker for walk: DistanceBasedAvailability
2026-09-30 07:25:27 - [ForkPoolWorker-19] models.mode_choice - INFO - Computing mode shares from survey data...
2026-09-30 07:25:27 - [ForkPoolWorker-19] models.mode_choice - DEBUG -   Survey weights (normalized): {'default': 1.0}
2026-09-30 07:25:27 - [ForkPoolWorker-19] models.mode_choice - DEBUG -   Computing rates for purposes: ['Shopping', 'Other', 'Social', 'School', 'Work', 'Dining', 'Home', 'all']
2026-09-30 07:25:27 - [ForkPoolWorker-19] models.mode_choice - DEBUG -   Mode rates for 'Shopping': car=91.7%, walk=4.9%, bike=1.0%, bus=0.9%, other=0.8%, rideshare=0.4%, rail=0.3%, school_bus=0.1%
2026-09-30 07:25:27 - [ForkPoolWorker-19] models.mode_choice - DEBUG -   Mode rates for 'Other': car=90.8%, walk=5.2%, bike=1.3%, bus=1.0%, other=1.0%, rideshare=0.5%, rail=0.2%
2026-09-30 07:25:27 - [ForkPoolWorker-19] models.mode_choice - DEBUG -   Mode rates for 'Social': car=61.3%, walk=34.7%, bike=1.9%, bus=0.9%, rideshare=0.4%, rail=0.4%, other=0.4%, school_bus=0.0%
2026-09-30 07:25:27 - [ForkPoolWorker-19] models.mode_choice - DEBUG -   Mode rates for 'School': car=57.1%, walk=17.3%, school_bus=16.8%, bus=4.4%, rail=2.1%, other=1.1%, bike=0.9%, rideshare=0.4%
2026-09-30 07:25:27 - [ForkPoolWorker-19] models.mode_choice - DEBUG -   Mode rates for 'Work': car=83.2%, walk=9.8%, bus=3.8%, bike=1.9%, rideshare=0.6%, rail=0.5%, other=0.2%, school_bus=0.1%
2026-09-30 07:25:27 - [ForkPoolWorker-19] models.mode_choice - DEBUG -   Mode rates for 'Dining': car=86.3%, walk=10.6%, bike=1.3%, bus=0.9%, rail=0.3%, other=0.3%, rideshare=0.2%
2026-09-30 07:25:27 - [ForkPoolWorker-19] models.mode_choice - DEBUG -   Mode rates for 'Home': car=80.2%, walk=13.3%, bus=1.8%, bike=1.8%, school_bus=1.1%, other=0.6%, rail=0.6%, rideshare=0.6%
2026-09-30 07:25:27 - [ForkPoolWorker-19] models.mode_choice - DEBUG -   Mode rates for 'all': car=81.7%, walk=12.7%, bus=1.7%, bike=1.5%, school_bus=0.8%, other=0.6%, rail=0.5%, rideshare=0.5%
2026-09-30 07:25:27 - [ForkPoolWorker-19] models.mode_choice - INFO - Computed mode rates for 8 purposes
2026-09-30 07:25:27 - [ForkPoolWorker-19] models.mode_choice - INFO -   Overall mode distribution: car=81.7%, walk=12.7%, bus=1.7%, bike=1.5%, school_bus=0.8%, other=0.6%, rail=0.5%, rideshare=0.5%
2026-09-30 07:25:27 - [ForkPoolWorker-19] models.mode_choice - INFO - ModeChoiceModel initialized with 4 modes: ['car', 'bus', 'rail', 'walk']
2026-09-30 07:25:28 - [ForkPoolWorker-26] models.plan_generator - INFO - Worker ForkPoolWorker-26 started - processing 4718 OD pairs
2026-09-30 07:25:28 - [ForkPoolWorker-26] models.time - INFO - Fitted models for 49 activity pairs
2026-09-30 07:25:28 - [ForkPoolWorker-26] models.time - INFO - Mean trip durations: global=17.3min, per-pair=49 pairs
2026-09-30 07:25:28 - [ForkPoolWorker-20] models.mode_availability - DEBUG - Registered availability checker for car: UniversalAvailability
2026-09-30 07:25:28 - [ForkPoolWorker-20] models.mode_availability - DEBUG - Registered availability checker for bus: GTFSTransitAvailability
2026-09-30 07:25:28 - [ForkPoolWorker-20] models.mode_availability - DEBUG - Registered availability checker for rail: GTFSTransitAvailability
2026-09-30 07:25:28 - [ForkPoolWorker-20] models.mode_availability - DEBUG - Registered availability checker for walk: DistanceBasedAvailability
2026-09-30 07:25:28 - [ForkPoolWorker-20] models.mode_choice - INFO - Computing mode shares from survey data...
2026-09-30 07:25:28 - [ForkPoolWorker-20] models.mode_choice - DEBUG -   Survey weights (normalized): {'default': 1.0}
2026-09-30 07:25:28 - [ForkPoolWorker-20] models.mode_choice - DEBUG -   Computing rates for purposes: ['Shopping', 'Other', 'Social', 'School', 'Work', 'Dining', 'Home', 'all']
2026-09-30 07:25:28 - [ForkPoolWorker-20] models.mode_choice - DEBUG -   Mode rates for 'Shopping': car=91.7%, walk=4.9%, bike=1.0%, bus=0.9%, other=0.8%, rideshare=0.4%, rail=0.3%, school_bus=0.1%
2026-09-30 07:25:28 - [ForkPoolWorker-20] models.mode_choice - DEBUG -   Mode rates for 'Other': car=90.8%, walk=5.2%, bike=1.3%, bus=1.0%, other=1.0%, rideshare=0.5%, rail=0.2%
2026-09-30 07:25:28 - [ForkPoolWorker-20] models.mode_choice - DEBUG -   Mode rates for 'Social': car=61.3%, walk=34.7%, bike=1.9%, bus=0.9%, rideshare=0.4%, rail=0.4%, other=0.4%, school_bus=0.0%
2026-09-30 07:25:28 - [ForkPoolWorker-20] models.mode_choice - DEBUG -   Mode rates for 'School': car=57.1%, walk=17.3%, school_bus=16.8%, bus=4.4%, rail=2.1%, other=1.1%, bike=0.9%, rideshare=0.4%
2026-09-30 07:25:28 - [ForkPoolWorker-20] models.mode_choice - DEBUG -   Mode rates for 'Work': car=83.2%, walk=9.8%, bus=3.8%, bike=1.9%, rideshare=0.6%, rail=0.5%, other=0.2%, school_bus=0.1%
2026-09-30 07:25:28 - [ForkPoolWorker-20] models.mode_choice - DEBUG -   Mode rates for 'Dining': car=86.3%, walk=10.6%, bike=1.3%, bus=0.9%, rail=0.3%, other=0.3%, rideshare=0.2%
2026-09-30 07:25:28 - [ForkPoolWorker-20] models.mode_choice - DEBUG -   Mode rates for 'Home': car=80.2%, walk=13.3%, bus=1.8%, bike=1.8%, school_bus=1.1%, other=0.6%, rail=0.6%, rideshare=0.6%
2026-09-30 07:25:28 - [ForkPoolWorker-20] models.mode_choice - DEBUG -   Mode rates for 'all': car=81.7%, walk=12.7%, bus=1.7%, bike=1.5%, school_bus=0.8%, other=0.6%, rail=0.5%, rideshare=0.5%
2026-09-30 07:25:28 - [ForkPoolWorker-20] models.mode_choice - INFO - Computed mode rates for 8 purposes
2026-09-30 07:25:28 - [ForkPoolWorker-20] models.mode_choice - INFO -   Overall mode distribution: car=81.7%, walk=12.7%, bus=1.7%, bike=1.5%, school_bus=0.8%, other=0.6%, rail=0.5%, rideshare=0.5%
2026-09-30 07:25:28 - [ForkPoolWorker-20] models.mode_choice - INFO - ModeChoiceModel initialized with 4 modes: ['car', 'bus', 'rail', 'walk']
2026-09-30 07:25:28 - [ForkPoolWorker-27] models.plan_generator - INFO - Worker ForkPoolWorker-27 started - processing 4718 OD pairs
2026-09-30 07:25:29 - [ForkPoolWorker-27] models.time - INFO - Fitted models for 49 activity pairs
2026-09-30 07:25:29 - [ForkPoolWorker-27] models.time - INFO - Mean trip durations: global=17.3min, per-pair=49 pairs
2026-09-30 07:25:29 - [ForkPoolWorker-21] models.mode_availability - DEBUG - Registered availability checker for car: UniversalAvailability
2026-09-30 07:25:29 - [ForkPoolWorker-21] models.mode_availability - DEBUG - Registered availability checker for bus: GTFSTransitAvailability
2026-09-30 07:25:29 - [ForkPoolWorker-21] models.mode_availability - DEBUG - Registered availability checker for rail: GTFSTransitAvailability
2026-09-30 07:25:29 - [ForkPoolWorker-21] models.mode_availability - DEBUG - Registered availability checker for walk: DistanceBasedAvailability
2026-09-30 07:25:29 - [ForkPoolWorker-21] models.mode_choice - INFO - Computing mode shares from survey data...
2026-09-30 07:25:29 - [ForkPoolWorker-21] models.mode_choice - DEBUG -   Survey weights (normalized): {'default': 1.0}
2026-09-30 07:25:29 - [ForkPoolWorker-21] models.mode_choice - DEBUG -   Computing rates for purposes: ['Shopping', 'Other', 'Social', 'School', 'Work', 'Dining', 'Home', 'all']
2026-09-30 07:25:29 - [ForkPoolWorker-21] models.mode_choice - DEBUG -   Mode rates for 'Shopping': car=91.7%, walk=4.9%, bike=1.0%, bus=0.9%, other=0.8%, rideshare=0.4%, rail=0.3%, school_bus=0.1%
2026-09-30 07:25:29 - [ForkPoolWorker-21] models.mode_choice - DEBUG -   Mode rates for 'Other': car=90.8%, walk=5.2%, bike=1.3%, bus=1.0%, other=1.0%, rideshare=0.5%, rail=0.2%
2026-09-30 07:25:29 - [ForkPoolWorker-21] models.mode_choice - DEBUG -   Mode rates for 'Social': car=61.3%, walk=34.7%, bike=1.9%, bus=0.9%, rideshare=0.4%, rail=0.4%, other=0.4%, school_bus=0.0%
2026-09-30 07:25:29 - [ForkPoolWorker-21] models.mode_choice - DEBUG -   Mode rates for 'School': car=57.1%, walk=17.3%, school_bus=16.8%, bus=4.4%, rail=2.1%, other=1.1%, bike=0.9%, rideshare=0.4%
2026-09-30 07:25:29 - [ForkPoolWorker-21] models.mode_choice - DEBUG -   Mode rates for 'Work': car=83.2%, walk=9.8%, bus=3.8%, bike=1.9%, rideshare=0.6%, rail=0.5%, other=0.2%, school_bus=0.1%
2026-09-30 07:25:29 - [ForkPoolWorker-21] models.mode_choice - DEBUG -   Mode rates for 'Dining': car=86.3%, walk=10.6%, bike=1.3%, bus=0.9%, rail=0.3%, other=0.3%, rideshare=0.2%
2026-09-30 07:25:29 - [ForkPoolWorker-21] models.mode_choice - DEBUG -   Mode rates for 'Home': car=80.2%, walk=13.3%, bus=1.8%, bike=1.8%, school_bus=1.1%, other=0.6%, rail=0.6%, rideshare=0.6%
2026-09-30 07:25:29 - [ForkPoolWorker-21] models.mode_choice - DEBUG -   Mode rates for 'all': car=81.7%, walk=12.7%, bus=1.7%, bike=1.5%, school_bus=0.8%, other=0.6%, rail=0.5%, rideshare=0.5%
2026-09-30 07:25:29 - [ForkPoolWorker-21] models.mode_choice - INFO - Computed mode rates for 8 purposes
2026-09-30 07:25:29 - [ForkPoolWorker-21] models.mode_choice - INFO -   Overall mode distribution: car=81.7%, walk=12.7%, bus=1.7%, bike=1.5%, school_bus=0.8%, other=0.6%, rail=0.5%, rideshare=0.5%
2026-09-30 07:25:29 - [ForkPoolWorker-21] models.mode_choice - INFO - ModeChoiceModel initialized with 4 modes: ['car', 'bus', 'rail', 'walk']
2026-09-30 07:25:29 - [ForkPoolWorker-28] models.plan_generator - INFO - Worker ForkPoolWorker-28 started - processing 4718 OD pairs
2026-09-30 07:25:29 - [ForkPoolWorker-28] models.time - INFO - Fitted models for 49 activity pairs
2026-09-30 07:25:29 - [ForkPoolWorker-28] models.time - INFO - Mean trip durations: global=17.3min, per-pair=49 pairs
2026-09-30 07:25:30 - [ForkPoolWorker-22] models.mode_availability - DEBUG - Registered availability checker for car: UniversalAvailability
2026-09-30 07:25:30 - [ForkPoolWorker-22] models.mode_availability - DEBUG - Registered availability checker for bus: GTFSTransitAvailability
2026-09-30 07:25:30 - [ForkPoolWorker-22] models.mode_availability - DEBUG - Registered availability checker for rail: GTFSTransitAvailability
2026-09-30 07:25:30 - [ForkPoolWorker-22] models.mode_availability - DEBUG - Registered availability checker for walk: DistanceBasedAvailability
2026-09-30 07:25:30 - [ForkPoolWorker-22] models.mode_choice - INFO - Computing mode shares from survey data...
2026-09-30 07:25:30 - [ForkPoolWorker-22] models.mode_choice - DEBUG -   Survey weights (normalized): {'default': 1.0}
2026-09-30 07:25:30 - [ForkPoolWorker-22] models.mode_choice - DEBUG -   Computing rates for purposes: ['Shopping', 'Other', 'Social', 'School', 'Work', 'Dining', 'Home', 'all']
2026-09-30 07:25:30 - [ForkPoolWorker-22] models.mode_choice - DEBUG -   Mode rates for 'Shopping': car=91.7%, walk=4.9%, bike=1.0%, bus=0.9%, other=0.8%, rideshare=0.4%, rail=0.3%, school_bus=0.1%
2026-09-30 07:25:30 - [ForkPoolWorker-22] models.mode_choice - DEBUG -   Mode rates for 'Other': car=90.8%, walk=5.2%, bike=1.3%, bus=1.0%, other=1.0%, rideshare=0.5%, rail=0.2%
2026-09-30 07:25:30 - [ForkPoolWorker-22] models.mode_choice - DEBUG -   Mode rates for 'Social': car=61.3%, walk=34.7%, bike=1.9%, bus=0.9%, rideshare=0.4%, rail=0.4%, other=0.4%, school_bus=0.0%
2026-09-30 07:25:30 - [ForkPoolWorker-22] models.mode_choice - DEBUG -   Mode rates for 'School': car=57.1%, walk=17.3%, school_bus=16.8%, bus=4.4%, rail=2.1%, other=1.1%, bike=0.9%, rideshare=0.4%
2026-09-30 07:25:30 - [ForkPoolWorker-22] models.mode_choice - DEBUG -   Mode rates for 'Work': car=83.2%, walk=9.8%, bus=3.8%, bike=1.9%, rideshare=0.6%, rail=0.5%, other=0.2%, school_bus=0.1%
2026-09-30 07:25:30 - [ForkPoolWorker-22] models.mode_choice - DEBUG -   Mode rates for 'Dining': car=86.3%, walk=10.6%, bike=1.3%, bus=0.9%, rail=0.3%, other=0.3%, rideshare=0.2%
2026-09-30 07:25:30 - [ForkPoolWorker-22] models.mode_choice - DEBUG -   Mode rates for 'Home': car=80.2%, walk=13.3%, bus=1.8%, bike=1.8%, school_bus=1.1%, other=0.6%, rail=0.6%, rideshare=0.6%
2026-09-30 07:25:30 - [ForkPoolWorker-22] models.mode_choice - DEBUG -   Mode rates for 'all': car=81.7%, walk=12.7%, bus=1.7%, bike=1.5%, school_bus=0.8%, other=0.6%, rail=0.5%, rideshare=0.5%
2026-09-30 07:25:30 - [ForkPoolWorker-22] models.mode_choice - INFO - Computed mode rates for 8 purposes
2026-09-30 07:25:30 - [ForkPoolWorker-22] models.mode_choice - INFO -   Overall mode distribution: car=81.7%, walk=12.7%, bus=1.7%, bike=1.5%, school_bus=0.8%, other=0.6%, rail=0.5%, rideshare=0.5%
2026-09-30 07:25:30 - [ForkPoolWorker-22] models.mode_choice - INFO - ModeChoiceModel initialized with 4 modes: ['car', 'bus', 'rail', 'walk']
2026-09-30 07:25:30 - [ForkPoolWorker-29] models.plan_generator - INFO - Worker ForkPoolWorker-29 started - processing 4718 OD pairs
2026-09-30 07:25:30 - [ForkPoolWorker-29] models.time - INFO - Fitted models for 49 activity pairs
2026-09-30 07:25:30 - [ForkPoolWorker-29] models.time - INFO - Mean trip durations: global=17.3min, per-pair=49 pairs
2026-09-30 07:25:30 - [ForkPoolWorker-23] models.mode_availability - DEBUG - Registered availability checker for car: UniversalAvailability
2026-09-30 07:25:30 - [ForkPoolWorker-23] models.mode_availability - DEBUG - Registered availability checker for bus: GTFSTransitAvailability
2026-09-30 07:25:30 - [ForkPoolWorker-23] models.mode_availability - DEBUG - Registered availability checker for rail: GTFSTransitAvailability
2026-09-30 07:25:30 - [ForkPoolWorker-23] models.mode_availability - DEBUG - Registered availability checker for walk: DistanceBasedAvailability
2026-09-30 07:25:30 - [ForkPoolWorker-23] models.mode_choice - INFO - Computing mode shares from survey data...
2026-09-30 07:25:30 - [ForkPoolWorker-23] models.mode_choice - DEBUG -   Survey weights (normalized): {'default': 1.0}
2026-09-30 07:25:30 - [ForkPoolWorker-23] models.mode_choice - DEBUG -   Computing rates for purposes: ['Shopping', 'Other', 'Social', 'School', 'Work', 'Dining', 'Home', 'all']
2026-09-30 07:25:30 - [ForkPoolWorker-23] models.mode_choice - DEBUG -   Mode rates for 'Shopping': car=91.7%, walk=4.9%, bike=1.0%, bus=0.9%, other=0.8%, rideshare=0.4%, rail=0.3%, school_bus=0.1%
2026-09-30 07:25:30 - [ForkPoolWorker-23] models.mode_choice - DEBUG -   Mode rates for 'Other': car=90.8%, walk=5.2%, bike=1.3%, bus=1.0%, other=1.0%, rideshare=0.5%, rail=0.2%
2026-09-30 07:25:30 - [ForkPoolWorker-23] models.mode_choice - DEBUG -   Mode rates for 'Social': car=61.3%, walk=34.7%, bike=1.9%, bus=0.9%, rideshare=0.4%, rail=0.4%, other=0.4%, school_bus=0.0%
2026-09-30 07:25:30 - [ForkPoolWorker-23] models.mode_choice - DEBUG -   Mode rates for 'School': car=57.1%, walk=17.3%, school_bus=16.8%, bus=4.4%, rail=2.1%, other=1.1%, bike=0.9%, rideshare=0.4%
2026-09-30 07:25:30 - [ForkPoolWorker-23] models.mode_choice - DEBUG -   Mode rates for 'Work': car=83.2%, walk=9.8%, bus=3.8%, bike=1.9%, rideshare=0.6%, rail=0.5%, other=0.2%, school_bus=0.1%
2026-09-30 07:25:30 - [ForkPoolWorker-23] models.mode_choice - DEBUG -   Mode rates for 'Dining': car=86.3%, walk=10.6%, bike=1.3%, bus=0.9%, rail=0.3%, other=0.3%, rideshare=0.2%
2026-09-30 07:25:30 - [ForkPoolWorker-23] models.mode_choice - DEBUG -   Mode rates for 'Home': car=80.2%, walk=13.3%, bus=1.8%, bike=1.8%, school_bus=1.1%, other=0.6%, rail=0.6%, rideshare=0.6%
2026-09-30 07:25:30 - [ForkPoolWorker-23] models.mode_choice - DEBUG -   Mode rates for 'all': car=81.7%, walk=12.7%, bus=1.7%, bike=1.5%, school_bus=0.8%, other=0.6%, rail=0.5%, rideshare=0.5%
2026-09-30 07:25:30 - [ForkPoolWorker-23] models.mode_choice - INFO - Computed mode rates for 8 purposes
2026-09-30 07:25:30 - [ForkPoolWorker-23] models.mode_choice - INFO -   Overall mode distribution: car=81.7%, walk=12.7%, bus=1.7%, bike=1.5%, school_bus=0.8%, other=0.6%, rail=0.5%, rideshare=0.5%
2026-09-30 07:25:30 - [ForkPoolWorker-23] models.mode_choice - INFO - ModeChoiceModel initialized with 4 modes: ['car', 'bus', 'rail', 'walk']
2026-09-30 07:25:31 - [ForkPoolWorker-30] models.plan_generator - INFO - Worker ForkPoolWorker-30 started - processing 4718 OD pairs
2026-09-30 07:25:31 - [ForkPoolWorker-24] models.mode_availability - DEBUG - Registered availability checker for car: UniversalAvailability
2026-09-30 07:25:31 - [ForkPoolWorker-24] models.mode_availability - DEBUG - Registered availability checker for bus: GTFSTransitAvailability
2026-09-30 07:25:31 - [ForkPoolWorker-24] models.mode_availability - DEBUG - Registered availability checker for rail: GTFSTransitAvailability
2026-09-30 07:25:31 - [ForkPoolWorker-24] models.mode_availability - DEBUG - Registered availability checker for walk: DistanceBasedAvailability
2026-09-30 07:25:31 - [ForkPoolWorker-24] models.mode_choice - INFO - Computing mode shares from survey data...
2026-09-30 07:25:31 - [ForkPoolWorker-24] models.mode_choice - DEBUG -   Survey weights (normalized): {'default': 1.0}
2026-09-30 07:25:31 - [ForkPoolWorker-24] models.mode_choice - DEBUG -   Computing rates for purposes: ['Shopping', 'Other', 'Social', 'School', 'Work', 'Dining', 'Home', 'all']
2026-09-30 07:25:31 - [ForkPoolWorker-24] models.mode_choice - DEBUG -   Mode rates for 'Shopping': car=91.7%, walk=4.9%, bike=1.0%, bus=0.9%, other=0.8%, rideshare=0.4%, rail=0.3%, school_bus=0.1%
2026-09-30 07:25:31 - [ForkPoolWorker-24] models.mode_choice - DEBUG -   Mode rates for 'Other': car=90.8%, walk=5.2%, bike=1.3%, bus=1.0%, other=1.0%, rideshare=0.5%, rail=0.2%
2026-09-30 07:25:31 - [ForkPoolWorker-24] models.mode_choice - DEBUG -   Mode rates for 'Social': car=61.3%, walk=34.7%, bike=1.9%, bus=0.9%, rideshare=0.4%, rail=0.4%, other=0.4%, school_bus=0.0%
2026-09-30 07:25:31 - [ForkPoolWorker-24] models.mode_choice - DEBUG -   Mode rates for 'School': car=57.1%, walk=17.3%, school_bus=16.8%, bus=4.4%, rail=2.1%, other=1.1%, bike=0.9%, rideshare=0.4%
2026-09-30 07:25:31 - [ForkPoolWorker-24] models.mode_choice - DEBUG -   Mode rates for 'Work': car=83.2%, walk=9.8%, bus=3.8%, bike=1.9%, rideshare=0.6%, rail=0.5%, other=0.2%, school_bus=0.1%
2026-09-30 07:25:31 - [ForkPoolWorker-24] models.mode_choice - DEBUG -   Mode rates for 'Dining': car=86.3%, walk=10.6%, bike=1.3%, bus=0.9%, rail=0.3%, other=0.3%, rideshare=0.2%
2026-09-30 07:25:31 - [ForkPoolWorker-24] models.mode_choice - DEBUG -   Mode rates for 'Home': car=80.2%, walk=13.3%, bus=1.8%, bike=1.8%, school_bus=1.1%, other=0.6%, rail=0.6%, rideshare=0.6%
2026-09-30 07:25:31 - [ForkPoolWorker-24] models.mode_choice - DEBUG -   Mode rates for 'all': car=81.7%, walk=12.7%, bus=1.7%, bike=1.5%, school_bus=0.8%, other=0.6%, rail=0.5%, rideshare=0.5%
2026-09-30 07:25:31 - [ForkPoolWorker-24] models.mode_choice - INFO - Computed mode rates for 8 purposes
2026-09-30 07:25:31 - [ForkPoolWorker-24] models.mode_choice - INFO -   Overall mode distribution: car=81.7%, walk=12.7%, bus=1.7%, bike=1.5%, school_bus=0.8%, other=0.6%, rail=0.5%, rideshare=0.5%
2026-09-30 07:25:31 - [ForkPoolWorker-24] models.mode_choice - INFO - ModeChoiceModel initialized with 4 modes: ['car', 'bus', 'rail', 'walk']
2026-09-30 07:25:31 - [ForkPoolWorker-30] models.time - INFO - Fitted models for 49 activity pairs
2026-09-30 07:25:31 - [ForkPoolWorker-30] models.time - INFO - Mean trip durations: global=17.3min, per-pair=49 pairs
2026-09-30 07:25:32 - [ForkPoolWorker-25] models.mode_availability - DEBUG - Registered availability checker for car: UniversalAvailability
2026-09-30 07:25:32 - [ForkPoolWorker-25] models.mode_availability - DEBUG - Registered availability checker for bus: GTFSTransitAvailability
2026-09-30 07:25:32 - [ForkPoolWorker-25] models.mode_availability - DEBUG - Registered availability checker for rail: GTFSTransitAvailability
2026-09-30 07:25:32 - [ForkPoolWorker-25] models.mode_availability - DEBUG - Registered availability checker for walk: DistanceBasedAvailability
2026-09-30 07:25:32 - [ForkPoolWorker-25] models.mode_choice - INFO - Computing mode shares from survey data...
2026-09-30 07:25:32 - [ForkPoolWorker-25] models.mode_choice - DEBUG -   Survey weights (normalized): {'default': 1.0}
2026-09-30 07:25:32 - [ForkPoolWorker-25] models.mode_choice - DEBUG -   Computing rates for purposes: ['Shopping', 'Other', 'Social', 'School', 'Work', 'Dining', 'Home', 'all']
2026-09-30 07:25:32 - [ForkPoolWorker-25] models.mode_choice - DEBUG -   Mode rates for 'Shopping': car=91.7%, walk=4.9%, bike=1.0%, bus=0.9%, other=0.8%, rideshare=0.4%, rail=0.3%, school_bus=0.1%
2026-09-30 07:25:32 - [ForkPoolWorker-25] models.mode_choice - DEBUG -   Mode rates for 'Other': car=90.8%, walk=5.2%, bike=1.3%, bus=1.0%, other=1.0%, rideshare=0.5%, rail=0.2%
2026-09-30 07:25:32 - [ForkPoolWorker-25] models.mode_choice - DEBUG -   Mode rates for 'Social': car=61.3%, walk=34.7%, bike=1.9%, bus=0.9%, rideshare=0.4%, rail=0.4%, other=0.4%, school_bus=0.0%
2026-09-30 07:25:32 - [ForkPoolWorker-25] models.mode_choice - DEBUG -   Mode rates for 'School': car=57.1%, walk=17.3%, school_bus=16.8%, bus=4.4%, rail=2.1%, other=1.1%, bike=0.9%, rideshare=0.4%
2026-09-30 07:25:32 - [ForkPoolWorker-25] models.mode_choice - DEBUG -   Mode rates for 'Work': car=83.2%, walk=9.8%, bus=3.8%, bike=1.9%, rideshare=0.6%, rail=0.5%, other=0.2%, school_bus=0.1%
2026-09-30 07:25:32 - [ForkPoolWorker-25] models.mode_choice - DEBUG -   Mode rates for 'Dining': car=86.3%, walk=10.6%, bike=1.3%, bus=0.9%, rail=0.3%, other=0.3%, rideshare=0.2%
2026-09-30 07:25:32 - [ForkPoolWorker-25] models.mode_choice - DEBUG -   Mode rates for 'Home': car=80.2%, walk=13.3%, bus=1.8%, bike=1.8%, school_bus=1.1%, other=0.6%, rail=0.6%, rideshare=0.6%
2026-09-30 07:25:32 - [ForkPoolWorker-25] models.mode_choice - DEBUG -   Mode rates for 'all': car=81.7%, walk=12.7%, bus=1.7%, bike=1.5%, school_bus=0.8%, other=0.6%, rail=0.5%, rideshare=0.5%
2026-09-30 07:25:32 - [ForkPoolWorker-25] models.mode_choice - INFO - Computed mode rates for 8 purposes
2026-09-30 07:25:32 - [ForkPoolWorker-25] models.mode_choice - INFO -   Overall mode distribution: car=81.7%, walk=12.7%, bus=1.7%, bike=1.5%, school_bus=0.8%, other=0.6%, rail=0.5%, rideshare=0.5%
2026-09-30 07:25:32 - [ForkPoolWorker-25] models.mode_choice - INFO - ModeChoiceModel initialized with 4 modes: ['car', 'bus', 'rail', 'walk']
2026-09-30 07:25:33 - [ForkPoolWorker-26] models.mode_availability - DEBUG - Registered availability checker for car: UniversalAvailability
2026-09-30 07:25:33 - [ForkPoolWorker-26] models.mode_availability - DEBUG - Registered availability checker for bus: GTFSTransitAvailability
2026-09-30 07:25:33 - [ForkPoolWorker-26] models.mode_availability - DEBUG - Registered availability checker for rail: GTFSTransitAvailability
2026-09-30 07:25:33 - [ForkPoolWorker-26] models.mode_availability - DEBUG - Registered availability checker for walk: DistanceBasedAvailability
2026-09-30 07:25:33 - [ForkPoolWorker-26] models.mode_choice - INFO - Computing mode shares from survey data...
2026-09-30 07:25:33 - [ForkPoolWorker-26] models.mode_choice - DEBUG -   Survey weights (normalized): {'default': 1.0}
2026-09-30 07:25:33 - [ForkPoolWorker-26] models.mode_choice - DEBUG -   Computing rates for purposes: ['Shopping', 'Other', 'Social', 'School', 'Work', 'Dining', 'Home', 'all']
2026-09-30 07:25:33 - [ForkPoolWorker-26] models.mode_choice - DEBUG -   Mode rates for 'Shopping': car=91.7%, walk=4.9%, bike=1.0%, bus=0.9%, other=0.8%, rideshare=0.4%, rail=0.3%, school_bus=0.1%
2026-09-30 07:25:33 - [ForkPoolWorker-26] models.mode_choice - DEBUG -   Mode rates for 'Other': car=90.8%, walk=5.2%, bike=1.3%, bus=1.0%, other=1.0%, rideshare=0.5%, rail=0.2%
2026-09-30 07:25:33 - [ForkPoolWorker-26] models.mode_choice - DEBUG -   Mode rates for 'Social': car=61.3%, walk=34.7%, bike=1.9%, bus=0.9%, rideshare=0.4%, rail=0.4%, other=0.4%, school_bus=0.0%
2026-09-30 07:25:33 - [ForkPoolWorker-26] models.mode_choice - DEBUG -   Mode rates for 'School': car=57.1%, walk=17.3%, school_bus=16.8%, bus=4.4%, rail=2.1%, other=1.1%, bike=0.9%, rideshare=0.4%
2026-09-30 07:25:33 - [ForkPoolWorker-26] models.mode_choice - DEBUG -   Mode rates for 'Work': car=83.2%, walk=9.8%, bus=3.8%, bike=1.9%, rideshare=0.6%, rail=0.5%, other=0.2%, school_bus=0.1%
2026-09-30 07:25:33 - [ForkPoolWorker-26] models.mode_choice - DEBUG -   Mode rates for 'Dining': car=86.3%, walk=10.6%, bike=1.3%, bus=0.9%, rail=0.3%, other=0.3%, rideshare=0.2%
2026-09-30 07:25:33 - [ForkPoolWorker-26] models.mode_choice - DEBUG -   Mode rates for 'Home': car=80.2%, walk=13.3%, bus=1.8%, bike=1.8%, school_bus=1.1%, other=0.6%, rail=0.6%, rideshare=0.6%
2026-09-30 07:25:33 - [ForkPoolWorker-26] models.mode_choice - DEBUG -   Mode rates for 'all': car=81.7%, walk=12.7%, bus=1.7%, bike=1.5%, school_bus=0.8%, other=0.6%, rail=0.5%, rideshare=0.5%
2026-09-30 07:25:33 - [ForkPoolWorker-26] models.mode_choice - INFO - Computed mode rates for 8 purposes
2026-09-30 07:25:33 - [ForkPoolWorker-26] models.mode_choice - INFO -   Overall mode distribution: car=81.7%, walk=12.7%, bus=1.7%, bike=1.5%, school_bus=0.8%, other=0.6%, rail=0.5%, rideshare=0.5%
2026-09-30 07:25:33 - [ForkPoolWorker-26] models.mode_choice - INFO - ModeChoiceModel initialized with 4 modes: ['car', 'bus', 'rail', 'walk']
2026-09-30 07:25:33 - [ForkPoolWorker-27] models.mode_availability - DEBUG - Registered availability checker for car: UniversalAvailability
2026-09-30 07:25:33 - [ForkPoolWorker-27] models.mode_availability - DEBUG - Registered availability checker for bus: GTFSTransitAvailability
2026-09-30 07:25:33 - [ForkPoolWorker-27] models.mode_availability - DEBUG - Registered availability checker for rail: GTFSTransitAvailability
2026-09-30 07:25:33 - [ForkPoolWorker-27] models.mode_availability - DEBUG - Registered availability checker for walk: DistanceBasedAvailability
2026-09-30 07:25:33 - [ForkPoolWorker-27] models.mode_choice - INFO - Computing mode shares from survey data...
2026-09-30 07:25:33 - [ForkPoolWorker-27] models.mode_choice - DEBUG -   Survey weights (normalized): {'default': 1.0}
2026-09-30 07:25:33 - [ForkPoolWorker-27] models.mode_choice - DEBUG -   Computing rates for purposes: ['Shopping', 'Other', 'Social', 'School', 'Work', 'Dining', 'Home', 'all']
2026-09-30 07:25:33 - [ForkPoolWorker-27] models.mode_choice - DEBUG -   Mode rates for 'Shopping': car=91.7%, walk=4.9%, bike=1.0%, bus=0.9%, other=0.8%, rideshare=0.4%, rail=0.3%, school_bus=0.1%
2026-09-30 07:25:33 - [ForkPoolWorker-27] models.mode_choice - DEBUG -   Mode rates for 'Other': car=90.8%, walk=5.2%, bike=1.3%, bus=1.0%, other=1.0%, rideshare=0.5%, rail=0.2%
2026-09-30 07:25:33 - [ForkPoolWorker-27] models.mode_choice - DEBUG -   Mode rates for 'Social': car=61.3%, walk=34.7%, bike=1.9%, bus=0.9%, rideshare=0.4%, rail=0.4%, other=0.4%, school_bus=0.0%
2026-09-30 07:25:33 - [ForkPoolWorker-27] models.mode_choice - DEBUG -   Mode rates for 'School': car=57.1%, walk=17.3%, school_bus=16.8%, bus=4.4%, rail=2.1%, other=1.1%, bike=0.9%, rideshare=0.4%
2026-09-30 07:25:33 - [ForkPoolWorker-27] models.mode_choice - DEBUG -   Mode rates for 'Work': car=83.2%, walk=9.8%, bus=3.8%, bike=1.9%, rideshare=0.6%, rail=0.5%, other=0.2%, school_bus=0.1%
2026-09-30 07:25:33 - [ForkPoolWorker-27] models.mode_choice - DEBUG -   Mode rates for 'Dining': car=86.3%, walk=10.6%, bike=1.3%, bus=0.9%, rail=0.3%, other=0.3%, rideshare=0.2%
2026-09-30 07:25:33 - [ForkPoolWorker-27] models.mode_choice - DEBUG -   Mode rates for 'Home': car=80.2%, walk=13.3%, bus=1.8%, bike=1.8%, school_bus=1.1%, other=0.6%, rail=0.6%, rideshare=0.6%
2026-09-30 07:25:33 - [ForkPoolWorker-27] models.mode_choice - DEBUG -   Mode rates for 'all': car=81.7%, walk=12.7%, bus=1.7%, bike=1.5%, school_bus=0.8%, other=0.6%, rail=0.5%, rideshare=0.5%
2026-09-30 07:25:33 - [ForkPoolWorker-27] models.mode_choice - INFO - Computed mode rates for 8 purposes
2026-09-30 07:25:33 - [ForkPoolWorker-27] models.mode_choice - INFO -   Overall mode distribution: car=81.7%, walk=12.7%, bus=1.7%, bike=1.5%, school_bus=0.8%, other=0.6%, rail=0.5%, rideshare=0.5%
2026-09-30 07:25:33 - [ForkPoolWorker-27] models.mode_choice - INFO - ModeChoiceModel initialized with 4 modes: ['car', 'bus', 'rail', 'walk']
2026-09-30 07:25:34 - [ForkPoolWorker-28] models.mode_availability - DEBUG - Registered availability checker for car: UniversalAvailability
2026-09-30 07:25:34 - [ForkPoolWorker-28] models.mode_availability - DEBUG - Registered availability checker for bus: GTFSTransitAvailability
2026-09-30 07:25:34 - [ForkPoolWorker-28] models.mode_availability - DEBUG - Registered availability checker for rail: GTFSTransitAvailability
2026-09-30 07:25:34 - [ForkPoolWorker-28] models.mode_availability - DEBUG - Registered availability checker for walk: DistanceBasedAvailability
2026-09-30 07:25:34 - [ForkPoolWorker-28] models.mode_choice - INFO - Computing mode shares from survey data...
2026-09-30 07:25:34 - [ForkPoolWorker-28] models.mode_choice - DEBUG -   Survey weights (normalized): {'default': 1.0}
2026-09-30 07:25:34 - [ForkPoolWorker-28] models.mode_choice - DEBUG -   Computing rates for purposes: ['Shopping', 'Other', 'Social', 'School', 'Work', 'Dining', 'Home', 'all']
2026-09-30 07:25:34 - [ForkPoolWorker-28] models.mode_choice - DEBUG -   Mode rates for 'Shopping': car=91.7%, walk=4.9%, bike=1.0%, bus=0.9%, other=0.8%, rideshare=0.4%, rail=0.3%, school_bus=0.1%
2026-09-30 07:25:34 - [ForkPoolWorker-28] models.mode_choice - DEBUG -   Mode rates for 'Other': car=90.8%, walk=5.2%, bike=1.3%, bus=1.0%, other=1.0%, rideshare=0.5%, rail=0.2%
2026-09-30 07:25:34 - [ForkPoolWorker-28] models.mode_choice - DEBUG -   Mode rates for 'Social': car=61.3%, walk=34.7%, bike=1.9%, bus=0.9%, rideshare=0.4%, rail=0.4%, other=0.4%, school_bus=0.0%
2026-09-30 07:25:34 - [ForkPoolWorker-28] models.mode_choice - DEBUG -   Mode rates for 'School': car=57.1%, walk=17.3%, school_bus=16.8%, bus=4.4%, rail=2.1%, other=1.1%, bike=0.9%, rideshare=0.4%
2026-09-30 07:25:34 - [ForkPoolWorker-28] models.mode_choice - DEBUG -   Mode rates for 'Work': car=83.2%, walk=9.8%, bus=3.8%, bike=1.9%, rideshare=0.6%, rail=0.5%, other=0.2%, school_bus=0.1%
2026-09-30 07:25:34 - [ForkPoolWorker-28] models.mode_choice - DEBUG -   Mode rates for 'Dining': car=86.3%, walk=10.6%, bike=1.3%, bus=0.9%, rail=0.3%, other=0.3%, rideshare=0.2%
2026-09-30 07:25:34 - [ForkPoolWorker-28] models.mode_choice - DEBUG -   Mode rates for 'Home': car=80.2%, walk=13.3%, bus=1.8%, bike=1.8%, school_bus=1.1%, other=0.6%, rail=0.6%, rideshare=0.6%
2026-09-30 07:25:34 - [ForkPoolWorker-28] models.mode_choice - DEBUG -   Mode rates for 'all': car=81.7%, walk=12.7%, bus=1.7%, bike=1.5%, school_bus=0.8%, other=0.6%, rail=0.5%, rideshare=0.5%
2026-09-30 07:25:34 - [ForkPoolWorker-28] models.mode_choice - INFO - Computed mode rates for 8 purposes
2026-09-30 07:25:34 - [ForkPoolWorker-28] models.mode_choice - INFO -   Overall mode distribution: car=81.7%, walk=12.7%, bus=1.7%, bike=1.5%, school_bus=0.8%, other=0.6%, rail=0.5%, rideshare=0.5%
2026-09-30 07:25:34 - [ForkPoolWorker-28] models.mode_choice - INFO - ModeChoiceModel initialized with 4 modes: ['car', 'bus', 'rail', 'walk']
2026-09-30 07:25:35 - [ForkPoolWorker-29] models.mode_availability - DEBUG - Registered availability checker for car: UniversalAvailability
2026-09-30 07:25:35 - [ForkPoolWorker-29] models.mode_availability - DEBUG - Registered availability checker for bus: GTFSTransitAvailability
2026-09-30 07:25:35 - [ForkPoolWorker-29] models.mode_availability - DEBUG - Registered availability checker for rail: GTFSTransitAvailability
2026-09-30 07:25:35 - [ForkPoolWorker-29] models.mode_availability - DEBUG - Registered availability checker for walk: DistanceBasedAvailability
2026-09-30 07:25:35 - [ForkPoolWorker-29] models.mode_choice - INFO - Computing mode shares from survey data...
2026-09-30 07:25:35 - [ForkPoolWorker-29] models.mode_choice - DEBUG -   Survey weights (normalized): {'default': 1.0}
2026-09-30 07:25:35 - [ForkPoolWorker-29] models.mode_choice - DEBUG -   Computing rates for purposes: ['Shopping', 'Other', 'Social', 'School', 'Work', 'Dining', 'Home', 'all']
2026-09-30 07:25:35 - [ForkPoolWorker-29] models.mode_choice - DEBUG -   Mode rates for 'Shopping': car=91.7%, walk=4.9%, bike=1.0%, bus=0.9%, other=0.8%, rideshare=0.4%, rail=0.3%, school_bus=0.1%
2026-09-30 07:25:35 - [ForkPoolWorker-29] models.mode_choice - DEBUG -   Mode rates for 'Other': car=90.8%, walk=5.2%, bike=1.3%, bus=1.0%, other=1.0%, rideshare=0.5%, rail=0.2%
2026-09-30 07:25:35 - [ForkPoolWorker-29] models.mode_choice - DEBUG -   Mode rates for 'Social': car=61.3%, walk=34.7%, bike=1.9%, bus=0.9%, rideshare=0.4%, rail=0.4%, other=0.4%, school_bus=0.0%
2026-09-30 07:25:35 - [ForkPoolWorker-29] models.mode_choice - DEBUG -   Mode rates for 'School': car=57.1%, walk=17.3%, school_bus=16.8%, bus=4.4%, rail=2.1%, other=1.1%, bike=0.9%, rideshare=0.4%
2026-09-30 07:25:35 - [ForkPoolWorker-29] models.mode_choice - DEBUG -   Mode rates for 'Work': car=83.2%, walk=9.8%, bus=3.8%, bike=1.9%, rideshare=0.6%, rail=0.5%, other=0.2%, school_bus=0.1%
2026-09-30 07:25:35 - [ForkPoolWorker-29] models.mode_choice - DEBUG -   Mode rates for 'Dining': car=86.3%, walk=10.6%, bike=1.3%, bus=0.9%, rail=0.3%, other=0.3%, rideshare=0.2%
2026-09-30 07:25:35 - [ForkPoolWorker-29] models.mode_choice - DEBUG -   Mode rates for 'Home': car=80.2%, walk=13.3%, bus=1.8%, bike=1.8%, school_bus=1.1%, other=0.6%, rail=0.6%, rideshare=0.6%
2026-09-30 07:25:35 - [ForkPoolWorker-29] models.mode_choice - DEBUG -   Mode rates for 'all': car=81.7%, walk=12.7%, bus=1.7%, bike=1.5%, school_bus=0.8%, other=0.6%, rail=0.5%, rideshare=0.5%
2026-09-30 07:25:35 - [ForkPoolWorker-29] models.mode_choice - INFO - Computed mode rates for 8 purposes
2026-09-30 07:25:35 - [ForkPoolWorker-29] models.mode_choice - INFO -   Overall mode distribution: car=81.7%, walk=12.7%, bus=1.7%, bike=1.5%, school_bus=0.8%, other=0.6%, rail=0.5%, rideshare=0.5%
2026-09-30 07:25:35 - [ForkPoolWorker-29] models.mode_choice - INFO - ModeChoiceModel initialized with 4 modes: ['car', 'bus', 'rail', 'walk']
2026-09-30 07:25:36 - [ForkPoolWorker-30] models.mode_availability - DEBUG - Registered availability checker for car: UniversalAvailability
2026-09-30 07:25:36 - [ForkPoolWorker-30] models.mode_availability - DEBUG - Registered availability checker for bus: GTFSTransitAvailability
2026-09-30 07:25:36 - [ForkPoolWorker-30] models.mode_availability - DEBUG - Registered availability checker for rail: GTFSTransitAvailability
2026-09-30 07:25:36 - [ForkPoolWorker-30] models.mode_availability - DEBUG - Registered availability checker for walk: DistanceBasedAvailability
2026-09-30 07:25:36 - [ForkPoolWorker-30] models.mode_choice - INFO - Computing mode shares from survey data...
2026-09-30 07:25:36 - [ForkPoolWorker-30] models.mode_choice - DEBUG -   Survey weights (normalized): {'default': 1.0}
2026-09-30 07:25:36 - [ForkPoolWorker-30] models.mode_choice - DEBUG -   Computing rates for purposes: ['Shopping', 'Other', 'Social', 'School', 'Work', 'Dining', 'Home', 'all']
2026-09-30 07:25:36 - [ForkPoolWorker-30] models.mode_choice - DEBUG -   Mode rates for 'Shopping': car=91.7%, walk=4.9%, bike=1.0%, bus=0.9%, other=0.8%, rideshare=0.4%, rail=0.3%, school_bus=0.1%
2026-09-30 07:25:36 - [ForkPoolWorker-30] models.mode_choice - DEBUG -   Mode rates for 'Other': car=90.8%, walk=5.2%, bike=1.3%, bus=1.0%, other=1.0%, rideshare=0.5%, rail=0.2%
2026-09-30 07:25:36 - [ForkPoolWorker-30] models.mode_choice - DEBUG -   Mode rates for 'Social': car=61.3%, walk=34.7%, bike=1.9%, bus=0.9%, rideshare=0.4%, rail=0.4%, other=0.4%, school_bus=0.0%
2026-09-30 07:25:36 - [ForkPoolWorker-30] models.mode_choice - DEBUG -   Mode rates for 'School': car=57.1%, walk=17.3%, school_bus=16.8%, bus=4.4%, rail=2.1%, other=1.1%, bike=0.9%, rideshare=0.4%
2026-09-30 07:25:36 - [ForkPoolWorker-30] models.mode_choice - DEBUG -   Mode rates for 'Work': car=83.2%, walk=9.8%, bus=3.8%, bike=1.9%, rideshare=0.6%, rail=0.5%, other=0.2%, school_bus=0.1%
2026-09-30 07:25:36 - [ForkPoolWorker-30] models.mode_choice - DEBUG -   Mode rates for 'Dining': car=86.3%, walk=10.6%, bike=1.3%, bus=0.9%, rail=0.3%, other=0.3%, rideshare=0.2%
2026-09-30 07:25:36 - [ForkPoolWorker-30] models.mode_choice - DEBUG -   Mode rates for 'Home': car=80.2%, walk=13.3%, bus=1.8%, bike=1.8%, school_bus=1.1%, other=0.6%, rail=0.6%, rideshare=0.6%
2026-09-30 07:25:36 - [ForkPoolWorker-30] models.mode_choice - DEBUG -   Mode rates for 'all': car=81.7%, walk=12.7%, bus=1.7%, bike=1.5%, school_bus=0.8%, other=0.6%, rail=0.5%, rideshare=0.5%
2026-09-30 07:25:36 - [ForkPoolWorker-30] models.mode_choice - INFO - Computed mode rates for 8 purposes
2026-09-30 07:25:36 - [ForkPoolWorker-30] models.mode_choice - INFO -   Overall mode distribution: car=81.7%, walk=12.7%, bus=1.7%, bike=1.5%, school_bus=0.8%, other=0.6%, rail=0.5%, rideshare=0.5%
2026-09-30 07:25:36 - [ForkPoolWorker-30] models.mode_choice - INFO - ModeChoiceModel initialized with 4 modes: ['car', 'bus', 'rail', 'walk']
2026-09-30 07:25:52 - [ForkPoolWorker-1] models.plan_generator - INFO - Worker ForkPoolWorker-1 completed: generated 4870 plans
2026-09-30 07:25:54 - [ForkPoolWorker-1] models.plan_generator - INFO - Worker ForkPoolWorker-1 started - processing 6 OD pairs
2026-09-30 07:25:54 - [ForkPoolWorker-1] models.time - INFO - Fitted models for 49 activity pairs
2026-09-30 07:25:54 - [ForkPoolWorker-1] models.time - INFO - Mean trip durations: global=17.3min, per-pair=49 pairs
2026-09-30 07:25:54 - [ForkPoolWorker-2] models.plan_generator - INFO - Worker ForkPoolWorker-2 completed: generated 4858 plans
2026-09-30 07:25:55 - [ForkPoolWorker-3] models.plan_generator - INFO - Worker ForkPoolWorker-3 completed: generated 5060 plans
2026-09-30 07:25:56 - [ForkPoolWorker-4] models.plan_generator - INFO - Worker ForkPoolWorker-4 completed: generated 5079 plans
2026-09-30 07:25:57 - [ForkPoolWorker-6] models.plan_generator - INFO - Worker ForkPoolWorker-6 completed: generated 4878 plans
2026-09-30 07:25:58 - [ForkPoolWorker-7] models.plan_generator - INFO - Worker ForkPoolWorker-7 completed: generated 4930 plans
2026-09-30 07:25:58 - [ForkPoolWorker-5] models.plan_generator - INFO - Worker ForkPoolWorker-5 completed: generated 5478 plans
2026-09-30 07:25:59 - [ForkPoolWorker-1] models.mode_availability - DEBUG - Registered availability checker for car: UniversalAvailability
2026-09-30 07:25:59 - [ForkPoolWorker-1] models.mode_availability - DEBUG - Registered availability checker for bus: GTFSTransitAvailability
2026-09-30 07:25:59 - [ForkPoolWorker-1] models.mode_availability - DEBUG - Registered availability checker for rail: GTFSTransitAvailability
2026-09-30 07:25:59 - [ForkPoolWorker-1] models.mode_availability - DEBUG - Registered availability checker for walk: DistanceBasedAvailability
2026-09-30 07:25:59 - [ForkPoolWorker-1] models.mode_choice - INFO - Computing mode shares from survey data...
2026-09-30 07:25:59 - [ForkPoolWorker-1] models.mode_choice - DEBUG -   Survey weights (normalized): {'default': 1.0}
2026-09-30 07:25:59 - [ForkPoolWorker-1] models.mode_choice - DEBUG -   Computing rates for purposes: ['Shopping', 'Other', 'Social', 'School', 'Work', 'Dining', 'Home', 'all']
2026-09-30 07:25:59 - [ForkPoolWorker-1] models.mode_choice - DEBUG -   Mode rates for 'Shopping': car=91.7%, walk=4.9%, bike=1.0%, bus=0.9%, other=0.8%, rideshare=0.4%, rail=0.3%, school_bus=0.1%
2026-09-30 07:25:59 - [ForkPoolWorker-1] models.mode_choice - DEBUG -   Mode rates for 'Other': car=90.8%, walk=5.2%, bike=1.3%, bus=1.0%, other=1.0%, rideshare=0.5%, rail=0.2%
2026-09-30 07:25:59 - [ForkPoolWorker-1] models.mode_choice - DEBUG -   Mode rates for 'Social': car=61.3%, walk=34.7%, bike=1.9%, bus=0.9%, rideshare=0.4%, rail=0.4%, other=0.4%, school_bus=0.0%
2026-09-30 07:25:59 - [ForkPoolWorker-1] models.mode_choice - DEBUG -   Mode rates for 'School': car=57.1%, walk=17.3%, school_bus=16.8%, bus=4.4%, rail=2.1%, other=1.1%, bike=0.9%, rideshare=0.4%
2026-09-30 07:25:59 - [ForkPoolWorker-1] models.mode_choice - DEBUG -   Mode rates for 'Work': car=83.2%, walk=9.8%, bus=3.8%, bike=1.9%, rideshare=0.6%, rail=0.5%, other=0.2%, school_bus=0.1%
2026-09-30 07:25:59 - [ForkPoolWorker-1] models.mode_choice - DEBUG -   Mode rates for 'Dining': car=86.3%, walk=10.6%, bike=1.3%, bus=0.9%, rail=0.3%, other=0.3%, rideshare=0.2%
2026-09-30 07:25:59 - [ForkPoolWorker-1] models.mode_choice - DEBUG -   Mode rates for 'Home': car=80.2%, walk=13.3%, bus=1.8%, bike=1.8%, school_bus=1.1%, other=0.6%, rail=0.6%, rideshare=0.6%
2026-09-30 07:25:59 - [ForkPoolWorker-1] models.mode_choice - DEBUG -   Mode rates for 'all': car=81.7%, walk=12.7%, bus=1.7%, bike=1.5%, school_bus=0.8%, other=0.6%, rail=0.5%, rideshare=0.5%
2026-09-30 07:25:59 - [ForkPoolWorker-1] models.mode_choice - INFO - Computed mode rates for 8 purposes
2026-09-30 07:25:59 - [ForkPoolWorker-1] models.mode_choice - INFO -   Overall mode distribution: car=81.7%, walk=12.7%, bus=1.7%, bike=1.5%, school_bus=0.8%, other=0.6%, rail=0.5%, rideshare=0.5%
2026-09-30 07:25:59 - [ForkPoolWorker-1] models.mode_choice - INFO - ModeChoiceModel initialized with 4 modes: ['car', 'bus', 'rail', 'walk']
2026-09-30 07:25:59 - [ForkPoolWorker-8] models.plan_generator - INFO - Worker ForkPoolWorker-8 completed: generated 5146 plans
2026-09-30 07:25:59 - [ForkPoolWorker-1] models.plan_generator - INFO - Worker ForkPoolWorker-1 completed: generated 8 plans
2026-09-30 07:26:00 - [ForkPoolWorker-10] models.plan_generator - INFO - Worker ForkPoolWorker-10 completed: generated 4863 plans
2026-09-30 07:26:01 - [ForkPoolWorker-9] models.plan_generator - INFO - Worker ForkPoolWorker-9 completed: generated 5553 plans
2026-09-30 07:26:02 - [ForkPoolWorker-11] models.plan_generator - INFO - Worker ForkPoolWorker-11 completed: generated 5142 plans
2026-09-30 07:26:02 - [ForkPoolWorker-12] models.plan_generator - INFO - Worker ForkPoolWorker-12 completed: generated 4889 plans
2026-09-30 07:26:03 - [ForkPoolWorker-14] models.plan_generator - INFO - Worker ForkPoolWorker-14 completed: generated 5023 plans
2026-09-30 07:26:03 - [ForkPoolWorker-13] models.plan_generator - INFO - Worker ForkPoolWorker-13 completed: generated 4905 plans
2026-09-30 07:26:04 - [ForkPoolWorker-16] models.plan_generator - INFO - Worker ForkPoolWorker-16 completed: generated 4872 plans
2026-09-30 07:26:05 - [ForkPoolWorker-15] models.plan_generator - INFO - Worker ForkPoolWorker-15 completed: generated 4872 plans
2026-09-30 07:26:08 - [ForkPoolWorker-17] models.plan_generator - INFO - Worker ForkPoolWorker-17 completed: generated 5157 plans
2026-09-30 07:26:08 - [ForkPoolWorker-18] models.plan_generator - INFO - Worker ForkPoolWorker-18 completed: generated 5100 plans
2026-09-30 07:26:09 - [ForkPoolWorker-23] models.plan_generator - INFO - Worker ForkPoolWorker-23 completed: generated 4942 plans
2026-09-30 07:26:09 - [ForkPoolWorker-21] models.plan_generator - INFO - Worker ForkPoolWorker-21 completed: generated 4881 plans
2026-09-30 07:26:09 - [ForkPoolWorker-20] models.plan_generator - INFO - Worker ForkPoolWorker-20 completed: generated 5769 plans
2026-09-30 07:26:10 - [ForkPoolWorker-22] models.plan_generator - INFO - Worker ForkPoolWorker-22 completed: generated 4829 plans
2026-09-30 07:26:11 - [ForkPoolWorker-24] models.plan_generator - INFO - Worker ForkPoolWorker-24 completed: generated 4999 plans
2026-09-30 07:26:12 - [ForkPoolWorker-25] models.plan_generator - INFO - Worker ForkPoolWorker-25 completed: generated 5354 plans
2026-09-30 07:26:12 - [ForkPoolWorker-19] models.plan_generator - INFO - Worker ForkPoolWorker-19 completed: generated 7015 plans
2026-09-30 07:26:12 - [ForkPoolWorker-27] models.plan_generator - INFO - Worker ForkPoolWorker-27 completed: generated 5108 plans
2026-09-30 07:26:13 - [ForkPoolWorker-28] models.plan_generator - INFO - Worker ForkPoolWorker-28 completed: generated 5288 plans
2026-09-30 07:26:14 - [ForkPoolWorker-26] models.plan_generator - INFO - Worker ForkPoolWorker-26 completed: generated 5889 plans
2026-09-30 07:26:16 - [ForkPoolWorker-29] models.plan_generator - INFO - Worker ForkPoolWorker-29 completed: generated 6074 plans
2026-09-30 07:26:19 - [ForkPoolWorker-30] models.plan_generator - INFO - Worker ForkPoolWorker-30 completed: generated 7257 plans
2026-09-30 07:26:20 - models.plan_generator - INFO - ======================================================================
2026-09-30 07:26:20 - models.plan_generator - INFO - GENERATION COMPLETE
2026-09-30 07:26:20 - models.plan_generator - INFO -   Plans requested: 158,088
2026-09-30 07:26:20 - models.plan_generator - INFO -   Plans generated: 158,088
2026-09-30 07:26:20 - models.plan_generator - INFO -   Failed plans: 0
2026-09-30 07:26:20 - models.plan_generator - INFO -   Success rate: 100.00%
2026-09-30 07:26:20 - models.plan_generator - INFO -   Chain retries: 15,730 / 176,877 attempts
2026-09-30 07:26:20 - models.plan_generator - INFO -     Too short: 0
2026-09-30 07:26:20 - models.plan_generator - INFO -     Bad structure (not Home-...-Home): 0
2026-09-30 07:26:20 - models.plan_generator - INFO -     Missing Work: 0
2026-09-30 07:26:20 - models.plan_generator - INFO -     Too many Work: 15,730
2026-09-30 07:26:20 - models.plan_generator - INFO -   POI retries: 94,951
2026-09-30 07:26:20 - models.plan_generator - INFO -   Time retries: 0
2026-09-30 07:26:20 - models.plan_generator - INFO -   Schedules built: 206,393
2026-09-30 07:26:20 - models.plan_generator - INFO -     Trimmed to fit 24h: 1,776 (0.86%)
2026-09-30 07:26:20 - models.plan_generator - INFO -     Dropped, over budget: 0 (0.00%)
2026-09-30 07:26:20 - models.plan_generator - INFO -     Resampled, over budget (over_budget=resample): 48,305
2026-09-30 07:26:20 - models.plan_generator - INFO -     Excess per trimmed schedule: mean 486.8 min, max 1842.3 min
2026-09-30 07:26:20 - models.plan_generator - INFO -     Minutes actually removed: 835,115 total, mean 470.2 min
2026-09-30 07:26:20 - models.plan_generator - INFO -   Experiment directory: /home/exouser/Documents/Tareek/experiments/tc_tbi_hermes_nw16_10iter
2026-09-30 07:26:20 - models.plan_generator - INFO -   Full logs saved to: /home/exouser/Documents/Tareek/experiments/tc_tbi_hermes_nw16_10iter/experiment_20260930_072013.log
2026-09-30 07:26:20 - models.plan_generator - INFO - ======================================================================
2026-09-30 07:26:20 - models.mode_choice - INFO - ==================================================
2026-09-30 07:26:20 - models.mode_choice - INFO - MODE CHOICE STATISTICS
2026-09-30 07:26:20 - models.mode_choice - INFO - ==================================================
2026-09-30 07:26:20 - models.mode_choice - INFO -   Total mode choices: 632320
2026-09-30 07:26:20 - models.mode_choice - INFO -   Fallback mode used: 0 times
2026-09-30 07:26:20 - models.mode_choice - INFO -   Chain retries: 0
2026-09-30 07:26:20 - models.mode_choice - INFO -   Mode distribution in generated plans:
2026-09-30 07:26:20 - models.mode_choice - INFO -     car: 84.1%
2026-09-30 07:26:20 - models.mode_choice - INFO -     walk: 14.3%
2026-09-30 07:26:20 - models.mode_choice - INFO -     bus: 1.6%
2026-09-30 07:26:20 - models.mode_choice - INFO -     rail: 0.0%
2026-09-30 07:26:20 - models.mode_choice - INFO - ==================================================
2026-09-30 07:26:20 - models.plan_generator - INFO - Plan generation complete!
2026-09-30 07:26:20 - models.plan_generator - INFO -   Generated: 158,088 plans (100.00% success rate)
2026-09-30 07:26:20 - models.plan_generator - INFO -   Failed: 0 plans
2026-09-30 07:26:20 - models.plan_generator - INFO -   Experiment directory: /home/exouser/Documents/Tareek/experiments/tc_tbi_hermes_nw16_10iter
2026-09-30 07:26:20 - models.plan_generator - INFO -   Detailed logs: /home/exouser/Documents/Tareek/experiments/tc_tbi_hermes_nw16_10iter/experiment_20260930_072013.log
2026-09-30 07:26:20 - __main__ - INFO - Generated 158,088 work plans
2026-09-30 07:26:20 - __main__ - INFO - 
2026-09-30 07:26:20 - models.plan_generator - INFO -   Serialized GTFS stop data for workers: bus=10769 stops, rail=75 stops
2026-09-30 07:26:20 - __main__ - INFO - Sharing GTFS stop data with non-work generators
2026-09-30 07:26:20 - __main__ - INFO - Population stats: 3,689,612 total (1,900,761 employees, 1,788,851 non-employees)
2026-09-30 07:26:20 - __main__ - INFO - ------------------------------------------------------------
2026-09-30 07:26:20 - __main__ - INFO - GENERATING SHOPPING PLANS
2026-09-30 07:26:20 - __main__ - INFO - ------------------------------------------------------------
2026-09-30 07:26:20 - models.plan_generator_nonwork - INFO - Initialized NonWorkPlanGenerator for Shopping
2026-09-30 07:26:20 - utils.coordinates - INFO - Initialized coordinate converter: EPSG:4326 <-> EPSG:26915
2026-09-30 07:26:20 - models.plan_generator_nonwork - INFO -   Coordinate system: WGS84 -> EPSG:26915
2026-09-30 07:26:20 - models.plan_generator_nonwork - INFO - Using pre-loaded shared data...
2026-09-30 07:26:20 - models.plan_generator_nonwork - INFO -   Using 48,457 home blocks (pre-loaded)
2026-09-30 07:26:20 - models.plan_generator_nonwork - INFO -   Using 45,653 POIs (pre-loaded)
2026-09-30 07:26:20 - models.plan_generator_nonwork - INFO -   Using 22,229 survey trips (pre-loaded)
2026-09-30 07:26:20 - models.plan_generator_nonwork - INFO -   Using 3,648 persons (pre-loaded)
2026-09-30 07:26:20 - models.plan_generator_nonwork - INFO -   Using 1,854 trip chains (pre-loaded)
2026-09-30 07:26:20 - models.plan_generator_nonwork - INFO -   Using 45,653 POI-to-block mappings (pre-computed)
2026-09-30 07:26:20 - models.plan_generator_nonwork - INFO -   Using shared trip duration model (pre-initialized)
2026-09-30 07:26:20 - models.plan_generator_nonwork - INFO -   Using shared activity duration model (pre-initialized)
2026-09-30 07:26:20 - models.plan_generator_nonwork - INFO -   Using shared POI spatial index (pre-built)
2026-09-30 07:26:20 - models.plan_generator_nonwork - INFO - Initializing time models...
2026-09-30 07:26:20 - models.plan_generator_nonwork - INFO -   Using shared trip duration model
2026-09-30 07:26:20 - models.plan_generator_nonwork - INFO -   Using shared activity duration model
2026-09-30 07:26:20 - models.plan_generator_nonwork - INFO -   Time models initialized
2026-09-30 07:26:20 - models.plan_generator_nonwork - INFO -   Average trip duration: 16.5 minutes
2026-09-30 07:26:20 - models.plan_generator_nonwork - INFO - Initializing POI components...
2026-09-30 07:26:20 - models.plan_generator_nonwork - INFO -   Using shared POI spatial index: 6 activity types, 45,653 POIs
2026-09-30 07:26:20 - models.plan_generator_nonwork - INFO -   POI weighting enabled: True
2026-09-30 07:26:20 - models.plan_generator_nonwork - INFO - Initializing chain model...
2026-09-30 07:26:20 - models.plan_generator_nonwork - INFO -   Shopping: budget chain model, 386 main-purpose patterns
2026-09-30 07:26:20 - models.plan_generator_nonwork - INFO - Initializing GTFS transit availability...
2026-09-30 07:26:20 - models.plan_generator_nonwork - INFO -   GTFS availability rebuilt from shared data: bus=10769 stops, rail=75 stops
2026-09-30 07:26:20 - models.plan_generator_nonwork - INFO - Initializing mode choice model...
2026-09-30 07:26:20 - models.mode_choice - INFO - Computing mode shares from survey data...
2026-09-30 07:26:20 - models.mode_choice - INFO - Computed mode rates for 8 purposes
2026-09-30 07:26:20 - models.mode_choice - INFO -   Overall mode distribution: car=81.7%, walk=12.7%, bus=1.7%, bike=1.5%, school_bus=0.8%, other=0.6%, rail=0.5%, rideshare=0.5%
2026-09-30 07:26:20 - models.mode_choice - INFO - ModeChoiceModel initialized with 4 modes: ['car', 'bus', 'rail', 'walk']
2026-09-30 07:26:20 - models.plan_generator_nonwork - INFO - Creating Shopping OD matrix...
2026-09-30 07:26:20 - models.plan_generator_nonwork - INFO -   Using pre-computed POI-to-block mapping
2026-09-30 07:26:20 - models.od_matrix_nonwork - INFO - ======================================================================
2026-09-30 07:26:20 - models.od_matrix_nonwork - INFO - CREATING NON-WORK OD MATRIX - SHOPPING
2026-09-30 07:26:20 - models.od_matrix_nonwork - INFO - ======================================================================
2026-09-30 07:26:20 - models.od_matrix_nonwork - INFO - Configuration:
2026-09-30 07:26:20 - models.od_matrix_nonwork - INFO -   Beta (distance decay): 2.0
2026-09-30 07:26:20 - models.od_matrix_nonwork - INFO -   Alpha (survey weight): 0.1
2026-09-30 07:26:20 - models.od_matrix_nonwork - INFO -   Distance mode: cosine_km
2026-09-30 07:26:20 - models.od_matrix_nonwork - INFO - Calculating POI density for Shopping...
2026-09-30 07:26:20 - models.od_matrix_nonwork - INFO -   Total POIs to process: 45,653
2026-09-30 07:26:20 - models.od_matrix_nonwork - INFO -   Filtered to 2,173 Shopping POIs
2026-09-30 07:26:20 - models.od_matrix_nonwork - INFO -   Using pre-computed POI-to-block mapping (fast path)
2026-09-30 07:26:20 - models.od_matrix_nonwork - INFO -   POI assignment complete:
2026-09-30 07:26:20 - models.od_matrix_nonwork - INFO -     Blocks with POIs: 1,250
2026-09-30 07:26:20 - models.od_matrix_nonwork - INFO -     Total POIs assigned: 2,173
2026-09-30 07:26:20 - models.od_matrix_nonwork - INFO -     Avg POIs per block (non-zero): 1.7
2026-09-30 07:26:20 - models.od_matrix_nonwork - INFO - Creating survey OD matrix for Shopping...
2026-09-30 07:26:20 - models.od_matrix_nonwork - INFO -   Filtered to 5,940 trips (from 22,229 total)
2026-09-30 07:26:20 - models.od_matrix_nonwork - INFO -   Survey OD matrix created: (1660, 1363)
2026-09-30 07:26:20 - models.od_matrix_nonwork - INFO -   Total trips in survey matrix: 5,940
2026-09-30 07:26:20 - models.od_matrix_nonwork - INFO - ======================================================================
2026-09-30 07:26:20 - models.od_matrix_nonwork - INFO - SINGLY-CONSTRAINED GRAVITY MODEL - SHOPPING
2026-09-30 07:26:20 - models.od_matrix_nonwork - INFO - ======================================================================
2026-09-30 07:26:20 - models.od_matrix_nonwork - INFO - Origins from the demand budget ('nw_origin_Shopping' per home block)
2026-09-30 07:26:21 - models.od_matrix_nonwork - INFO -   Pre-aggregated 48,457 blocks -> 2,861 block_groups (home)
2026-09-30 07:26:21 - models.od_matrix_nonwork - INFO -   Pre-aggregated POI blocks -> 818 block_groups with POIs
2026-09-30 07:26:21 - models.od_matrix_nonwork - INFO - Number of home block_groups: 2861
2026-09-30 07:26:21 - models.od_matrix_nonwork - INFO - Number of destination block_groups (with POIs): 818
2026-09-30 07:26:21 - models.od_matrix_nonwork - INFO - Distance decay beta: 2.0
2026-09-30 07:26:21 - models.od_matrix_nonwork - INFO - Total non-employees (base): 1,788,851
2026-09-30 07:26:21 - models.od_matrix_nonwork - INFO - Total travelers (demand budget): 1,079,289
2026-09-30 07:26:21 - models.od_matrix_nonwork - INFO - Total POIs (destination): 2,173
2026-09-30 07:26:21 - models.od_matrix_nonwork - INFO - Extracting coordinates...
2026-09-30 07:26:21 - models.od_matrix_nonwork - INFO - Calculating distances and friction factors (mode: cosine_km)...
2026-09-30 07:26:21 - models.od_matrix_v3 - INFO -   Intrazonal distance set from zone area on 818 diagonal cells (factor 0.5): median 0 m -> 251 m
2026-09-30 07:26:21 - models.od_matrix_nonwork - INFO -   Distances in km: median 30.57, min 0.050, max 222.9
2026-09-30 07:26:21 - models.od_matrix_nonwork - INFO - Initial gravity model total trips: 1,079,289
2026-09-30 07:26:21 - models.od_matrix_nonwork - INFO - 
Running IPF iterations (max 50)...
2026-09-30 07:26:21 - models.od_matrix_nonwork - INFO -   Iteration 1: Max relative difference = 5.05e-16
2026-09-30 07:26:21 - models.od_matrix_nonwork - INFO - Converged after 1 iterations
2026-09-30 07:26:21 - models.od_matrix_nonwork - INFO - ======================================================================
2026-09-30 07:26:21 - models.od_matrix_nonwork - INFO - VERIFICATION
2026-09-30 07:26:21 - models.od_matrix_nonwork - INFO - ======================================================================
2026-09-30 07:26:21 - models.od_matrix_nonwork - INFO - Origin total: 1,079,289 | Matrix row sum: 1,079,289
2026-09-30 07:26:21 - models.od_matrix_nonwork - INFO - Max row constraint error: 3.41e-13
2026-09-30 07:26:21 - models.od_matrix_nonwork - INFO - Total trips in gravity model: 1,079,289
2026-09-30 07:26:21 - models.od_matrix_nonwork - INFO - 
2026-09-30 07:26:21 - models.od_matrix_nonwork - INFO -   Gravity model (block-group level): (2861, 818)
2026-09-30 07:26:21 - models.od_matrix_nonwork - INFO -   Survey matrix: (1660, 1363)
2026-09-30 07:26:21 - models.od_matrix_nonwork - INFO - 
Combining survey and gravity models...
2026-09-30 07:26:21 - models.od_matrix_v3 - INFO - ======================================================================
2026-09-30 07:26:21 - models.od_matrix_v3 - INFO - COMBINING OD MATRICES
2026-09-30 07:26:21 - models.od_matrix_v3 - INFO - ======================================================================
2026-09-30 07:26:21 - models.od_matrix_v3 - INFO - Survey matrix shape: (1660, 1363)
2026-09-30 07:26:21 - models.od_matrix_v3 - INFO - Local matrix shape: (2861, 818)
2026-09-30 07:26:21 - models.od_matrix_v3 - INFO - Alpha (survey weight): 0.10
2026-09-30 07:26:21 - models.od_matrix_v3 - INFO - Local weight: 0.90
2026-09-30 07:26:21 - models.od_matrix_v3 - INFO - Aligning survey to local matrix structure...
2026-09-30 07:26:21 - models.od_matrix_v3 - INFO - Combining matrices (alpha blend where survey exists, local only where survey is empty)...
2026-09-30 07:26:22 - models.od_matrix_v3 - INFO - No scaling target specified. Using local matrix total: 1,079,288
2026-09-30 07:26:22 - models.od_matrix_v3 - INFO - Matrix total before scaling: 1,071,178
2026-09-30 07:26:22 - models.od_matrix_v3 - INFO - Scale factor: 1.007571
2026-09-30 07:26:22 - models.od_matrix_v3 - INFO - Applying robust rounding to guarantee target total...
2026-09-30 07:26:22 - models.od_matrix_v3 - INFO - Total after flooring: 774,654
2026-09-30 07:26:22 - models.od_matrix_v3 - INFO - Remainder to distribute: 304,634
2026-09-30 07:26:22 - models.od_matrix_v3 - INFO - ======================================================================
2026-09-30 07:26:22 - models.od_matrix_v3 - INFO - VERIFICATION
2026-09-30 07:26:22 - models.od_matrix_v3 - INFO - ======================================================================
2026-09-30 07:26:22 - models.od_matrix_v3 - INFO - Survey total trips: 5,940
2026-09-30 07:26:22 - models.od_matrix_v3 - INFO - Local total trips: 1,079,289
2026-09-30 07:26:22 - models.od_matrix_v3 - INFO - Combined total trips (before scaling): 1,071,178
2026-09-30 07:26:22 - models.od_matrix_v3 - INFO - Combined total trips (after scaling & rounding): 1,079,288
2026-09-30 07:26:22 - models.od_matrix_v3 - INFO - Target total: 1,079,288
2026-09-30 07:26:22 - models.od_matrix_v3 - INFO - Difference: 0
2026-09-30 07:26:22 - models.od_matrix_v3 - INFO - Combined matrix shape: (2861, 818)
2026-09-30 07:26:22 - models.od_matrix_nonwork - INFO - ======================================================================
2026-09-30 07:26:22 - models.od_matrix_nonwork - INFO - NONWORK OD MATRIX CREATION COMPLETE - SHOPPING
2026-09-30 07:26:22 - models.od_matrix_nonwork - INFO - ======================================================================
2026-09-30 07:26:22 - models.plan_generator_nonwork - INFO -   OD matrix shape: (2861, 818)
2026-09-30 07:26:22 - models.plan_generator_nonwork - INFO -   Unscaled total trips: 1,079,288
2026-09-30 07:26:22 - models.plan_generator_nonwork - INFO -   Scaling factor: 0.15
2026-09-30 07:26:22 - models.plan_generator_nonwork - INFO -   Scaled total trips: 162,110
2026-09-30 07:26:22 - models.plan_generator_nonwork - INFO - NonWorkPlanGenerator initialization complete
2026-09-30 07:26:22 - models.plan_generator_nonwork - INFO - ============================================================
2026-09-30 07:26:22 - models.plan_generator_nonwork - INFO - SHOPPING PLAN GENERATION
2026-09-30 07:26:22 - models.plan_generator_nonwork - INFO - ============================================================
2026-09-30 07:26:22 - models.plan_generator_nonwork - INFO -   Population base (non-employees in region): 1,788,851
2026-09-30 07:26:22 - models.plan_generator_nonwork - INFO -   Unscaled Shopping trips: 1,079,288
2026-09-30 07:26:22 - models.plan_generator_nonwork - INFO -   Scaling factor: 0.15
2026-09-30 07:26:22 - models.plan_generator_nonwork - INFO -   Scaled Shopping trips: 162,110
2026-09-30 07:26:22 - models.plan_generator_nonwork - INFO -   Expected scaled trips: 161,893
2026-09-30 07:26:22 - models.plan_generator_nonwork - INFO -   Scaling accuracy: 100.1%
2026-09-30 07:26:22 - models.plan_generator_nonwork - INFO - 
2026-09-30 07:26:22 - models.plan_generator_nonwork - INFO - Generating all Shopping plans using multiprocessing...
2026-09-30 07:26:23 - models.plan_generator_nonwork - INFO -   Using all 162,110 trips from scaled OD matrix
2026-09-30 07:26:23 - models.plan_generator_nonwork - INFO - Using 30 processes for Shopping plan generation
2026-09-30 07:26:23 - models.plan_generator_nonwork - INFO - Pre-loading data for Shopping multiprocessing...
2026-09-30 07:26:23 - models.plan_generator_nonwork - INFO -   Serialized GTFS stop data for workers: bus=10769 stops, rail=75 stops
2026-09-30 07:26:23 - models.plan_generator_nonwork - INFO -   Prepared shared data with 48,457 home blocks
2026-09-30 07:26:23 - models.plan_generator_nonwork - INFO -   POI categories: 6
2026-09-30 07:26:23 - models.plan_generator_nonwork - INFO -   Chain patterns: 386
2026-09-30 07:26:23 - models.plan_generator_nonwork - INFO - Split 88738 OD pairs into 31 chunks
2026-09-30 07:29:47 - models.plan_generator_nonwork - INFO - 
2026-09-30 07:29:47 - models.plan_generator_nonwork - INFO - Shopping GENERATION COMPLETE
2026-09-30 07:29:47 - models.plan_generator_nonwork - INFO -   Plans generated: 162,110
2026-09-30 07:29:47 - models.plan_generator_nonwork - INFO -   Failed plans: 0
2026-09-30 07:29:47 - models.plan_generator_nonwork - INFO -   Chain retries: 7,157 / 169,568 attempts
2026-09-30 07:29:47 - models.plan_generator_nonwork - INFO -     Too short: 7,157
2026-09-30 07:29:47 - models.plan_generator_nonwork - INFO -     Bad structure (not Home-...-Home): 0
2026-09-30 07:29:47 - models.plan_generator_nonwork - INFO -     Missing purpose: 0
2026-09-30 07:29:47 - models.plan_generator_nonwork - INFO -     Contains Work: 0
2026-09-30 07:29:47 - models.plan_generator_nonwork - INFO -   POI retries: 38,472
2026-09-30 07:29:47 - models.plan_generator_nonwork - INFO -   Time retries: 7
2026-09-30 07:29:47 - models.plan_generator_nonwork - INFO -   Schedules built: 183,576
2026-09-30 07:29:47 - models.plan_generator_nonwork - INFO -     Trimmed to fit 24h: 699 (0.38%)
2026-09-30 07:29:47 - models.plan_generator_nonwork - INFO -     Dropped, over budget: 7 (0.00%)
2026-09-30 07:29:47 - models.plan_generator_nonwork - INFO -     Resampled, over budget (over_budget=resample): 21,459
2026-09-30 07:29:47 - models.plan_generator_nonwork - INFO -     Excess per trimmed schedule: mean 727.4 min, max 2302.0 min
2026-09-30 07:29:47 - models.plan_generator_nonwork - INFO -     Minutes actually removed: 485,117 total, mean 694.0 min
2026-09-30 07:29:47 - models.plan_generator_nonwork - INFO - ============================================================
2026-09-30 07:29:47 - models.mode_choice - INFO - ==================================================
2026-09-30 07:29:47 - models.mode_choice - INFO - MODE CHOICE STATISTICS
2026-09-30 07:29:47 - models.mode_choice - INFO - ==================================================
2026-09-30 07:29:47 - models.mode_choice - INFO -   Total mode choices: 672851
2026-09-30 07:29:47 - models.mode_choice - INFO -   Fallback mode used: 0 times
2026-09-30 07:29:47 - models.mode_choice - INFO -   Chain retries: 0
2026-09-30 07:29:47 - models.mode_choice - INFO -   Mode distribution in generated plans:
2026-09-30 07:29:47 - models.mode_choice - INFO -     car: 90.2%
2026-09-30 07:29:47 - models.mode_choice - INFO -     walk: 8.2%
2026-09-30 07:29:47 - models.mode_choice - INFO -     bus: 1.6%
2026-09-30 07:29:47 - models.mode_choice - INFO -     rail: 0.0%
2026-09-30 07:29:47 - models.mode_choice - INFO - ==================================================
2026-09-30 07:29:47 - __main__ - INFO - Generated 162,110 Shopping plans
2026-09-30 07:29:47 - __main__ - INFO - 
2026-09-30 07:29:47 - __main__ - INFO - ------------------------------------------------------------
2026-09-30 07:29:47 - __main__ - INFO - GENERATING SCHOOL PLANS
2026-09-30 07:29:47 - __main__ - INFO - ------------------------------------------------------------
2026-09-30 07:29:47 - models.plan_generator_nonwork - INFO - Initialized NonWorkPlanGenerator for School
2026-09-30 07:29:47 - utils.coordinates - INFO - Initialized coordinate converter: EPSG:4326 <-> EPSG:26915
2026-09-30 07:29:47 - models.plan_generator_nonwork - INFO -   Coordinate system: WGS84 -> EPSG:26915
2026-09-30 07:29:47 - models.plan_generator_nonwork - INFO - Using pre-loaded shared data...
2026-09-30 07:29:47 - models.plan_generator_nonwork - INFO -   Using 48,457 home blocks (pre-loaded)
2026-09-30 07:29:47 - models.plan_generator_nonwork - INFO -   Using 45,653 POIs (pre-loaded)
2026-09-30 07:29:47 - models.plan_generator_nonwork - INFO -   Using 22,229 survey trips (pre-loaded)
2026-09-30 07:29:47 - models.plan_generator_nonwork - INFO -   Using 3,648 persons (pre-loaded)
2026-09-30 07:29:47 - models.plan_generator_nonwork - INFO -   Using 1,854 trip chains (pre-loaded)
2026-09-30 07:29:47 - models.plan_generator_nonwork - INFO -   Using 45,653 POI-to-block mappings (pre-computed)
2026-09-30 07:29:47 - models.plan_generator_nonwork - INFO -   Using shared trip duration model (pre-initialized)
2026-09-30 07:29:47 - models.plan_generator_nonwork - INFO -   Using shared activity duration model (pre-initialized)
2026-09-30 07:29:47 - models.plan_generator_nonwork - INFO -   Using shared POI spatial index (pre-built)
2026-09-30 07:29:47 - models.plan_generator_nonwork - INFO - Initializing time models...
2026-09-30 07:29:47 - models.plan_generator_nonwork - INFO -   Using shared trip duration model
2026-09-30 07:29:47 - models.plan_generator_nonwork - INFO -   Using shared activity duration model
2026-09-30 07:29:47 - models.plan_generator_nonwork - INFO -   Time models initialized
2026-09-30 07:29:47 - models.plan_generator_nonwork - INFO -   Average trip duration: 16.5 minutes
2026-09-30 07:29:47 - models.plan_generator_nonwork - INFO - Initializing POI components...
2026-09-30 07:29:47 - models.plan_generator_nonwork - INFO -   Using shared POI spatial index: 6 activity types, 45,653 POIs
2026-09-30 07:29:47 - models.plan_generator_nonwork - INFO -   POI weighting enabled: True
2026-09-30 07:29:47 - models.plan_generator_nonwork - INFO - Initializing chain model...
2026-09-30 07:29:47 - models.plan_generator_nonwork - INFO -   School: budget chain model, 116 main-purpose patterns
2026-09-30 07:29:47 - models.plan_generator_nonwork - INFO - Initializing GTFS transit availability...
2026-09-30 07:29:47 - models.plan_generator_nonwork - INFO -   GTFS availability rebuilt from shared data: bus=10769 stops, rail=75 stops
2026-09-30 07:29:47 - models.plan_generator_nonwork - INFO - Initializing mode choice model...
2026-09-30 07:29:47 - models.mode_choice - INFO - Computing mode shares from survey data...
2026-09-30 07:29:47 - models.mode_choice - INFO - Computed mode rates for 8 purposes
2026-09-30 07:29:47 - models.mode_choice - INFO -   Overall mode distribution: car=81.7%, walk=12.7%, bus=1.7%, bike=1.5%, school_bus=0.8%, other=0.6%, rail=0.5%, rideshare=0.5%
2026-09-30 07:29:47 - models.mode_choice - INFO - ModeChoiceModel initialized with 4 modes: ['car', 'bus', 'rail', 'walk']
2026-09-30 07:29:47 - models.plan_generator_nonwork - INFO - Creating School OD matrix...
2026-09-30 07:29:47 - models.plan_generator_nonwork - INFO -   Using pre-computed POI-to-block mapping
2026-09-30 07:29:47 - models.od_matrix_nonwork - INFO - ======================================================================
2026-09-30 07:29:47 - models.od_matrix_nonwork - INFO - CREATING NON-WORK OD MATRIX - SCHOOL
2026-09-30 07:29:47 - models.od_matrix_nonwork - INFO - ======================================================================
2026-09-30 07:29:47 - models.od_matrix_nonwork - INFO - Configuration:
2026-09-30 07:29:47 - models.od_matrix_nonwork - INFO -   Beta (distance decay): 1.8
2026-09-30 07:29:47 - models.od_matrix_nonwork - INFO -   Alpha (survey weight): 0.15
2026-09-30 07:29:47 - models.od_matrix_nonwork - INFO -   Distance mode: cosine_km
2026-09-30 07:29:47 - models.od_matrix_nonwork - INFO - Calculating POI density for School...
2026-09-30 07:29:47 - models.od_matrix_nonwork - INFO -   Total POIs to process: 45,653
2026-09-30 07:29:47 - models.od_matrix_nonwork - INFO -   Filtered to 1,799 School POIs
2026-09-30 07:29:47 - models.od_matrix_nonwork - INFO -   Using pre-computed POI-to-block mapping (fast path)
2026-09-30 07:29:47 - models.od_matrix_nonwork - INFO -   POI assignment complete:
2026-09-30 07:29:47 - models.od_matrix_nonwork - INFO -     Blocks with POIs: 1,192
2026-09-30 07:29:47 - models.od_matrix_nonwork - INFO -     Total POIs assigned: 1,799
2026-09-30 07:29:47 - models.od_matrix_nonwork - INFO -     Avg POIs per block (non-zero): 1.5
2026-09-30 07:29:47 - models.od_matrix_nonwork - INFO - Creating survey OD matrix for School...
2026-09-30 07:29:47 - models.od_matrix_nonwork - INFO -   Filtered to 567 trips (from 22,229 total)
2026-09-30 07:29:47 - models.od_matrix_nonwork - INFO -   Survey OD matrix created: (318, 282)
2026-09-30 07:29:47 - models.od_matrix_nonwork - INFO -   Total trips in survey matrix: 567
2026-09-30 07:29:47 - models.od_matrix_nonwork - INFO - ======================================================================
2026-09-30 07:29:47 - models.od_matrix_nonwork - INFO - SINGLY-CONSTRAINED GRAVITY MODEL - SCHOOL
2026-09-30 07:29:47 - models.od_matrix_nonwork - INFO - ======================================================================
2026-09-30 07:29:47 - models.od_matrix_nonwork - INFO - Origins from the demand budget ('nw_origin_School' per home block)
2026-09-30 07:29:47 - models.od_matrix_nonwork - INFO -   Pre-aggregated 48,457 blocks -> 2,861 block_groups (home)
2026-09-30 07:29:47 - models.od_matrix_nonwork - INFO -   Pre-aggregated POI blocks -> 879 block_groups with POIs
2026-09-30 07:29:47 - models.od_matrix_nonwork - INFO - Number of home block_groups: 2861
2026-09-30 07:29:47 - models.od_matrix_nonwork - INFO - Number of destination block_groups (with POIs): 879
2026-09-30 07:29:47 - models.od_matrix_nonwork - INFO - Distance decay beta: 1.8
2026-09-30 07:29:47 - models.od_matrix_nonwork - INFO - Total non-employees (base): 1,788,851
2026-09-30 07:29:47 - models.od_matrix_nonwork - INFO - Total travelers (demand budget): 621,630
2026-09-30 07:29:47 - models.od_matrix_nonwork - INFO - Total POIs (destination): 1,799
2026-09-30 07:29:47 - models.od_matrix_nonwork - INFO - Extracting coordinates...
2026-09-30 07:29:47 - models.od_matrix_nonwork - INFO - Calculating distances and friction factors (mode: cosine_km)...
2026-09-30 07:29:48 - models.od_matrix_v3 - INFO -   Intrazonal distance set from zone area on 879 diagonal cells (factor 0.5): median 0 m -> 270 m
2026-09-30 07:29:48 - models.od_matrix_nonwork - INFO -   Distances in km: median 30.46, min 0.050, max 222.9
2026-09-30 07:29:48 - models.od_matrix_nonwork - INFO - Initial gravity model total trips: 621,630
2026-09-30 07:29:48 - models.od_matrix_nonwork - INFO - 
Running IPF iterations (max 50)...
2026-09-30 07:29:48 - models.od_matrix_nonwork - INFO -   Iteration 1: Max relative difference = 5.18e-16
2026-09-30 07:29:48 - models.od_matrix_nonwork - INFO - Converged after 1 iterations
2026-09-30 07:29:48 - models.od_matrix_nonwork - INFO - ======================================================================
2026-09-30 07:29:48 - models.od_matrix_nonwork - INFO - VERIFICATION
2026-09-30 07:29:48 - models.od_matrix_nonwork - INFO - ======================================================================
2026-09-30 07:29:48 - models.od_matrix_nonwork - INFO - Origin total: 621,630 | Matrix row sum: 621,630
2026-09-30 07:29:48 - models.od_matrix_nonwork - INFO - Max row constraint error: 2.27e-13
2026-09-30 07:29:48 - models.od_matrix_nonwork - INFO - Total trips in gravity model: 621,630
2026-09-30 07:29:48 - models.od_matrix_nonwork - INFO - 
2026-09-30 07:29:48 - models.od_matrix_nonwork - INFO -   Gravity model (block-group level): (2861, 879)
2026-09-30 07:29:48 - models.od_matrix_nonwork - INFO -   Survey matrix: (318, 282)
2026-09-30 07:29:48 - models.od_matrix_nonwork - INFO - 
Combining survey and gravity models...
2026-09-30 07:29:48 - models.od_matrix_v3 - INFO - ======================================================================
2026-09-30 07:29:48 - models.od_matrix_v3 - INFO - COMBINING OD MATRICES
2026-09-30 07:29:48 - models.od_matrix_v3 - INFO - ======================================================================
2026-09-30 07:29:48 - models.od_matrix_v3 - INFO - Survey matrix shape: (318, 282)
2026-09-30 07:29:48 - models.od_matrix_v3 - INFO - Local matrix shape: (2861, 879)
2026-09-30 07:29:48 - models.od_matrix_v3 - INFO - Alpha (survey weight): 0.15
2026-09-30 07:29:48 - models.od_matrix_v3 - INFO - Local weight: 0.85
2026-09-30 07:29:48 - models.od_matrix_v3 - INFO - Aligning survey to local matrix structure...
2026-09-30 07:29:48 - models.od_matrix_v3 - INFO - Combining matrices (alpha blend where survey exists, local only where survey is empty)...
2026-09-30 07:29:48 - models.od_matrix_v3 - INFO - No scaling target specified. Using local matrix total: 621,630
2026-09-30 07:29:48 - models.od_matrix_v3 - INFO - Matrix total before scaling: 620,851
2026-09-30 07:29:48 - models.od_matrix_v3 - INFO - Scale factor: 1.001254
2026-09-30 07:29:48 - models.od_matrix_v3 - INFO - Applying robust rounding to guarantee target total...
2026-09-30 07:29:48 - models.od_matrix_v3 - INFO - Total after flooring: 345,504
2026-09-30 07:29:48 - models.od_matrix_v3 - INFO - Remainder to distribute: 276,126
2026-09-30 07:29:48 - models.od_matrix_v3 - INFO - ======================================================================
2026-09-30 07:29:48 - models.od_matrix_v3 - INFO - VERIFICATION
2026-09-30 07:29:48 - models.od_matrix_v3 - INFO - ======================================================================
2026-09-30 07:29:48 - models.od_matrix_v3 - INFO - Survey total trips: 567
2026-09-30 07:29:48 - models.od_matrix_v3 - INFO - Local total trips: 621,630
2026-09-30 07:29:48 - models.od_matrix_v3 - INFO - Combined total trips (before scaling): 620,851
2026-09-30 07:29:48 - models.od_matrix_v3 - INFO - Combined total trips (after scaling & rounding): 621,630
2026-09-30 07:29:48 - models.od_matrix_v3 - INFO - Target total: 621,630
2026-09-30 07:29:48 - models.od_matrix_v3 - INFO - Difference: 0
2026-09-30 07:29:48 - models.od_matrix_v3 - INFO - Combined matrix shape: (2861, 879)
2026-09-30 07:29:48 - models.od_matrix_nonwork - INFO - ======================================================================
2026-09-30 07:29:48 - models.od_matrix_nonwork - INFO - NONWORK OD MATRIX CREATION COMPLETE - SCHOOL
2026-09-30 07:29:48 - models.od_matrix_nonwork - INFO - ======================================================================
2026-09-30 07:29:48 - models.plan_generator_nonwork - INFO -   OD matrix shape: (2861, 879)
2026-09-30 07:29:48 - models.plan_generator_nonwork - INFO -   Unscaled total trips: 621,630
2026-09-30 07:29:48 - models.plan_generator_nonwork - INFO -   Scaling factor: 0.15
2026-09-30 07:29:48 - models.plan_generator_nonwork - INFO -   Scaled total trips: 93,048
2026-09-30 07:29:48 - models.plan_generator_nonwork - INFO - NonWorkPlanGenerator initialization complete
2026-09-30 07:29:48 - models.plan_generator_nonwork - INFO - ============================================================
2026-09-30 07:29:48 - models.plan_generator_nonwork - INFO - SCHOOL PLAN GENERATION
2026-09-30 07:29:48 - models.plan_generator_nonwork - INFO - ============================================================
2026-09-30 07:29:48 - models.plan_generator_nonwork - INFO -   Population base (non-employees in region): 1,788,851
2026-09-30 07:29:48 - models.plan_generator_nonwork - INFO -   Unscaled School trips: 621,630
2026-09-30 07:29:48 - models.plan_generator_nonwork - INFO -   Scaling factor: 0.15
2026-09-30 07:29:48 - models.plan_generator_nonwork - INFO -   Scaled School trips: 93,048
2026-09-30 07:29:48 - models.plan_generator_nonwork - INFO -   Expected scaled trips: 93,244
2026-09-30 07:29:48 - models.plan_generator_nonwork - INFO -   Scaling accuracy: 99.8%
2026-09-30 07:29:48 - models.plan_generator_nonwork - INFO - 
2026-09-30 07:29:48 - models.plan_generator_nonwork - INFO - Generating all School plans using multiprocessing...
2026-09-30 07:29:48 - models.plan_generator_nonwork - INFO -   Using all 93,048 trips from scaled OD matrix
2026-09-30 07:29:48 - models.plan_generator_nonwork - INFO - Using 30 processes for School plan generation
2026-09-30 07:29:48 - models.plan_generator_nonwork - INFO - Pre-loading data for School multiprocessing...
2026-09-30 07:29:48 - models.plan_generator_nonwork - INFO -   Serialized GTFS stop data for workers: bus=10769 stops, rail=75 stops
2026-09-30 07:29:48 - models.plan_generator_nonwork - INFO -   Prepared shared data with 48,457 home blocks
2026-09-30 07:29:48 - models.plan_generator_nonwork - INFO -   POI categories: 6
2026-09-30 07:29:48 - models.plan_generator_nonwork - INFO -   Chain patterns: 116
2026-09-30 07:29:48 - models.plan_generator_nonwork - INFO - Split 63554 OD pairs into 31 chunks
2026-09-30 07:32:05 - models.plan_generator_nonwork - INFO - 
2026-09-30 07:32:05 - models.plan_generator_nonwork - INFO - School GENERATION COMPLETE
2026-09-30 07:32:05 - models.plan_generator_nonwork - INFO -   Plans generated: 93,048
2026-09-30 07:32:05 - models.plan_generator_nonwork - INFO -   Failed plans: 0
2026-09-30 07:32:05 - models.plan_generator_nonwork - INFO -   Chain retries: 6,398 / 99,552 attempts
2026-09-30 07:32:05 - models.plan_generator_nonwork - INFO -     Too short: 6,398
2026-09-30 07:32:05 - models.plan_generator_nonwork - INFO -     Bad structure (not Home-...-Home): 0
2026-09-30 07:32:05 - models.plan_generator_nonwork - INFO -     Missing purpose: 0
2026-09-30 07:32:05 - models.plan_generator_nonwork - INFO -     Contains Work: 0
2026-09-30 07:32:05 - models.plan_generator_nonwork - INFO -   POI retries: 13,746
2026-09-30 07:32:05 - models.plan_generator_nonwork - INFO -   Time retries: 1
2026-09-30 07:32:05 - models.plan_generator_nonwork - INFO -   Schedules built: 109,105
2026-09-30 07:32:05 - models.plan_generator_nonwork - INFO -     Trimmed to fit 24h: 938 (0.86%)
2026-09-30 07:32:05 - models.plan_generator_nonwork - INFO -     Dropped, over budget: 1 (0.00%)
2026-09-30 07:32:05 - models.plan_generator_nonwork - INFO -     Resampled, over budget (over_budget=resample): 16,056
2026-09-30 07:32:05 - models.plan_generator_nonwork - INFO -     Excess per trimmed schedule: mean 1169.2 min, max 3160.1 min
2026-09-30 07:32:05 - models.plan_generator_nonwork - INFO -     Minutes actually removed: 1,085,782 total, mean 1157.6 min
2026-09-30 07:32:05 - models.plan_generator_nonwork - INFO - ============================================================
2026-09-30 07:32:05 - models.mode_choice - INFO - ==================================================
2026-09-30 07:32:05 - models.mode_choice - INFO - MODE CHOICE STATISTICS
2026-09-30 07:32:05 - models.mode_choice - INFO - ==================================================
2026-09-30 07:32:05 - models.mode_choice - INFO -   Total mode choices: 266796
2026-09-30 07:32:05 - models.mode_choice - INFO -   Fallback mode used: 0 times
2026-09-30 07:32:05 - models.mode_choice - INFO -   Chain retries: 0
2026-09-30 07:32:05 - models.mode_choice - INFO -   Mode distribution in generated plans:
2026-09-30 07:32:05 - models.mode_choice - INFO -     car: 90.0%
2026-09-30 07:32:05 - models.mode_choice - INFO -     walk: 6.7%
2026-09-30 07:32:05 - models.mode_choice - INFO -     bus: 3.2%
2026-09-30 07:32:05 - models.mode_choice - INFO -     rail: 0.1%
2026-09-30 07:32:05 - models.mode_choice - INFO - ==================================================
2026-09-30 07:32:05 - __main__ - INFO - Generated 93,048 School plans
2026-09-30 07:32:05 - __main__ - INFO - 
2026-09-30 07:32:05 - __main__ - INFO - ------------------------------------------------------------
2026-09-30 07:32:05 - __main__ - INFO - GENERATING SOCIAL PLANS
2026-09-30 07:32:05 - __main__ - INFO - ------------------------------------------------------------
2026-09-30 07:32:05 - models.plan_generator_nonwork - INFO - Initialized NonWorkPlanGenerator for Social
2026-09-30 07:32:05 - utils.coordinates - INFO - Initialized coordinate converter: EPSG:4326 <-> EPSG:26915
2026-09-30 07:32:05 - models.plan_generator_nonwork - INFO -   Coordinate system: WGS84 -> EPSG:26915
2026-09-30 07:32:05 - models.plan_generator_nonwork - INFO - Using pre-loaded shared data...
2026-09-30 07:32:05 - models.plan_generator_nonwork - INFO -   Using 48,457 home blocks (pre-loaded)
2026-09-30 07:32:05 - models.plan_generator_nonwork - INFO -   Using 45,653 POIs (pre-loaded)
2026-09-30 07:32:05 - models.plan_generator_nonwork - INFO -   Using 22,229 survey trips (pre-loaded)
2026-09-30 07:32:05 - models.plan_generator_nonwork - INFO -   Using 3,648 persons (pre-loaded)
2026-09-30 07:32:05 - models.plan_generator_nonwork - INFO -   Using 1,854 trip chains (pre-loaded)
2026-09-30 07:32:05 - models.plan_generator_nonwork - INFO -   Using 45,653 POI-to-block mappings (pre-computed)
2026-09-30 07:32:05 - models.plan_generator_nonwork - INFO -   Using shared trip duration model (pre-initialized)
2026-09-30 07:32:05 - models.plan_generator_nonwork - INFO -   Using shared activity duration model (pre-initialized)
2026-09-30 07:32:05 - models.plan_generator_nonwork - INFO -   Using shared POI spatial index (pre-built)
2026-09-30 07:32:05 - models.plan_generator_nonwork - INFO - Initializing time models...
2026-09-30 07:32:05 - models.plan_generator_nonwork - INFO -   Using shared trip duration model
2026-09-30 07:32:05 - models.plan_generator_nonwork - INFO -   Using shared activity duration model
2026-09-30 07:32:05 - models.plan_generator_nonwork - INFO -   Time models initialized
2026-09-30 07:32:05 - models.plan_generator_nonwork - INFO -   Average trip duration: 16.5 minutes
2026-09-30 07:32:05 - models.plan_generator_nonwork - INFO - Initializing POI components...
2026-09-30 07:32:05 - models.plan_generator_nonwork - INFO -   Using shared POI spatial index: 6 activity types, 45,653 POIs
2026-09-30 07:32:05 - models.plan_generator_nonwork - INFO -   POI weighting enabled: True
2026-09-30 07:32:05 - models.plan_generator_nonwork - INFO - Initializing chain model...
2026-09-30 07:32:05 - models.plan_generator_nonwork - INFO -   Social: budget chain model, 325 main-purpose patterns
2026-09-30 07:32:05 - models.plan_generator_nonwork - INFO - Initializing GTFS transit availability...
2026-09-30 07:32:05 - models.plan_generator_nonwork - INFO -   GTFS availability rebuilt from shared data: bus=10769 stops, rail=75 stops
2026-09-30 07:32:05 - models.plan_generator_nonwork - INFO - Initializing mode choice model...
2026-09-30 07:32:05 - models.mode_choice - INFO - Computing mode shares from survey data...
2026-09-30 07:32:05 - models.mode_choice - INFO - Computed mode rates for 8 purposes
2026-09-30 07:32:05 - models.mode_choice - INFO -   Overall mode distribution: car=81.7%, walk=12.7%, bus=1.7%, bike=1.5%, school_bus=0.8%, other=0.6%, rail=0.5%, rideshare=0.5%
2026-09-30 07:32:05 - models.mode_choice - INFO - ModeChoiceModel initialized with 4 modes: ['car', 'bus', 'rail', 'walk']
2026-09-30 07:32:05 - models.plan_generator_nonwork - INFO - Creating Social OD matrix...
2026-09-30 07:32:05 - models.plan_generator_nonwork - INFO -   Using pre-computed POI-to-block mapping
2026-09-30 07:32:05 - models.od_matrix_nonwork - INFO - ======================================================================
2026-09-30 07:32:05 - models.od_matrix_nonwork - INFO - CREATING NON-WORK OD MATRIX - SOCIAL
2026-09-30 07:32:05 - models.od_matrix_nonwork - INFO - ======================================================================
2026-09-30 07:32:05 - models.od_matrix_nonwork - INFO - Configuration:
2026-09-30 07:32:05 - models.od_matrix_nonwork - INFO -   Beta (distance decay): 2.0
2026-09-30 07:32:05 - models.od_matrix_nonwork - INFO -   Alpha (survey weight): 0.1
2026-09-30 07:32:05 - models.od_matrix_nonwork - INFO -   Distance mode: cosine_km
2026-09-30 07:32:05 - models.od_matrix_nonwork - INFO - Calculating POI density for Social...
2026-09-30 07:32:05 - models.od_matrix_nonwork - INFO -   Total POIs to process: 45,653
2026-09-30 07:32:05 - models.od_matrix_nonwork - INFO -   Filtered to 12,803 Social POIs
2026-09-30 07:32:05 - models.od_matrix_nonwork - INFO -   Using pre-computed POI-to-block mapping (fast path)
2026-09-30 07:32:05 - models.od_matrix_nonwork - INFO -   POI assignment complete:
2026-09-30 07:32:05 - models.od_matrix_nonwork - INFO -     Blocks with POIs: 7,557
2026-09-30 07:32:05 - models.od_matrix_nonwork - INFO -     Total POIs assigned: 12,803
2026-09-30 07:32:05 - models.od_matrix_nonwork - INFO -     Avg POIs per block (non-zero): 1.7
2026-09-30 07:32:05 - models.od_matrix_nonwork - INFO - Creating survey OD matrix for Social...
2026-09-30 07:32:05 - models.od_matrix_nonwork - INFO -   Filtered to 2,707 trips (from 22,229 total)
2026-09-30 07:32:05 - models.od_matrix_nonwork - INFO -   Survey OD matrix created: (1064, 1036)
2026-09-30 07:32:05 - models.od_matrix_nonwork - INFO -   Total trips in survey matrix: 2,707
2026-09-30 07:32:05 - models.od_matrix_nonwork - INFO - ======================================================================
2026-09-30 07:32:05 - models.od_matrix_nonwork - INFO - SINGLY-CONSTRAINED GRAVITY MODEL - SOCIAL
2026-09-30 07:32:05 - models.od_matrix_nonwork - INFO - ======================================================================
2026-09-30 07:32:05 - models.od_matrix_nonwork - INFO - Origins from the demand budget ('nw_origin_Social' per home block)
2026-09-30 07:32:05 - models.od_matrix_nonwork - INFO -   Pre-aggregated 48,457 blocks -> 2,861 block_groups (home)
2026-09-30 07:32:05 - models.od_matrix_nonwork - INFO -   Pre-aggregated POI blocks -> 2,393 block_groups with POIs
2026-09-30 07:32:05 - models.od_matrix_nonwork - INFO - Number of home block_groups: 2861
2026-09-30 07:32:05 - models.od_matrix_nonwork - INFO - Number of destination block_groups (with POIs): 2393
2026-09-30 07:32:05 - models.od_matrix_nonwork - INFO - Distance decay beta: 2.0
2026-09-30 07:32:05 - models.od_matrix_nonwork - INFO - Total non-employees (base): 1,788,851
2026-09-30 07:32:05 - models.od_matrix_nonwork - INFO - Total travelers (demand budget): 641,664
2026-09-30 07:32:05 - models.od_matrix_nonwork - INFO - Total POIs (destination): 12,803
2026-09-30 07:32:05 - models.od_matrix_nonwork - INFO - Extracting coordinates...
2026-09-30 07:32:05 - models.od_matrix_nonwork - INFO - Calculating distances and friction factors (mode: cosine_km)...
2026-09-30 07:32:05 - models.od_matrix_v3 - INFO -   Intrazonal distance set from zone area on 2,393 diagonal cells (factor 0.5): median 0 m -> 267 m
2026-09-30 07:32:05 - models.od_matrix_nonwork - INFO -   Distances in km: median 30.56, min 0.050, max 222.9
2026-09-30 07:32:05 - models.od_matrix_nonwork - INFO - Initial gravity model total trips: 641,664
2026-09-30 07:32:05 - models.od_matrix_nonwork - INFO - 
Running IPF iterations (max 50)...
2026-09-30 07:32:05 - models.od_matrix_nonwork - INFO -   Iteration 1: Max relative difference = 5.64e-16
2026-09-30 07:32:05 - models.od_matrix_nonwork - INFO - Converged after 1 iterations
2026-09-30 07:32:05 - models.od_matrix_nonwork - INFO - ======================================================================
2026-09-30 07:32:05 - models.od_matrix_nonwork - INFO - VERIFICATION
2026-09-30 07:32:05 - models.od_matrix_nonwork - INFO - ======================================================================
2026-09-30 07:32:05 - models.od_matrix_nonwork - INFO - Origin total: 641,664 | Matrix row sum: 641,664
2026-09-30 07:32:05 - models.od_matrix_nonwork - INFO - Max row constraint error: 1.71e-13
2026-09-30 07:32:05 - models.od_matrix_nonwork - INFO - Total trips in gravity model: 641,664
2026-09-30 07:32:05 - models.od_matrix_nonwork - INFO - 
2026-09-30 07:32:05 - models.od_matrix_nonwork - INFO -   Gravity model (block-group level): (2861, 2393)
2026-09-30 07:32:05 - models.od_matrix_nonwork - INFO -   Survey matrix: (1064, 1036)
2026-09-30 07:32:05 - models.od_matrix_nonwork - INFO - 
Combining survey and gravity models...
2026-09-30 07:32:05 - models.od_matrix_v3 - INFO - ======================================================================
2026-09-30 07:32:05 - models.od_matrix_v3 - INFO - COMBINING OD MATRICES
2026-09-30 07:32:05 - models.od_matrix_v3 - INFO - ======================================================================
2026-09-30 07:32:05 - models.od_matrix_v3 - INFO - Survey matrix shape: (1064, 1036)
2026-09-30 07:32:05 - models.od_matrix_v3 - INFO - Local matrix shape: (2861, 2393)
2026-09-30 07:32:05 - models.od_matrix_v3 - INFO - Alpha (survey weight): 0.10
2026-09-30 07:32:05 - models.od_matrix_v3 - INFO - Local weight: 0.90
2026-09-30 07:32:05 - models.od_matrix_v3 - INFO - Aligning survey to local matrix structure...
2026-09-30 07:32:05 - models.od_matrix_v3 - INFO - Combining matrices (alpha blend where survey exists, local only where survey is empty)...
2026-09-30 07:32:06 - models.od_matrix_v3 - INFO - No scaling target specified. Using local matrix total: 641,664
2026-09-30 07:32:06 - models.od_matrix_v3 - INFO - Matrix total before scaling: 638,731
2026-09-30 07:32:06 - models.od_matrix_v3 - INFO - Scale factor: 1.004591
2026-09-30 07:32:06 - models.od_matrix_v3 - INFO - Applying robust rounding to guarantee target total...
2026-09-30 07:32:06 - models.od_matrix_v3 - INFO - Total after flooring: 394,175
2026-09-30 07:32:06 - models.od_matrix_v3 - INFO - Remainder to distribute: 247,489
2026-09-30 07:32:07 - models.od_matrix_v3 - INFO - ======================================================================
2026-09-30 07:32:07 - models.od_matrix_v3 - INFO - VERIFICATION
2026-09-30 07:32:07 - models.od_matrix_v3 - INFO - ======================================================================
2026-09-30 07:32:07 - models.od_matrix_v3 - INFO - Survey total trips: 2,707
2026-09-30 07:32:07 - models.od_matrix_v3 - INFO - Local total trips: 641,664
2026-09-30 07:32:07 - models.od_matrix_v3 - INFO - Combined total trips (before scaling): 638,731
2026-09-30 07:32:07 - models.od_matrix_v3 - INFO - Combined total trips (after scaling & rounding): 641,664
2026-09-30 07:32:07 - models.od_matrix_v3 - INFO - Target total: 641,664
2026-09-30 07:32:07 - models.od_matrix_v3 - INFO - Difference: 0
2026-09-30 07:32:07 - models.od_matrix_v3 - INFO - Combined matrix shape: (2861, 2393)
2026-09-30 07:32:07 - models.od_matrix_nonwork - INFO - ======================================================================
2026-09-30 07:32:07 - models.od_matrix_nonwork - INFO - NONWORK OD MATRIX CREATION COMPLETE - SOCIAL
2026-09-30 07:32:07 - models.od_matrix_nonwork - INFO - ======================================================================
2026-09-30 07:32:07 - models.plan_generator_nonwork - INFO -   OD matrix shape: (2861, 2393)
2026-09-30 07:32:07 - models.plan_generator_nonwork - INFO -   Unscaled total trips: 641,664
2026-09-30 07:32:07 - models.plan_generator_nonwork - INFO -   Scaling factor: 0.15
2026-09-30 07:32:07 - models.plan_generator_nonwork - INFO -   Scaled total trips: 96,033
2026-09-30 07:32:07 - models.plan_generator_nonwork - INFO - NonWorkPlanGenerator initialization complete
2026-09-30 07:32:07 - models.plan_generator_nonwork - INFO - ============================================================
2026-09-30 07:32:07 - models.plan_generator_nonwork - INFO - SOCIAL PLAN GENERATION
2026-09-30 07:32:07 - models.plan_generator_nonwork - INFO - ============================================================
2026-09-30 07:32:07 - models.plan_generator_nonwork - INFO -   Population base (non-employees in region): 1,788,851
2026-09-30 07:32:07 - models.plan_generator_nonwork - INFO -   Unscaled Social trips: 641,664
2026-09-30 07:32:07 - models.plan_generator_nonwork - INFO -   Scaling factor: 0.15
2026-09-30 07:32:07 - models.plan_generator_nonwork - INFO -   Scaled Social trips: 96,033
2026-09-30 07:32:07 - models.plan_generator_nonwork - INFO -   Expected scaled trips: 96,250
2026-09-30 07:32:07 - models.plan_generator_nonwork - INFO -   Scaling accuracy: 99.8%
2026-09-30 07:32:07 - models.plan_generator_nonwork - INFO - 
2026-09-30 07:32:07 - models.plan_generator_nonwork - INFO - Generating all Social plans using multiprocessing...
2026-09-30 07:32:07 - models.plan_generator_nonwork - INFO -   Using all 96,033 trips from scaled OD matrix
2026-09-30 07:32:07 - models.plan_generator_nonwork - INFO - Using 30 processes for Social plan generation
2026-09-30 07:32:07 - models.plan_generator_nonwork - INFO - Pre-loading data for Social multiprocessing...
2026-09-30 07:32:07 - models.plan_generator_nonwork - INFO -   Serialized GTFS stop data for workers: bus=10769 stops, rail=75 stops
2026-09-30 07:32:07 - models.plan_generator_nonwork - INFO -   Prepared shared data with 48,457 home blocks
2026-09-30 07:32:07 - models.plan_generator_nonwork - INFO -   POI categories: 6
2026-09-30 07:32:07 - models.plan_generator_nonwork - INFO -   Chain patterns: 325
2026-09-30 07:32:07 - models.plan_generator_nonwork - INFO - Split 57028 OD pairs into 31 chunks
2026-09-30 07:34:25 - models.plan_generator_nonwork - INFO - 
2026-09-30 07:34:25 - models.plan_generator_nonwork - INFO - Social GENERATION COMPLETE
2026-09-30 07:34:25 - models.plan_generator_nonwork - INFO -   Plans generated: 96,033
2026-09-30 07:34:25 - models.plan_generator_nonwork - INFO -   Failed plans: 0
2026-09-30 07:34:25 - models.plan_generator_nonwork - INFO -   Chain retries: 7,497 / 103,767 attempts
2026-09-30 07:34:25 - models.plan_generator_nonwork - INFO -     Too short: 7,497
2026-09-30 07:34:25 - models.plan_generator_nonwork - INFO -     Bad structure (not Home-...-Home): 0
2026-09-30 07:34:25 - models.plan_generator_nonwork - INFO -     Missing purpose: 0
2026-09-30 07:34:25 - models.plan_generator_nonwork - INFO -     Contains Work: 0
2026-09-30 07:34:25 - models.plan_generator_nonwork - INFO -   POI retries: 32,044
2026-09-30 07:34:25 - models.plan_generator_nonwork - INFO -   Time retries: 1
2026-09-30 07:34:25 - models.plan_generator_nonwork - INFO -   Schedules built: 119,816
2026-09-30 07:34:25 - models.plan_generator_nonwork - INFO -     Trimmed to fit 24h: 699 (0.58%)
2026-09-30 07:34:25 - models.plan_generator_nonwork - INFO -     Dropped, over budget: 1 (0.00%)
2026-09-30 07:34:25 - models.plan_generator_nonwork - INFO -     Resampled, over budget (over_budget=resample): 23,782
2026-09-30 07:34:25 - models.plan_generator_nonwork - INFO -     Excess per trimmed schedule: mean 514.1 min, max 1905.0 min
2026-09-30 07:34:25 - models.plan_generator_nonwork - INFO -     Minutes actually removed: 351,364 total, mean 502.7 min
2026-09-30 07:34:25 - models.plan_generator_nonwork - INFO - ============================================================
2026-09-30 07:34:25 - models.mode_choice - INFO - ==================================================
2026-09-30 07:34:25 - models.mode_choice - INFO - MODE CHOICE STATISTICS
2026-09-30 07:34:25 - models.mode_choice - INFO - ==================================================
2026-09-30 07:34:25 - models.mode_choice - INFO -   Total mode choices: 383372
2026-09-30 07:34:25 - models.mode_choice - INFO -   Fallback mode used: 0 times
2026-09-30 07:34:25 - models.mode_choice - INFO -   Chain retries: 0
2026-09-30 07:34:25 - models.mode_choice - INFO -   Mode distribution in generated plans:
2026-09-30 07:34:25 - models.mode_choice - INFO -     car: 88.8%
2026-09-30 07:34:25 - models.mode_choice - INFO -     walk: 9.5%
2026-09-30 07:34:25 - models.mode_choice - INFO -     bus: 1.7%
2026-09-30 07:34:25 - models.mode_choice - INFO -     rail: 0.0%
2026-09-30 07:34:25 - models.mode_choice - INFO - ==================================================
2026-09-30 07:34:25 - __main__ - INFO - Generated 96,033 Social plans
2026-09-30 07:34:25 - __main__ - INFO - 
2026-09-30 07:34:25 - __main__ - INFO - ------------------------------------------------------------
2026-09-30 07:34:25 - __main__ - INFO - GENERATING DINING PLANS
2026-09-30 07:34:25 - __main__ - INFO - ------------------------------------------------------------
2026-09-30 07:34:25 - models.plan_generator_nonwork - INFO - Initialized NonWorkPlanGenerator for Dining
2026-09-30 07:34:25 - utils.coordinates - INFO - Initialized coordinate converter: EPSG:4326 <-> EPSG:26915
2026-09-30 07:34:25 - models.plan_generator_nonwork - INFO -   Coordinate system: WGS84 -> EPSG:26915
2026-09-30 07:34:25 - models.plan_generator_nonwork - INFO - Using pre-loaded shared data...
2026-09-30 07:34:25 - models.plan_generator_nonwork - INFO -   Using 48,457 home blocks (pre-loaded)
2026-09-30 07:34:25 - models.plan_generator_nonwork - INFO -   Using 45,653 POIs (pre-loaded)
2026-09-30 07:34:25 - models.plan_generator_nonwork - INFO -   Using 22,229 survey trips (pre-loaded)
2026-09-30 07:34:25 - models.plan_generator_nonwork - INFO -   Using 3,648 persons (pre-loaded)
2026-09-30 07:34:25 - models.plan_generator_nonwork - INFO -   Using 1,854 trip chains (pre-loaded)
2026-09-30 07:34:25 - models.plan_generator_nonwork - INFO -   Using 45,653 POI-to-block mappings (pre-computed)
2026-09-30 07:34:25 - models.plan_generator_nonwork - INFO -   Using shared trip duration model (pre-initialized)
2026-09-30 07:34:25 - models.plan_generator_nonwork - INFO -   Using shared activity duration model (pre-initialized)
2026-09-30 07:34:25 - models.plan_generator_nonwork - INFO -   Using shared POI spatial index (pre-built)
2026-09-30 07:34:25 - models.plan_generator_nonwork - INFO - Initializing time models...
2026-09-30 07:34:25 - models.plan_generator_nonwork - INFO -   Using shared trip duration model
2026-09-30 07:34:25 - models.plan_generator_nonwork - INFO -   Using shared activity duration model
2026-09-30 07:34:25 - models.plan_generator_nonwork - INFO -   Time models initialized
2026-09-30 07:34:25 - models.plan_generator_nonwork - INFO -   Average trip duration: 16.5 minutes
2026-09-30 07:34:25 - models.plan_generator_nonwork - INFO - Initializing POI components...
2026-09-30 07:34:25 - models.plan_generator_nonwork - INFO -   Using shared POI spatial index: 6 activity types, 45,653 POIs
2026-09-30 07:34:25 - models.plan_generator_nonwork - INFO -   POI weighting enabled: True
2026-09-30 07:34:25 - models.plan_generator_nonwork - INFO - Initializing chain model...
2026-09-30 07:34:25 - models.plan_generator_nonwork - INFO -   Dining: budget chain model, 187 main-purpose patterns
2026-09-30 07:34:25 - models.plan_generator_nonwork - INFO - Initializing GTFS transit availability...
2026-09-30 07:34:29 - models.plan_generator_nonwork - INFO -   GTFS availability rebuilt from shared data: bus=10769 stops, rail=75 stops
2026-09-30 07:34:29 - models.plan_generator_nonwork - INFO - Initializing mode choice model...
2026-09-30 07:34:29 - models.mode_choice - INFO - Computing mode shares from survey data...
2026-09-30 07:34:29 - models.mode_choice - INFO - Computed mode rates for 8 purposes
2026-09-30 07:34:29 - models.mode_choice - INFO -   Overall mode distribution: car=81.7%, walk=12.7%, bus=1.7%, bike=1.5%, school_bus=0.8%, other=0.6%, rail=0.5%, rideshare=0.5%
2026-09-30 07:34:29 - models.mode_choice - INFO - ModeChoiceModel initialized with 4 modes: ['car', 'bus', 'rail', 'walk']
2026-09-30 07:34:29 - models.plan_generator_nonwork - INFO - Creating Dining OD matrix...
2026-09-30 07:34:29 - models.plan_generator_nonwork - INFO -   Using pre-computed POI-to-block mapping
2026-09-30 07:34:29 - models.od_matrix_nonwork - INFO - ======================================================================
2026-09-30 07:34:29 - models.od_matrix_nonwork - INFO - CREATING NON-WORK OD MATRIX - DINING
2026-09-30 07:34:29 - models.od_matrix_nonwork - INFO - ======================================================================
2026-09-30 07:34:29 - models.od_matrix_nonwork - INFO - Configuration:
2026-09-30 07:34:29 - models.od_matrix_nonwork - INFO -   Beta (distance decay): 2.0
2026-09-30 07:34:29 - models.od_matrix_nonwork - INFO -   Alpha (survey weight): 0.1
2026-09-30 07:34:29 - models.od_matrix_nonwork - INFO -   Distance mode: cosine_km
2026-09-30 07:34:29 - models.od_matrix_nonwork - INFO - Calculating POI density for Dining...
2026-09-30 07:34:29 - models.od_matrix_nonwork - INFO -   Total POIs to process: 45,653
2026-09-30 07:34:29 - models.od_matrix_nonwork - INFO -   Filtered to 4,905 Dining POIs
2026-09-30 07:34:29 - models.od_matrix_nonwork - INFO -   Using pre-computed POI-to-block mapping (fast path)
2026-09-30 07:34:29 - models.od_matrix_nonwork - INFO -   POI assignment complete:
2026-09-30 07:34:29 - models.od_matrix_nonwork - INFO -     Blocks with POIs: 2,221
2026-09-30 07:34:29 - models.od_matrix_nonwork - INFO -     Total POIs assigned: 4,905
2026-09-30 07:34:29 - models.od_matrix_nonwork - INFO -     Avg POIs per block (non-zero): 2.2
2026-09-30 07:34:29 - models.od_matrix_nonwork - INFO - Creating survey OD matrix for Dining...
2026-09-30 07:34:29 - models.od_matrix_nonwork - INFO -   Filtered to 1,710 trips (from 22,229 total)
2026-09-30 07:34:29 - models.od_matrix_nonwork - INFO -   Survey OD matrix created: (836, 645)
2026-09-30 07:34:29 - models.od_matrix_nonwork - INFO -   Total trips in survey matrix: 1,710
2026-09-30 07:34:29 - models.od_matrix_nonwork - INFO - ======================================================================
2026-09-30 07:34:29 - models.od_matrix_nonwork - INFO - SINGLY-CONSTRAINED GRAVITY MODEL - DINING
2026-09-30 07:34:29 - models.od_matrix_nonwork - INFO - ======================================================================
2026-09-30 07:34:29 - models.od_matrix_nonwork - INFO - Origins from the demand budget ('nw_origin_Dining' per home block)
2026-09-30 07:34:29 - models.od_matrix_nonwork - INFO -   Pre-aggregated 48,457 blocks -> 2,861 block_groups (home)
2026-09-30 07:34:29 - models.od_matrix_nonwork - INFO -   Pre-aggregated POI blocks -> 1,238 block_groups with POIs
2026-09-30 07:34:29 - models.od_matrix_nonwork - INFO - Number of home block_groups: 2861
2026-09-30 07:34:29 - models.od_matrix_nonwork - INFO - Number of destination block_groups (with POIs): 1238
2026-09-30 07:34:29 - models.od_matrix_nonwork - INFO - Distance decay beta: 2.0
2026-09-30 07:34:29 - models.od_matrix_nonwork - INFO - Total non-employees (base): 1,788,851
2026-09-30 07:34:29 - models.od_matrix_nonwork - INFO - Total travelers (demand budget): 282,746
2026-09-30 07:34:29 - models.od_matrix_nonwork - INFO - Total POIs (destination): 4,905
2026-09-30 07:34:29 - models.od_matrix_nonwork - INFO - Extracting coordinates...
2026-09-30 07:34:29 - models.od_matrix_nonwork - INFO - Calculating distances and friction factors (mode: cosine_km)...
2026-09-30 07:34:29 - models.od_matrix_v3 - INFO -   Intrazonal distance set from zone area on 1,238 diagonal cells (factor 0.5): median 0 m -> 239 m
2026-09-30 07:34:29 - models.od_matrix_nonwork - INFO -   Distances in km: median 29.14, min 0.050, max 222.9
2026-09-30 07:34:29 - models.od_matrix_nonwork - INFO - Initial gravity model total trips: 282,746
2026-09-30 07:34:29 - models.od_matrix_nonwork - INFO - 
Running IPF iterations (max 50)...
2026-09-30 07:34:29 - models.od_matrix_nonwork - INFO -   Iteration 1: Max relative difference = 5.32e-16
2026-09-30 07:34:29 - models.od_matrix_nonwork - INFO - Converged after 1 iterations
2026-09-30 07:34:29 - models.od_matrix_nonwork - INFO - ======================================================================
2026-09-30 07:34:29 - models.od_matrix_nonwork - INFO - VERIFICATION
2026-09-30 07:34:29 - models.od_matrix_nonwork - INFO - ======================================================================
2026-09-30 07:34:29 - models.od_matrix_nonwork - INFO - Origin total: 282,746 | Matrix row sum: 282,746
2026-09-30 07:34:29 - models.od_matrix_nonwork - INFO - Max row constraint error: 8.53e-14
2026-09-30 07:34:29 - models.od_matrix_nonwork - INFO - Total trips in gravity model: 282,746
2026-09-30 07:34:29 - models.od_matrix_nonwork - INFO - 
2026-09-30 07:34:29 - models.od_matrix_nonwork - INFO -   Gravity model (block-group level): (2861, 1238)
2026-09-30 07:34:29 - models.od_matrix_nonwork - INFO -   Survey matrix: (836, 645)
2026-09-30 07:34:29 - models.od_matrix_nonwork - INFO - 
Combining survey and gravity models...
2026-09-30 07:34:29 - models.od_matrix_v3 - INFO - ======================================================================
2026-09-30 07:34:29 - models.od_matrix_v3 - INFO - COMBINING OD MATRICES
2026-09-30 07:34:29 - models.od_matrix_v3 - INFO - ======================================================================
2026-09-30 07:34:29 - models.od_matrix_v3 - INFO - Survey matrix shape: (836, 645)
2026-09-30 07:34:29 - models.od_matrix_v3 - INFO - Local matrix shape: (2861, 1238)
2026-09-30 07:34:29 - models.od_matrix_v3 - INFO - Alpha (survey weight): 0.10
2026-09-30 07:34:29 - models.od_matrix_v3 - INFO - Local weight: 0.90
2026-09-30 07:34:29 - models.od_matrix_v3 - INFO - Aligning survey to local matrix structure...
2026-09-30 07:34:29 - models.od_matrix_v3 - INFO - Combining matrices (alpha blend where survey exists, local only where survey is empty)...
2026-09-30 07:34:29 - models.od_matrix_v3 - INFO - No scaling target specified. Using local matrix total: 282,746
2026-09-30 07:34:29 - models.od_matrix_v3 - INFO - Matrix total before scaling: 281,803
2026-09-30 07:34:29 - models.od_matrix_v3 - INFO - Scale factor: 1.003347
2026-09-30 07:34:29 - models.od_matrix_v3 - INFO - Applying robust rounding to guarantee target total...
2026-09-30 07:34:29 - models.od_matrix_v3 - INFO - Total after flooring: 148,638
2026-09-30 07:34:29 - models.od_matrix_v3 - INFO - Remainder to distribute: 134,108
2026-09-30 07:34:30 - models.od_matrix_v3 - INFO - ======================================================================
2026-09-30 07:34:30 - models.od_matrix_v3 - INFO - VERIFICATION
2026-09-30 07:34:30 - models.od_matrix_v3 - INFO - ======================================================================
2026-09-30 07:34:30 - models.od_matrix_v3 - INFO - Survey total trips: 1,710
2026-09-30 07:34:30 - models.od_matrix_v3 - INFO - Local total trips: 282,746
2026-09-30 07:34:30 - models.od_matrix_v3 - INFO - Combined total trips (before scaling): 281,803
2026-09-30 07:34:30 - models.od_matrix_v3 - INFO - Combined total trips (after scaling & rounding): 282,746
2026-09-30 07:34:30 - models.od_matrix_v3 - INFO - Target total: 282,746
2026-09-30 07:34:30 - models.od_matrix_v3 - INFO - Difference: 0
2026-09-30 07:34:30 - models.od_matrix_v3 - INFO - Combined matrix shape: (2861, 1238)
2026-09-30 07:34:30 - models.od_matrix_nonwork - INFO - ======================================================================
2026-09-30 07:34:30 - models.od_matrix_nonwork - INFO - NONWORK OD MATRIX CREATION COMPLETE - DINING
2026-09-30 07:34:30 - models.od_matrix_nonwork - INFO - ======================================================================
2026-09-30 07:34:30 - models.plan_generator_nonwork - INFO -   OD matrix shape: (2861, 1238)
2026-09-30 07:34:30 - models.plan_generator_nonwork - INFO -   Unscaled total trips: 282,746
2026-09-30 07:34:30 - models.plan_generator_nonwork - INFO -   Scaling factor: 0.15
2026-09-30 07:34:30 - models.plan_generator_nonwork - INFO -   Scaled total trips: 42,402
2026-09-30 07:34:30 - models.plan_generator_nonwork - INFO - NonWorkPlanGenerator initialization complete
2026-09-30 07:34:30 - models.plan_generator_nonwork - INFO - ============================================================
2026-09-30 07:34:30 - models.plan_generator_nonwork - INFO - DINING PLAN GENERATION
2026-09-30 07:34:30 - models.plan_generator_nonwork - INFO - ============================================================
2026-09-30 07:34:30 - models.plan_generator_nonwork - INFO -   Population base (non-employees in region): 1,788,851
2026-09-30 07:34:30 - models.plan_generator_nonwork - INFO -   Unscaled Dining trips: 282,746
2026-09-30 07:34:30 - models.plan_generator_nonwork - INFO -   Scaling factor: 0.15
2026-09-30 07:34:30 - models.plan_generator_nonwork - INFO -   Scaled Dining trips: 42,402
2026-09-30 07:34:30 - models.plan_generator_nonwork - INFO -   Expected scaled trips: 42,412
2026-09-30 07:34:30 - models.plan_generator_nonwork - INFO -   Scaling accuracy: 100.0%
2026-09-30 07:34:30 - models.plan_generator_nonwork - INFO - 
2026-09-30 07:34:30 - models.plan_generator_nonwork - INFO - Generating all Dining plans using multiprocessing...
2026-09-30 07:34:30 - models.plan_generator_nonwork - INFO -   Using all 42,402 trips from scaled OD matrix
2026-09-30 07:34:30 - models.plan_generator_nonwork - INFO - Using 30 processes for Dining plan generation
2026-09-30 07:34:30 - models.plan_generator_nonwork - INFO - Pre-loading data for Dining multiprocessing...
2026-09-30 07:34:30 - models.plan_generator_nonwork - INFO -   Serialized GTFS stop data for workers: bus=10769 stops, rail=75 stops
2026-09-30 07:34:30 - models.plan_generator_nonwork - INFO -   Prepared shared data with 48,457 home blocks
2026-09-30 07:34:30 - models.plan_generator_nonwork - INFO -   POI categories: 6
2026-09-30 07:34:30 - models.plan_generator_nonwork - INFO -   Chain patterns: 187
2026-09-30 07:34:30 - models.plan_generator_nonwork - INFO - Split 30283 OD pairs into 31 chunks
2026-09-30 07:36:04 - models.plan_generator_nonwork - INFO - 
2026-09-30 07:36:04 - models.plan_generator_nonwork - INFO - Dining GENERATION COMPLETE
2026-09-30 07:36:04 - models.plan_generator_nonwork - INFO -   Plans generated: 42,401
2026-09-30 07:36:04 - models.plan_generator_nonwork - INFO -   Failed plans: 1
2026-09-30 07:36:04 - models.plan_generator_nonwork - INFO -   Chain retries: 697 / 43,324 attempts
2026-09-30 07:36:04 - models.plan_generator_nonwork - INFO -     Too short: 697
2026-09-30 07:36:04 - models.plan_generator_nonwork - INFO -     Bad structure (not Home-...-Home): 0
2026-09-30 07:36:04 - models.plan_generator_nonwork - INFO -     Missing purpose: 0
2026-09-30 07:36:04 - models.plan_generator_nonwork - INFO -     Contains Work: 0
2026-09-30 07:36:04 - models.plan_generator_nonwork - INFO -   POI retries: 20,373
2026-09-30 07:36:04 - models.plan_generator_nonwork - INFO -   Time retries: 2
2026-09-30 07:36:04 - models.plan_generator_nonwork - INFO -   Schedules built: 53,516
2026-09-30 07:36:04 - models.plan_generator_nonwork - INFO -     Trimmed to fit 24h: 329 (0.61%)
2026-09-30 07:36:04 - models.plan_generator_nonwork - INFO -     Dropped, over budget: 2 (0.00%)
2026-09-30 07:36:04 - models.plan_generator_nonwork - INFO -     Resampled, over budget (over_budget=resample): 11,113
2026-09-30 07:36:04 - models.plan_generator_nonwork - INFO -     Excess per trimmed schedule: mean 784.3 min, max 2987.8 min
2026-09-30 07:36:04 - models.plan_generator_nonwork - INFO -     Minutes actually removed: 251,426 total, mean 764.2 min
2026-09-30 07:36:04 - models.plan_generator_nonwork - INFO - ============================================================
2026-09-30 07:36:04 - models.mode_choice - INFO - ==================================================
2026-09-30 07:36:04 - models.mode_choice - INFO - MODE CHOICE STATISTICS
2026-09-30 07:36:04 - models.mode_choice - INFO - ==================================================
2026-09-30 07:36:04 - models.mode_choice - INFO -   Total mode choices: 193488
2026-09-30 07:36:04 - models.mode_choice - INFO -   Fallback mode used: 0 times
2026-09-30 07:36:04 - models.mode_choice - INFO -   Chain retries: 0
2026-09-30 07:36:04 - models.mode_choice - INFO -   Mode distribution in generated plans:
2026-09-30 07:36:04 - models.mode_choice - INFO -     car: 91.6%
2026-09-30 07:36:04 - models.mode_choice - INFO -     walk: 6.6%
2026-09-30 07:36:04 - models.mode_choice - INFO -     bus: 1.8%
2026-09-30 07:36:04 - models.mode_choice - INFO -     rail: 0.0%
2026-09-30 07:36:04 - models.mode_choice - INFO - ==================================================
2026-09-30 07:36:04 - __main__ - INFO - Generated 42,401 Dining plans
2026-09-30 07:36:04 - __main__ - INFO - 
2026-09-30 07:36:04 - __main__ - INFO - ------------------------------------------------------------
2026-09-30 07:36:04 - __main__ - INFO - GENERATING OTHER PLANS
2026-09-30 07:36:04 - __main__ - INFO - ------------------------------------------------------------
2026-09-30 07:36:04 - models.plan_generator_nonwork - INFO - Initialized NonWorkPlanGenerator for Other
2026-09-30 07:36:04 - utils.coordinates - INFO - Initialized coordinate converter: EPSG:4326 <-> EPSG:26915
2026-09-30 07:36:04 - models.plan_generator_nonwork - INFO -   Coordinate system: WGS84 -> EPSG:26915
2026-09-30 07:36:04 - models.plan_generator_nonwork - INFO - Using pre-loaded shared data...
2026-09-30 07:36:04 - models.plan_generator_nonwork - INFO -   Using 48,457 home blocks (pre-loaded)
2026-09-30 07:36:04 - models.plan_generator_nonwork - INFO -   Using 45,653 POIs (pre-loaded)
2026-09-30 07:36:04 - models.plan_generator_nonwork - INFO -   Using 22,229 survey trips (pre-loaded)
2026-09-30 07:36:04 - models.plan_generator_nonwork - INFO -   Using 3,648 persons (pre-loaded)
2026-09-30 07:36:04 - models.plan_generator_nonwork - INFO -   Using 1,854 trip chains (pre-loaded)
2026-09-30 07:36:04 - models.plan_generator_nonwork - INFO -   Using 45,653 POI-to-block mappings (pre-computed)
2026-09-30 07:36:04 - models.plan_generator_nonwork - INFO -   Using shared trip duration model (pre-initialized)
2026-09-30 07:36:04 - models.plan_generator_nonwork - INFO -   Using shared activity duration model (pre-initialized)
2026-09-30 07:36:04 - models.plan_generator_nonwork - INFO -   Using shared POI spatial index (pre-built)
2026-09-30 07:36:04 - models.plan_generator_nonwork - INFO - Initializing time models...
2026-09-30 07:36:04 - models.plan_generator_nonwork - INFO -   Using shared trip duration model
2026-09-30 07:36:04 - models.plan_generator_nonwork - INFO -   Using shared activity duration model
2026-09-30 07:36:04 - models.plan_generator_nonwork - INFO -   Time models initialized
2026-09-30 07:36:04 - models.plan_generator_nonwork - INFO -   Average trip duration: 16.5 minutes
2026-09-30 07:36:04 - models.plan_generator_nonwork - INFO - Initializing POI components...
2026-09-30 07:36:04 - models.plan_generator_nonwork - INFO -   Using shared POI spatial index: 6 activity types, 45,653 POIs
2026-09-30 07:36:04 - models.plan_generator_nonwork - INFO -   POI weighting enabled: True
2026-09-30 07:36:04 - models.plan_generator_nonwork - INFO - Initializing chain model...
2026-09-30 07:36:04 - models.plan_generator_nonwork - INFO -   Other: budget chain model, 129 main-purpose patterns
2026-09-30 07:36:04 - models.plan_generator_nonwork - INFO - Initializing GTFS transit availability...
2026-09-30 07:36:04 - models.plan_generator_nonwork - INFO -   GTFS availability rebuilt from shared data: bus=10769 stops, rail=75 stops
2026-09-30 07:36:04 - models.plan_generator_nonwork - INFO - Initializing mode choice model...
2026-09-30 07:36:04 - models.mode_choice - INFO - Computing mode shares from survey data...
2026-09-30 07:36:04 - models.mode_choice - INFO - Computed mode rates for 8 purposes
2026-09-30 07:36:04 - models.mode_choice - INFO -   Overall mode distribution: car=81.7%, walk=12.7%, bus=1.7%, bike=1.5%, school_bus=0.8%, other=0.6%, rail=0.5%, rideshare=0.5%
2026-09-30 07:36:04 - models.mode_choice - INFO - ModeChoiceModel initialized with 4 modes: ['car', 'bus', 'rail', 'walk']
2026-09-30 07:36:04 - models.plan_generator_nonwork - INFO - Creating Other OD matrix...
2026-09-30 07:36:04 - models.plan_generator_nonwork - INFO -   Using pre-computed POI-to-block mapping
2026-09-30 07:36:04 - models.od_matrix_nonwork - INFO - ======================================================================
2026-09-30 07:36:04 - models.od_matrix_nonwork - INFO - CREATING NON-WORK OD MATRIX - OTHER
2026-09-30 07:36:04 - models.od_matrix_nonwork - INFO - ======================================================================
2026-09-30 07:36:04 - models.od_matrix_nonwork - INFO - Configuration:
2026-09-30 07:36:04 - models.od_matrix_nonwork - INFO -   Beta (distance decay): 2.0
2026-09-30 07:36:04 - models.od_matrix_nonwork - INFO -   Alpha (survey weight): 0.1
2026-09-30 07:36:04 - models.od_matrix_nonwork - INFO -   Distance mode: cosine_km
2026-09-30 07:36:04 - models.od_matrix_nonwork - INFO - Calculating POI density for Other...
2026-09-30 07:36:04 - models.od_matrix_nonwork - INFO -   Total POIs to process: 45,653
2026-09-30 07:36:04 - models.od_matrix_nonwork - INFO -   Filtered to 23,588 Other POIs
2026-09-30 07:36:04 - models.od_matrix_nonwork - INFO -   Using pre-computed POI-to-block mapping (fast path)
2026-09-30 07:36:04 - models.od_matrix_nonwork - INFO -   POI assignment complete:
2026-09-30 07:36:04 - models.od_matrix_nonwork - INFO -     Blocks with POIs: 8,557
2026-09-30 07:36:04 - models.od_matrix_nonwork - INFO -     Total POIs assigned: 23,588
2026-09-30 07:36:04 - models.od_matrix_nonwork - INFO -     Avg POIs per block (non-zero): 2.8
2026-09-30 07:36:04 - models.od_matrix_nonwork - INFO - Creating survey OD matrix for Other...
2026-09-30 07:36:04 - models.od_matrix_nonwork - INFO -   Filtered to 871 trips (from 22,229 total)
2026-09-30 07:36:04 - models.od_matrix_nonwork - INFO -   Survey OD matrix created: (565, 545)
2026-09-30 07:36:04 - models.od_matrix_nonwork - INFO -   Total trips in survey matrix: 871
2026-09-30 07:36:04 - models.od_matrix_nonwork - INFO - ======================================================================
2026-09-30 07:36:04 - models.od_matrix_nonwork - INFO - SINGLY-CONSTRAINED GRAVITY MODEL - OTHER
2026-09-30 07:36:04 - models.od_matrix_nonwork - INFO - ======================================================================
2026-09-30 07:36:04 - models.od_matrix_nonwork - INFO - Origins from the demand budget ('nw_origin_Other' per home block)
2026-09-30 07:36:04 - models.od_matrix_nonwork - INFO -   Pre-aggregated 48,457 blocks -> 2,861 block_groups (home)
2026-09-30 07:36:04 - models.od_matrix_nonwork - INFO -   Pre-aggregated POI blocks -> 2,457 block_groups with POIs
2026-09-30 07:36:04 - models.od_matrix_nonwork - INFO - Number of home block_groups: 2861
2026-09-30 07:36:04 - models.od_matrix_nonwork - INFO - Number of destination block_groups (with POIs): 2457
2026-09-30 07:36:04 - models.od_matrix_nonwork - INFO - Distance decay beta: 2.0
2026-09-30 07:36:04 - models.od_matrix_nonwork - INFO - Total non-employees (base): 1,788,851
2026-09-30 07:36:04 - models.od_matrix_nonwork - INFO - Total travelers (demand budget): 219,556
2026-09-30 07:36:04 - models.od_matrix_nonwork - INFO - Total POIs (destination): 23,588
2026-09-30 07:36:04 - models.od_matrix_nonwork - INFO - Extracting coordinates...
2026-09-30 07:36:04 - models.od_matrix_nonwork - INFO - Calculating distances and friction factors (mode: cosine_km)...
2026-09-30 07:36:04 - models.od_matrix_v3 - INFO -   Intrazonal distance set from zone area on 2,457 diagonal cells (factor 0.5): median 0 m -> 256 m
2026-09-30 07:36:04 - models.od_matrix_nonwork - INFO -   Distances in km: median 29.93, min 0.050, max 222.9
2026-09-30 07:36:05 - models.od_matrix_nonwork - INFO - Initial gravity model total trips: 219,556
2026-09-30 07:36:05 - models.od_matrix_nonwork - INFO - 
Running IPF iterations (max 50)...
2026-09-30 07:36:05 - models.od_matrix_nonwork - INFO -   Iteration 1: Max relative difference = 5.74e-16
2026-09-30 07:36:05 - models.od_matrix_nonwork - INFO - Converged after 1 iterations
2026-09-30 07:36:05 - models.od_matrix_nonwork - INFO - ======================================================================
2026-09-30 07:36:05 - models.od_matrix_nonwork - INFO - VERIFICATION
2026-09-30 07:36:05 - models.od_matrix_nonwork - INFO - ======================================================================
2026-09-30 07:36:05 - models.od_matrix_nonwork - INFO - Origin total: 219,556 | Matrix row sum: 219,556
2026-09-30 07:36:05 - models.od_matrix_nonwork - INFO - Max row constraint error: 5.68e-14
2026-09-30 07:36:05 - models.od_matrix_nonwork - INFO - Total trips in gravity model: 219,556
2026-09-30 07:36:05 - models.od_matrix_nonwork - INFO - 
2026-09-30 07:36:05 - models.od_matrix_nonwork - INFO -   Gravity model (block-group level): (2861, 2457)
2026-09-30 07:36:05 - models.od_matrix_nonwork - INFO -   Survey matrix: (565, 545)
2026-09-30 07:36:05 - models.od_matrix_nonwork - INFO - 
Combining survey and gravity models...
2026-09-30 07:36:05 - models.od_matrix_v3 - INFO - ======================================================================
2026-09-30 07:36:05 - models.od_matrix_v3 - INFO - COMBINING OD MATRICES
2026-09-30 07:36:05 - models.od_matrix_v3 - INFO - ======================================================================
2026-09-30 07:36:05 - models.od_matrix_v3 - INFO - Survey matrix shape: (565, 545)
2026-09-30 07:36:05 - models.od_matrix_v3 - INFO - Local matrix shape: (2861, 2457)
2026-09-30 07:36:05 - models.od_matrix_v3 - INFO - Alpha (survey weight): 0.10
2026-09-30 07:36:05 - models.od_matrix_v3 - INFO - Local weight: 0.90
2026-09-30 07:36:05 - models.od_matrix_v3 - INFO - Aligning survey to local matrix structure...
2026-09-30 07:36:05 - models.od_matrix_v3 - INFO - Combining matrices (alpha blend where survey exists, local only where survey is empty)...
2026-09-30 07:36:05 - models.od_matrix_v3 - INFO - No scaling target specified. Using local matrix total: 219,555
2026-09-30 07:36:05 - models.od_matrix_v3 - INFO - Matrix total before scaling: 219,334
2026-09-30 07:36:05 - models.od_matrix_v3 - INFO - Scale factor: 1.001009
2026-09-30 07:36:05 - models.od_matrix_v3 - INFO - Applying robust rounding to guarantee target total...
2026-09-30 07:36:06 - models.od_matrix_v3 - INFO - Total after flooring: 105,355
2026-09-30 07:36:06 - models.od_matrix_v3 - INFO - Remainder to distribute: 114,200
2026-09-30 07:36:06 - models.od_matrix_v3 - INFO - ======================================================================
2026-09-30 07:36:06 - models.od_matrix_v3 - INFO - VERIFICATION
2026-09-30 07:36:06 - models.od_matrix_v3 - INFO - ======================================================================
2026-09-30 07:36:06 - models.od_matrix_v3 - INFO - Survey total trips: 871
2026-09-30 07:36:06 - models.od_matrix_v3 - INFO - Local total trips: 219,556
2026-09-30 07:36:06 - models.od_matrix_v3 - INFO - Combined total trips (before scaling): 219,334
2026-09-30 07:36:06 - models.od_matrix_v3 - INFO - Combined total trips (after scaling & rounding): 219,555
2026-09-30 07:36:06 - models.od_matrix_v3 - INFO - Target total: 219,555
2026-09-30 07:36:06 - models.od_matrix_v3 - INFO - Difference: 0
2026-09-30 07:36:06 - models.od_matrix_v3 - INFO - Combined matrix shape: (2861, 2457)
2026-09-30 07:36:06 - models.od_matrix_nonwork - INFO - ======================================================================
2026-09-30 07:36:06 - models.od_matrix_nonwork - INFO - NONWORK OD MATRIX CREATION COMPLETE - OTHER
2026-09-30 07:36:06 - models.od_matrix_nonwork - INFO - ======================================================================
2026-09-30 07:36:06 - models.plan_generator_nonwork - INFO -   OD matrix shape: (2861, 2457)
2026-09-30 07:36:06 - models.plan_generator_nonwork - INFO -   Unscaled total trips: 219,555
2026-09-30 07:36:06 - models.plan_generator_nonwork - INFO -   Scaling factor: 0.15
2026-09-30 07:36:06 - models.plan_generator_nonwork - INFO -   Scaled total trips: 33,016
2026-09-30 07:36:06 - models.plan_generator_nonwork - INFO - NonWorkPlanGenerator initialization complete
2026-09-30 07:36:06 - models.plan_generator_nonwork - INFO - ============================================================
2026-09-30 07:36:06 - models.plan_generator_nonwork - INFO - OTHER PLAN GENERATION
2026-09-30 07:36:06 - models.plan_generator_nonwork - INFO - ============================================================
2026-09-30 07:36:06 - models.plan_generator_nonwork - INFO -   Population base (non-employees in region): 1,788,851
2026-09-30 07:36:06 - models.plan_generator_nonwork - INFO -   Unscaled Other trips: 219,555
2026-09-30 07:36:06 - models.plan_generator_nonwork - INFO -   Scaling factor: 0.15
2026-09-30 07:36:06 - models.plan_generator_nonwork - INFO -   Scaled Other trips: 33,016
2026-09-30 07:36:06 - models.plan_generator_nonwork - INFO -   Expected scaled trips: 32,933
2026-09-30 07:36:06 - models.plan_generator_nonwork - INFO -   Scaling accuracy: 100.3%
2026-09-30 07:36:06 - models.plan_generator_nonwork - INFO - 
2026-09-30 07:36:06 - models.plan_generator_nonwork - INFO - Generating all Other plans using multiprocessing...
2026-09-30 07:36:06 - models.plan_generator_nonwork - INFO -   Using all 33,016 trips from scaled OD matrix
2026-09-30 07:36:06 - models.plan_generator_nonwork - INFO - Using 30 processes for Other plan generation
2026-09-30 07:36:06 - models.plan_generator_nonwork - INFO - Pre-loading data for Other multiprocessing...
2026-09-30 07:36:06 - models.plan_generator_nonwork - INFO -   Serialized GTFS stop data for workers: bus=10769 stops, rail=75 stops
2026-09-30 07:36:06 - models.plan_generator_nonwork - INFO -   Prepared shared data with 48,457 home blocks
2026-09-30 07:36:06 - models.plan_generator_nonwork - INFO -   POI categories: 6
2026-09-30 07:36:06 - models.plan_generator_nonwork - INFO -   Chain patterns: 129
2026-09-30 07:36:06 - models.plan_generator_nonwork - INFO - Split 24225 OD pairs into 31 chunks
2026-09-30 07:37:32 - models.plan_generator_nonwork - INFO - 
2026-09-30 07:37:32 - models.plan_generator_nonwork - INFO - Other GENERATION COMPLETE
2026-09-30 07:37:32 - models.plan_generator_nonwork - INFO -   Plans generated: 33,016
2026-09-30 07:37:32 - models.plan_generator_nonwork - INFO -   Failed plans: 0
2026-09-30 07:37:32 - models.plan_generator_nonwork - INFO -   Chain retries: 4,329 / 37,404 attempts
2026-09-30 07:37:32 - models.plan_generator_nonwork - INFO -     Too short: 4,329
2026-09-30 07:37:32 - models.plan_generator_nonwork - INFO -     Bad structure (not Home-...-Home): 0
2026-09-30 07:37:32 - models.plan_generator_nonwork - INFO -     Missing purpose: 0
2026-09-30 07:37:32 - models.plan_generator_nonwork - INFO -     Contains Work: 0
2026-09-30 07:37:32 - models.plan_generator_nonwork - INFO -   POI retries: 9,030
2026-09-30 07:37:32 - models.plan_generator_nonwork - INFO -   Time retries: 0
2026-09-30 07:37:32 - models.plan_generator_nonwork - INFO -   Schedules built: 40,731
2026-09-30 07:37:32 - models.plan_generator_nonwork - INFO -     Trimmed to fit 24h: 79 (0.19%)
2026-09-30 07:37:32 - models.plan_generator_nonwork - INFO -     Dropped, over budget: 0 (0.00%)
2026-09-30 07:37:32 - models.plan_generator_nonwork - INFO -     Resampled, over budget (over_budget=resample): 7,715
2026-09-30 07:37:32 - models.plan_generator_nonwork - INFO -     Excess per trimmed schedule: mean 360.0 min, max 1776.5 min
2026-09-30 07:37:32 - models.plan_generator_nonwork - INFO -     Minutes actually removed: 28,125 total, mean 356.0 min
2026-09-30 07:37:32 - models.plan_generator_nonwork - INFO - ============================================================
2026-09-30 07:37:32 - models.mode_choice - INFO - ==================================================
2026-09-30 07:37:32 - models.mode_choice - INFO - MODE CHOICE STATISTICS
2026-09-30 07:37:32 - models.mode_choice - INFO - ==================================================
2026-09-30 07:37:32 - models.mode_choice - INFO -   Total mode choices: 130762
2026-09-30 07:37:32 - models.mode_choice - INFO -   Fallback mode used: 0 times
2026-09-30 07:37:32 - models.mode_choice - INFO -   Chain retries: 0
2026-09-30 07:37:32 - models.mode_choice - INFO -   Mode distribution in generated plans:
2026-09-30 07:37:32 - models.mode_choice - INFO -     car: 93.3%
2026-09-30 07:37:32 - models.mode_choice - INFO -     walk: 4.8%
2026-09-30 07:37:32 - models.mode_choice - INFO -     bus: 1.9%
2026-09-30 07:37:32 - models.mode_choice - INFO -     rail: 0.0%
2026-09-30 07:37:32 - models.mode_choice - INFO - ==================================================
2026-09-30 07:37:32 - __main__ - INFO - Generated 33,016 Other plans
2026-09-30 07:37:32 - __main__ - INFO - 
2026-09-30 07:37:32 - models.freight.plans - INFO - ============================================================
2026-09-30 07:37:32 - models.freight.plans - INFO - GENERATING BOUNDARY FREIGHT
2026-09-30 07:37:32 - models.freight.plans - INFO - ============================================================
2026-09-30 07:37:32 - utils.coordinates - INFO - Initialized coordinate converter: EPSG:4326 <-> EPSG:26915
2026-09-30 07:37:45 - models.freight.cordons - INFO - Network: 275,034 nodes, 634,245 links; reach 79.4-154.1 km by direction
2026-09-30 07:37:46 - models.freight.cordons - INFO - Motorway termini past peripherality 0.6: 314 inbound, 314 outbound
2026-09-30 07:37:46 - models.freight.cordons - INFO - Cordons after deduplication: 347
2026-09-30 07:37:48 - models.work_locs_v2 - INFO - Loading work locations for 15 counties from config...
2026-09-30 07:37:48 - models.work_locs_v2 - INFO - Loaded 23,742 work location blocks for 15 counties
2026-09-30 07:37:48 - models.freight.plans - WARNING - Only 20,601/23,742 work locations carry sector employment; the rest contribute 0 to the freight attractor. Re-run the work-location ETL for full coverage.
2026-09-30 07:37:48 - models.freight.plans - INFO - Loaded 23,742 freight zones, total attractor 506,362 (freight_employment)
2026-09-30 07:37:48 - models.freight.generator - INFO - Anchored 347 cordons to zones: median 6365 m, max 84034 m
2026-09-30 07:37:48 - models.freight.truck_share - INFO - TMAS f_system for MN ['003', '019', '025', '037', '053', '059', '079', '093', '095', '109', '123', '139', '141', '163', '171']: 1U (153/292 station-directions)
2026-09-30 07:37:48 - models.freight.truck_share - INFO - Truck share from HPMS cache: 6.16%
2026-09-30 07:37:49 - models.freight.hpms_match - INFO - HPMS geometry from cache: 54,436 segments (44.1 days old)
2026-09-30 07:37:49 - models.freight.hpms_match - INFO - Parsed 54,436 HPMS segments carrying truck traffic
2026-09-30 07:42:30 - models.freight.hpms_match - INFO - HPMS match: 174/347 cordons matched an observed truck volume (265 links)
2026-09-30 07:42:31 - models.freight.demand - INFO - Cordon weights (hpms_truck_aadt): 174 from observed truck AADT, 173 from capacity x 8.0 x truck share
2026-09-30 07:42:31 - models.freight.demand - INFO - Freight demand: 12,831 trips (E->I 4,491, I->E 4,491, E->E 3,849)
2026-09-30 07:42:31 - models.freight.demand - INFO -   285,134 unscaled x demand_scale 0.3 x scaling_factor 0.15 = 12,831.0
2026-09-30 07:42:33 - models.freight.generator - INFO - Generated 12,831 freight trips
2026-09-30 07:42:33 - models.freight.plans - INFO - Built 12,831 freight plans (subpopulation=freight)
2026-09-30 07:42:33 - models.freight.validation - INFO -   [PASS] trip_count_matches_demand: generated 12,831, demand resolved 12,831
2026-09-30 07:42:33 - models.freight.validation - INFO -   [PASS] class_count_external_to_internal: 4,491 generated vs 4,491 demanded
2026-09-30 07:42:33 - models.freight.validation - INFO -   [PASS] class_count_internal_to_external: 4,491 generated vs 4,491 demanded
2026-09-30 07:42:33 - models.freight.validation - INFO -   [PASS] class_count_through: 3,849 generated vs 3,849 demanded
2026-09-30 07:42:33 - models.freight.validation - INFO -   [PASS] class_share_external_to_internal: realised 0.350 vs configured 0.350
2026-09-30 07:42:33 - models.freight.validation - INFO -   [PASS] class_share_internal_to_external: realised 0.350 vs configured 0.350
2026-09-30 07:42:33 - models.freight.validation - INFO -   [PASS] class_share_through: realised 0.300 vs configured 0.300
2026-09-30 07:42:33 - models.freight.validation - INFO -   [PASS] departure_profile_external_to_internal: max hourly deviation 0.0071 over 4,491 trips
2026-09-30 07:42:33 - models.freight.validation - INFO -   [PASS] departure_profile_internal_to_external: max hourly deviation 0.0117 over 4,491 trips
2026-09-30 07:42:33 - models.freight.validation - INFO -   [PASS] departure_profile_through: max hourly deviation 0.0057 over 3,849 trips
2026-09-30 07:42:33 - models.freight.validation - INFO -   [PASS] cordon_ids_valid: 0 trip ends reference an unknown cordon
2026-09-30 07:42:33 - models.freight.validation - INFO -   [PASS] cordon_direction_respected: 0 trips enter on an outbound cordon or leave on an inbound one
2026-09-30 07:42:33 - models.freight.validation - INFO -   [PASS] through_trips_use_distinct_cordons: 0 through trips start and end at the same cordon
2026-09-30 07:42:33 - models.freight.validation - INFO -   [PASS] departure_times_in_range: 0 departures outside 00:00-30:00
2026-09-30 07:42:33 - models.freight.plans - INFO - Freight summary written to /home/exouser/Documents/Tareek/experiments/tc_tbi_hermes_nw16_10iter/freight_summary.json
2026-09-30 07:42:33 - __main__ - INFO - ============================================================
2026-09-30 07:42:33 - __main__ - INFO - COMBINING WORK + NON-WORK + FREIGHT PLANS
2026-09-30 07:42:33 - __main__ - INFO - ============================================================
2026-09-30 07:42:33 - __main__ - INFO - Plan generation summary (scaling_factor=0.15):
2026-09-30 07:42:33 - __main__ - INFO -   Work plans: 158,088
2026-09-30 07:42:33 - __main__ - INFO -   Non-work plans: 426,608
2026-09-30 07:42:33 - __main__ - INFO -   Freight plans: 12,831 (2.1% of total)
2026-09-30 07:42:33 - __main__ - INFO -   Combined total (scaled): 597,527
2026-09-30 07:42:33 - __main__ - INFO -   Represents full population of: ~3,983,513 travelers
2026-09-30 07:42:33 - __main__ - INFO - 
2026-09-30 07:42:33 - __main__ - INFO - Assigning unique person IDs...
2026-09-30 07:42:33 - __main__ - INFO - Writing combined plans to XML...
2026-09-30 07:42:33 - models.plan_generator - INFO - Writing 597527 plans to /home/exouser/Documents/Tareek/experiments/tc_tbi_hermes_nw16_10iter/plans.xml
2026-09-30 07:42:33 - utils.coordinates - INFO - Initialized coordinate converter: EPSG:4326 <-> EPSG:26915
2026-09-30 07:42:33 - models.plan_generator - INFO - Converting coordinates from lat/lon to EPSG:26915
2026-09-30 07:45:34 - models.plan_generator - INFO - Successfully wrote plans to /home/exouser/Documents/Tareek/experiments/tc_tbi_hermes_nw16_10iter/plans.xml (coordinates in EPSG:26915)
2026-09-30 07:45:34 - models.plan_generator - INFO - Plans XML saved to experiment directory: /home/exouser/Documents/Tareek/experiments/tc_tbi_hermes_nw16_10iter/plans.xml
2026-09-30 07:45:34 - models.plan_generator - INFO -   Coordinate system: EPSG:26915
2026-09-30 07:45:35 - __main__ - INFO - Plans XML ready: /home/exouser/Documents/Tareek/experiments/tc_tbi_hermes_nw16_10iter/plans.xml
2026-09-30 07:45:35 - __main__ - INFO -   File size: 345.00 MB
2026-09-30 07:45:35 - __main__ - INFO -   Total persons: 597,527
2026-09-30 07:45:35 - __main__ - INFO - 
2026-09-30 07:45:37 - __main__ - INFO - ============================================================
2026-09-30 07:45:37 - __main__ - INFO - STEP 5: RUNNING MATSIM SIMULATION
2026-09-30 07:45:37 - __main__ - INFO - ============================================================
2026-09-30 07:46:09 - __main__ - INFO - Released plan-generation memory before MATSim: 12.5 GB -> 1.9 GB RSS (freed 10.5 GB)
2026-09-30 07:46:09 - matsim.osm_downloader - INFO - OSM cache directory: /home/exouser/Documents/Tareek/data/osm_cache
2026-09-30 07:46:09 - matsim.orchestrator - INFO - MATSim Orchestrator initialized
2026-09-30 07:46:09 - __main__ - INFO - MATSim mode: basic
2026-09-30 07:46:09 - __main__ - INFO - Custom parameters: {'coordinateSystem': 'auto', 'lastIteration': 10, 'outputDirectory': 'output', 'controller.mobsim': 'hermes', '_controller.mobsim_help': 'qsim | hermes. hermes is faster but is a simplified queue model that ignores trafficDynamics, linkDynamics and full stuckTime semantics. Use qsim for any congestion- or mode-choice-sensitive experiment.', 'global.numberOfThreads': 30, 'qsim.numberOfThreads': 30, 'qsim.flowCapacityFactor': 0.15, 'qsim.storageCapacityFactor': 0.18, 'qsim.stuckTime': 10.0, '_qsim.stuckTime_help': 'Seconds the frontmost vehicle on a link may fail to move before it is pushed onto the next link. Gridlock escape valve: HIGHER = waits LONGER. Mersini & Ziemke (2026): stuckTime = 30s / sample_share (30.0 at 100%). Only qsim honours this; hermes ignores it.', 'linkStats.averageLinkStatsOverIterations': 5, 'scoring.waitingPt': -3.0, '_estimator_scoring.waitingPt': 'Cold start (no prior experiment). Seeding waitingPt=-3.0 util/hr for transit density 2.58% (low-transit (1%-5%)).', 'scoring.modeParams.walk.constant': -1.0, '_estimator_scoring.modeParams.walk.constant': 'Cold start (no prior experiment). ACS walk share 1.96%. Seeding walk.constant=-1.0; subsequent runs will correct toward ACS using the clamped log-ratio update.', 'transitRouter.maxBeelineWalkConnectionDistance': 250.0, '_estimator_transitRouter.maxBeelineWalkConnectionDistance': 'Cold start (no prior experiment). ACS transit share 2.58% (low transit (<5%)). Seeding transit-router params from tier table; subsequent runs with --experiment-dir adjust by one tier when realised PT share is outside [70%, 130%] of the ACS target. Setting maxBeelineWalkConnectionDistance=250.0.', 'transitRouter.directWalkFactor': 1.3, '_estimator_transitRouter.directWalkFactor': 'Cold start (no prior experiment). ACS transit share 2.58% (low transit (<5%)). Seeding transit-router params from tier table; subsequent runs with --experiment-dir adjust by one tier when realised PT share is outside [70%, 130%] of the ACS target. Setting directWalkFactor=1.3.', 'hermes.endTime': '36:00:00'}
2026-09-30 07:46:09 - __main__ - INFO - 
2026-09-30 07:46:09 - matsim.orchestrator - INFO - Setting up experiment: tc_tbi_hermes_nw16_10iter
2026-09-30 07:46:09 - matsim.orchestrator - INFO - Created experiment directory: /home/exouser/Documents/Tareek/experiments/tc_tbi_hermes_nw16_10iter
2026-09-30 07:46:09 - matsim.orchestrator - INFO - Plans file already exists at destination: /home/exouser/Documents/Tareek/experiments/tc_tbi_hermes_nw16_10iter/plans.xml
2026-09-30 07:46:09 - matsim.config_manager - INFO - Generating MATSim config for mode: basic
2026-09-30 07:46:09 - matsim.config_manager - INFO - Using config template: /home/exouser/Documents/Tareek/matsim/configs/basic/config.xml
2026-09-30 07:46:09 - matsim.config_manager - INFO - Auto-set writeLinkStatsInterval = 10 (matches lastIteration)
2026-09-30 07:46:09 - matsim.config_manager - INFO - Auto-set write*Interval = 10 (bulky per-iteration output written only at the final iteration; set matsim.write_intermediate_output=true to write every iteration)
2026-09-30 07:46:09 - matsim.config_manager - INFO - Auto-set counts.countsScaleFactor = 6.666666666666667 (1/0.15 flowCapacityFactor)
2026-09-30 07:46:09 - matsim.config_manager - INFO - Auto-set counts.writeCountsInterval = 10 (matches lastIteration)
2026-09-30 07:46:09 - matsim.config_manager - INFO - Applied configurable param: controller.mobsim = hermes
2026-09-30 07:46:09 - matsim.config_manager - INFO - Applied configurable param: global.numberOfThreads = 30
2026-09-30 07:46:09 - matsim.config_manager - INFO - Applied configurable param: qsim.numberOfThreads = 30
2026-09-30 07:46:09 - matsim.config_manager - INFO - Applied configurable param: qsim.flowCapacityFactor = 0.15
2026-09-30 07:46:09 - matsim.config_manager - INFO - Mirrored qsim.flowCapacityFactor -> hermes.flowCapacityFactor = 0.15
2026-09-30 07:46:09 - matsim.config_manager - INFO - Applied configurable param: qsim.storageCapacityFactor = 0.18
2026-09-30 07:46:09 - matsim.config_manager - INFO - Mirrored qsim.storageCapacityFactor -> hermes.storageCapacityFactor = 0.18
2026-09-30 07:46:09 - matsim.config_manager - INFO - Applied configurable param: qsim.stuckTime = 10.0
2026-09-30 07:46:09 - matsim.config_manager - INFO - Applied configurable param: linkStats.averageLinkStatsOverIterations = 5
2026-09-30 07:46:09 - matsim.config_manager - INFO - Applied scoring.waitingPt = -3.0
2026-09-30 07:46:09 - matsim.config_manager - INFO - Applied scoring.modeParams.walk.constant = -1.0
2026-09-30 07:46:09 - matsim.config_manager - INFO - Applied configurable param: transitRouter.maxBeelineWalkConnectionDistance = 250.0
2026-09-30 07:46:09 - matsim.config_manager - INFO - Applied configurable param: transitRouter.directWalkFactor = 1.3
2026-09-30 07:46:09 - matsim.config_manager - INFO - Applied configurable param: hermes.endTime = 36:00:00
2026-09-30 07:46:09 - matsim.config_manager - INFO - Mirrored qsim.flowCapacityFactor -> hermes.flowCapacityFactor = 0.15
2026-09-30 07:46:09 - matsim.config_manager - INFO - Mirrored qsim.storageCapacityFactor -> hermes.storageCapacityFactor = 0.18
2026-09-30 07:46:09 - matsim.config_manager - INFO - Applied scoring.waitingPt = -3.0
2026-09-30 07:46:09 - matsim.config_manager - INFO - Applied scoring.modeParams.walk.constant = -1.0
2026-09-30 07:46:09 - matsim.config_manager - INFO - Enabled transit module with transitModes=pt (from enabled modes: ['bus', 'rail']) (preserved existing params on: transitRouter)
2026-09-30 07:46:09 - matsim.config_manager - INFO - Registered scoring activityParams for 'Dining'
2026-09-30 07:46:09 - matsim.config_manager - INFO - Registered scoring activityParams for 'Home'
2026-09-30 07:46:09 - matsim.config_manager - INFO - Registered scoring activityParams for 'Other'
2026-09-30 07:46:09 - matsim.config_manager - INFO - Registered scoring activityParams for 'School'
2026-09-30 07:46:09 - matsim.config_manager - INFO - Registered scoring activityParams for 'Shopping'
2026-09-30 07:46:09 - matsim.config_manager - INFO - Registered scoring activityParams for 'Social'
2026-09-30 07:46:09 - matsim.config_manager - INFO - Registered scoring activityParams for 'Work'
2026-09-30 07:46:09 - matsim.config_manager - INFO - Activity typicalDuration from survey: Dining=32min, Home=720min, Other=61min, School=415min, Shopping=19min, Social=80min, Work=314min
2026-09-30 07:46:09 - matsim.config_manager - INFO - Activity scoring windows from survey: Dining=8.47-20.93h/min5m, Other=8.82-21.64h/min6m, School=7.17-17.70h/min42m, Shopping=8.17-19.97h/min5m, Social=6.32-21.75h/min17m, Work=6.00-21.00h/min18m
2026-09-30 07:46:09 - matsim.config_manager - INFO - Registered scoring activityParams for 'freight_origin'
2026-09-30 07:46:09 - matsim.config_manager - INFO - Registered scoring activityParams for 'freight_destination'
2026-09-30 07:46:09 - matsim.config_manager - INFO - Set replanning strategies for freight: ChangeExpBeta=0.8, ReRoute=0.2
2026-09-30 07:46:09 - matsim.config_manager - INFO - Freight: writeEventsInterval = 10 so the final iteration emits events (needed to isolate the truck stream)
2026-09-30 07:46:26 - matsim.config_manager - INFO - Activity params cover all 9 activity types in plans.xml: ['Dining', 'Home', 'Other', 'School', 'Shopping', 'Social', 'Work', 'freight_destination', 'freight_origin']
2026-09-30 07:46:26 - matsim.config_manager - INFO - Config saved to: /home/exouser/Documents/Tareek/experiments/tc_tbi_hermes_nw16_10iter/config.xml
2026-09-30 07:46:26 - matsim.orchestrator - INFO - Experiment setup complete: /home/exouser/Documents/Tareek/experiments/tc_tbi_hermes_nw16_10iter
2026-09-30 07:46:26 - matsim.orchestrator - INFO - Validating MATSim setup...
2026-09-30 07:46:26 - matsim.runner - INFO - Validating MATSim setup...
2026-09-30 07:46:26 - matsim.runner - INFO - Java version: openjdk
2026-09-30 07:46:26 - matsim.runner - INFO - Using JAR file: /home/exouser/Documents/Tareek/matsim/matsim_25/matsim_25.jar
2026-09-30 07:46:26 - matsim.runner - INFO - No lib directory found in /home/exouser/Documents/Tareek/matsim/matsim_25 (may not be needed)
2026-09-30 07:46:26 - matsim.runner - INFO - MATSim setup validation passed
2026-09-30 07:46:26 - matsim.orchestrator - INFO - Validating experiment configuration...
2026-09-30 07:46:26 - matsim.config_manager - INFO - Found network.xml: /home/exouser/Documents/Tareek/experiments/tc_tbi_hermes_nw16_10iter/network.xml
2026-09-30 07:46:26 - matsim.config_manager - INFO - Found plans.xml: /home/exouser/Documents/Tareek/experiments/tc_tbi_hermes_nw16_10iter/plans.xml
2026-09-30 07:46:26 - matsim.config_manager - INFO - Found transitScheduleFile: /home/exouser/Documents/Tareek/experiments/tc_tbi_hermes_nw16_10iter/transitSchedule.xml
2026-09-30 07:46:26 - matsim.config_manager - INFO - Found vehiclesFile: /home/exouser/Documents/Tareek/experiments/tc_tbi_hermes_nw16_10iter/transitVehicles.xml
2026-09-30 07:46:26 - matsim.orchestrator - INFO - Starting MATSim simulation. Log file: /home/exouser/Documents/Tareek/experiments/tc_tbi_hermes_nw16_10iter/matsim_output.log
2026-09-30 07:46:26 - matsim.runner - INFO - Starting MATSim simulation with config: /home/exouser/Documents/Tareek/experiments/tc_tbi_hermes_nw16_10iter/config.xml
2026-09-30 07:46:26 - matsim.runner - INFO - Using JAR file: /home/exouser/Documents/Tareek/matsim/matsim_25/matsim_25.jar
2026-09-30 07:46:26 - matsim.runner - INFO - No lib directory found in /home/exouser/Documents/Tareek/matsim/matsim_25 (may not be needed)
2026-09-30 07:46:26 - matsim.runner - INFO - Command: java -Xmx70g -Xms70g -XX:+UseG1GC -XX:+ParallelRefProcEnabled -XX:MaxGCPauseMillis=200 -XX:+HeapDumpOnOutOfMemoryError -XX:HeapDumpPath=./heap_dumps -cp /home/exouser/Documents/Tareek/matsim/matsim_25/matsim_25.jar org.matsim.core.controler.Controler /home/exouser/Documents/Tareek/experiments/tc_tbi_hermes_nw16_10iter/config.xml
2026-09-30 07:46:26 - matsim.runner - INFO - Waiting for simulation to complete...
2026-09-30 09:51:10 - matsim.runner - INFO - Simulation completed in 7483.69 seconds
2026-09-30 09:51:10 - matsim.runner - INFO - Simulation completed successfully
2026-09-30 09:51:10 - matsim.orchestrator - INFO - Simulation completed
2026-09-30 09:51:10 - __main__ - INFO - 
2026-09-30 09:51:10 - __main__ - INFO - Simulation status: completed
2026-09-30 09:51:10 - __main__ - INFO - 
2026-09-30 09:51:10 - __main__ - INFO - ============================================================
2026-09-30 09:51:10 - __main__ - INFO - STEP 6: EVALUATING SIMULATION
2026-09-30 09:51:10 - __main__ - INFO - ============================================================
2026-09-30 09:51:10 - __main__ - INFO - Initializing evaluator with ground truth data from: data/evaluation
2026-09-30 09:51:10 - __main__ - INFO - Running evaluation...
2026-09-30 09:51:10 - __main__ - INFO - 
2026-09-30 09:51:10 - matsim.trip_timing - INFO - Trip timing figures: planned schedule (output/ITERS/it.0/0.plans.xml.gz) against iteration 10
2026-09-30 09:52:31 - matsim.trip_timing - INFO - Saved dep_arr_by_activity_demand.png
2026-09-30 09:52:32 - matsim.trip_timing - INFO - Saved dep_arr_by_activity_sim.png
2026-09-30 09:52:38 - matsim.trip_timing - INFO - Saved trip_duration_by_hour_demand.png
2026-09-30 09:52:40 - matsim.trip_timing - INFO - Saved trip_duration_by_hour_sim.png
2026-09-30 09:52:44 - matsim.trip_timing - INFO -   it.10 activity durations: left out 162003 open-ended rows that are not a Home-to-Home overnight stay, and 0 all-day stays
2026-09-30 09:52:49 - matsim.trip_timing - INFO - Saved activity_duration_by_type.png
2026-09-30 09:52:49 - matsim.evaluator - INFO - Loading matched devices from: /home/exouser/Documents/Tareek/experiments/tc_tbi_hermes_nw16_10iter/matched_devices.csv
2026-09-30 09:52:49 - matsim.evaluator - INFO - Loaded 96 devices matched to network links
2026-09-30 09:52:49 - matsim.evaluator - INFO - Using MATSim countscompare file: output/ITERS/it.10/10.countscompare.txt
2026-09-30 09:52:49 - matsim.evaluator - INFO - Auto-detected network file: output/output_network.xml.gz
2026-09-30 09:52:49 - matsim.evaluator - INFO - Auto-detected linkstats file: output/ITERS/it.10/10.linkstats.txt.gz
2026-09-30 09:52:49 - matsim.evaluator - INFO - Loading scaling factors from experiment config...
2026-09-30 09:52:49 - matsim.evaluator - INFO - Loaded scaling factors: population=0.15, flow=0.15, storage=0.18
2026-09-30 09:52:49 - matsim.evaluator - INFO - Loading network for spatial visualization...
2026-09-30 09:53:52 - matsim.evaluator - INFO - Loaded 634,245 links
2026-09-30 09:53:52 - matsim.evaluator - INFO - Loading linkstats...
2026-09-30 09:54:00 - matsim.evaluator - INFO - Scaled simulated volumes by 6.67x (1/0.15 population scaling)
2026-09-30 09:54:00 - matsim.evaluator - INFO - Loaded 634,245 links from linkstats
2026-09-30 09:54:00 - matsim.evaluator - INFO - Comparing volumes from MATSim countscompare.txt...
2026-09-30 09:54:00 - matsim.evaluator - INFO - Read 2,304 station-hour comparisons from 10.countscompare.txt (96 stations)
2026-09-30 09:54:00 - matsim.evaluator - INFO - Generated 2,304 station-hour comparisons
2026-09-30 09:54:00 - matsim.evaluator - INFO - Calculating summary metrics...
2026-09-30 09:54:00 - matsim.evaluator - INFO - Saved comparison results to /home/exouser/Documents/Tareek/experiments/tc_tbi_hermes_nw16_10iter/evaluation/volume_comparison.csv
2026-09-30 09:54:01 - matsim.evaluator - INFO - Saved hourly relative-error box plot to /home/exouser/Documents/Tareek/experiments/tc_tbi_hermes_nw16_10iter/evaluation/hourly_relative_error_box.png
2026-09-30 09:54:01 - matsim.evaluator - INFO - Saved hourly bias plot to /home/exouser/Documents/Tareek/experiments/tc_tbi_hermes_nw16_10iter/evaluation/hourly_bias.png
2026-09-30 09:54:01 - matsim.evaluator - INFO - Saved station ratio dot plot to /home/exouser/Documents/Tareek/experiments/tc_tbi_hermes_nw16_10iter/evaluation/station_ratio_dotplot.png
2026-09-30 09:54:01 - matsim.evaluator - INFO - Generating spatial overview maps...
2026-09-30 09:54:05 - utils.region_utils - INFO - Loaded 15 county boundary polygons
2026-09-30 09:54:10 - matsim.evaluator - INFO - Saved spatial overview to /home/exouser/Documents/Tareek/experiments/tc_tbi_hermes_nw16_10iter/evaluation/spatial_overview.png
2026-09-30 09:54:16 - matsim.evaluator - INFO - Saved hourly pct-error map to /home/exouser/Documents/Tareek/experiments/tc_tbi_hermes_nw16_10iter/evaluation/count_error_h00.png
2026-09-30 09:54:22 - matsim.evaluator - INFO - Saved hourly pct-error map to /home/exouser/Documents/Tareek/experiments/tc_tbi_hermes_nw16_10iter/evaluation/count_error_h01.png
2026-09-30 09:54:29 - matsim.evaluator - INFO - Saved hourly pct-error map to /home/exouser/Documents/Tareek/experiments/tc_tbi_hermes_nw16_10iter/evaluation/count_error_h02.png
2026-09-30 09:54:37 - matsim.evaluator - INFO - Saved hourly pct-error map to /home/exouser/Documents/Tareek/experiments/tc_tbi_hermes_nw16_10iter/evaluation/count_error_h03.png
2026-09-30 09:54:43 - matsim.evaluator - INFO - Saved hourly pct-error map to /home/exouser/Documents/Tareek/experiments/tc_tbi_hermes_nw16_10iter/evaluation/count_error_h04.png
2026-09-30 09:54:51 - matsim.evaluator - INFO - Saved hourly pct-error map to /home/exouser/Documents/Tareek/experiments/tc_tbi_hermes_nw16_10iter/evaluation/count_error_h05.png
2026-09-30 09:54:58 - matsim.evaluator - INFO - Saved hourly pct-error map to /home/exouser/Documents/Tareek/experiments/tc_tbi_hermes_nw16_10iter/evaluation/count_error_h06.png
2026-09-30 09:55:05 - matsim.evaluator - INFO - Saved hourly pct-error map to /home/exouser/Documents/Tareek/experiments/tc_tbi_hermes_nw16_10iter/evaluation/count_error_h07.png
2026-09-30 09:55:12 - matsim.evaluator - INFO - Saved hourly pct-error map to /home/exouser/Documents/Tareek/experiments/tc_tbi_hermes_nw16_10iter/evaluation/count_error_h08.png
2026-09-30 09:55:19 - matsim.evaluator - INFO - Saved hourly pct-error map to /home/exouser/Documents/Tareek/experiments/tc_tbi_hermes_nw16_10iter/evaluation/count_error_h09.png
2026-09-30 09:55:26 - matsim.evaluator - INFO - Saved hourly pct-error map to /home/exouser/Documents/Tareek/experiments/tc_tbi_hermes_nw16_10iter/evaluation/count_error_h10.png
2026-09-30 09:55:32 - matsim.evaluator - INFO - Saved hourly pct-error map to /home/exouser/Documents/Tareek/experiments/tc_tbi_hermes_nw16_10iter/evaluation/count_error_h11.png
2026-09-30 09:55:39 - matsim.evaluator - INFO - Saved hourly pct-error map to /home/exouser/Documents/Tareek/experiments/tc_tbi_hermes_nw16_10iter/evaluation/count_error_h12.png
2026-09-30 09:55:46 - matsim.evaluator - INFO - Saved hourly pct-error map to /home/exouser/Documents/Tareek/experiments/tc_tbi_hermes_nw16_10iter/evaluation/count_error_h13.png
2026-09-30 09:55:54 - matsim.evaluator - INFO - Saved hourly pct-error map to /home/exouser/Documents/Tareek/experiments/tc_tbi_hermes_nw16_10iter/evaluation/count_error_h14.png
2026-09-30 09:56:01 - matsim.evaluator - INFO - Saved hourly pct-error map to /home/exouser/Documents/Tareek/experiments/tc_tbi_hermes_nw16_10iter/evaluation/count_error_h15.png
2026-09-30 09:56:07 - matsim.evaluator - INFO - Saved hourly pct-error map to /home/exouser/Documents/Tareek/experiments/tc_tbi_hermes_nw16_10iter/evaluation/count_error_h16.png
2026-09-30 09:56:14 - matsim.evaluator - INFO - Saved hourly pct-error map to /home/exouser/Documents/Tareek/experiments/tc_tbi_hermes_nw16_10iter/evaluation/count_error_h17.png
2026-09-30 09:56:21 - matsim.evaluator - INFO - Saved hourly pct-error map to /home/exouser/Documents/Tareek/experiments/tc_tbi_hermes_nw16_10iter/evaluation/count_error_h18.png
2026-09-30 09:56:28 - matsim.evaluator - INFO - Saved hourly pct-error map to /home/exouser/Documents/Tareek/experiments/tc_tbi_hermes_nw16_10iter/evaluation/count_error_h19.png
2026-09-30 09:56:35 - matsim.evaluator - INFO - Saved hourly pct-error map to /home/exouser/Documents/Tareek/experiments/tc_tbi_hermes_nw16_10iter/evaluation/count_error_h20.png
2026-09-30 09:56:41 - matsim.evaluator - INFO - Saved hourly pct-error map to /home/exouser/Documents/Tareek/experiments/tc_tbi_hermes_nw16_10iter/evaluation/count_error_h21.png
2026-09-30 09:56:48 - matsim.evaluator - INFO - Saved hourly pct-error map to /home/exouser/Documents/Tareek/experiments/tc_tbi_hermes_nw16_10iter/evaluation/count_error_h22.png
2026-09-30 09:56:55 - matsim.evaluator - INFO - Saved hourly pct-error map to /home/exouser/Documents/Tareek/experiments/tc_tbi_hermes_nw16_10iter/evaluation/count_error_h23.png
2026-09-30 09:56:55 - matsim.evaluator - INFO - Generating heatmap-only map...
2026-09-30 09:57:04 - matsim.evaluator - INFO - Saved heatmap to /home/exouser/Documents/Tareek/experiments/tc_tbi_hermes_nw16_10iter/evaluation/heatmap_daily.png
2026-09-30 09:57:04 - matsim.evaluator - INFO - Generating highway congestion heatmaps for 24 hour(s)...
2026-09-30 09:57:13 - matsim.evaluator - INFO -   Highway links for peak heatmaps: 40,179 (of 634,245 total)
2026-09-30 09:57:43 - matsim.evaluator - INFO -   12 AM congestion — Severe (11), Congested (1,207), Moderate (4,914), Free flow (16,031), no traffic: 18,016
2026-09-30 09:57:46 - matsim.evaluator - INFO - Saved congestion heatmap to /home/exouser/Documents/Tareek/experiments/tc_tbi_hermes_nw16_10iter/evaluation/heatmap_h00_highways.png
2026-09-30 09:58:16 - matsim.evaluator - INFO -   1 AM congestion — Severe (32), Congested (1,690), Moderate (7,658), Free flow (14,103), no traffic: 16,696
2026-09-30 09:58:19 - matsim.evaluator - INFO - Saved congestion heatmap to /home/exouser/Documents/Tareek/experiments/tc_tbi_hermes_nw16_10iter/evaluation/heatmap_h01_highways.png
2026-09-30 09:58:50 - matsim.evaluator - INFO -   2 AM congestion — Severe (37), Congested (1,353), Moderate (6,468), Free flow (20,297), no traffic: 12,024
2026-09-30 09:58:54 - matsim.evaluator - INFO - Saved congestion heatmap to /home/exouser/Documents/Tareek/experiments/tc_tbi_hermes_nw16_10iter/evaluation/heatmap_h02_highways.png
2026-09-30 09:59:25 - matsim.evaluator - INFO -   3 AM congestion — Severe (48), Congested (4,788), Moderate (13,858), Free flow (14,251), no traffic: 7,234
2026-09-30 09:59:28 - matsim.evaluator - INFO - Saved congestion heatmap to /home/exouser/Documents/Tareek/experiments/tc_tbi_hermes_nw16_10iter/evaluation/heatmap_h03_highways.png
2026-09-30 10:00:00 - matsim.evaluator - INFO -   4 AM congestion — Severe (47), Congested (5,535), Moderate (14,436), Free flow (14,058), no traffic: 6,103
2026-09-30 10:00:04 - matsim.evaluator - INFO - Saved congestion heatmap to /home/exouser/Documents/Tareek/experiments/tc_tbi_hermes_nw16_10iter/evaluation/heatmap_h04_highways.png
2026-09-30 10:00:36 - matsim.evaluator - INFO -   5 AM congestion — Severe (62), Congested (7,840), Moderate (15,545), Free flow (12,541), no traffic: 4,191
2026-09-30 10:00:39 - matsim.evaluator - INFO - Saved congestion heatmap to /home/exouser/Documents/Tareek/experiments/tc_tbi_hermes_nw16_10iter/evaluation/heatmap_h05_highways.png
2026-09-30 10:01:11 - matsim.evaluator - INFO -   6 AM congestion — Severe (168), Congested (10,757), Moderate (14,929), Free flow (10,948), no traffic: 3,377
2026-09-30 10:01:14 - matsim.evaluator - INFO - Saved congestion heatmap to /home/exouser/Documents/Tareek/experiments/tc_tbi_hermes_nw16_10iter/evaluation/heatmap_h06_highways.png
2026-09-30 10:01:46 - matsim.evaluator - INFO -   7 AM congestion — Severe (350), Congested (14,149), Moderate (13,133), Free flow (10,226), no traffic: 2,321
2026-09-30 10:01:50 - matsim.evaluator - INFO - Saved congestion heatmap to /home/exouser/Documents/Tareek/experiments/tc_tbi_hermes_nw16_10iter/evaluation/heatmap_h07_highways.png
2026-09-30 10:02:23 - matsim.evaluator - INFO -   8 AM congestion — Severe (939), Congested (15,562), Moderate (11,788), Free flow (10,017), no traffic: 1,873
2026-09-30 10:02:26 - matsim.evaluator - INFO - Saved congestion heatmap to /home/exouser/Documents/Tareek/experiments/tc_tbi_hermes_nw16_10iter/evaluation/heatmap_8am_highways.png
2026-09-30 10:02:58 - matsim.evaluator - INFO -   9 AM congestion — Severe (807), Congested (14,898), Moderate (12,442), Free flow (10,050), no traffic: 1,982
2026-09-30 10:03:02 - matsim.evaluator - INFO - Saved congestion heatmap to /home/exouser/Documents/Tareek/experiments/tc_tbi_hermes_nw16_10iter/evaluation/heatmap_h09_highways.png
2026-09-30 10:03:34 - matsim.evaluator - INFO -   10 AM congestion — Severe (526), Congested (14,268), Moderate (13,300), Free flow (10,303), no traffic: 1,782
2026-09-30 10:03:38 - matsim.evaluator - INFO - Saved congestion heatmap to /home/exouser/Documents/Tareek/experiments/tc_tbi_hermes_nw16_10iter/evaluation/heatmap_h10_highways.png
2026-09-30 10:04:11 - matsim.evaluator - INFO -   11 AM congestion — Severe (423), Congested (13,294), Moderate (14,121), Free flow (10,635), no traffic: 1,706
2026-09-30 10:04:14 - matsim.evaluator - INFO - Saved congestion heatmap to /home/exouser/Documents/Tareek/experiments/tc_tbi_hermes_nw16_10iter/evaluation/heatmap_h11_highways.png
2026-09-30 10:04:46 - matsim.evaluator - INFO -   12 PM congestion — Severe (365), Congested (13,003), Moderate (14,264), Free flow (10,880), no traffic: 1,667
2026-09-30 10:04:50 - matsim.evaluator - INFO - Saved congestion heatmap to /home/exouser/Documents/Tareek/experiments/tc_tbi_hermes_nw16_10iter/evaluation/heatmap_h12_highways.png
2026-09-30 10:05:23 - matsim.evaluator - INFO -   1 PM congestion — Severe (397), Congested (13,053), Moderate (14,397), Free flow (10,688), no traffic: 1,644
2026-09-30 10:05:26 - matsim.evaluator - INFO - Saved congestion heatmap to /home/exouser/Documents/Tareek/experiments/tc_tbi_hermes_nw16_10iter/evaluation/heatmap_h13_highways.png
2026-09-30 10:05:59 - matsim.evaluator - INFO -   2 PM congestion — Severe (376), Congested (13,414), Moderate (13,919), Free flow (10,522), no traffic: 1,948
2026-09-30 10:06:02 - matsim.evaluator - INFO - Saved congestion heatmap to /home/exouser/Documents/Tareek/experiments/tc_tbi_hermes_nw16_10iter/evaluation/heatmap_h14_highways.png
2026-09-30 10:06:36 - matsim.evaluator - INFO -   3 PM congestion — Severe (294), Congested (13,505), Moderate (13,675), Free flow (10,913), no traffic: 1,792
2026-09-30 10:06:39 - matsim.evaluator - INFO - Saved congestion heatmap to /home/exouser/Documents/Tareek/experiments/tc_tbi_hermes_nw16_10iter/evaluation/heatmap_h15_highways.png
2026-09-30 10:07:12 - matsim.evaluator - INFO -   4 PM congestion — Severe (423), Congested (13,679), Moderate (13,908), Free flow (10,210), no traffic: 1,959
2026-09-30 10:07:15 - matsim.evaluator - INFO - Saved congestion heatmap to /home/exouser/Documents/Tareek/experiments/tc_tbi_hermes_nw16_10iter/evaluation/heatmap_h16_highways.png
2026-09-30 10:07:48 - matsim.evaluator - INFO -   5 PM congestion — Severe (364), Congested (13,738), Moderate (13,600), Free flow (10,422), no traffic: 2,055
2026-09-30 10:07:51 - matsim.evaluator - INFO - Saved congestion heatmap to /home/exouser/Documents/Tareek/experiments/tc_tbi_hermes_nw16_10iter/evaluation/heatmap_5pm_highways.png
2026-09-30 10:08:24 - matsim.evaluator - INFO -   6 PM congestion — Severe (328), Congested (13,095), Moderate (13,940), Free flow (10,254), no traffic: 2,562
2026-09-30 10:08:28 - matsim.evaluator - INFO - Saved congestion heatmap to /home/exouser/Documents/Tareek/experiments/tc_tbi_hermes_nw16_10iter/evaluation/heatmap_h18_highways.png
2026-09-30 10:09:00 - matsim.evaluator - INFO -   7 PM congestion — Severe (257), Congested (12,377), Moderate (14,600), Free flow (10,388), no traffic: 2,557
2026-09-30 10:09:04 - matsim.evaluator - INFO - Saved congestion heatmap to /home/exouser/Documents/Tareek/experiments/tc_tbi_hermes_nw16_10iter/evaluation/heatmap_h19_highways.png
2026-09-30 10:09:37 - matsim.evaluator - INFO -   8 PM congestion — Severe (190), Congested (11,552), Moderate (14,607), Free flow (10,912), no traffic: 2,918
2026-09-30 10:09:40 - matsim.evaluator - INFO - Saved congestion heatmap to /home/exouser/Documents/Tareek/experiments/tc_tbi_hermes_nw16_10iter/evaluation/heatmap_h20_highways.png
2026-09-30 10:10:12 - matsim.evaluator - INFO -   9 PM congestion — Severe (176), Congested (10,885), Moderate (15,140), Free flow (11,257), no traffic: 2,721
2026-09-30 10:10:15 - matsim.evaluator - INFO - Saved congestion heatmap to /home/exouser/Documents/Tareek/experiments/tc_tbi_hermes_nw16_10iter/evaluation/heatmap_h21_highways.png
2026-09-30 10:10:48 - matsim.evaluator - INFO -   10 PM congestion — Severe (118), Congested (9,831), Moderate (15,229), Free flow (11,336), no traffic: 3,665
2026-09-30 10:10:51 - matsim.evaluator - INFO - Saved congestion heatmap to /home/exouser/Documents/Tareek/experiments/tc_tbi_hermes_nw16_10iter/evaluation/heatmap_h22_highways.png
2026-09-30 10:11:22 - matsim.evaluator - INFO -   11 PM congestion — Severe (101), Congested (7,903), Moderate (15,597), Free flow (11,773), no traffic: 4,805
2026-09-30 10:11:26 - matsim.evaluator - INFO - Saved congestion heatmap to /home/exouser/Documents/Tareek/experiments/tc_tbi_hermes_nw16_10iter/evaluation/heatmap_h23_highways.png
2026-09-30 10:11:35 - matsim.evaluator - INFO - Saved 24 log-log scatter plot(s) to /home/exouser/Documents/Tareek/experiments/tc_tbi_hermes_nw16_10iter/evaluation
2026-09-30 10:11:35 - matsim.evaluator - INFO - Generating per-device reports...
2026-09-30 10:11:35 - matsim.evaluator - INFO - Generating per-device reports for 96 devices...
2026-09-30 10:12:40 - matsim.evaluator - INFO - Per-device reports saved to /home/exouser/Documents/Tareek/experiments/tc_tbi_hermes_nw16_10iter/evaluation/device_reports
2026-09-30 10:12:40 - __main__ - INFO - 
2026-09-30 10:12:40 - __main__ - INFO - ============================================================
2026-09-30 10:12:40 - __main__ - INFO - EVALUATION RESULTS
2026-09-30 10:12:40 - __main__ - INFO - ============================================================
2026-09-30 10:12:40 - __main__ - INFO - Devices validated: 49
2026-09-30 10:12:40 - __main__ - INFO - Total comparisons: 2,304
2026-09-30 10:12:40 - __main__ - INFO - Mean Absolute Error (MAE): 473.74 vehicles
2026-09-30 10:12:40 - __main__ - INFO - Root Mean Square Error (RMSE): 712.44 vehicles
2026-09-30 10:12:40 - __main__ - INFO - GEH < 5 (hourly counts, target >=85%): 27.2%
2026-09-30 10:12:40 - __main__ - INFO - GEH < 5 (station daily totals): 7.3%
2026-09-30 10:12:40 - __main__ - INFO - Correlation: 0.882
2026-09-30 10:12:40 - __main__ - INFO - Peak-hour correlation (6-9,15-18): 0.763
2026-09-30 10:12:40 - __main__ - INFO - 
2026-09-30 10:12:40 - __main__ - INFO - Results saved to: /home/exouser/Documents/Tareek/experiments/tc_tbi_hermes_nw16_10iter/evaluation
2026-09-30 10:12:40 - __main__ - INFO - ============================================================
2026-09-30 10:12:40 - __main__ - INFO - 
2026-09-30 10:15:05 - validate_demand - INFO - Survey sources in DB: {('nhts', '2022'): np.int64(30462), ('tbi', '2023'): np.int64(90151)}
2026-09-30 10:15:05 - validate_demand - INFO - Ignoring survey 'nhts': not declared by this run's config. It belongs to a different region, so it is not a valid reference here.
2026-09-30 10:15:05 - validate_demand - INFO - Simulated trips: /home/exouser/Documents/Tareek/experiments/tc_tbi_hermes_nw16_10iter/output/ITERS/it.10/10.trips.csv.gz
2026-09-30 10:15:51 - __main__ - INFO -   Demand validation vs survey added to summary
2026-09-30 10:15:51 - __main__ - INFO - Experiment summary saved to: /home/exouser/Documents/Tareek/experiments/tc_tbi_hermes_nw16_10iter/experiment_summary.json
2026-09-30 10:15:55 - __main__ - INFO - Experiment report saved to: /home/exouser/Documents/Tareek/experiments/tc_tbi_hermes_nw16_10iter/report.html
2026-09-30 10:15:55 - __main__ - INFO -   For a PDF: python scripts/experiment_report.py --html-to-pdf <that file>  (needs a browser)
2026-09-30 10:15:55 - __main__ - INFO - Experiment tracked in: /home/exouser/Documents/Tareek/experiments/experiment_comparison.csv
2026-09-30 10:15:55 - __main__ - INFO - Suggestion: Increase iterations from 10 to 15-20 for better convergence.
2026-09-30 10:15:55 - __main__ - INFO - ============================================================
2026-09-30 10:15:55 - __main__ - INFO - EXPERIMENT COMPLETE
2026-09-30 10:15:55 - __main__ - INFO - ============================================================
2026-09-30 10:15:55 - __main__ - INFO - Experiment ID: tc_tbi_hermes_nw16_10iter
2026-09-30 10:15:55 - __main__ - INFO - Experiment directory: /home/exouser/Documents/Tareek/experiments/tc_tbi_hermes_nw16_10iter
2026-09-30 10:15:55 - __main__ - INFO - Status: completed
2026-09-30 10:15:55 - __main__ - INFO - 
2026-09-30 10:15:55 - __main__ - INFO - Results available at:
2026-09-30 10:15:55 - __main__ - INFO -   Network: network.xml
2026-09-30 10:15:55 - __main__ - INFO -   Plans: plans.xml
2026-09-30 10:15:55 - __main__ - INFO -   Output: output/
2026-09-30 10:15:55 - __main__ - INFO -   Evaluation: evaluation/
2026-09-30 10:15:55 - __main__ - INFO - ============================================================
