2026-10-06 05:23:43 - data_sources.base_survey_trip - INFO - Logging to: /media/volume/Tareek-instance_vol-1/Tareek-work/Tareek/logs/plan_generation_20261006_052343.log
2026-10-06 05:23:45 - __main__ - INFO - ============================================================
2026-10-06 05:23:45 - __main__ - INFO - STEP 1: VALIDATING CONFIGURATION
2026-10-06 05:23:45 - __main__ - INFO - ============================================================
2026-10-06 05:23:45 - utils.config_validator - INFO - Loaded config from: config/USA/LA/config_10iter_la_s10_pt9.json
2026-10-06 05:23:45 - utils.config_validator - INFO - Validating configuration...
2026-10-06 05:23:45 - utils.config_validator - INFO - Network config: Using 2 counties
2026-10-06 05:23:45 - utils.config_validator - INFO - MATSim config: mode=basic, run_simulation=True
2026-10-06 05:23:45 - utils.config_validator - INFO - Plan generation config: target_plans=all, scaling_factor=0.1
2026-10-06 05:23:45 - utils.config_validator - INFO - Data directory validated: /media/volume/Tareek-instance_vol-1/Tareek-work/Tareek/data
2026-10-06 05:23:45 - utils.config_validator - INFO - Counts config: enabled=True, custom=False
2026-10-06 05:23:45 - utils.config_validator - WARNING - plan_generation.work_scaling_multiplier = 1.1 (neutral = 1.0): this scales the survey value
2026-10-06 05:23:45 - utils.config_validator - WARNING - nonwork_purposes.nonwork_trip_share = 2.0 (neutral = 1.0): this scales the survey value
2026-10-06 05:23:45 - utils.config_validator - INFO - External tools found: java
2026-10-06 05:23:45 - utils.config_validator - INFO - Configuration validation passed
2026-10-06 05:23:45 - __main__ - INFO - Configuration file: config/USA/LA/config_10iter_la_s10_pt9.json
2026-10-06 05:23:45 - __main__ - INFO - Experiment ID: la_s10_pt9_10iter
2026-10-06 05:23:45 - __main__ - INFO - 
2026-10-06 05:23:45 - __main__ - INFO - ============================================================
2026-10-06 05:23:45 - __main__ - INFO - DETECTING COORDINATE SYSTEM
2026-10-06 05:23:45 - __main__ - INFO - ============================================================
2026-10-06 05:23:46 - __main__ - INFO -   Counties: Los Angeles, Orange
2026-10-06 05:23:46 - __main__ - INFO -   Average centroid: (33.9360, -118.0195)
2026-10-06 05:23:46 - __main__ - INFO -   Detected UTM EPSG: EPSG:26911
2026-10-06 05:23:46 - __main__ - INFO -   All downstream components will use EPSG:26911
2026-10-06 05:23:46 - __main__ - INFO - 
2026-10-06 05:23:46 - __main__ - INFO - ============================================================
2026-10-06 05:23:46 - __main__ - INFO - STEP 2: SETTING UP EXPERIMENT DIRECTORY
2026-10-06 05:23:46 - __main__ - INFO - ============================================================
2026-10-06 05:23:46 - utils.logger - INFO - Logging reconfigured from /media/volume/Tareek-instance_vol-1/Tareek-work/Tareek/logs/plan_generation_20261006_052343.log to /media/volume/Tareek-instance_vol-1/Tareek-work/Tareek/experiments/la_s10_pt9_10iter/experiment_20261006_052346.log
2026-10-06 05:23:46 - utils.logger - INFO - Removed temporary log file: /media/volume/Tareek-instance_vol-1/Tareek-work/Tareek/logs/plan_generation_20261006_052343.log
2026-10-06 05:23:46 - __main__ - INFO - Reusing existing experiment directory: /media/volume/Tareek-instance_vol-1/Tareek-work/Tareek/experiments/la_s10_pt9_10iter
2026-10-06 05:23:46 - __main__ - INFO - All experiment logs will be saved to: /media/volume/Tareek-instance_vol-1/Tareek-work/Tareek/experiments/la_s10_pt9_10iter/experiment_20261006_052346.log
2026-10-06 05:23:46 - __main__ - INFO - 
2026-10-06 05:23:46 - __main__ - INFO - ============================================================
2026-10-06 05:23:46 - __main__ - INFO - STEP 2b: GENERATING MATSIM config.xml
2026-10-06 05:23:46 - __main__ - INFO - ============================================================
2026-10-06 05:23:46 - matsim.config_manager - INFO - Generating MATSim config for mode: basic
2026-10-06 05:23:46 - matsim.config_manager - INFO - Using config template: /media/volume/Tareek-instance_vol-1/Tareek-work/Tareek/matsim/configs/basic/config.xml
2026-10-06 05:23:46 - matsim.config_manager - INFO - Auto-set writeLinkStatsInterval = 10 (matches lastIteration)
2026-10-06 05:23:46 - matsim.config_manager - INFO - Auto-set write*Interval = 10 (bulky per-iteration output written only at the final iteration; set matsim.write_intermediate_output=true to write every iteration)
2026-10-06 05:23:46 - matsim.config_manager - INFO - Auto-set counts.countsScaleFactor = 10.0 (1/0.1 flowCapacityFactor)
2026-10-06 05:23:46 - matsim.config_manager - INFO - Auto-set counts.writeCountsInterval = 10 (matches lastIteration)
2026-10-06 05:23:46 - matsim.config_manager - INFO - Applied configurable param: controller.mobsim = hermes
2026-10-06 05:23:46 - matsim.config_manager - INFO - Applied configurable param: global.numberOfThreads = 60
2026-10-06 05:23:46 - matsim.config_manager - INFO - Applied configurable param: qsim.numberOfThreads = 60
2026-10-06 05:23:46 - matsim.config_manager - INFO - Applied configurable param: qsim.flowCapacityFactor = 0.1
2026-10-06 05:23:46 - matsim.config_manager - INFO - Mirrored qsim.flowCapacityFactor -> hermes.flowCapacityFactor = 0.1
2026-10-06 05:23:46 - matsim.config_manager - INFO - Applied configurable param: qsim.storageCapacityFactor = 0.18
2026-10-06 05:23:46 - matsim.config_manager - INFO - Mirrored qsim.storageCapacityFactor -> hermes.storageCapacityFactor = 0.18
2026-10-06 05:23:46 - matsim.config_manager - INFO - Applied configurable param: qsim.stuckTime = 10.0
2026-10-06 05:23:46 - matsim.config_manager - INFO - Applied configurable param: linkStats.averageLinkStatsOverIterations = 5
2026-10-06 05:23:46 - matsim.config_manager - INFO - Applied scoring.modeParams.pt.constant = 1
2026-10-06 05:23:46 - matsim.config_manager - INFO - Applied scoring.waitingPt = -3.0
2026-10-06 05:23:46 - matsim.config_manager - INFO - Applied scoring.modeParams.walk.constant = -1.0
2026-10-06 05:23:46 - matsim.config_manager - INFO - Applied configurable param: transitRouter.searchRadius = 1500.0
2026-10-06 05:23:46 - matsim.config_manager - INFO - Applied configurable param: transitRouter.extensionRadius = 300.0
2026-10-06 05:23:46 - matsim.config_manager - INFO - Applied configurable param: transitRouter.maxBeelineWalkConnectionDistance = 400.0
2026-10-06 05:23:46 - matsim.config_manager - INFO - Applied configurable param: transitRouter.directWalkFactor = 1.3
2026-10-06 05:23:46 - matsim.config_manager - INFO - Applied configurable param: hermes.endTime = 36:00:00
2026-10-06 05:23:46 - matsim.config_manager - INFO - Mirrored qsim.flowCapacityFactor -> hermes.flowCapacityFactor = 0.1
2026-10-06 05:23:46 - matsim.config_manager - INFO - Mirrored qsim.storageCapacityFactor -> hermes.storageCapacityFactor = 0.18
2026-10-06 05:23:46 - matsim.config_manager - INFO - Applied scoring.modeParams.pt.constant = 1
2026-10-06 05:23:46 - matsim.config_manager - INFO - Applied scoring.waitingPt = -3.0
2026-10-06 05:23:46 - matsim.config_manager - INFO - Applied scoring.modeParams.walk.constant = -1.0
2026-10-06 05:23:46 - matsim.config_manager - INFO - Enabled transit module with transitModes=pt (from enabled modes: ['bus', 'rail']) (preserved existing params on: transitRouter)
2026-10-06 05:23:46 - matsim.config_manager - INFO - Registered scoring activityParams for 'freight_origin'
2026-10-06 05:23:46 - matsim.config_manager - INFO - Registered scoring activityParams for 'freight_destination'
2026-10-06 05:23:46 - matsim.config_manager - INFO - Set replanning strategies for freight: ChangeExpBeta=0.8, ReRoute=0.2
2026-10-06 05:23:46 - matsim.config_manager - INFO - Freight: writeEventsInterval = 10 so the final iteration emits events (needed to isolate the truck stream)
2026-10-06 05:23:46 - matsim.config_manager - INFO - Config saved to: /media/volume/Tareek-instance_vol-1/Tareek-work/Tareek/experiments/la_s10_pt9_10iter/config.xml
2026-10-06 05:23:46 - models.freight.vehicles - INFO - Freight PCE is off; no vehicles.xml written (pce=1.0 run)
2026-10-06 05:23:46 - __main__ - INFO -   Generated: /media/volume/Tareek-instance_vol-1/Tareek-work/Tareek/experiments/la_s10_pt9_10iter/config.xml
2026-10-06 05:23:46 - __main__ - INFO - 
2026-10-06 05:23:46 - __main__ - INFO - ============================================================
2026-10-06 05:23:46 - __main__ - INFO - STEP 3: SETTING UP NETWORK
2026-10-06 05:23:46 - __main__ - INFO - ============================================================
2026-10-06 05:23:46 - __main__ - INFO - Found existing network.xml in experiment directory
2026-10-06 05:23:46 - __main__ - INFO -   File: /media/volume/Tareek-instance_vol-1/Tareek-work/Tareek/experiments/la_s10_pt9_10iter/network.xml
2026-10-06 05:24:22 - __main__ - INFO -   Size: 577.81 MB
2026-10-06 05:24:22 - __main__ - INFO -   Nodes: 491840
2026-10-06 05:24:22 - __main__ - INFO -   Links: 1100904
2026-10-06 05:24:22 - __main__ - INFO - Reusing existing network.xml
2026-10-06 05:24:22 - __main__ - INFO - 
2026-10-06 05:24:25 - __main__ - INFO - Scaling transit vehicle PCE by flowCapacityFactor=0.1
2026-10-06 05:24:25 - matsim.transit_pce - INFO -   Bus: pce 2.8 -> 0.28
2026-10-06 05:24:25 - matsim.transit_pce - INFO -   Rail: pce 27.1 -> 2.71
2026-10-06 05:24:25 - matsim.transit_pce - INFO -   Subway: pce 4.4 -> 0.44
2026-10-06 05:24:25 - matsim.transit_pce - INFO -   Tram: pce 5.2 -> 0.52
2026-10-06 05:24:25 - matsim.transit_pce - INFO -   Transit PCE already equals original x factor; file unchanged
2026-10-06 05:24:25 - __main__ - INFO - ============================================================
2026-10-06 05:24:25 - __main__ - INFO - STEP 3b: GENERATING COUNTS FILE
2026-10-06 05:24:25 - __main__ - INFO - ============================================================
2026-10-06 05:24:25 - __main__ - INFO - Found existing counts.xml in experiment directory
2026-10-06 05:24:25 - __main__ - INFO -   File: /media/volume/Tareek-instance_vol-1/Tareek-work/Tareek/experiments/la_s10_pt9_10iter/counts.xml
2026-10-06 05:24:25 - __main__ - INFO -   Size: 31.56 KB
2026-10-06 05:24:25 - __main__ - INFO - Reusing existing counts.xml (counts.rebuild = false)
2026-10-06 05:24:25 - __main__ - INFO - 
2026-10-06 05:24:25 - __main__ - INFO - ============================================================
2026-10-06 05:24:25 - __main__ - INFO - STEP 4: GENERATING ACTIVITY PLANS (WORK + NON-WORK)
2026-10-06 05:24:25 - __main__ - INFO - ============================================================
2026-10-06 05:24:26 - models.home_locs_v2 - INFO - Home locations already exist for all 2 configured counties
2026-10-06 05:24:27 - models.work_locs_v2 - INFO - Work locations already exist for all 2 configured counties
2026-10-06 05:24:29 - models.poi_manager - INFO - [OK] All 2 counties already have POIs in database
2026-10-06 05:24:29 - __main__ - INFO - Target total plans: all
2026-10-06 05:24:29 - __main__ - INFO - Scaling factor: 0.1
2026-10-06 05:24:29 - __main__ - INFO - 
2026-10-06 05:24:29 - __main__ - INFO - ------------------------------------------------------------
2026-10-06 05:24:29 - __main__ - INFO - LOADING SHARED DATA FOR NON-WORK PLANS
2026-10-06 05:24:29 - __main__ - INFO - ------------------------------------------------------------
2026-10-06 05:24:30 - models.home_locs_v2 - INFO - Loading home locations for 2 counties from config...
2026-10-06 05:24:32 - models.home_locs_v2 - INFO - Loaded 92,984 home location blocks for 2 counties
2026-10-06 05:24:32 - __main__ - INFO -   Loaded 92,984 home blocks (county-filtered)
2026-10-06 05:24:37 - models.poi_manager - INFO - Loaded 114,545 POIs across 6 activity types (county-filtered)
2026-10-06 05:24:37 - __main__ - INFO -   Loaded 114,545 POIs in 6 activity types (county-filtered)
2026-10-06 05:24:37 - __main__ - INFO -   Pre-computing POI-to-block mapping...
2026-10-06 05:24:37 - models.od_matrix_nonwork - INFO - Pre-computing POI-to-block mapping for ALL POIs...
2026-10-06 05:24:37 - models.od_matrix_nonwork - INFO -   Total POIs: 114,545
2026-10-06 05:24:37 - models.od_matrix_nonwork - INFO -   Blocks with coordinates: 92,984
2026-10-06 05:24:39 - models.od_matrix_nonwork - INFO -   Built KD-tree spatial index
2026-10-06 05:24:39 - models.od_matrix_nonwork - INFO -   POIs with valid coordinates: 114,545
2026-10-06 05:24:39 - models.od_matrix_nonwork - INFO -   Converting POI coordinates to EPSG:26911...
2026-10-06 05:24:41 - models.od_matrix_nonwork - INFO -   Finding nearest block for each POI...
2026-10-06 05:24:41 - models.od_matrix_nonwork - INFO -   POI-to-block mapping complete: 114,545 POIs mapped
2026-10-06 05:24:42 - __main__ - INFO -   POI-to-block mapping complete: 114,545 POIs mapped
2026-10-06 05:24:43 - data_sources.survey_manager - INFO - Survey data already exists for all 1 active source(s)
2026-10-06 05:24:43 - data_sources.survey_manager - INFO - Initialized survey source: nhts (year=2022)
2026-10-06 05:24:43 - data_sources.survey_manager - INFO - SURVEY ROLES (configured weights; a source that cannot do a job is skipped)
2026-10-06 05:24:43 - data_sources.survey_manager - INFO -   job                   nhts
2026-10-06 05:24:43 - data_sources.survey_manager - INFO -   person_days           1.00
2026-10-06 05:24:43 - data_sources.survey_manager - INFO -   chains                1.00
2026-10-06 05:24:43 - data_sources.survey_manager - INFO -   times                 1.00
2026-10-06 05:24:43 - data_sources.survey_manager - INFO -   modes                 1.00
2026-10-06 05:24:43 - data_sources.survey_manager - INFO -   od                    1.00
2026-10-06 05:24:43 - data_sources.base_survey_trip - INFO - Loading survey data from DuckDB...
2026-10-06 05:24:45 - data_sources.base_survey_trip - INFO - Loaded 30462 records from DuckDB
2026-10-06 05:24:45 - data_sources.survey_manager - INFO - Survey 'nhts': kept 22,851/30,462 weekday trips (dropped 7,611)
2026-10-06 05:24:46 - data_sources.nhts_survey_trip - INFO - NHTS person-days: 16,997 from /media/volume/Tareek-instance_vol-1/Tareek-work/Tareek/data/nhts/csv/perv2pub.csv
2026-10-06 05:24:46 - data_sources.survey_manager - INFO - Survey 'nhts': month window [3, 4, 5, 9, 10, 11] keeps 6,309/12,186 weekday person-days
2026-10-06 05:24:46 - data_sources.survey_manager - INFO - Survey 'nhts': month/person-day filter kept 12,403/22,851 trips
2026-10-06 05:24:46 - data_sources.survey_manager - INFO - Loaded 12403 records for 'nhts'
2026-10-06 05:24:46 - data_sources.survey_manager - INFO - Survey 'nhts': kept 22,851/30,462 weekday trips (dropped 7,611)
2026-10-06 05:24:46 - data_sources.survey_manager - INFO - Survey 'nhts': month/person-day filter kept 12,403/22,851 trips
2026-10-06 05:24:46 - data_sources.base_survey_trip - INFO - Processing persons and trips...
2026-10-06 05:24:50 - data_sources.base_survey_trip - INFO - Processed 4172 persons across 4172 person-days
2026-10-06 05:24:50 - data_sources.survey_manager - INFO - Processed 4172 persons for 'nhts'
2026-10-06 05:24:50 - __main__ - INFO -   Loaded 12,403 survey trips
2026-10-06 05:24:50 - __main__ - INFO -   Processed 4,172 persons
2026-10-06 05:24:50 - models.chains - INFO - Starting trip chain processing...
2026-10-06 05:24:51 - models.chains - INFO - Successfully processed 4172 trip chains
2026-10-06 05:24:51 - __main__ - INFO -   Processed 787 trip chains
2026-10-06 05:24:51 - __main__ - INFO -   Initializing shared time models...
2026-10-06 05:24:51 - models.time - INFO - Clock-time KDE bandwidth: 10 min
2026-10-06 05:24:51 - models.time - WARNING - INSUFFICIENT DATA: Only 5 departure samples for ('Dining', 'School') (need >5). No KDE model fitted for this pair.
2026-10-06 05:24:51 - models.time - WARNING - INSUFFICIENT DATA: Only 5 arrival samples for ('Dining', 'School') (need >5). No KDE model fitted for this pair.
2026-10-06 05:24:52 - models.time - INFO - Fitted models for 49 activity pairs
2026-10-06 05:24:52 - models.time - INFO - Mean trip durations: global=20.0min, per-pair=49 pairs
2026-10-06 05:24:52 - models.time - INFO - First-of-day departure KDEs: 18 pairs from 4172 first trips (of 12403 trips)
2026-10-06 05:24:54 - models.time - WARNING - FILTER: Rejected 1136 activity durations from survey (outside per-activity [min_minutes, max_minutes] bounds from config). Kept 7095 valid durations.
2026-10-06 05:24:54 - models.time - INFO - Extracted 7095 activity durations from survey
2026-10-06 05:24:54 - models.time - INFO -   Activity 'Dining': fitted survey KDE from 675 samples (mean=46.7 min, std=41.8 min)
2026-10-06 05:24:54 - models.time - INFO -   Activity 'Home': fitted survey KDE from 929 samples (mean=165.4 min, std=144.1 min)
2026-10-06 05:24:54 - models.time - INFO -   Activity 'Other': fitted survey KDE from 432 samples (mean=73.4 min, std=61.3 min)
2026-10-06 05:24:54 - models.time - INFO -   Activity 'School': fitted survey KDE from 750 samples (mean=344.9 min, std=160.1 min)
2026-10-06 05:24:54 - models.time - INFO -   Activity 'Shopping': fitted survey KDE from 2067 samples (mean=39.9 min, std=44.1 min)
2026-10-06 05:24:54 - models.time - INFO -   Activity 'Social': fitted survey KDE from 840 samples (mean=111.4 min, std=69.8 min)
2026-10-06 05:24:54 - models.time - INFO -   Activity 'Work': fitted survey KDE from 1402 samples (mean=363.5 min, std=188.3 min)
2026-10-06 05:24:54 - models.time - INFO - Fitted 7 survey KDE models for activity types
2026-10-06 05:24:54 - models.time - INFO - Fitted 3 target KDE models for activity types
2026-10-06 05:24:54 - models.time - INFO -   Activity 'Dining' bin 'afternoon': fitted binned KDE from 216 samples (mean=46.9 min, std=42.2 min)
2026-10-06 05:24:54 - models.time - INFO -   Activity 'Dining' bin 'evening': fitted binned KDE from 151 samples (mean=49.5 min, std=45.6 min)
2026-10-06 05:24:54 - models.time - INFO -   Activity 'Dining' bin 'midday': fitted binned KDE from 236 samples (mean=45.3 min, std=39.2 min)
2026-10-06 05:24:54 - models.time - INFO -   Activity 'Dining' bin 'morning': fitted binned KDE from 72 samples (mean=44.8 min, std=39.7 min)
2026-10-06 05:24:54 - models.time - INFO -   Activity 'Home' bin 'afternoon': fitted binned KDE from 363 samples (mean=101.0 min, std=73.5 min)
2026-10-06 05:24:54 - models.time - INFO -   Activity 'Home' bin 'evening': fitted binned KDE from 61 samples (mean=80.4 min, std=68.9 min)
2026-10-06 05:24:54 - models.time - INFO -   Activity 'Home' bin 'midday': fitted binned KDE from 291 samples (mean=172.9 min, std=125.6 min)
2026-10-06 05:24:54 - models.time - INFO -   Activity 'Home' bin 'morning': fitted binned KDE from 214 samples (mean=288.6 min, std=183.9 min)
2026-10-06 05:24:54 - models.time - INFO -   Activity 'Other' bin 'afternoon': fitted binned KDE from 98 samples (mean=70.3 min, std=69.5 min)
2026-10-06 05:24:54 - models.time - INFO -   Activity 'Other' bin 'midday': fitted binned KDE from 197 samples (mean=73.1 min, std=58.9 min)
2026-10-06 05:24:54 - models.time - INFO -   Activity 'Other' bin 'morning': fitted binned KDE from 124 samples (mean=73.9 min, std=57.1 min)
2026-10-06 05:24:54 - models.time - INFO -   Activity 'School' bin 'afternoon': fitted binned KDE from 48 samples (mean=103.6 min, std=90.6 min)
2026-10-06 05:24:54 - models.time - INFO -   Activity 'School' bin 'evening': fitted binned KDE from 47 samples (mean=101.0 min, std=50.4 min)
2026-10-06 05:24:54 - models.time - INFO -   Activity 'School' bin 'midday': fitted binned KDE from 62 samples (mean=158.3 min, std=125.7 min)
2026-10-06 05:24:54 - models.time - INFO -   Activity 'School' bin 'morning': fitted binned KDE from 593 samples (mean=403.3 min, std=115.9 min)
2026-10-06 05:24:54 - models.time - INFO -   Activity 'Shopping' bin 'afternoon': fitted binned KDE from 765 samples (mean=34.0 min, std=34.3 min)
2026-10-06 05:24:54 - models.time - INFO -   Activity 'Shopping' bin 'evening': fitted binned KDE from 192 samples (mean=26.2 min, std=26.4 min)
2026-10-06 05:24:54 - models.time - INFO -   Activity 'Shopping' bin 'midday': fitted binned KDE from 817 samples (mean=47.9 min, std=51.8 min)
2026-10-06 05:24:54 - models.time - INFO -   Activity 'Shopping' bin 'morning': fitted binned KDE from 293 samples (mean=42.4 min, std=48.1 min)
2026-10-06 05:24:54 - models.time - INFO -   Activity 'Social' bin 'afternoon': fitted binned KDE from 322 samples (mean=117.1 min, std=72.4 min)
2026-10-06 05:24:54 - models.time - INFO -   Activity 'Social' bin 'evening': fitted binned KDE from 150 samples (mean=115.8 min, std=64.9 min)
2026-10-06 05:24:54 - models.time - INFO -   Activity 'Social' bin 'midday': fitted binned KDE from 211 samples (mean=115.0 min, std=73.2 min)
2026-10-06 05:24:54 - models.time - INFO -   Activity 'Social' bin 'morning': fitted binned KDE from 157 samples (mean=90.5 min, std=59.5 min)
2026-10-06 05:24:54 - models.time - INFO -   Activity 'Work' bin 'afternoon': fitted binned KDE from 150 samples (mean=178.3 min, std=159.6 min)
2026-10-06 05:24:54 - models.time - INFO -   Activity 'Work' bin 'evening': fitted binned KDE from 23 samples (mean=88.9 min, std=63.1 min)
2026-10-06 05:24:54 - models.time - INFO -   Activity 'Work' bin 'midday': fitted binned KDE from 255 samples (mean=218.9 min, std=154.9 min)
2026-10-06 05:24:54 - models.time - INFO -   Activity 'Work' bin 'morning': fitted binned KDE from 974 samples (mean=436.4 min, std=151.3 min)
2026-10-06 05:24:54 - models.time - INFO - Fitted 27 arrival-time-binned KDE models
2026-10-06 05:24:54 - __main__ - INFO -   Time models initialized
2026-10-06 05:24:54 - __main__ - INFO -   Building shared POI spatial index...
2026-10-06 05:24:57 - __main__ - INFO -   POI spatial index built: 6 activity types, 114,545 POIs
2026-10-06 05:25:01 - models.chains - INFO - Starting trip chain processing...
2026-10-06 05:25:02 - models.chains - INFO - Successfully processed 893 trip chains
2026-10-06 05:25:02 - models.chains - INFO - Starting trip chain processing...
2026-10-06 05:25:04 - models.chains - INFO - Successfully processed 642 trip chains
2026-10-06 05:25:04 - models.chains - INFO - Starting trip chain processing...
2026-10-06 05:25:05 - models.chains - INFO - Successfully processed 589 trip chains
2026-10-06 05:25:05 - models.chains - INFO - Starting trip chain processing...
2026-10-06 05:25:07 - models.chains - INFO - Successfully processed 297 trip chains
2026-10-06 05:25:07 - models.chains - INFO - Starting trip chain processing...
2026-10-06 05:25:08 - models.chains - INFO - Successfully processed 279 trip chains
2026-10-06 05:25:08 - models.demand_budget - INFO - ======================================================================
2026-10-06 05:25:08 - models.demand_budget - INFO - DEMAND BUDGET (person-first)
2026-10-06 05:25:08 - models.demand_budget - INFO - ======================================================================
2026-10-06 05:25:08 - models.demand_budget - INFO -   worker           persons    6,099,744 | commute 52.5%  other travel 31.6%  no travel 15.9%
2026-10-06 05:25:08 - models.demand_budget - INFO -   student          persons    2,068,589 | commute 0.2%  other travel 83.9%  no travel 16.0%
2026-10-06 05:25:08 - models.demand_budget - INFO -   nonworker_adult  persons    4,339,671 | commute 2.3%  other travel 59.4%  no travel 38.3%
2026-10-06 05:25:08 - models.demand_budget - INFO -   child_0_4        persons      697,520 (no own plan) | age split: ACS 2023 B01001 (cache)
2026-10-06 05:25:08 - models.demand_budget - INFO -   P(commute) of workers: 52.5%
2026-10-06 05:25:08 - models.demand_budget - INFO -   Shopping   unscaled persons    3,830,444 (knob factor 2.000, 160 chain patterns)
2026-10-06 05:25:08 - models.demand_budget - INFO -   School     unscaled persons    3,616,072 (knob factor 2.000, 96 chain patterns)
2026-10-06 05:25:08 - models.demand_budget - INFO -   Social     unscaled persons    2,563,660 (knob factor 2.000, 151 chain patterns)
2026-10-06 05:25:08 - models.demand_budget - INFO -   Dining     unscaled persons    1,287,521 (knob factor 2.000, 75 chain patterns)
2026-10-06 05:25:08 - models.demand_budget - INFO -   Other      unscaled persons    1,173,084 (knob factor 2.000, 67 chain patterns)
2026-10-06 05:25:08 - models.demand_budget - INFO -   NOTE: nonworker_adult: 2.3% of days are commute days; work plans come from LODES workers only, so these are not generated
2026-10-06 05:25:08 - models.demand_budget - INFO - ======================================================================
2026-10-06 05:25:08 - __main__ - INFO - ------------------------------------------------------------
2026-10-06 05:25:08 - __main__ - INFO - ------------------------------------------------------------
2026-10-06 05:25:08 - __main__ - INFO - GENERATING WORK PLANS
2026-10-06 05:25:08 - __main__ - INFO - ------------------------------------------------------------
2026-10-06 05:25:08 - models.plan_generator - INFO - ======================================================================
2026-10-06 05:25:08 - models.plan_generator - INFO - INITIALIZING PLAN GENERATOR
2026-10-06 05:25:08 - models.plan_generator - INFO - ======================================================================
2026-10-06 05:25:08 - models.plan_generator - INFO - Loading location data...
2026-10-06 05:25:08 - models.plan_generator - INFO -   Using data directory: /media/volume/Tareek-instance_vol-1/Tareek-work/Tareek/data
2026-10-06 05:25:08 - models.plan_generator - INFO -   Filtering by 2 counties from config
2026-10-06 05:25:10 - models.home_locs_v2 - INFO - Loading home locations for 2 counties from config...
2026-10-06 05:25:12 - models.home_locs_v2 - INFO - Loaded 92,984 home location blocks for 2 counties
2026-10-06 05:25:14 - models.work_locs_v2 - INFO - Loading work locations for 2 counties from config...
2026-10-06 05:25:16 - models.work_locs_v2 - INFO - Loaded 81,355 work location blocks for 2 counties
2026-10-06 05:25:16 - models.plan_generator - INFO -   Loaded 92984 home blocks
2026-10-06 05:25:16 - models.plan_generator - INFO -   Loaded 81355 work blocks
2026-10-06 05:25:16 - models.plan_generator - INFO - Loading survey data...
2026-10-06 05:25:17 - data_sources.survey_manager - INFO - Survey data already exists for all 1 active source(s)
2026-10-06 05:25:17 - data_sources.survey_manager - INFO - Initialized survey source: nhts (year=2022)
2026-10-06 05:25:17 - data_sources.survey_manager - INFO - SURVEY ROLES (configured weights; a source that cannot do a job is skipped)
2026-10-06 05:25:17 - data_sources.survey_manager - INFO -   job                   nhts
2026-10-06 05:25:17 - data_sources.survey_manager - INFO -   person_days           1.00
2026-10-06 05:25:17 - data_sources.survey_manager - INFO -   chains                1.00
2026-10-06 05:25:17 - data_sources.survey_manager - INFO -   times                 1.00
2026-10-06 05:25:17 - data_sources.survey_manager - INFO -   modes                 1.00
2026-10-06 05:25:17 - data_sources.survey_manager - INFO -   od                    1.00
2026-10-06 05:25:17 - data_sources.base_survey_trip - INFO - Loading survey data from DuckDB...
2026-10-06 05:25:20 - data_sources.base_survey_trip - INFO - Loaded 30462 records from DuckDB
2026-10-06 05:25:20 - data_sources.survey_manager - INFO - Survey 'nhts': kept 22,851/30,462 weekday trips (dropped 7,611)
2026-10-06 05:25:20 - data_sources.nhts_survey_trip - INFO - NHTS person-days: 16,997 from /media/volume/Tareek-instance_vol-1/Tareek-work/Tareek/data/nhts/csv/perv2pub.csv
2026-10-06 05:25:20 - data_sources.survey_manager - INFO - Survey 'nhts': month window [3, 4, 5, 9, 10, 11] keeps 6,309/12,186 weekday person-days
2026-10-06 05:25:20 - data_sources.survey_manager - INFO - Survey 'nhts': month/person-day filter kept 12,403/22,851 trips
2026-10-06 05:25:20 - data_sources.survey_manager - INFO - Loaded 12403 records for 'nhts'
2026-10-06 05:25:20 - data_sources.survey_manager - INFO - Survey 'nhts': kept 22,851/30,462 weekday trips (dropped 7,611)
2026-10-06 05:25:20 - data_sources.survey_manager - INFO - Survey 'nhts': month/person-day filter kept 12,403/22,851 trips
2026-10-06 05:25:20 - data_sources.base_survey_trip - INFO - Processing persons and trips...
2026-10-06 05:25:24 - data_sources.base_survey_trip - INFO - Processed 4172 persons across 4172 person-days
2026-10-06 05:25:24 - data_sources.survey_manager - INFO - Processed 4172 persons for 'nhts'
2026-10-06 05:25:24 - models.plan_generator - INFO -   Loaded 12403 survey trips
2026-10-06 05:25:24 - models.plan_generator - INFO -   Processed 4172 persons
2026-10-06 05:25:24 - models.plan_generator - INFO -   Detected survey geo level: block_group
2026-10-06 05:25:24 - models.plan_generator - INFO - Initializing statistical models...
2026-10-06 05:25:24 - models.plan_generator - INFO -   Single survey source — using direct models
2026-10-06 05:25:24 - models.chains - INFO - Starting trip chain processing...
2026-10-06 05:25:26 - models.chains - INFO - Successfully processed 4172 trip chains
2026-10-06 05:25:26 - models.chains - INFO - Filtered chains by type 'contains_work': 286/787 chains match
2026-10-06 05:25:26 - models.plan_generator - INFO -   Chain model fitted with 286 patterns (length dist from 787 unfiltered)
2026-10-06 05:25:26 - models.time - INFO - Clock-time KDE bandwidth: 10 min
2026-10-06 05:25:26 - models.time - WARNING - INSUFFICIENT DATA: Only 5 departure samples for ('Dining', 'School') (need >5). No KDE model fitted for this pair.
2026-10-06 05:25:26 - models.time - WARNING - INSUFFICIENT DATA: Only 5 arrival samples for ('Dining', 'School') (need >5). No KDE model fitted for this pair.
2026-10-06 05:25:26 - models.time - INFO - Fitted models for 49 activity pairs
2026-10-06 05:25:26 - models.time - INFO - Mean trip durations: global=20.0min, per-pair=49 pairs
2026-10-06 05:25:26 - models.time - INFO - First-of-day departure KDEs: 18 pairs from 4172 first trips (of 12403 trips)
2026-10-06 05:25:28 - models.time - WARNING - FILTER: Rejected 1136 activity durations from survey (outside per-activity [min_minutes, max_minutes] bounds from config). Kept 7095 valid durations.
2026-10-06 05:25:28 - models.time - INFO - Extracted 7095 activity durations from survey
2026-10-06 05:25:28 - models.time - INFO -   Activity 'Dining': fitted survey KDE from 675 samples (mean=46.7 min, std=41.8 min)
2026-10-06 05:25:28 - models.time - INFO -   Activity 'Home': fitted survey KDE from 929 samples (mean=165.4 min, std=144.1 min)
2026-10-06 05:25:28 - models.time - INFO -   Activity 'Other': fitted survey KDE from 432 samples (mean=73.4 min, std=61.3 min)
2026-10-06 05:25:28 - models.time - INFO -   Activity 'School': fitted survey KDE from 750 samples (mean=344.9 min, std=160.1 min)
2026-10-06 05:25:28 - models.time - INFO -   Activity 'Shopping': fitted survey KDE from 2067 samples (mean=39.9 min, std=44.1 min)
2026-10-06 05:25:28 - models.time - INFO -   Activity 'Social': fitted survey KDE from 840 samples (mean=111.4 min, std=69.8 min)
2026-10-06 05:25:28 - models.time - INFO -   Activity 'Work': fitted survey KDE from 1402 samples (mean=363.5 min, std=188.3 min)
2026-10-06 05:25:28 - models.time - INFO - Fitted 7 survey KDE models for activity types
2026-10-06 05:25:28 - models.time - INFO - Fitted 3 target KDE models for activity types
2026-10-06 05:25:28 - models.time - INFO -   Activity 'Dining' bin 'afternoon': fitted binned KDE from 216 samples (mean=46.9 min, std=42.2 min)
2026-10-06 05:25:28 - models.time - INFO -   Activity 'Dining' bin 'evening': fitted binned KDE from 151 samples (mean=49.5 min, std=45.6 min)
2026-10-06 05:25:28 - models.time - INFO -   Activity 'Dining' bin 'midday': fitted binned KDE from 236 samples (mean=45.3 min, std=39.2 min)
2026-10-06 05:25:28 - models.time - INFO -   Activity 'Dining' bin 'morning': fitted binned KDE from 72 samples (mean=44.8 min, std=39.7 min)
2026-10-06 05:25:28 - models.time - INFO -   Activity 'Home' bin 'afternoon': fitted binned KDE from 363 samples (mean=101.0 min, std=73.5 min)
2026-10-06 05:25:28 - models.time - INFO -   Activity 'Home' bin 'evening': fitted binned KDE from 61 samples (mean=80.4 min, std=68.9 min)
2026-10-06 05:25:28 - models.time - INFO -   Activity 'Home' bin 'midday': fitted binned KDE from 291 samples (mean=172.9 min, std=125.6 min)
2026-10-06 05:25:28 - models.time - INFO -   Activity 'Home' bin 'morning': fitted binned KDE from 214 samples (mean=288.6 min, std=183.9 min)
2026-10-06 05:25:28 - models.time - INFO -   Activity 'Other' bin 'afternoon': fitted binned KDE from 98 samples (mean=70.3 min, std=69.5 min)
2026-10-06 05:25:28 - models.time - INFO -   Activity 'Other' bin 'midday': fitted binned KDE from 197 samples (mean=73.1 min, std=58.9 min)
2026-10-06 05:25:28 - models.time - INFO -   Activity 'Other' bin 'morning': fitted binned KDE from 124 samples (mean=73.9 min, std=57.1 min)
2026-10-06 05:25:28 - models.time - INFO -   Activity 'School' bin 'afternoon': fitted binned KDE from 48 samples (mean=103.6 min, std=90.6 min)
2026-10-06 05:25:28 - models.time - INFO -   Activity 'School' bin 'evening': fitted binned KDE from 47 samples (mean=101.0 min, std=50.4 min)
2026-10-06 05:25:28 - models.time - INFO -   Activity 'School' bin 'midday': fitted binned KDE from 62 samples (mean=158.3 min, std=125.7 min)
2026-10-06 05:25:28 - models.time - INFO -   Activity 'School' bin 'morning': fitted binned KDE from 593 samples (mean=403.3 min, std=115.9 min)
2026-10-06 05:25:28 - models.time - INFO -   Activity 'Shopping' bin 'afternoon': fitted binned KDE from 765 samples (mean=34.0 min, std=34.3 min)
2026-10-06 05:25:28 - models.time - INFO -   Activity 'Shopping' bin 'evening': fitted binned KDE from 192 samples (mean=26.2 min, std=26.4 min)
2026-10-06 05:25:28 - models.time - INFO -   Activity 'Shopping' bin 'midday': fitted binned KDE from 817 samples (mean=47.9 min, std=51.8 min)
2026-10-06 05:25:28 - models.time - INFO -   Activity 'Shopping' bin 'morning': fitted binned KDE from 293 samples (mean=42.4 min, std=48.1 min)
2026-10-06 05:25:28 - models.time - INFO -   Activity 'Social' bin 'afternoon': fitted binned KDE from 322 samples (mean=117.1 min, std=72.4 min)
2026-10-06 05:25:28 - models.time - INFO -   Activity 'Social' bin 'evening': fitted binned KDE from 150 samples (mean=115.8 min, std=64.9 min)
2026-10-06 05:25:28 - models.time - INFO -   Activity 'Social' bin 'midday': fitted binned KDE from 211 samples (mean=115.0 min, std=73.2 min)
2026-10-06 05:25:28 - models.time - INFO -   Activity 'Social' bin 'morning': fitted binned KDE from 157 samples (mean=90.5 min, std=59.5 min)
2026-10-06 05:25:28 - models.time - INFO -   Activity 'Work' bin 'afternoon': fitted binned KDE from 150 samples (mean=178.3 min, std=159.6 min)
2026-10-06 05:25:28 - models.time - INFO -   Activity 'Work' bin 'evening': fitted binned KDE from 23 samples (mean=88.9 min, std=63.1 min)
2026-10-06 05:25:28 - models.time - INFO -   Activity 'Work' bin 'midday': fitted binned KDE from 255 samples (mean=218.9 min, std=154.9 min)
2026-10-06 05:25:28 - models.time - INFO -   Activity 'Work' bin 'morning': fitted binned KDE from 974 samples (mean=436.4 min, std=151.3 min)
2026-10-06 05:25:28 - models.time - INFO - Fitted 27 arrival-time-binned KDE models
2026-10-06 05:25:28 - models.time - INFO - Home typicalDuration: using 720 min (overnight anchor) instead of the measured mid-chain median 125 min — MATSim allows only one value per activity type and the overnight stay dominates the day
2026-10-06 05:25:28 - models.plan_generator - INFO -   Survey typicalDuration for MATSim: Dining=30min, Home=720min, Other=60min, School=420min, Shopping=25min, Social=95min, Work=450min
2026-10-06 05:25:28 - models.time - INFO - Home typicalDuration: using 720 min (overnight anchor) instead of the measured mid-chain median 125 min — MATSim allows only one value per activity type and the overnight stay dominates the day
2026-10-06 05:25:28 - models.plan_generator - INFO -   Survey activity scoring windows for MATSim: Dining=9.0-21.0h/min5m, Other=7.4-20.9h/min5m, School=7.1-18.8h/min60m, Shopping=7.9-19.5h/min5m, Social=7.0-21.5h/min20m, Work=6.0-21.2h/min30m
2026-10-06 05:25:28 - models.plan_generator - INFO - Initializing POI manager...
2026-10-06 05:25:29 - models.poi_manager - INFO - POIManager initialized (Overpass servers: 3 configured)
2026-10-06 05:25:29 - models.poi_manager - INFO -   1. [primary] https://overpass-api.de/api/interpreter
2026-10-06 05:25:29 - models.poi_manager - INFO -   2. [fallback] https://overpass.kumi.systems/api/interpreter
2026-10-06 05:25:29 - models.poi_manager - INFO -   3. [fallback] https://overpass.private.coffee/api/interpreter
2026-10-06 05:25:41 - models.plan_generator - INFO -   POI manager initialized: 353068 POIs loaded
2026-10-06 05:25:41 - models.plan_generator - INFO - Generating OD matrix...
2026-10-06 05:25:41 - models.plan_generator - INFO -   Aggregated to 8630 home block groups
2026-10-06 05:25:41 - models.plan_generator - INFO -   Aggregated to 8631 work block groups
2026-10-06 05:25:42 - data_sources.lodes_od - INFO - ======================================================================
2026-10-06 05:25:42 - data_sources.lodes_od - INFO - LOADING OBSERVED LODES OD FLOWS
2026-10-06 05:25:42 - data_sources.lodes_od - INFO - ======================================================================
2026-10-06 05:25:42 - data_sources.lodes_od - INFO -   Year: 2023 | Version: LODES8 | Job type: JT00 | Segment: S000
2026-10-06 05:25:42 - data_sources.lodes_od - INFO -   Region: 2 counties across 1 state(s): ['CA']
2026-10-06 05:26:10 - data_sources.lodes_od - INFO -   ca_main: 16,241,068 rows downloaded
2026-10-06 05:26:11 - data_sources.lodes_od - INFO -   ca_aux: 218,642 rows downloaded
2026-10-06 05:26:12 - data_sources.lodes_od - INFO -   Combined: 16,459,710 block-pair rows across all files
2026-10-06 05:26:19 - data_sources.lodes_od - INFO - ----------------------------------------------------------------------
2026-10-06 05:26:19 - data_sources.lodes_od - INFO -   Observed flow classes (after county filter):
2026-10-06 05:26:19 - data_sources.lodes_od - INFO -     I-I internal:     5,321,627
2026-10-06 05:26:19 - data_sources.lodes_od - INFO -     I-E outbound:       727,455  (dropped unless boundary_policy=anchor)
2026-10-06 05:26:19 - data_sources.lodes_od - INFO -     E-I inbound:      1,267,008  (dropped unless boundary_policy=anchor)
2026-10-06 05:26:19 - data_sources.lodes_od - INFO -     internal_share (resident-side, I-I/(I-I+I-E)): 0.8797
2026-10-06 05:26:19 - data_sources.lodes_od - INFO -     job-side share (I-I/(I-I+E-I)):                0.8077
2026-10-06 05:26:19 - data_sources.lodes_od - INFO -     two-sided share (I-I/all region-touching):     0.7274
2026-10-06 05:26:19 - data_sources.lodes_od - WARNING -   1,994,463 boundary commutes (727,455 I-E + 1,267,008 E-I) are outside the region's internal matrix — 27.3% of region-touching flow. 727,455 employed residents (12.0%) get no work trip from observed OD.
2026-10-06 05:26:19 - data_sources.lodes_od - INFO -     I-I sourced from aux files: 0 (0.00%)
2026-10-06 05:26:19 - data_sources.lodes_od - INFO - ----------------------------------------------------------------------
2026-10-06 05:26:21 - data_sources.lodes_od - INFO -   Loaded assembled OD matrix from cache: /media/volume/Tareek-instance_vol-1/Tareek-work/Tareek/data/lodes_od_cache/od_matrix_83579ee1948629ed.parquet
2026-10-06 05:26:21 - data_sources.lodes_od - INFO -   Reconciliation OK: matrix 7,316,090 vs direct aggregation 7,316,090 (5,321,627 I-I + 1,994,463 anchored) (delta +0)
2026-10-06 05:26:21 - utils.od_diagnostics - INFO - OD source: lodes_od
2026-10-06 05:26:21 - models.od_matrix_v3 - INFO - ======================================================================
2026-10-06 05:26:21 - models.od_matrix_v3 - INFO - COMBINING OD MATRICES
2026-10-06 05:26:21 - models.od_matrix_v3 - INFO - ======================================================================
2026-10-06 05:26:21 - models.od_matrix_v3 - INFO - Survey matrix shape: (1, 1)
2026-10-06 05:26:21 - models.od_matrix_v3 - INFO - Local matrix shape: (8630, 8631)
2026-10-06 05:26:21 - models.od_matrix_v3 - INFO - Alpha (survey weight): 0.10
2026-10-06 05:26:21 - models.od_matrix_v3 - INFO - Local weight: 0.90
2026-10-06 05:26:21 - models.od_matrix_v3 - INFO - Aligning survey to local matrix structure...
2026-10-06 05:26:21 - models.od_matrix_v3 - INFO - Combining matrices (alpha blend where survey exists, local only where survey is empty)...
2026-10-06 05:26:25 - models.od_matrix_v3 - INFO - No scaling target specified. Using local matrix total: 7,316,090
2026-10-06 05:26:25 - models.od_matrix_v3 - INFO - Matrix total before scaling: 7,316,090
2026-10-06 05:26:25 - models.od_matrix_v3 - INFO - Scale factor: 1.000000
2026-10-06 05:26:25 - models.od_matrix_v3 - INFO - Applying robust rounding to guarantee target total...
2026-10-06 05:26:26 - models.od_matrix_v3 - INFO - Total after flooring: 7,316,090
2026-10-06 05:26:26 - models.od_matrix_v3 - INFO - Remainder to distribute: 0
2026-10-06 05:26:26 - models.od_matrix_v3 - INFO - ======================================================================
2026-10-06 05:26:26 - models.od_matrix_v3 - INFO - VERIFICATION
2026-10-06 05:26:26 - models.od_matrix_v3 - INFO - ======================================================================
2026-10-06 05:26:26 - models.od_matrix_v3 - INFO - Survey total trips: 10,696,964,320
2026-10-06 05:26:26 - models.od_matrix_v3 - INFO - Local total trips: 7,316,090
2026-10-06 05:26:26 - models.od_matrix_v3 - INFO - Combined total trips (before scaling): 7,316,090
2026-10-06 05:26:26 - models.od_matrix_v3 - INFO - Combined total trips (after scaling & rounding): 7,316,090
2026-10-06 05:26:26 - models.od_matrix_v3 - INFO - Target total: 7,316,090
2026-10-06 05:26:26 - models.od_matrix_v3 - INFO - Difference: 0
2026-10-06 05:26:26 - models.od_matrix_v3 - INFO - Combined matrix shape: (8630, 8631)
2026-10-06 05:26:26 - models.plan_generator - INFO -   Combined OD matrix shape: (8630, 8631)
2026-10-06 05:26:26 - models.plan_generator - INFO -   Total trips in matrix: 7,316,090
2026-10-06 05:26:27 - data_sources.lodes_od - INFO -   Matrix: 8,630 × 8,631, 3,149,126 non-zero pairs (4.2% dense), 7,316,090 trips
2026-10-06 05:26:27 - data_sources.lodes_od - INFO -   Zero-rows: 0 | Zero-cols: 0
2026-10-06 05:26:33 - utils.od_diagnostics - INFO -   Trip length: mean 35.03 km, median 21.01 km, p25 9.31 km, p75 53.48 km
2026-10-06 05:26:33 - utils.od_diagnostics - INFO -   Intrazonal share: 1.04%
2026-10-06 05:26:33 - models.plan_generator - WARNING -   Survey blend ran but changed no cells — the survey's H->W trips do not overlap the base matrix. alpha=0.10 had no practical effect.
2026-10-06 05:26:33 - utils.od_diagnostics - INFO -   vs gravity base: 7,316,090 / 6,099,744 = 1.1994 (+19.94% agents)
2026-10-06 05:26:33 - models.plan_generator - INFO -   Observed I-I gives 5,321,627 trips vs 6,099,744 employed residents (-12.76% agents) — E1
2026-10-06 05:27:05 - models.plan_generator - INFO -   Saved base (pre-blend) OD matrix to: /media/volume/Tareek-instance_vol-1/Tareek-work/Tareek/experiments/la_s10_pt9_10iter/base_od_matrix.csv
2026-10-06 05:27:19 - models.plan_generator - INFO -   Saved combined OD matrix to: /media/volume/Tareek-instance_vol-1/Tareek-work/Tareek/experiments/la_s10_pt9_10iter/combined_od_matrix.csv
2026-10-06 05:27:19 - utils.od_diagnostics - INFO -   Wrote OD diagnostics to: /media/volume/Tareek-instance_vol-1/Tareek-work/Tareek/experiments/la_s10_pt9_10iter/od_matrix_diagnostics.json
2026-10-06 05:27:19 - models.plan_generator - INFO - Initializing GTFS transit availability...
2026-10-06 05:27:20 - models.plan_generator - INFO -   GTFS feeds already in DB, skipping redundant setup
2026-10-06 05:27:20 - models.gtfs_availability - INFO - Building GTFS spatial indices...
2026-10-06 05:27:32 - models.gtfs_availability - INFO -   Built index for bus: 120733 stops (route_types=[3, 11], took 11.59s)
2026-10-06 05:27:32 - models.gtfs_availability - INFO -   Built index for rail: 3301 stops (route_types=[0, 1, 2, 12], took 0.38s)
2026-10-06 05:27:32 - models.gtfs_availability - INFO - GTFS spatial indices built: 2 modes, 124034 total stops (took 12.0s)
2026-10-06 05:27:32 - models.plan_generator - INFO -   GTFS availability ready: 2 modes, 124034 stops indexed
2026-10-06 05:27:32 - models.plan_generator - INFO - Initializing mode choice model...
2026-10-06 05:27:32 - models.mode_choice - INFO - Computing mode shares from survey data...
2026-10-06 05:27:32 - models.mode_choice - INFO - Computed mode rates for 8 purposes
2026-10-06 05:27:32 - models.mode_choice - INFO -   Overall mode distribution: car=87.2%, walk=6.3%, school_bus=3.2%, bike=1.2%, bus=0.8%, rail=0.6%, rideshare=0.5%, other=0.3%
2026-10-06 05:27:32 - models.mode_choice - INFO - ModeChoiceModel initialized with 4 modes: ['car', 'bus', 'rail', 'walk']
2026-10-06 05:27:32 - models.plan_generator - INFO - Plan generator initialized successfully!
2026-10-06 05:27:32 - models.plan_generator - INFO - ======================================================================
2026-10-06 05:27:32 - models.plan_generator - INFO - Using provided experiment directory: /media/volume/Tareek-instance_vol-1/Tareek-work/Tareek/experiments/la_s10_pt9_10iter
2026-10-06 05:27:32 - models.plan_generator - INFO - All logs will be saved to: /media/volume/Tareek-instance_vol-1/Tareek-work/Tareek/experiments/la_s10_pt9_10iter/experiment_20261006_052346.log
2026-10-06 05:27:32 - models.plan_generator - INFO - ======================================================================
2026-10-06 05:27:32 - models.plan_generator - INFO - GENERATING PLANS
2026-10-06 05:27:32 - models.plan_generator - INFO - Target plans: all
2026-10-06 05:27:32 - models.plan_generator - INFO - Scaling factor: 0.1
2026-10-06 05:27:32 - models.plan_generator - INFO - Experiment directory: /media/volume/Tareek-instance_vol-1/Tareek-work/Tareek/experiments/la_s10_pt9_10iter
2026-10-06 05:27:32 - models.plan_generator - INFO - ======================================================================
2026-10-06 05:27:34 - models.plan_generator - INFO - P(commute) of workers (survey): 0.525
2026-10-06 05:27:34 - models.plan_generator - INFO - Work scaling multiplier: 1.1
2026-10-06 05:27:34 - models.plan_generator - INFO - Effective work scaling: 0.1 x 0.525 x 1.1 = 0.0578
2026-10-06 05:27:34 - models.plan_generator - INFO - Initial OD pairs: 345214
2026-10-06 05:27:34 - models.plan_generator - INFO - Original total trips: 7,316,090
2026-10-06 05:27:34 - models.plan_generator - INFO - Expected scaled trips: 422,786
2026-10-06 05:27:34 - models.plan_generator - INFO - Actual scaled trips: 422,722
2026-10-06 05:27:34 - models.plan_generator - INFO - Scaling accuracy: 100.0%
2026-10-06 05:27:34 - models.plan_generator - INFO - Using ALL scaled OD pairs (representative sample)
2026-10-06 05:27:34 - models.plan_generator - INFO - Total plans to generate: 422,722
2026-10-06 05:27:34 - models.plan_generator - INFO - Using 60 processes
2026-10-06 05:27:34 - models.plan_generator - INFO - Pre-loading data for multiprocessing...
2026-10-06 05:27:38 - models.poi_manager - INFO - Loaded 114,545 POIs across 6 activity types (county-filtered)
2026-10-06 05:27:38 - models.plan_generator - INFO - Loading POIs from database: found 114545 POIs (county-filtered)
2026-10-06 05:27:38 - models.plan_generator - INFO - Grouped POIs into 6 activity categories:
2026-10-06 05:27:38 - models.plan_generator - INFO -   - Dining: 19024 POIs
2026-10-06 05:27:38 - models.plan_generator - INFO -   - Other: 25651 POIs
2026-10-06 05:27:38 - models.plan_generator - INFO -   - Social: 44604 POIs
2026-10-06 05:27:38 - models.plan_generator - INFO -   - Shopping: 6083 POIs
2026-10-06 05:27:38 - models.plan_generator - INFO -   - School: 17549 POIs
2026-10-06 05:27:38 - models.plan_generator - INFO -   - Escort: 1634 POIs
2026-10-06 05:27:38 - models.plan_generator - INFO -   Loaded 114545 POIs across 6 activities
2026-10-06 05:27:38 - models.plan_generator - INFO -   Pre-processed 286 chain patterns
2026-10-06 05:27:38 - models.plan_generator - INFO -   Serialized GTFS stop data for workers: bus=120733 stops, rail=3301 stops
2026-10-06 05:27:38 - models.plan_generator - INFO - Split 345214 OD pairs into 61 chunks
2026-10-06 05:27:38 - models.plan_generator - INFO - Workers will log to: /media/volume/Tareek-instance_vol-1/Tareek-work/Tareek/experiments/la_s10_pt9_10iter/experiment_20261006_052346.log
2026-10-06 05:27:49 - [ForkPoolWorker-1] models.plan_generator - INFO - Worker ForkPoolWorker-1 started - processing 5753 OD pairs
2026-10-06 05:27:50 - [ForkPoolWorker-1] models.time - INFO - Fitted models for 49 activity pairs
2026-10-06 05:27:50 - [ForkPoolWorker-1] models.time - INFO - Mean trip durations: global=20.0min, per-pair=49 pairs
2026-10-06 05:27:50 - [ForkPoolWorker-2] models.plan_generator - INFO - Worker ForkPoolWorker-2 started - processing 5753 OD pairs
2026-10-06 05:27:51 - [ForkPoolWorker-2] models.time - INFO - Fitted models for 49 activity pairs
2026-10-06 05:27:51 - [ForkPoolWorker-2] models.time - INFO - Mean trip durations: global=20.0min, per-pair=49 pairs
2026-10-06 05:27:51 - [ForkPoolWorker-3] models.plan_generator - INFO - Worker ForkPoolWorker-3 started - processing 5753 OD pairs
2026-10-06 05:27:52 - [ForkPoolWorker-3] models.time - INFO - Fitted models for 49 activity pairs
2026-10-06 05:27:52 - [ForkPoolWorker-3] models.time - INFO - Mean trip durations: global=20.0min, per-pair=49 pairs
2026-10-06 05:27:52 - [ForkPoolWorker-4] models.plan_generator - INFO - Worker ForkPoolWorker-4 started - processing 5753 OD pairs
2026-10-06 05:27:53 - [ForkPoolWorker-4] models.time - INFO - Fitted models for 49 activity pairs
2026-10-06 05:27:53 - [ForkPoolWorker-4] models.time - INFO - Mean trip durations: global=20.0min, per-pair=49 pairs
2026-10-06 05:27:54 - [ForkPoolWorker-5] models.plan_generator - INFO - Worker ForkPoolWorker-5 started - processing 5753 OD pairs
2026-10-06 05:27:54 - [ForkPoolWorker-5] models.time - INFO - Fitted models for 49 activity pairs
2026-10-06 05:27:54 - [ForkPoolWorker-5] models.time - INFO - Mean trip durations: global=20.0min, per-pair=49 pairs
2026-10-06 05:27:55 - [ForkPoolWorker-6] models.plan_generator - INFO - Worker ForkPoolWorker-6 started - processing 5753 OD pairs
2026-10-06 05:27:56 - [ForkPoolWorker-6] models.time - INFO - Fitted models for 49 activity pairs
2026-10-06 05:27:56 - [ForkPoolWorker-6] models.time - INFO - Mean trip durations: global=20.0min, per-pair=49 pairs
2026-10-06 05:27:56 - [ForkPoolWorker-7] models.plan_generator - INFO - Worker ForkPoolWorker-7 started - processing 5753 OD pairs
2026-10-06 05:27:57 - [ForkPoolWorker-7] models.time - INFO - Fitted models for 49 activity pairs
2026-10-06 05:27:57 - [ForkPoolWorker-7] models.time - INFO - Mean trip durations: global=20.0min, per-pair=49 pairs
2026-10-06 05:27:57 - [ForkPoolWorker-1] models.mode_availability - DEBUG - Registered availability checker for car: UniversalAvailability
2026-10-06 05:27:57 - [ForkPoolWorker-1] models.mode_availability - DEBUG - Registered availability checker for bus: GTFSTransitAvailability
2026-10-06 05:27:57 - [ForkPoolWorker-1] models.mode_availability - DEBUG - Registered availability checker for rail: GTFSTransitAvailability
2026-10-06 05:27:57 - [ForkPoolWorker-1] models.mode_availability - DEBUG - Registered availability checker for walk: DistanceBasedAvailability
2026-10-06 05:27:57 - [ForkPoolWorker-1] models.mode_choice - INFO - Computing mode shares from survey data...
2026-10-06 05:27:57 - [ForkPoolWorker-1] models.mode_choice - DEBUG -   Survey weights (normalized): {'default': 1.0}
2026-10-06 05:27:57 - [ForkPoolWorker-1] models.mode_choice - DEBUG -   Computing rates for purposes: ['Shopping', 'Home', 'Other', 'Work', 'Dining', 'School', 'Social', 'all']
2026-10-06 05:27:57 - [ForkPoolWorker-1] models.mode_choice - DEBUG -   Mode rates for 'Shopping': car=93.6%, walk=5.1%, bike=0.4%, bus=0.4%, rail=0.2%, school_bus=0.2%, rideshare=0.1%
2026-10-06 05:27:57 - [ForkPoolWorker-1] models.mode_choice - DEBUG -   Mode rates for 'Home': car=88.1%, walk=5.0%, school_bus=3.8%, bike=1.1%, bus=0.7%, rideshare=0.5%, rail=0.5%, other=0.3%
2026-10-06 05:27:57 - [ForkPoolWorker-1] models.mode_choice - DEBUG -   Mode rates for 'Other': car=88.3%, walk=4.6%, bus=3.1%, rideshare=1.7%, school_bus=1.0%, rail=0.6%, bike=0.6%, other=0.2%
2026-10-06 05:27:57 - [ForkPoolWorker-1] models.mode_choice - DEBUG -   Mode rates for 'Work': car=92.5%, walk=2.3%, rail=1.6%, bus=1.2%, bike=1.0%, school_bus=0.6%, rideshare=0.5%, other=0.2%
2026-10-06 05:27:57 - [ForkPoolWorker-1] models.mode_choice - DEBUG -   Mode rates for 'Dining': car=91.1%, walk=6.8%, bike=1.2%, rail=0.3%, other=0.3%, rideshare=0.3%, bus=0.1%
2026-10-06 05:27:57 - [ForkPoolWorker-1] models.mode_choice - DEBUG -   Mode rates for 'School': car=65.5%, school_bus=22.9%, walk=7.7%, bike=2.3%, bus=0.9%, other=0.4%, rail=0.2%, rideshare=0.1%
2026-10-06 05:27:57 - [ForkPoolWorker-1] models.mode_choice - DEBUG -   Mode rates for 'Social': car=73.8%, walk=19.5%, bike=3.5%, other=1.0%, rail=0.6%, rideshare=0.6%, bus=0.6%, school_bus=0.4%
2026-10-06 05:27:57 - [ForkPoolWorker-1] models.mode_choice - DEBUG -   Mode rates for 'all': car=87.2%, walk=6.3%, school_bus=3.2%, bike=1.2%, bus=0.8%, rail=0.6%, rideshare=0.5%, other=0.3%
2026-10-06 05:27:57 - [ForkPoolWorker-1] models.mode_choice - INFO - Computed mode rates for 8 purposes
2026-10-06 05:27:57 - [ForkPoolWorker-1] models.mode_choice - INFO -   Overall mode distribution: car=87.2%, walk=6.3%, school_bus=3.2%, bike=1.2%, bus=0.8%, rail=0.6%, rideshare=0.5%, other=0.3%
2026-10-06 05:27:57 - [ForkPoolWorker-1] models.mode_choice - INFO - ModeChoiceModel initialized with 4 modes: ['car', 'bus', 'rail', 'walk']
2026-10-06 05:27:57 - [ForkPoolWorker-8] models.plan_generator - INFO - Worker ForkPoolWorker-8 started - processing 5753 OD pairs
2026-10-06 05:27:58 - [ForkPoolWorker-8] models.time - INFO - Fitted models for 49 activity pairs
2026-10-06 05:27:58 - [ForkPoolWorker-8] models.time - INFO - Mean trip durations: global=20.0min, per-pair=49 pairs
2026-10-06 05:27:58 - [ForkPoolWorker-2] models.mode_availability - DEBUG - Registered availability checker for car: UniversalAvailability
2026-10-06 05:27:58 - [ForkPoolWorker-2] models.mode_availability - DEBUG - Registered availability checker for bus: GTFSTransitAvailability
2026-10-06 05:27:58 - [ForkPoolWorker-2] models.mode_availability - DEBUG - Registered availability checker for rail: GTFSTransitAvailability
2026-10-06 05:27:58 - [ForkPoolWorker-2] models.mode_availability - DEBUG - Registered availability checker for walk: DistanceBasedAvailability
2026-10-06 05:27:58 - [ForkPoolWorker-2] models.mode_choice - INFO - Computing mode shares from survey data...
2026-10-06 05:27:58 - [ForkPoolWorker-2] models.mode_choice - DEBUG -   Survey weights (normalized): {'default': 1.0}
2026-10-06 05:27:58 - [ForkPoolWorker-2] models.mode_choice - DEBUG -   Computing rates for purposes: ['Shopping', 'Home', 'Other', 'Work', 'Dining', 'School', 'Social', 'all']
2026-10-06 05:27:58 - [ForkPoolWorker-2] models.mode_choice - DEBUG -   Mode rates for 'Shopping': car=93.6%, walk=5.1%, bike=0.4%, bus=0.4%, rail=0.2%, school_bus=0.2%, rideshare=0.1%
2026-10-06 05:27:58 - [ForkPoolWorker-2] models.mode_choice - DEBUG -   Mode rates for 'Home': car=88.1%, walk=5.0%, school_bus=3.8%, bike=1.1%, bus=0.7%, rideshare=0.5%, rail=0.5%, other=0.3%
2026-10-06 05:27:58 - [ForkPoolWorker-2] models.mode_choice - DEBUG -   Mode rates for 'Other': car=88.3%, walk=4.6%, bus=3.1%, rideshare=1.7%, school_bus=1.0%, rail=0.6%, bike=0.6%, other=0.2%
2026-10-06 05:27:58 - [ForkPoolWorker-2] models.mode_choice - DEBUG -   Mode rates for 'Work': car=92.5%, walk=2.3%, rail=1.6%, bus=1.2%, bike=1.0%, school_bus=0.6%, rideshare=0.5%, other=0.2%
2026-10-06 05:27:58 - [ForkPoolWorker-2] models.mode_choice - DEBUG -   Mode rates for 'Dining': car=91.1%, walk=6.8%, bike=1.2%, rail=0.3%, other=0.3%, rideshare=0.3%, bus=0.1%
2026-10-06 05:27:58 - [ForkPoolWorker-2] models.mode_choice - DEBUG -   Mode rates for 'School': car=65.5%, school_bus=22.9%, walk=7.7%, bike=2.3%, bus=0.9%, other=0.4%, rail=0.2%, rideshare=0.1%
2026-10-06 05:27:58 - [ForkPoolWorker-2] models.mode_choice - DEBUG -   Mode rates for 'Social': car=73.8%, walk=19.5%, bike=3.5%, other=1.0%, rail=0.6%, rideshare=0.6%, bus=0.6%, school_bus=0.4%
2026-10-06 05:27:58 - [ForkPoolWorker-2] models.mode_choice - DEBUG -   Mode rates for 'all': car=87.2%, walk=6.3%, school_bus=3.2%, bike=1.2%, bus=0.8%, rail=0.6%, rideshare=0.5%, other=0.3%
2026-10-06 05:27:58 - [ForkPoolWorker-2] models.mode_choice - INFO - Computed mode rates for 8 purposes
2026-10-06 05:27:58 - [ForkPoolWorker-2] models.mode_choice - INFO -   Overall mode distribution: car=87.2%, walk=6.3%, school_bus=3.2%, bike=1.2%, bus=0.8%, rail=0.6%, rideshare=0.5%, other=0.3%
2026-10-06 05:27:58 - [ForkPoolWorker-2] models.mode_choice - INFO - ModeChoiceModel initialized with 4 modes: ['car', 'bus', 'rail', 'walk']
2026-10-06 05:27:59 - [ForkPoolWorker-9] models.plan_generator - INFO - Worker ForkPoolWorker-9 started - processing 5753 OD pairs
2026-10-06 05:27:59 - [ForkPoolWorker-9] models.time - INFO - Fitted models for 49 activity pairs
2026-10-06 05:27:59 - [ForkPoolWorker-9] models.time - INFO - Mean trip durations: global=20.0min, per-pair=49 pairs
2026-10-06 05:27:59 - [ForkPoolWorker-3] models.mode_availability - DEBUG - Registered availability checker for car: UniversalAvailability
2026-10-06 05:27:59 - [ForkPoolWorker-3] models.mode_availability - DEBUG - Registered availability checker for bus: GTFSTransitAvailability
2026-10-06 05:27:59 - [ForkPoolWorker-3] models.mode_availability - DEBUG - Registered availability checker for rail: GTFSTransitAvailability
2026-10-06 05:27:59 - [ForkPoolWorker-3] models.mode_availability - DEBUG - Registered availability checker for walk: DistanceBasedAvailability
2026-10-06 05:27:59 - [ForkPoolWorker-3] models.mode_choice - INFO - Computing mode shares from survey data...
2026-10-06 05:27:59 - [ForkPoolWorker-3] models.mode_choice - DEBUG -   Survey weights (normalized): {'default': 1.0}
2026-10-06 05:27:59 - [ForkPoolWorker-3] models.mode_choice - DEBUG -   Computing rates for purposes: ['Shopping', 'Home', 'Other', 'Work', 'Dining', 'School', 'Social', 'all']
2026-10-06 05:27:59 - [ForkPoolWorker-3] models.mode_choice - DEBUG -   Mode rates for 'Shopping': car=93.6%, walk=5.1%, bike=0.4%, bus=0.4%, rail=0.2%, school_bus=0.2%, rideshare=0.1%
2026-10-06 05:27:59 - [ForkPoolWorker-3] models.mode_choice - DEBUG -   Mode rates for 'Home': car=88.1%, walk=5.0%, school_bus=3.8%, bike=1.1%, bus=0.7%, rideshare=0.5%, rail=0.5%, other=0.3%
2026-10-06 05:27:59 - [ForkPoolWorker-3] models.mode_choice - DEBUG -   Mode rates for 'Other': car=88.3%, walk=4.6%, bus=3.1%, rideshare=1.7%, school_bus=1.0%, rail=0.6%, bike=0.6%, other=0.2%
2026-10-06 05:27:59 - [ForkPoolWorker-3] models.mode_choice - DEBUG -   Mode rates for 'Work': car=92.5%, walk=2.3%, rail=1.6%, bus=1.2%, bike=1.0%, school_bus=0.6%, rideshare=0.5%, other=0.2%
2026-10-06 05:27:59 - [ForkPoolWorker-3] models.mode_choice - DEBUG -   Mode rates for 'Dining': car=91.1%, walk=6.8%, bike=1.2%, rail=0.3%, other=0.3%, rideshare=0.3%, bus=0.1%
2026-10-06 05:27:59 - [ForkPoolWorker-3] models.mode_choice - DEBUG -   Mode rates for 'School': car=65.5%, school_bus=22.9%, walk=7.7%, bike=2.3%, bus=0.9%, other=0.4%, rail=0.2%, rideshare=0.1%
2026-10-06 05:27:59 - [ForkPoolWorker-3] models.mode_choice - DEBUG -   Mode rates for 'Social': car=73.8%, walk=19.5%, bike=3.5%, other=1.0%, rail=0.6%, rideshare=0.6%, bus=0.6%, school_bus=0.4%
2026-10-06 05:27:59 - [ForkPoolWorker-3] models.mode_choice - DEBUG -   Mode rates for 'all': car=87.2%, walk=6.3%, school_bus=3.2%, bike=1.2%, bus=0.8%, rail=0.6%, rideshare=0.5%, other=0.3%
2026-10-06 05:27:59 - [ForkPoolWorker-3] models.mode_choice - INFO - Computed mode rates for 8 purposes
2026-10-06 05:27:59 - [ForkPoolWorker-3] models.mode_choice - INFO -   Overall mode distribution: car=87.2%, walk=6.3%, school_bus=3.2%, bike=1.2%, bus=0.8%, rail=0.6%, rideshare=0.5%, other=0.3%
2026-10-06 05:27:59 - [ForkPoolWorker-3] models.mode_choice - INFO - ModeChoiceModel initialized with 4 modes: ['car', 'bus', 'rail', 'walk']
2026-10-06 05:27:59 - [ForkPoolWorker-10] models.plan_generator - INFO - Worker ForkPoolWorker-10 started - processing 5753 OD pairs
2026-10-06 05:28:00 - [ForkPoolWorker-10] models.time - INFO - Fitted models for 49 activity pairs
2026-10-06 05:28:00 - [ForkPoolWorker-10] models.time - INFO - Mean trip durations: global=20.0min, per-pair=49 pairs
2026-10-06 05:28:00 - [ForkPoolWorker-4] models.mode_availability - DEBUG - Registered availability checker for car: UniversalAvailability
2026-10-06 05:28:00 - [ForkPoolWorker-4] models.mode_availability - DEBUG - Registered availability checker for bus: GTFSTransitAvailability
2026-10-06 05:28:00 - [ForkPoolWorker-4] models.mode_availability - DEBUG - Registered availability checker for rail: GTFSTransitAvailability
2026-10-06 05:28:00 - [ForkPoolWorker-4] models.mode_availability - DEBUG - Registered availability checker for walk: DistanceBasedAvailability
2026-10-06 05:28:00 - [ForkPoolWorker-4] models.mode_choice - INFO - Computing mode shares from survey data...
2026-10-06 05:28:00 - [ForkPoolWorker-4] models.mode_choice - DEBUG -   Survey weights (normalized): {'default': 1.0}
2026-10-06 05:28:00 - [ForkPoolWorker-4] models.mode_choice - DEBUG -   Computing rates for purposes: ['Shopping', 'Home', 'Other', 'Work', 'Dining', 'School', 'Social', 'all']
2026-10-06 05:28:00 - [ForkPoolWorker-4] models.mode_choice - DEBUG -   Mode rates for 'Shopping': car=93.6%, walk=5.1%, bike=0.4%, bus=0.4%, rail=0.2%, school_bus=0.2%, rideshare=0.1%
2026-10-06 05:28:00 - [ForkPoolWorker-4] models.mode_choice - DEBUG -   Mode rates for 'Home': car=88.1%, walk=5.0%, school_bus=3.8%, bike=1.1%, bus=0.7%, rideshare=0.5%, rail=0.5%, other=0.3%
2026-10-06 05:28:00 - [ForkPoolWorker-4] models.mode_choice - DEBUG -   Mode rates for 'Other': car=88.3%, walk=4.6%, bus=3.1%, rideshare=1.7%, school_bus=1.0%, rail=0.6%, bike=0.6%, other=0.2%
2026-10-06 05:28:00 - [ForkPoolWorker-4] models.mode_choice - DEBUG -   Mode rates for 'Work': car=92.5%, walk=2.3%, rail=1.6%, bus=1.2%, bike=1.0%, school_bus=0.6%, rideshare=0.5%, other=0.2%
2026-10-06 05:28:00 - [ForkPoolWorker-4] models.mode_choice - DEBUG -   Mode rates for 'Dining': car=91.1%, walk=6.8%, bike=1.2%, rail=0.3%, other=0.3%, rideshare=0.3%, bus=0.1%
2026-10-06 05:28:00 - [ForkPoolWorker-4] models.mode_choice - DEBUG -   Mode rates for 'School': car=65.5%, school_bus=22.9%, walk=7.7%, bike=2.3%, bus=0.9%, other=0.4%, rail=0.2%, rideshare=0.1%
2026-10-06 05:28:00 - [ForkPoolWorker-4] models.mode_choice - DEBUG -   Mode rates for 'Social': car=73.8%, walk=19.5%, bike=3.5%, other=1.0%, rail=0.6%, rideshare=0.6%, bus=0.6%, school_bus=0.4%
2026-10-06 05:28:00 - [ForkPoolWorker-4] models.mode_choice - DEBUG -   Mode rates for 'all': car=87.2%, walk=6.3%, school_bus=3.2%, bike=1.2%, bus=0.8%, rail=0.6%, rideshare=0.5%, other=0.3%
2026-10-06 05:28:00 - [ForkPoolWorker-4] models.mode_choice - INFO - Computed mode rates for 8 purposes
2026-10-06 05:28:00 - [ForkPoolWorker-4] models.mode_choice - INFO -   Overall mode distribution: car=87.2%, walk=6.3%, school_bus=3.2%, bike=1.2%, bus=0.8%, rail=0.6%, rideshare=0.5%, other=0.3%
2026-10-06 05:28:00 - [ForkPoolWorker-4] models.mode_choice - INFO - ModeChoiceModel initialized with 4 modes: ['car', 'bus', 'rail', 'walk']
2026-10-06 05:28:01 - [ForkPoolWorker-11] models.plan_generator - INFO - Worker ForkPoolWorker-11 started - processing 5753 OD pairs
2026-10-06 05:28:01 - [ForkPoolWorker-11] models.time - INFO - Fitted models for 49 activity pairs
2026-10-06 05:28:01 - [ForkPoolWorker-11] models.time - INFO - Mean trip durations: global=20.0min, per-pair=49 pairs
2026-10-06 05:28:01 - [ForkPoolWorker-5] models.mode_availability - DEBUG - Registered availability checker for car: UniversalAvailability
2026-10-06 05:28:01 - [ForkPoolWorker-5] models.mode_availability - DEBUG - Registered availability checker for bus: GTFSTransitAvailability
2026-10-06 05:28:01 - [ForkPoolWorker-5] models.mode_availability - DEBUG - Registered availability checker for rail: GTFSTransitAvailability
2026-10-06 05:28:01 - [ForkPoolWorker-5] models.mode_availability - DEBUG - Registered availability checker for walk: DistanceBasedAvailability
2026-10-06 05:28:01 - [ForkPoolWorker-5] models.mode_choice - INFO - Computing mode shares from survey data...
2026-10-06 05:28:01 - [ForkPoolWorker-5] models.mode_choice - DEBUG -   Survey weights (normalized): {'default': 1.0}
2026-10-06 05:28:01 - [ForkPoolWorker-5] models.mode_choice - DEBUG -   Computing rates for purposes: ['Shopping', 'Home', 'Other', 'Work', 'Dining', 'School', 'Social', 'all']
2026-10-06 05:28:01 - [ForkPoolWorker-5] models.mode_choice - DEBUG -   Mode rates for 'Shopping': car=93.6%, walk=5.1%, bike=0.4%, bus=0.4%, rail=0.2%, school_bus=0.2%, rideshare=0.1%
2026-10-06 05:28:01 - [ForkPoolWorker-5] models.mode_choice - DEBUG -   Mode rates for 'Home': car=88.1%, walk=5.0%, school_bus=3.8%, bike=1.1%, bus=0.7%, rideshare=0.5%, rail=0.5%, other=0.3%
2026-10-06 05:28:01 - [ForkPoolWorker-5] models.mode_choice - DEBUG -   Mode rates for 'Other': car=88.3%, walk=4.6%, bus=3.1%, rideshare=1.7%, school_bus=1.0%, rail=0.6%, bike=0.6%, other=0.2%
2026-10-06 05:28:01 - [ForkPoolWorker-5] models.mode_choice - DEBUG -   Mode rates for 'Work': car=92.5%, walk=2.3%, rail=1.6%, bus=1.2%, bike=1.0%, school_bus=0.6%, rideshare=0.5%, other=0.2%
2026-10-06 05:28:01 - [ForkPoolWorker-5] models.mode_choice - DEBUG -   Mode rates for 'Dining': car=91.1%, walk=6.8%, bike=1.2%, rail=0.3%, other=0.3%, rideshare=0.3%, bus=0.1%
2026-10-06 05:28:01 - [ForkPoolWorker-5] models.mode_choice - DEBUG -   Mode rates for 'School': car=65.5%, school_bus=22.9%, walk=7.7%, bike=2.3%, bus=0.9%, other=0.4%, rail=0.2%, rideshare=0.1%
2026-10-06 05:28:01 - [ForkPoolWorker-5] models.mode_choice - DEBUG -   Mode rates for 'Social': car=73.8%, walk=19.5%, bike=3.5%, other=1.0%, rail=0.6%, rideshare=0.6%, bus=0.6%, school_bus=0.4%
2026-10-06 05:28:01 - [ForkPoolWorker-5] models.mode_choice - DEBUG -   Mode rates for 'all': car=87.2%, walk=6.3%, school_bus=3.2%, bike=1.2%, bus=0.8%, rail=0.6%, rideshare=0.5%, other=0.3%
2026-10-06 05:28:01 - [ForkPoolWorker-5] models.mode_choice - INFO - Computed mode rates for 8 purposes
2026-10-06 05:28:01 - [ForkPoolWorker-5] models.mode_choice - INFO -   Overall mode distribution: car=87.2%, walk=6.3%, school_bus=3.2%, bike=1.2%, bus=0.8%, rail=0.6%, rideshare=0.5%, other=0.3%
2026-10-06 05:28:01 - [ForkPoolWorker-5] models.mode_choice - INFO - ModeChoiceModel initialized with 4 modes: ['car', 'bus', 'rail', 'walk']
2026-10-06 05:28:02 - [ForkPoolWorker-12] models.plan_generator - INFO - Worker ForkPoolWorker-12 started - processing 5753 OD pairs
2026-10-06 05:28:02 - [ForkPoolWorker-12] models.time - INFO - Fitted models for 49 activity pairs
2026-10-06 05:28:02 - [ForkPoolWorker-12] models.time - INFO - Mean trip durations: global=20.0min, per-pair=49 pairs
2026-10-06 05:28:03 - [ForkPoolWorker-6] models.mode_availability - DEBUG - Registered availability checker for car: UniversalAvailability
2026-10-06 05:28:03 - [ForkPoolWorker-6] models.mode_availability - DEBUG - Registered availability checker for bus: GTFSTransitAvailability
2026-10-06 05:28:03 - [ForkPoolWorker-6] models.mode_availability - DEBUG - Registered availability checker for rail: GTFSTransitAvailability
2026-10-06 05:28:03 - [ForkPoolWorker-6] models.mode_availability - DEBUG - Registered availability checker for walk: DistanceBasedAvailability
2026-10-06 05:28:03 - [ForkPoolWorker-6] models.mode_choice - INFO - Computing mode shares from survey data...
2026-10-06 05:28:03 - [ForkPoolWorker-6] models.mode_choice - DEBUG -   Survey weights (normalized): {'default': 1.0}
2026-10-06 05:28:03 - [ForkPoolWorker-6] models.mode_choice - DEBUG -   Computing rates for purposes: ['Shopping', 'Home', 'Other', 'Work', 'Dining', 'School', 'Social', 'all']
2026-10-06 05:28:03 - [ForkPoolWorker-6] models.mode_choice - DEBUG -   Mode rates for 'Shopping': car=93.6%, walk=5.1%, bike=0.4%, bus=0.4%, rail=0.2%, school_bus=0.2%, rideshare=0.1%
2026-10-06 05:28:03 - [ForkPoolWorker-6] models.mode_choice - DEBUG -   Mode rates for 'Home': car=88.1%, walk=5.0%, school_bus=3.8%, bike=1.1%, bus=0.7%, rideshare=0.5%, rail=0.5%, other=0.3%
2026-10-06 05:28:03 - [ForkPoolWorker-6] models.mode_choice - DEBUG -   Mode rates for 'Other': car=88.3%, walk=4.6%, bus=3.1%, rideshare=1.7%, school_bus=1.0%, rail=0.6%, bike=0.6%, other=0.2%
2026-10-06 05:28:03 - [ForkPoolWorker-6] models.mode_choice - DEBUG -   Mode rates for 'Work': car=92.5%, walk=2.3%, rail=1.6%, bus=1.2%, bike=1.0%, school_bus=0.6%, rideshare=0.5%, other=0.2%
2026-10-06 05:28:03 - [ForkPoolWorker-6] models.mode_choice - DEBUG -   Mode rates for 'Dining': car=91.1%, walk=6.8%, bike=1.2%, rail=0.3%, other=0.3%, rideshare=0.3%, bus=0.1%
2026-10-06 05:28:03 - [ForkPoolWorker-6] models.mode_choice - DEBUG -   Mode rates for 'School': car=65.5%, school_bus=22.9%, walk=7.7%, bike=2.3%, bus=0.9%, other=0.4%, rail=0.2%, rideshare=0.1%
2026-10-06 05:28:03 - [ForkPoolWorker-6] models.mode_choice - DEBUG -   Mode rates for 'Social': car=73.8%, walk=19.5%, bike=3.5%, other=1.0%, rail=0.6%, rideshare=0.6%, bus=0.6%, school_bus=0.4%
2026-10-06 05:28:03 - [ForkPoolWorker-6] models.mode_choice - DEBUG -   Mode rates for 'all': car=87.2%, walk=6.3%, school_bus=3.2%, bike=1.2%, bus=0.8%, rail=0.6%, rideshare=0.5%, other=0.3%
2026-10-06 05:28:03 - [ForkPoolWorker-6] models.mode_choice - INFO - Computed mode rates for 8 purposes
2026-10-06 05:28:03 - [ForkPoolWorker-6] models.mode_choice - INFO -   Overall mode distribution: car=87.2%, walk=6.3%, school_bus=3.2%, bike=1.2%, bus=0.8%, rail=0.6%, rideshare=0.5%, other=0.3%
2026-10-06 05:28:03 - [ForkPoolWorker-6] models.mode_choice - INFO - ModeChoiceModel initialized with 4 modes: ['car', 'bus', 'rail', 'walk']
2026-10-06 05:28:03 - [ForkPoolWorker-13] models.plan_generator - INFO - Worker ForkPoolWorker-13 started - processing 5753 OD pairs
2026-10-06 05:28:03 - [ForkPoolWorker-13] models.time - INFO - Fitted models for 49 activity pairs
2026-10-06 05:28:03 - [ForkPoolWorker-13] models.time - INFO - Mean trip durations: global=20.0min, per-pair=49 pairs
2026-10-06 05:28:04 - [ForkPoolWorker-7] models.mode_availability - DEBUG - Registered availability checker for car: UniversalAvailability
2026-10-06 05:28:04 - [ForkPoolWorker-7] models.mode_availability - DEBUG - Registered availability checker for bus: GTFSTransitAvailability
2026-10-06 05:28:04 - [ForkPoolWorker-7] models.mode_availability - DEBUG - Registered availability checker for rail: GTFSTransitAvailability
2026-10-06 05:28:04 - [ForkPoolWorker-7] models.mode_availability - DEBUG - Registered availability checker for walk: DistanceBasedAvailability
2026-10-06 05:28:04 - [ForkPoolWorker-7] models.mode_choice - INFO - Computing mode shares from survey data...
2026-10-06 05:28:04 - [ForkPoolWorker-7] models.mode_choice - DEBUG -   Survey weights (normalized): {'default': 1.0}
2026-10-06 05:28:04 - [ForkPoolWorker-7] models.mode_choice - DEBUG -   Computing rates for purposes: ['Shopping', 'Home', 'Other', 'Work', 'Dining', 'School', 'Social', 'all']
2026-10-06 05:28:04 - [ForkPoolWorker-7] models.mode_choice - DEBUG -   Mode rates for 'Shopping': car=93.6%, walk=5.1%, bike=0.4%, bus=0.4%, rail=0.2%, school_bus=0.2%, rideshare=0.1%
2026-10-06 05:28:04 - [ForkPoolWorker-7] models.mode_choice - DEBUG -   Mode rates for 'Home': car=88.1%, walk=5.0%, school_bus=3.8%, bike=1.1%, bus=0.7%, rideshare=0.5%, rail=0.5%, other=0.3%
2026-10-06 05:28:04 - [ForkPoolWorker-7] models.mode_choice - DEBUG -   Mode rates for 'Other': car=88.3%, walk=4.6%, bus=3.1%, rideshare=1.7%, school_bus=1.0%, rail=0.6%, bike=0.6%, other=0.2%
2026-10-06 05:28:04 - [ForkPoolWorker-7] models.mode_choice - DEBUG -   Mode rates for 'Work': car=92.5%, walk=2.3%, rail=1.6%, bus=1.2%, bike=1.0%, school_bus=0.6%, rideshare=0.5%, other=0.2%
2026-10-06 05:28:04 - [ForkPoolWorker-7] models.mode_choice - DEBUG -   Mode rates for 'Dining': car=91.1%, walk=6.8%, bike=1.2%, rail=0.3%, other=0.3%, rideshare=0.3%, bus=0.1%
2026-10-06 05:28:04 - [ForkPoolWorker-7] models.mode_choice - DEBUG -   Mode rates for 'School': car=65.5%, school_bus=22.9%, walk=7.7%, bike=2.3%, bus=0.9%, other=0.4%, rail=0.2%, rideshare=0.1%
2026-10-06 05:28:04 - [ForkPoolWorker-7] models.mode_choice - DEBUG -   Mode rates for 'Social': car=73.8%, walk=19.5%, bike=3.5%, other=1.0%, rail=0.6%, rideshare=0.6%, bus=0.6%, school_bus=0.4%
2026-10-06 05:28:04 - [ForkPoolWorker-7] models.mode_choice - DEBUG -   Mode rates for 'all': car=87.2%, walk=6.3%, school_bus=3.2%, bike=1.2%, bus=0.8%, rail=0.6%, rideshare=0.5%, other=0.3%
2026-10-06 05:28:04 - [ForkPoolWorker-7] models.mode_choice - INFO - Computed mode rates for 8 purposes
2026-10-06 05:28:04 - [ForkPoolWorker-7] models.mode_choice - INFO -   Overall mode distribution: car=87.2%, walk=6.3%, school_bus=3.2%, bike=1.2%, bus=0.8%, rail=0.6%, rideshare=0.5%, other=0.3%
2026-10-06 05:28:04 - [ForkPoolWorker-7] models.mode_choice - INFO - ModeChoiceModel initialized with 4 modes: ['car', 'bus', 'rail', 'walk']
2026-10-06 05:28:04 - [ForkPoolWorker-14] models.plan_generator - INFO - Worker ForkPoolWorker-14 started - processing 5753 OD pairs
2026-10-06 05:28:04 - [ForkPoolWorker-14] models.time - INFO - Fitted models for 49 activity pairs
2026-10-06 05:28:04 - [ForkPoolWorker-14] models.time - INFO - Mean trip durations: global=20.0min, per-pair=49 pairs
2026-10-06 05:28:05 - [ForkPoolWorker-8] models.mode_availability - DEBUG - Registered availability checker for car: UniversalAvailability
2026-10-06 05:28:05 - [ForkPoolWorker-8] models.mode_availability - DEBUG - Registered availability checker for bus: GTFSTransitAvailability
2026-10-06 05:28:05 - [ForkPoolWorker-8] models.mode_availability - DEBUG - Registered availability checker for rail: GTFSTransitAvailability
2026-10-06 05:28:05 - [ForkPoolWorker-8] models.mode_availability - DEBUG - Registered availability checker for walk: DistanceBasedAvailability
2026-10-06 05:28:05 - [ForkPoolWorker-8] models.mode_choice - INFO - Computing mode shares from survey data...
2026-10-06 05:28:05 - [ForkPoolWorker-8] models.mode_choice - DEBUG -   Survey weights (normalized): {'default': 1.0}
2026-10-06 05:28:05 - [ForkPoolWorker-8] models.mode_choice - DEBUG -   Computing rates for purposes: ['Shopping', 'Home', 'Other', 'Work', 'Dining', 'School', 'Social', 'all']
2026-10-06 05:28:05 - [ForkPoolWorker-8] models.mode_choice - DEBUG -   Mode rates for 'Shopping': car=93.6%, walk=5.1%, bike=0.4%, bus=0.4%, rail=0.2%, school_bus=0.2%, rideshare=0.1%
2026-10-06 05:28:05 - [ForkPoolWorker-8] models.mode_choice - DEBUG -   Mode rates for 'Home': car=88.1%, walk=5.0%, school_bus=3.8%, bike=1.1%, bus=0.7%, rideshare=0.5%, rail=0.5%, other=0.3%
2026-10-06 05:28:05 - [ForkPoolWorker-8] models.mode_choice - DEBUG -   Mode rates for 'Other': car=88.3%, walk=4.6%, bus=3.1%, rideshare=1.7%, school_bus=1.0%, rail=0.6%, bike=0.6%, other=0.2%
2026-10-06 05:28:05 - [ForkPoolWorker-8] models.mode_choice - DEBUG -   Mode rates for 'Work': car=92.5%, walk=2.3%, rail=1.6%, bus=1.2%, bike=1.0%, school_bus=0.6%, rideshare=0.5%, other=0.2%
2026-10-06 05:28:05 - [ForkPoolWorker-8] models.mode_choice - DEBUG -   Mode rates for 'Dining': car=91.1%, walk=6.8%, bike=1.2%, rail=0.3%, other=0.3%, rideshare=0.3%, bus=0.1%
2026-10-06 05:28:05 - [ForkPoolWorker-8] models.mode_choice - DEBUG -   Mode rates for 'School': car=65.5%, school_bus=22.9%, walk=7.7%, bike=2.3%, bus=0.9%, other=0.4%, rail=0.2%, rideshare=0.1%
2026-10-06 05:28:05 - [ForkPoolWorker-8] models.mode_choice - DEBUG -   Mode rates for 'Social': car=73.8%, walk=19.5%, bike=3.5%, other=1.0%, rail=0.6%, rideshare=0.6%, bus=0.6%, school_bus=0.4%
2026-10-06 05:28:05 - [ForkPoolWorker-8] models.mode_choice - DEBUG -   Mode rates for 'all': car=87.2%, walk=6.3%, school_bus=3.2%, bike=1.2%, bus=0.8%, rail=0.6%, rideshare=0.5%, other=0.3%
2026-10-06 05:28:05 - [ForkPoolWorker-8] models.mode_choice - INFO - Computed mode rates for 8 purposes
2026-10-06 05:28:05 - [ForkPoolWorker-8] models.mode_choice - INFO -   Overall mode distribution: car=87.2%, walk=6.3%, school_bus=3.2%, bike=1.2%, bus=0.8%, rail=0.6%, rideshare=0.5%, other=0.3%
2026-10-06 05:28:05 - [ForkPoolWorker-8] models.mode_choice - INFO - ModeChoiceModel initialized with 4 modes: ['car', 'bus', 'rail', 'walk']
2026-10-06 05:28:05 - [ForkPoolWorker-15] models.plan_generator - INFO - Worker ForkPoolWorker-15 started - processing 5753 OD pairs
2026-10-06 05:28:05 - [ForkPoolWorker-15] models.time - INFO - Fitted models for 49 activity pairs
2026-10-06 05:28:05 - [ForkPoolWorker-15] models.time - INFO - Mean trip durations: global=20.0min, per-pair=49 pairs
2026-10-06 05:28:06 - [ForkPoolWorker-9] models.mode_availability - DEBUG - Registered availability checker for car: UniversalAvailability
2026-10-06 05:28:06 - [ForkPoolWorker-9] models.mode_availability - DEBUG - Registered availability checker for bus: GTFSTransitAvailability
2026-10-06 05:28:06 - [ForkPoolWorker-9] models.mode_availability - DEBUG - Registered availability checker for rail: GTFSTransitAvailability
2026-10-06 05:28:06 - [ForkPoolWorker-9] models.mode_availability - DEBUG - Registered availability checker for walk: DistanceBasedAvailability
2026-10-06 05:28:06 - [ForkPoolWorker-9] models.mode_choice - INFO - Computing mode shares from survey data...
2026-10-06 05:28:06 - [ForkPoolWorker-9] models.mode_choice - DEBUG -   Survey weights (normalized): {'default': 1.0}
2026-10-06 05:28:06 - [ForkPoolWorker-9] models.mode_choice - DEBUG -   Computing rates for purposes: ['Shopping', 'Home', 'Other', 'Work', 'Dining', 'School', 'Social', 'all']
2026-10-06 05:28:06 - [ForkPoolWorker-9] models.mode_choice - DEBUG -   Mode rates for 'Shopping': car=93.6%, walk=5.1%, bike=0.4%, bus=0.4%, rail=0.2%, school_bus=0.2%, rideshare=0.1%
2026-10-06 05:28:06 - [ForkPoolWorker-9] models.mode_choice - DEBUG -   Mode rates for 'Home': car=88.1%, walk=5.0%, school_bus=3.8%, bike=1.1%, bus=0.7%, rideshare=0.5%, rail=0.5%, other=0.3%
2026-10-06 05:28:06 - [ForkPoolWorker-9] models.mode_choice - DEBUG -   Mode rates for 'Other': car=88.3%, walk=4.6%, bus=3.1%, rideshare=1.7%, school_bus=1.0%, rail=0.6%, bike=0.6%, other=0.2%
2026-10-06 05:28:06 - [ForkPoolWorker-9] models.mode_choice - DEBUG -   Mode rates for 'Work': car=92.5%, walk=2.3%, rail=1.6%, bus=1.2%, bike=1.0%, school_bus=0.6%, rideshare=0.5%, other=0.2%
2026-10-06 05:28:06 - [ForkPoolWorker-9] models.mode_choice - DEBUG -   Mode rates for 'Dining': car=91.1%, walk=6.8%, bike=1.2%, rail=0.3%, other=0.3%, rideshare=0.3%, bus=0.1%
2026-10-06 05:28:06 - [ForkPoolWorker-9] models.mode_choice - DEBUG -   Mode rates for 'School': car=65.5%, school_bus=22.9%, walk=7.7%, bike=2.3%, bus=0.9%, other=0.4%, rail=0.2%, rideshare=0.1%
2026-10-06 05:28:06 - [ForkPoolWorker-9] models.mode_choice - DEBUG -   Mode rates for 'Social': car=73.8%, walk=19.5%, bike=3.5%, other=1.0%, rail=0.6%, rideshare=0.6%, bus=0.6%, school_bus=0.4%
2026-10-06 05:28:06 - [ForkPoolWorker-9] models.mode_choice - DEBUG -   Mode rates for 'all': car=87.2%, walk=6.3%, school_bus=3.2%, bike=1.2%, bus=0.8%, rail=0.6%, rideshare=0.5%, other=0.3%
2026-10-06 05:28:06 - [ForkPoolWorker-9] models.mode_choice - INFO - Computed mode rates for 8 purposes
2026-10-06 05:28:06 - [ForkPoolWorker-9] models.mode_choice - INFO -   Overall mode distribution: car=87.2%, walk=6.3%, school_bus=3.2%, bike=1.2%, bus=0.8%, rail=0.6%, rideshare=0.5%, other=0.3%
2026-10-06 05:28:06 - [ForkPoolWorker-9] models.mode_choice - INFO - ModeChoiceModel initialized with 4 modes: ['car', 'bus', 'rail', 'walk']
2026-10-06 05:28:07 - [ForkPoolWorker-16] models.plan_generator - INFO - Worker ForkPoolWorker-16 started - processing 5753 OD pairs
2026-10-06 05:28:07 - [ForkPoolWorker-16] models.time - INFO - Fitted models for 49 activity pairs
2026-10-06 05:28:07 - [ForkPoolWorker-16] models.time - INFO - Mean trip durations: global=20.0min, per-pair=49 pairs
2026-10-06 05:28:07 - [ForkPoolWorker-10] models.mode_availability - DEBUG - Registered availability checker for car: UniversalAvailability
2026-10-06 05:28:07 - [ForkPoolWorker-10] models.mode_availability - DEBUG - Registered availability checker for bus: GTFSTransitAvailability
2026-10-06 05:28:07 - [ForkPoolWorker-10] models.mode_availability - DEBUG - Registered availability checker for rail: GTFSTransitAvailability
2026-10-06 05:28:07 - [ForkPoolWorker-10] models.mode_availability - DEBUG - Registered availability checker for walk: DistanceBasedAvailability
2026-10-06 05:28:07 - [ForkPoolWorker-10] models.mode_choice - INFO - Computing mode shares from survey data...
2026-10-06 05:28:07 - [ForkPoolWorker-10] models.mode_choice - DEBUG -   Survey weights (normalized): {'default': 1.0}
2026-10-06 05:28:07 - [ForkPoolWorker-10] models.mode_choice - DEBUG -   Computing rates for purposes: ['Shopping', 'Home', 'Other', 'Work', 'Dining', 'School', 'Social', 'all']
2026-10-06 05:28:07 - [ForkPoolWorker-10] models.mode_choice - DEBUG -   Mode rates for 'Shopping': car=93.6%, walk=5.1%, bike=0.4%, bus=0.4%, rail=0.2%, school_bus=0.2%, rideshare=0.1%
2026-10-06 05:28:07 - [ForkPoolWorker-10] models.mode_choice - DEBUG -   Mode rates for 'Home': car=88.1%, walk=5.0%, school_bus=3.8%, bike=1.1%, bus=0.7%, rideshare=0.5%, rail=0.5%, other=0.3%
2026-10-06 05:28:07 - [ForkPoolWorker-10] models.mode_choice - DEBUG -   Mode rates for 'Other': car=88.3%, walk=4.6%, bus=3.1%, rideshare=1.7%, school_bus=1.0%, rail=0.6%, bike=0.6%, other=0.2%
2026-10-06 05:28:07 - [ForkPoolWorker-10] models.mode_choice - DEBUG -   Mode rates for 'Work': car=92.5%, walk=2.3%, rail=1.6%, bus=1.2%, bike=1.0%, school_bus=0.6%, rideshare=0.5%, other=0.2%
2026-10-06 05:28:07 - [ForkPoolWorker-10] models.mode_choice - DEBUG -   Mode rates for 'Dining': car=91.1%, walk=6.8%, bike=1.2%, rail=0.3%, other=0.3%, rideshare=0.3%, bus=0.1%
2026-10-06 05:28:07 - [ForkPoolWorker-10] models.mode_choice - DEBUG -   Mode rates for 'School': car=65.5%, school_bus=22.9%, walk=7.7%, bike=2.3%, bus=0.9%, other=0.4%, rail=0.2%, rideshare=0.1%
2026-10-06 05:28:07 - [ForkPoolWorker-10] models.mode_choice - DEBUG -   Mode rates for 'Social': car=73.8%, walk=19.5%, bike=3.5%, other=1.0%, rail=0.6%, rideshare=0.6%, bus=0.6%, school_bus=0.4%
2026-10-06 05:28:07 - [ForkPoolWorker-10] models.mode_choice - DEBUG -   Mode rates for 'all': car=87.2%, walk=6.3%, school_bus=3.2%, bike=1.2%, bus=0.8%, rail=0.6%, rideshare=0.5%, other=0.3%
2026-10-06 05:28:07 - [ForkPoolWorker-10] models.mode_choice - INFO - Computed mode rates for 8 purposes
2026-10-06 05:28:07 - [ForkPoolWorker-10] models.mode_choice - INFO -   Overall mode distribution: car=87.2%, walk=6.3%, school_bus=3.2%, bike=1.2%, bus=0.8%, rail=0.6%, rideshare=0.5%, other=0.3%
2026-10-06 05:28:07 - [ForkPoolWorker-10] models.mode_choice - INFO - ModeChoiceModel initialized with 4 modes: ['car', 'bus', 'rail', 'walk']
2026-10-06 05:28:07 - [ForkPoolWorker-17] models.plan_generator - INFO - Worker ForkPoolWorker-17 started - processing 5753 OD pairs
2026-10-06 05:28:08 - [ForkPoolWorker-17] models.time - INFO - Fitted models for 49 activity pairs
2026-10-06 05:28:08 - [ForkPoolWorker-17] models.time - INFO - Mean trip durations: global=20.0min, per-pair=49 pairs
2026-10-06 05:28:09 - [ForkPoolWorker-11] models.mode_availability - DEBUG - Registered availability checker for car: UniversalAvailability
2026-10-06 05:28:09 - [ForkPoolWorker-11] models.mode_availability - DEBUG - Registered availability checker for bus: GTFSTransitAvailability
2026-10-06 05:28:09 - [ForkPoolWorker-11] models.mode_availability - DEBUG - Registered availability checker for rail: GTFSTransitAvailability
2026-10-06 05:28:09 - [ForkPoolWorker-11] models.mode_availability - DEBUG - Registered availability checker for walk: DistanceBasedAvailability
2026-10-06 05:28:09 - [ForkPoolWorker-11] models.mode_choice - INFO - Computing mode shares from survey data...
2026-10-06 05:28:09 - [ForkPoolWorker-11] models.mode_choice - DEBUG -   Survey weights (normalized): {'default': 1.0}
2026-10-06 05:28:09 - [ForkPoolWorker-11] models.mode_choice - DEBUG -   Computing rates for purposes: ['Shopping', 'Home', 'Other', 'Work', 'Dining', 'School', 'Social', 'all']
2026-10-06 05:28:09 - [ForkPoolWorker-11] models.mode_choice - DEBUG -   Mode rates for 'Shopping': car=93.6%, walk=5.1%, bike=0.4%, bus=0.4%, rail=0.2%, school_bus=0.2%, rideshare=0.1%
2026-10-06 05:28:09 - [ForkPoolWorker-11] models.mode_choice - DEBUG -   Mode rates for 'Home': car=88.1%, walk=5.0%, school_bus=3.8%, bike=1.1%, bus=0.7%, rideshare=0.5%, rail=0.5%, other=0.3%
2026-10-06 05:28:09 - [ForkPoolWorker-11] models.mode_choice - DEBUG -   Mode rates for 'Other': car=88.3%, walk=4.6%, bus=3.1%, rideshare=1.7%, school_bus=1.0%, rail=0.6%, bike=0.6%, other=0.2%
2026-10-06 05:28:09 - [ForkPoolWorker-11] models.mode_choice - DEBUG -   Mode rates for 'Work': car=92.5%, walk=2.3%, rail=1.6%, bus=1.2%, bike=1.0%, school_bus=0.6%, rideshare=0.5%, other=0.2%
2026-10-06 05:28:09 - [ForkPoolWorker-11] models.mode_choice - DEBUG -   Mode rates for 'Dining': car=91.1%, walk=6.8%, bike=1.2%, rail=0.3%, other=0.3%, rideshare=0.3%, bus=0.1%
2026-10-06 05:28:09 - [ForkPoolWorker-11] models.mode_choice - DEBUG -   Mode rates for 'School': car=65.5%, school_bus=22.9%, walk=7.7%, bike=2.3%, bus=0.9%, other=0.4%, rail=0.2%, rideshare=0.1%
2026-10-06 05:28:09 - [ForkPoolWorker-11] models.mode_choice - DEBUG -   Mode rates for 'Social': car=73.8%, walk=19.5%, bike=3.5%, other=1.0%, rail=0.6%, rideshare=0.6%, bus=0.6%, school_bus=0.4%
2026-10-06 05:28:09 - [ForkPoolWorker-11] models.mode_choice - DEBUG -   Mode rates for 'all': car=87.2%, walk=6.3%, school_bus=3.2%, bike=1.2%, bus=0.8%, rail=0.6%, rideshare=0.5%, other=0.3%
2026-10-06 05:28:09 - [ForkPoolWorker-11] models.mode_choice - INFO - Computed mode rates for 8 purposes
2026-10-06 05:28:09 - [ForkPoolWorker-11] models.mode_choice - INFO -   Overall mode distribution: car=87.2%, walk=6.3%, school_bus=3.2%, bike=1.2%, bus=0.8%, rail=0.6%, rideshare=0.5%, other=0.3%
2026-10-06 05:28:09 - [ForkPoolWorker-11] models.mode_choice - INFO - ModeChoiceModel initialized with 4 modes: ['car', 'bus', 'rail', 'walk']
2026-10-06 05:28:09 - [ForkPoolWorker-18] models.plan_generator - INFO - Worker ForkPoolWorker-18 started - processing 5753 OD pairs
2026-10-06 05:28:09 - [ForkPoolWorker-18] models.time - INFO - Fitted models for 49 activity pairs
2026-10-06 05:28:09 - [ForkPoolWorker-18] models.time - INFO - Mean trip durations: global=20.0min, per-pair=49 pairs
2026-10-06 05:28:09 - [ForkPoolWorker-12] models.mode_availability - DEBUG - Registered availability checker for car: UniversalAvailability
2026-10-06 05:28:09 - [ForkPoolWorker-12] models.mode_availability - DEBUG - Registered availability checker for bus: GTFSTransitAvailability
2026-10-06 05:28:09 - [ForkPoolWorker-12] models.mode_availability - DEBUG - Registered availability checker for rail: GTFSTransitAvailability
2026-10-06 05:28:09 - [ForkPoolWorker-12] models.mode_availability - DEBUG - Registered availability checker for walk: DistanceBasedAvailability
2026-10-06 05:28:09 - [ForkPoolWorker-12] models.mode_choice - INFO - Computing mode shares from survey data...
2026-10-06 05:28:09 - [ForkPoolWorker-12] models.mode_choice - DEBUG -   Survey weights (normalized): {'default': 1.0}
2026-10-06 05:28:09 - [ForkPoolWorker-12] models.mode_choice - DEBUG -   Computing rates for purposes: ['Shopping', 'Home', 'Other', 'Work', 'Dining', 'School', 'Social', 'all']
2026-10-06 05:28:09 - [ForkPoolWorker-12] models.mode_choice - DEBUG -   Mode rates for 'Shopping': car=93.6%, walk=5.1%, bike=0.4%, bus=0.4%, rail=0.2%, school_bus=0.2%, rideshare=0.1%
2026-10-06 05:28:09 - [ForkPoolWorker-12] models.mode_choice - DEBUG -   Mode rates for 'Home': car=88.1%, walk=5.0%, school_bus=3.8%, bike=1.1%, bus=0.7%, rideshare=0.5%, rail=0.5%, other=0.3%
2026-10-06 05:28:09 - [ForkPoolWorker-12] models.mode_choice - DEBUG -   Mode rates for 'Other': car=88.3%, walk=4.6%, bus=3.1%, rideshare=1.7%, school_bus=1.0%, rail=0.6%, bike=0.6%, other=0.2%
2026-10-06 05:28:09 - [ForkPoolWorker-12] models.mode_choice - DEBUG -   Mode rates for 'Work': car=92.5%, walk=2.3%, rail=1.6%, bus=1.2%, bike=1.0%, school_bus=0.6%, rideshare=0.5%, other=0.2%
2026-10-06 05:28:09 - [ForkPoolWorker-12] models.mode_choice - DEBUG -   Mode rates for 'Dining': car=91.1%, walk=6.8%, bike=1.2%, rail=0.3%, other=0.3%, rideshare=0.3%, bus=0.1%
2026-10-06 05:28:09 - [ForkPoolWorker-12] models.mode_choice - DEBUG -   Mode rates for 'School': car=65.5%, school_bus=22.9%, walk=7.7%, bike=2.3%, bus=0.9%, other=0.4%, rail=0.2%, rideshare=0.1%
2026-10-06 05:28:09 - [ForkPoolWorker-12] models.mode_choice - DEBUG -   Mode rates for 'Social': car=73.8%, walk=19.5%, bike=3.5%, other=1.0%, rail=0.6%, rideshare=0.6%, bus=0.6%, school_bus=0.4%
2026-10-06 05:28:09 - [ForkPoolWorker-12] models.mode_choice - DEBUG -   Mode rates for 'all': car=87.2%, walk=6.3%, school_bus=3.2%, bike=1.2%, bus=0.8%, rail=0.6%, rideshare=0.5%, other=0.3%
2026-10-06 05:28:09 - [ForkPoolWorker-12] models.mode_choice - INFO - Computed mode rates for 8 purposes
2026-10-06 05:28:09 - [ForkPoolWorker-12] models.mode_choice - INFO -   Overall mode distribution: car=87.2%, walk=6.3%, school_bus=3.2%, bike=1.2%, bus=0.8%, rail=0.6%, rideshare=0.5%, other=0.3%
2026-10-06 05:28:09 - [ForkPoolWorker-12] models.mode_choice - INFO - ModeChoiceModel initialized with 4 modes: ['car', 'bus', 'rail', 'walk']
2026-10-06 05:28:10 - [ForkPoolWorker-19] models.plan_generator - INFO - Worker ForkPoolWorker-19 started - processing 5753 OD pairs
2026-10-06 05:28:10 - [ForkPoolWorker-19] models.time - INFO - Fitted models for 49 activity pairs
2026-10-06 05:28:10 - [ForkPoolWorker-19] models.time - INFO - Mean trip durations: global=20.0min, per-pair=49 pairs
2026-10-06 05:28:10 - [ForkPoolWorker-13] models.mode_availability - DEBUG - Registered availability checker for car: UniversalAvailability
2026-10-06 05:28:10 - [ForkPoolWorker-13] models.mode_availability - DEBUG - Registered availability checker for bus: GTFSTransitAvailability
2026-10-06 05:28:10 - [ForkPoolWorker-13] models.mode_availability - DEBUG - Registered availability checker for rail: GTFSTransitAvailability
2026-10-06 05:28:10 - [ForkPoolWorker-13] models.mode_availability - DEBUG - Registered availability checker for walk: DistanceBasedAvailability
2026-10-06 05:28:10 - [ForkPoolWorker-13] models.mode_choice - INFO - Computing mode shares from survey data...
2026-10-06 05:28:10 - [ForkPoolWorker-13] models.mode_choice - DEBUG -   Survey weights (normalized): {'default': 1.0}
2026-10-06 05:28:10 - [ForkPoolWorker-13] models.mode_choice - DEBUG -   Computing rates for purposes: ['Shopping', 'Home', 'Other', 'Work', 'Dining', 'School', 'Social', 'all']
2026-10-06 05:28:10 - [ForkPoolWorker-13] models.mode_choice - DEBUG -   Mode rates for 'Shopping': car=93.6%, walk=5.1%, bike=0.4%, bus=0.4%, rail=0.2%, school_bus=0.2%, rideshare=0.1%
2026-10-06 05:28:10 - [ForkPoolWorker-13] models.mode_choice - DEBUG -   Mode rates for 'Home': car=88.1%, walk=5.0%, school_bus=3.8%, bike=1.1%, bus=0.7%, rideshare=0.5%, rail=0.5%, other=0.3%
2026-10-06 05:28:10 - [ForkPoolWorker-13] models.mode_choice - DEBUG -   Mode rates for 'Other': car=88.3%, walk=4.6%, bus=3.1%, rideshare=1.7%, school_bus=1.0%, rail=0.6%, bike=0.6%, other=0.2%
2026-10-06 05:28:10 - [ForkPoolWorker-13] models.mode_choice - DEBUG -   Mode rates for 'Work': car=92.5%, walk=2.3%, rail=1.6%, bus=1.2%, bike=1.0%, school_bus=0.6%, rideshare=0.5%, other=0.2%
2026-10-06 05:28:10 - [ForkPoolWorker-13] models.mode_choice - DEBUG -   Mode rates for 'Dining': car=91.1%, walk=6.8%, bike=1.2%, rail=0.3%, other=0.3%, rideshare=0.3%, bus=0.1%
2026-10-06 05:28:10 - [ForkPoolWorker-13] models.mode_choice - DEBUG -   Mode rates for 'School': car=65.5%, school_bus=22.9%, walk=7.7%, bike=2.3%, bus=0.9%, other=0.4%, rail=0.2%, rideshare=0.1%
2026-10-06 05:28:10 - [ForkPoolWorker-13] models.mode_choice - DEBUG -   Mode rates for 'Social': car=73.8%, walk=19.5%, bike=3.5%, other=1.0%, rail=0.6%, rideshare=0.6%, bus=0.6%, school_bus=0.4%
2026-10-06 05:28:10 - [ForkPoolWorker-13] models.mode_choice - DEBUG -   Mode rates for 'all': car=87.2%, walk=6.3%, school_bus=3.2%, bike=1.2%, bus=0.8%, rail=0.6%, rideshare=0.5%, other=0.3%
2026-10-06 05:28:10 - [ForkPoolWorker-13] models.mode_choice - INFO - Computed mode rates for 8 purposes
2026-10-06 05:28:10 - [ForkPoolWorker-13] models.mode_choice - INFO -   Overall mode distribution: car=87.2%, walk=6.3%, school_bus=3.2%, bike=1.2%, bus=0.8%, rail=0.6%, rideshare=0.5%, other=0.3%
2026-10-06 05:28:10 - [ForkPoolWorker-13] models.mode_choice - INFO - ModeChoiceModel initialized with 4 modes: ['car', 'bus', 'rail', 'walk']
2026-10-06 05:28:11 - [ForkPoolWorker-20] models.plan_generator - INFO - Worker ForkPoolWorker-20 started - processing 5753 OD pairs
2026-10-06 05:28:11 - [ForkPoolWorker-20] models.time - INFO - Fitted models for 49 activity pairs
2026-10-06 05:28:11 - [ForkPoolWorker-20] models.time - INFO - Mean trip durations: global=20.0min, per-pair=49 pairs
2026-10-06 05:28:11 - [ForkPoolWorker-14] models.mode_availability - DEBUG - Registered availability checker for car: UniversalAvailability
2026-10-06 05:28:11 - [ForkPoolWorker-14] models.mode_availability - DEBUG - Registered availability checker for bus: GTFSTransitAvailability
2026-10-06 05:28:11 - [ForkPoolWorker-14] models.mode_availability - DEBUG - Registered availability checker for rail: GTFSTransitAvailability
2026-10-06 05:28:11 - [ForkPoolWorker-14] models.mode_availability - DEBUG - Registered availability checker for walk: DistanceBasedAvailability
2026-10-06 05:28:11 - [ForkPoolWorker-14] models.mode_choice - INFO - Computing mode shares from survey data...
2026-10-06 05:28:11 - [ForkPoolWorker-14] models.mode_choice - DEBUG -   Survey weights (normalized): {'default': 1.0}
2026-10-06 05:28:11 - [ForkPoolWorker-14] models.mode_choice - DEBUG -   Computing rates for purposes: ['Shopping', 'Home', 'Other', 'Work', 'Dining', 'School', 'Social', 'all']
2026-10-06 05:28:11 - [ForkPoolWorker-14] models.mode_choice - DEBUG -   Mode rates for 'Shopping': car=93.6%, walk=5.1%, bike=0.4%, bus=0.4%, rail=0.2%, school_bus=0.2%, rideshare=0.1%
2026-10-06 05:28:11 - [ForkPoolWorker-14] models.mode_choice - DEBUG -   Mode rates for 'Home': car=88.1%, walk=5.0%, school_bus=3.8%, bike=1.1%, bus=0.7%, rideshare=0.5%, rail=0.5%, other=0.3%
2026-10-06 05:28:11 - [ForkPoolWorker-14] models.mode_choice - DEBUG -   Mode rates for 'Other': car=88.3%, walk=4.6%, bus=3.1%, rideshare=1.7%, school_bus=1.0%, rail=0.6%, bike=0.6%, other=0.2%
2026-10-06 05:28:11 - [ForkPoolWorker-14] models.mode_choice - DEBUG -   Mode rates for 'Work': car=92.5%, walk=2.3%, rail=1.6%, bus=1.2%, bike=1.0%, school_bus=0.6%, rideshare=0.5%, other=0.2%
2026-10-06 05:28:11 - [ForkPoolWorker-14] models.mode_choice - DEBUG -   Mode rates for 'Dining': car=91.1%, walk=6.8%, bike=1.2%, rail=0.3%, other=0.3%, rideshare=0.3%, bus=0.1%
2026-10-06 05:28:11 - [ForkPoolWorker-14] models.mode_choice - DEBUG -   Mode rates for 'School': car=65.5%, school_bus=22.9%, walk=7.7%, bike=2.3%, bus=0.9%, other=0.4%, rail=0.2%, rideshare=0.1%
2026-10-06 05:28:11 - [ForkPoolWorker-14] models.mode_choice - DEBUG -   Mode rates for 'Social': car=73.8%, walk=19.5%, bike=3.5%, other=1.0%, rail=0.6%, rideshare=0.6%, bus=0.6%, school_bus=0.4%
2026-10-06 05:28:11 - [ForkPoolWorker-14] models.mode_choice - DEBUG -   Mode rates for 'all': car=87.2%, walk=6.3%, school_bus=3.2%, bike=1.2%, bus=0.8%, rail=0.6%, rideshare=0.5%, other=0.3%
2026-10-06 05:28:11 - [ForkPoolWorker-14] models.mode_choice - INFO - Computed mode rates for 8 purposes
2026-10-06 05:28:11 - [ForkPoolWorker-14] models.mode_choice - INFO -   Overall mode distribution: car=87.2%, walk=6.3%, school_bus=3.2%, bike=1.2%, bus=0.8%, rail=0.6%, rideshare=0.5%, other=0.3%
2026-10-06 05:28:11 - [ForkPoolWorker-14] models.mode_choice - INFO - ModeChoiceModel initialized with 4 modes: ['car', 'bus', 'rail', 'walk']
2026-10-06 05:28:12 - [ForkPoolWorker-21] models.plan_generator - INFO - Worker ForkPoolWorker-21 started - processing 5753 OD pairs
2026-10-06 05:28:12 - [ForkPoolWorker-21] models.time - INFO - Fitted models for 49 activity pairs
2026-10-06 05:28:12 - [ForkPoolWorker-21] models.time - INFO - Mean trip durations: global=20.0min, per-pair=49 pairs
2026-10-06 05:28:12 - [ForkPoolWorker-15] models.mode_availability - DEBUG - Registered availability checker for car: UniversalAvailability
2026-10-06 05:28:12 - [ForkPoolWorker-15] models.mode_availability - DEBUG - Registered availability checker for bus: GTFSTransitAvailability
2026-10-06 05:28:12 - [ForkPoolWorker-15] models.mode_availability - DEBUG - Registered availability checker for rail: GTFSTransitAvailability
2026-10-06 05:28:12 - [ForkPoolWorker-15] models.mode_availability - DEBUG - Registered availability checker for walk: DistanceBasedAvailability
2026-10-06 05:28:12 - [ForkPoolWorker-15] models.mode_choice - INFO - Computing mode shares from survey data...
2026-10-06 05:28:12 - [ForkPoolWorker-15] models.mode_choice - DEBUG -   Survey weights (normalized): {'default': 1.0}
2026-10-06 05:28:12 - [ForkPoolWorker-15] models.mode_choice - DEBUG -   Computing rates for purposes: ['Shopping', 'Home', 'Other', 'Work', 'Dining', 'School', 'Social', 'all']
2026-10-06 05:28:12 - [ForkPoolWorker-15] models.mode_choice - DEBUG -   Mode rates for 'Shopping': car=93.6%, walk=5.1%, bike=0.4%, bus=0.4%, rail=0.2%, school_bus=0.2%, rideshare=0.1%
2026-10-06 05:28:12 - [ForkPoolWorker-15] models.mode_choice - DEBUG -   Mode rates for 'Home': car=88.1%, walk=5.0%, school_bus=3.8%, bike=1.1%, bus=0.7%, rideshare=0.5%, rail=0.5%, other=0.3%
2026-10-06 05:28:12 - [ForkPoolWorker-15] models.mode_choice - DEBUG -   Mode rates for 'Other': car=88.3%, walk=4.6%, bus=3.1%, rideshare=1.7%, school_bus=1.0%, rail=0.6%, bike=0.6%, other=0.2%
2026-10-06 05:28:12 - [ForkPoolWorker-15] models.mode_choice - DEBUG -   Mode rates for 'Work': car=92.5%, walk=2.3%, rail=1.6%, bus=1.2%, bike=1.0%, school_bus=0.6%, rideshare=0.5%, other=0.2%
2026-10-06 05:28:12 - [ForkPoolWorker-15] models.mode_choice - DEBUG -   Mode rates for 'Dining': car=91.1%, walk=6.8%, bike=1.2%, rail=0.3%, other=0.3%, rideshare=0.3%, bus=0.1%
2026-10-06 05:28:12 - [ForkPoolWorker-15] models.mode_choice - DEBUG -   Mode rates for 'School': car=65.5%, school_bus=22.9%, walk=7.7%, bike=2.3%, bus=0.9%, other=0.4%, rail=0.2%, rideshare=0.1%
2026-10-06 05:28:12 - [ForkPoolWorker-15] models.mode_choice - DEBUG -   Mode rates for 'Social': car=73.8%, walk=19.5%, bike=3.5%, other=1.0%, rail=0.6%, rideshare=0.6%, bus=0.6%, school_bus=0.4%
2026-10-06 05:28:12 - [ForkPoolWorker-15] models.mode_choice - DEBUG -   Mode rates for 'all': car=87.2%, walk=6.3%, school_bus=3.2%, bike=1.2%, bus=0.8%, rail=0.6%, rideshare=0.5%, other=0.3%
2026-10-06 05:28:12 - [ForkPoolWorker-15] models.mode_choice - INFO - Computed mode rates for 8 purposes
2026-10-06 05:28:12 - [ForkPoolWorker-15] models.mode_choice - INFO -   Overall mode distribution: car=87.2%, walk=6.3%, school_bus=3.2%, bike=1.2%, bus=0.8%, rail=0.6%, rideshare=0.5%, other=0.3%
2026-10-06 05:28:12 - [ForkPoolWorker-15] models.mode_choice - INFO - ModeChoiceModel initialized with 4 modes: ['car', 'bus', 'rail', 'walk']
2026-10-06 05:28:13 - [ForkPoolWorker-22] models.plan_generator - INFO - Worker ForkPoolWorker-22 started - processing 5753 OD pairs
2026-10-06 05:28:13 - [ForkPoolWorker-22] models.time - INFO - Fitted models for 49 activity pairs
2026-10-06 05:28:13 - [ForkPoolWorker-22] models.time - INFO - Mean trip durations: global=20.0min, per-pair=49 pairs
2026-10-06 05:28:14 - [ForkPoolWorker-16] models.mode_availability - DEBUG - Registered availability checker for car: UniversalAvailability
2026-10-06 05:28:14 - [ForkPoolWorker-16] models.mode_availability - DEBUG - Registered availability checker for bus: GTFSTransitAvailability
2026-10-06 05:28:14 - [ForkPoolWorker-16] models.mode_availability - DEBUG - Registered availability checker for rail: GTFSTransitAvailability
2026-10-06 05:28:14 - [ForkPoolWorker-16] models.mode_availability - DEBUG - Registered availability checker for walk: DistanceBasedAvailability
2026-10-06 05:28:14 - [ForkPoolWorker-16] models.mode_choice - INFO - Computing mode shares from survey data...
2026-10-06 05:28:14 - [ForkPoolWorker-16] models.mode_choice - DEBUG -   Survey weights (normalized): {'default': 1.0}
2026-10-06 05:28:14 - [ForkPoolWorker-16] models.mode_choice - DEBUG -   Computing rates for purposes: ['Shopping', 'Home', 'Other', 'Work', 'Dining', 'School', 'Social', 'all']
2026-10-06 05:28:14 - [ForkPoolWorker-16] models.mode_choice - DEBUG -   Mode rates for 'Shopping': car=93.6%, walk=5.1%, bike=0.4%, bus=0.4%, rail=0.2%, school_bus=0.2%, rideshare=0.1%
2026-10-06 05:28:14 - [ForkPoolWorker-16] models.mode_choice - DEBUG -   Mode rates for 'Home': car=88.1%, walk=5.0%, school_bus=3.8%, bike=1.1%, bus=0.7%, rideshare=0.5%, rail=0.5%, other=0.3%
2026-10-06 05:28:14 - [ForkPoolWorker-16] models.mode_choice - DEBUG -   Mode rates for 'Other': car=88.3%, walk=4.6%, bus=3.1%, rideshare=1.7%, school_bus=1.0%, rail=0.6%, bike=0.6%, other=0.2%
2026-10-06 05:28:14 - [ForkPoolWorker-16] models.mode_choice - DEBUG -   Mode rates for 'Work': car=92.5%, walk=2.3%, rail=1.6%, bus=1.2%, bike=1.0%, school_bus=0.6%, rideshare=0.5%, other=0.2%
2026-10-06 05:28:14 - [ForkPoolWorker-16] models.mode_choice - DEBUG -   Mode rates for 'Dining': car=91.1%, walk=6.8%, bike=1.2%, rail=0.3%, other=0.3%, rideshare=0.3%, bus=0.1%
2026-10-06 05:28:14 - [ForkPoolWorker-16] models.mode_choice - DEBUG -   Mode rates for 'School': car=65.5%, school_bus=22.9%, walk=7.7%, bike=2.3%, bus=0.9%, other=0.4%, rail=0.2%, rideshare=0.1%
2026-10-06 05:28:14 - [ForkPoolWorker-16] models.mode_choice - DEBUG -   Mode rates for 'Social': car=73.8%, walk=19.5%, bike=3.5%, other=1.0%, rail=0.6%, rideshare=0.6%, bus=0.6%, school_bus=0.4%
2026-10-06 05:28:14 - [ForkPoolWorker-16] models.mode_choice - DEBUG -   Mode rates for 'all': car=87.2%, walk=6.3%, school_bus=3.2%, bike=1.2%, bus=0.8%, rail=0.6%, rideshare=0.5%, other=0.3%
2026-10-06 05:28:14 - [ForkPoolWorker-16] models.mode_choice - INFO - Computed mode rates for 8 purposes
2026-10-06 05:28:14 - [ForkPoolWorker-16] models.mode_choice - INFO -   Overall mode distribution: car=87.2%, walk=6.3%, school_bus=3.2%, bike=1.2%, bus=0.8%, rail=0.6%, rideshare=0.5%, other=0.3%
2026-10-06 05:28:14 - [ForkPoolWorker-16] models.mode_choice - INFO - ModeChoiceModel initialized with 4 modes: ['car', 'bus', 'rail', 'walk']
2026-10-06 05:28:14 - [ForkPoolWorker-23] models.plan_generator - INFO - Worker ForkPoolWorker-23 started - processing 5753 OD pairs
2026-10-06 05:28:14 - [ForkPoolWorker-23] models.time - INFO - Fitted models for 49 activity pairs
2026-10-06 05:28:14 - [ForkPoolWorker-23] models.time - INFO - Mean trip durations: global=20.0min, per-pair=49 pairs
2026-10-06 05:28:15 - [ForkPoolWorker-17] models.mode_availability - DEBUG - Registered availability checker for car: UniversalAvailability
2026-10-06 05:28:15 - [ForkPoolWorker-17] models.mode_availability - DEBUG - Registered availability checker for bus: GTFSTransitAvailability
2026-10-06 05:28:15 - [ForkPoolWorker-17] models.mode_availability - DEBUG - Registered availability checker for rail: GTFSTransitAvailability
2026-10-06 05:28:15 - [ForkPoolWorker-17] models.mode_availability - DEBUG - Registered availability checker for walk: DistanceBasedAvailability
2026-10-06 05:28:15 - [ForkPoolWorker-17] models.mode_choice - INFO - Computing mode shares from survey data...
2026-10-06 05:28:15 - [ForkPoolWorker-17] models.mode_choice - DEBUG -   Survey weights (normalized): {'default': 1.0}
2026-10-06 05:28:15 - [ForkPoolWorker-17] models.mode_choice - DEBUG -   Computing rates for purposes: ['Shopping', 'Home', 'Other', 'Work', 'Dining', 'School', 'Social', 'all']
2026-10-06 05:28:15 - [ForkPoolWorker-17] models.mode_choice - DEBUG -   Mode rates for 'Shopping': car=93.6%, walk=5.1%, bike=0.4%, bus=0.4%, rail=0.2%, school_bus=0.2%, rideshare=0.1%
2026-10-06 05:28:15 - [ForkPoolWorker-17] models.mode_choice - DEBUG -   Mode rates for 'Home': car=88.1%, walk=5.0%, school_bus=3.8%, bike=1.1%, bus=0.7%, rideshare=0.5%, rail=0.5%, other=0.3%
2026-10-06 05:28:15 - [ForkPoolWorker-17] models.mode_choice - DEBUG -   Mode rates for 'Other': car=88.3%, walk=4.6%, bus=3.1%, rideshare=1.7%, school_bus=1.0%, rail=0.6%, bike=0.6%, other=0.2%
2026-10-06 05:28:15 - [ForkPoolWorker-17] models.mode_choice - DEBUG -   Mode rates for 'Work': car=92.5%, walk=2.3%, rail=1.6%, bus=1.2%, bike=1.0%, school_bus=0.6%, rideshare=0.5%, other=0.2%
2026-10-06 05:28:15 - [ForkPoolWorker-17] models.mode_choice - DEBUG -   Mode rates for 'Dining': car=91.1%, walk=6.8%, bike=1.2%, rail=0.3%, other=0.3%, rideshare=0.3%, bus=0.1%
2026-10-06 05:28:15 - [ForkPoolWorker-17] models.mode_choice - DEBUG -   Mode rates for 'School': car=65.5%, school_bus=22.9%, walk=7.7%, bike=2.3%, bus=0.9%, other=0.4%, rail=0.2%, rideshare=0.1%
2026-10-06 05:28:15 - [ForkPoolWorker-17] models.mode_choice - DEBUG -   Mode rates for 'Social': car=73.8%, walk=19.5%, bike=3.5%, other=1.0%, rail=0.6%, rideshare=0.6%, bus=0.6%, school_bus=0.4%
2026-10-06 05:28:15 - [ForkPoolWorker-17] models.mode_choice - DEBUG -   Mode rates for 'all': car=87.2%, walk=6.3%, school_bus=3.2%, bike=1.2%, bus=0.8%, rail=0.6%, rideshare=0.5%, other=0.3%
2026-10-06 05:28:15 - [ForkPoolWorker-17] models.mode_choice - INFO - Computed mode rates for 8 purposes
2026-10-06 05:28:15 - [ForkPoolWorker-17] models.mode_choice - INFO -   Overall mode distribution: car=87.2%, walk=6.3%, school_bus=3.2%, bike=1.2%, bus=0.8%, rail=0.6%, rideshare=0.5%, other=0.3%
2026-10-06 05:28:15 - [ForkPoolWorker-17] models.mode_choice - INFO - ModeChoiceModel initialized with 4 modes: ['car', 'bus', 'rail', 'walk']
2026-10-06 05:28:15 - [ForkPoolWorker-24] models.plan_generator - INFO - Worker ForkPoolWorker-24 started - processing 5753 OD pairs
2026-10-06 05:28:15 - [ForkPoolWorker-24] models.time - INFO - Fitted models for 49 activity pairs
2026-10-06 05:28:15 - [ForkPoolWorker-24] models.time - INFO - Mean trip durations: global=20.0min, per-pair=49 pairs
2026-10-06 05:28:16 - [ForkPoolWorker-18] models.mode_availability - DEBUG - Registered availability checker for car: UniversalAvailability
2026-10-06 05:28:16 - [ForkPoolWorker-18] models.mode_availability - DEBUG - Registered availability checker for bus: GTFSTransitAvailability
2026-10-06 05:28:16 - [ForkPoolWorker-18] models.mode_availability - DEBUG - Registered availability checker for rail: GTFSTransitAvailability
2026-10-06 05:28:16 - [ForkPoolWorker-18] models.mode_availability - DEBUG - Registered availability checker for walk: DistanceBasedAvailability
2026-10-06 05:28:16 - [ForkPoolWorker-18] models.mode_choice - INFO - Computing mode shares from survey data...
2026-10-06 05:28:16 - [ForkPoolWorker-18] models.mode_choice - DEBUG -   Survey weights (normalized): {'default': 1.0}
2026-10-06 05:28:16 - [ForkPoolWorker-18] models.mode_choice - DEBUG -   Computing rates for purposes: ['Shopping', 'Home', 'Other', 'Work', 'Dining', 'School', 'Social', 'all']
2026-10-06 05:28:16 - [ForkPoolWorker-18] models.mode_choice - DEBUG -   Mode rates for 'Shopping': car=93.6%, walk=5.1%, bike=0.4%, bus=0.4%, rail=0.2%, school_bus=0.2%, rideshare=0.1%
2026-10-06 05:28:16 - [ForkPoolWorker-18] models.mode_choice - DEBUG -   Mode rates for 'Home': car=88.1%, walk=5.0%, school_bus=3.8%, bike=1.1%, bus=0.7%, rideshare=0.5%, rail=0.5%, other=0.3%
2026-10-06 05:28:16 - [ForkPoolWorker-18] models.mode_choice - DEBUG -   Mode rates for 'Other': car=88.3%, walk=4.6%, bus=3.1%, rideshare=1.7%, school_bus=1.0%, rail=0.6%, bike=0.6%, other=0.2%
2026-10-06 05:28:16 - [ForkPoolWorker-18] models.mode_choice - DEBUG -   Mode rates for 'Work': car=92.5%, walk=2.3%, rail=1.6%, bus=1.2%, bike=1.0%, school_bus=0.6%, rideshare=0.5%, other=0.2%
2026-10-06 05:28:16 - [ForkPoolWorker-18] models.mode_choice - DEBUG -   Mode rates for 'Dining': car=91.1%, walk=6.8%, bike=1.2%, rail=0.3%, other=0.3%, rideshare=0.3%, bus=0.1%
2026-10-06 05:28:16 - [ForkPoolWorker-18] models.mode_choice - DEBUG -   Mode rates for 'School': car=65.5%, school_bus=22.9%, walk=7.7%, bike=2.3%, bus=0.9%, other=0.4%, rail=0.2%, rideshare=0.1%
2026-10-06 05:28:16 - [ForkPoolWorker-18] models.mode_choice - DEBUG -   Mode rates for 'Social': car=73.8%, walk=19.5%, bike=3.5%, other=1.0%, rail=0.6%, rideshare=0.6%, bus=0.6%, school_bus=0.4%
2026-10-06 05:28:16 - [ForkPoolWorker-18] models.mode_choice - DEBUG -   Mode rates for 'all': car=87.2%, walk=6.3%, school_bus=3.2%, bike=1.2%, bus=0.8%, rail=0.6%, rideshare=0.5%, other=0.3%
2026-10-06 05:28:16 - [ForkPoolWorker-18] models.mode_choice - INFO - Computed mode rates for 8 purposes
2026-10-06 05:28:16 - [ForkPoolWorker-18] models.mode_choice - INFO -   Overall mode distribution: car=87.2%, walk=6.3%, school_bus=3.2%, bike=1.2%, bus=0.8%, rail=0.6%, rideshare=0.5%, other=0.3%
2026-10-06 05:28:16 - [ForkPoolWorker-18] models.mode_choice - INFO - ModeChoiceModel initialized with 4 modes: ['car', 'bus', 'rail', 'walk']
2026-10-06 05:28:16 - [ForkPoolWorker-25] models.plan_generator - INFO - Worker ForkPoolWorker-25 started - processing 5753 OD pairs
2026-10-06 05:28:16 - [ForkPoolWorker-25] models.time - INFO - Fitted models for 49 activity pairs
2026-10-06 05:28:16 - [ForkPoolWorker-25] models.time - INFO - Mean trip durations: global=20.0min, per-pair=49 pairs
2026-10-06 05:28:17 - [ForkPoolWorker-19] models.mode_availability - DEBUG - Registered availability checker for car: UniversalAvailability
2026-10-06 05:28:17 - [ForkPoolWorker-19] models.mode_availability - DEBUG - Registered availability checker for bus: GTFSTransitAvailability
2026-10-06 05:28:17 - [ForkPoolWorker-19] models.mode_availability - DEBUG - Registered availability checker for rail: GTFSTransitAvailability
2026-10-06 05:28:17 - [ForkPoolWorker-19] models.mode_availability - DEBUG - Registered availability checker for walk: DistanceBasedAvailability
2026-10-06 05:28:17 - [ForkPoolWorker-19] models.mode_choice - INFO - Computing mode shares from survey data...
2026-10-06 05:28:17 - [ForkPoolWorker-19] models.mode_choice - DEBUG -   Survey weights (normalized): {'default': 1.0}
2026-10-06 05:28:17 - [ForkPoolWorker-19] models.mode_choice - DEBUG -   Computing rates for purposes: ['Shopping', 'Home', 'Other', 'Work', 'Dining', 'School', 'Social', 'all']
2026-10-06 05:28:17 - [ForkPoolWorker-19] models.mode_choice - DEBUG -   Mode rates for 'Shopping': car=93.6%, walk=5.1%, bike=0.4%, bus=0.4%, rail=0.2%, school_bus=0.2%, rideshare=0.1%
2026-10-06 05:28:17 - [ForkPoolWorker-19] models.mode_choice - DEBUG -   Mode rates for 'Home': car=88.1%, walk=5.0%, school_bus=3.8%, bike=1.1%, bus=0.7%, rideshare=0.5%, rail=0.5%, other=0.3%
2026-10-06 05:28:17 - [ForkPoolWorker-19] models.mode_choice - DEBUG -   Mode rates for 'Other': car=88.3%, walk=4.6%, bus=3.1%, rideshare=1.7%, school_bus=1.0%, rail=0.6%, bike=0.6%, other=0.2%
2026-10-06 05:28:17 - [ForkPoolWorker-19] models.mode_choice - DEBUG -   Mode rates for 'Work': car=92.5%, walk=2.3%, rail=1.6%, bus=1.2%, bike=1.0%, school_bus=0.6%, rideshare=0.5%, other=0.2%
2026-10-06 05:28:17 - [ForkPoolWorker-19] models.mode_choice - DEBUG -   Mode rates for 'Dining': car=91.1%, walk=6.8%, bike=1.2%, rail=0.3%, other=0.3%, rideshare=0.3%, bus=0.1%
2026-10-06 05:28:17 - [ForkPoolWorker-19] models.mode_choice - DEBUG -   Mode rates for 'School': car=65.5%, school_bus=22.9%, walk=7.7%, bike=2.3%, bus=0.9%, other=0.4%, rail=0.2%, rideshare=0.1%
2026-10-06 05:28:17 - [ForkPoolWorker-19] models.mode_choice - DEBUG -   Mode rates for 'Social': car=73.8%, walk=19.5%, bike=3.5%, other=1.0%, rail=0.6%, rideshare=0.6%, bus=0.6%, school_bus=0.4%
2026-10-06 05:28:17 - [ForkPoolWorker-19] models.mode_choice - DEBUG -   Mode rates for 'all': car=87.2%, walk=6.3%, school_bus=3.2%, bike=1.2%, bus=0.8%, rail=0.6%, rideshare=0.5%, other=0.3%
2026-10-06 05:28:17 - [ForkPoolWorker-19] models.mode_choice - INFO - Computed mode rates for 8 purposes
2026-10-06 05:28:17 - [ForkPoolWorker-19] models.mode_choice - INFO -   Overall mode distribution: car=87.2%, walk=6.3%, school_bus=3.2%, bike=1.2%, bus=0.8%, rail=0.6%, rideshare=0.5%, other=0.3%
2026-10-06 05:28:17 - [ForkPoolWorker-19] models.mode_choice - INFO - ModeChoiceModel initialized with 4 modes: ['car', 'bus', 'rail', 'walk']
2026-10-06 05:28:17 - [ForkPoolWorker-26] models.plan_generator - INFO - Worker ForkPoolWorker-26 started - processing 5753 OD pairs
2026-10-06 05:28:17 - [ForkPoolWorker-26] models.time - INFO - Fitted models for 49 activity pairs
2026-10-06 05:28:17 - [ForkPoolWorker-26] models.time - INFO - Mean trip durations: global=20.0min, per-pair=49 pairs
2026-10-06 05:28:18 - [ForkPoolWorker-20] models.mode_availability - DEBUG - Registered availability checker for car: UniversalAvailability
2026-10-06 05:28:18 - [ForkPoolWorker-20] models.mode_availability - DEBUG - Registered availability checker for bus: GTFSTransitAvailability
2026-10-06 05:28:18 - [ForkPoolWorker-20] models.mode_availability - DEBUG - Registered availability checker for rail: GTFSTransitAvailability
2026-10-06 05:28:18 - [ForkPoolWorker-20] models.mode_availability - DEBUG - Registered availability checker for walk: DistanceBasedAvailability
2026-10-06 05:28:18 - [ForkPoolWorker-20] models.mode_choice - INFO - Computing mode shares from survey data...
2026-10-06 05:28:18 - [ForkPoolWorker-20] models.mode_choice - DEBUG -   Survey weights (normalized): {'default': 1.0}
2026-10-06 05:28:18 - [ForkPoolWorker-20] models.mode_choice - DEBUG -   Computing rates for purposes: ['Shopping', 'Home', 'Other', 'Work', 'Dining', 'School', 'Social', 'all']
2026-10-06 05:28:18 - [ForkPoolWorker-20] models.mode_choice - DEBUG -   Mode rates for 'Shopping': car=93.6%, walk=5.1%, bike=0.4%, bus=0.4%, rail=0.2%, school_bus=0.2%, rideshare=0.1%
2026-10-06 05:28:18 - [ForkPoolWorker-20] models.mode_choice - DEBUG -   Mode rates for 'Home': car=88.1%, walk=5.0%, school_bus=3.8%, bike=1.1%, bus=0.7%, rideshare=0.5%, rail=0.5%, other=0.3%
2026-10-06 05:28:18 - [ForkPoolWorker-20] models.mode_choice - DEBUG -   Mode rates for 'Other': car=88.3%, walk=4.6%, bus=3.1%, rideshare=1.7%, school_bus=1.0%, rail=0.6%, bike=0.6%, other=0.2%
2026-10-06 05:28:18 - [ForkPoolWorker-20] models.mode_choice - DEBUG -   Mode rates for 'Work': car=92.5%, walk=2.3%, rail=1.6%, bus=1.2%, bike=1.0%, school_bus=0.6%, rideshare=0.5%, other=0.2%
2026-10-06 05:28:18 - [ForkPoolWorker-20] models.mode_choice - DEBUG -   Mode rates for 'Dining': car=91.1%, walk=6.8%, bike=1.2%, rail=0.3%, other=0.3%, rideshare=0.3%, bus=0.1%
2026-10-06 05:28:18 - [ForkPoolWorker-20] models.mode_choice - DEBUG -   Mode rates for 'School': car=65.5%, school_bus=22.9%, walk=7.7%, bike=2.3%, bus=0.9%, other=0.4%, rail=0.2%, rideshare=0.1%
2026-10-06 05:28:18 - [ForkPoolWorker-20] models.mode_choice - DEBUG -   Mode rates for 'Social': car=73.8%, walk=19.5%, bike=3.5%, other=1.0%, rail=0.6%, rideshare=0.6%, bus=0.6%, school_bus=0.4%
2026-10-06 05:28:18 - [ForkPoolWorker-20] models.mode_choice - DEBUG -   Mode rates for 'all': car=87.2%, walk=6.3%, school_bus=3.2%, bike=1.2%, bus=0.8%, rail=0.6%, rideshare=0.5%, other=0.3%
2026-10-06 05:28:18 - [ForkPoolWorker-20] models.mode_choice - INFO - Computed mode rates for 8 purposes
2026-10-06 05:28:18 - [ForkPoolWorker-20] models.mode_choice - INFO -   Overall mode distribution: car=87.2%, walk=6.3%, school_bus=3.2%, bike=1.2%, bus=0.8%, rail=0.6%, rideshare=0.5%, other=0.3%
2026-10-06 05:28:18 - [ForkPoolWorker-20] models.mode_choice - INFO - ModeChoiceModel initialized with 4 modes: ['car', 'bus', 'rail', 'walk']
2026-10-06 05:28:19 - [ForkPoolWorker-27] models.plan_generator - INFO - Worker ForkPoolWorker-27 started - processing 5753 OD pairs
2026-10-06 05:28:19 - [ForkPoolWorker-27] models.time - INFO - Fitted models for 49 activity pairs
2026-10-06 05:28:19 - [ForkPoolWorker-27] models.time - INFO - Mean trip durations: global=20.0min, per-pair=49 pairs
2026-10-06 05:28:19 - [ForkPoolWorker-21] models.mode_availability - DEBUG - Registered availability checker for car: UniversalAvailability
2026-10-06 05:28:19 - [ForkPoolWorker-21] models.mode_availability - DEBUG - Registered availability checker for bus: GTFSTransitAvailability
2026-10-06 05:28:19 - [ForkPoolWorker-21] models.mode_availability - DEBUG - Registered availability checker for rail: GTFSTransitAvailability
2026-10-06 05:28:19 - [ForkPoolWorker-21] models.mode_availability - DEBUG - Registered availability checker for walk: DistanceBasedAvailability
2026-10-06 05:28:19 - [ForkPoolWorker-21] models.mode_choice - INFO - Computing mode shares from survey data...
2026-10-06 05:28:19 - [ForkPoolWorker-21] models.mode_choice - DEBUG -   Survey weights (normalized): {'default': 1.0}
2026-10-06 05:28:19 - [ForkPoolWorker-21] models.mode_choice - DEBUG -   Computing rates for purposes: ['Shopping', 'Home', 'Other', 'Work', 'Dining', 'School', 'Social', 'all']
2026-10-06 05:28:19 - [ForkPoolWorker-21] models.mode_choice - DEBUG -   Mode rates for 'Shopping': car=93.6%, walk=5.1%, bike=0.4%, bus=0.4%, rail=0.2%, school_bus=0.2%, rideshare=0.1%
2026-10-06 05:28:19 - [ForkPoolWorker-21] models.mode_choice - DEBUG -   Mode rates for 'Home': car=88.1%, walk=5.0%, school_bus=3.8%, bike=1.1%, bus=0.7%, rideshare=0.5%, rail=0.5%, other=0.3%
2026-10-06 05:28:19 - [ForkPoolWorker-21] models.mode_choice - DEBUG -   Mode rates for 'Other': car=88.3%, walk=4.6%, bus=3.1%, rideshare=1.7%, school_bus=1.0%, rail=0.6%, bike=0.6%, other=0.2%
2026-10-06 05:28:19 - [ForkPoolWorker-21] models.mode_choice - DEBUG -   Mode rates for 'Work': car=92.5%, walk=2.3%, rail=1.6%, bus=1.2%, bike=1.0%, school_bus=0.6%, rideshare=0.5%, other=0.2%
2026-10-06 05:28:19 - [ForkPoolWorker-21] models.mode_choice - DEBUG -   Mode rates for 'Dining': car=91.1%, walk=6.8%, bike=1.2%, rail=0.3%, other=0.3%, rideshare=0.3%, bus=0.1%
2026-10-06 05:28:19 - [ForkPoolWorker-21] models.mode_choice - DEBUG -   Mode rates for 'School': car=65.5%, school_bus=22.9%, walk=7.7%, bike=2.3%, bus=0.9%, other=0.4%, rail=0.2%, rideshare=0.1%
2026-10-06 05:28:19 - [ForkPoolWorker-21] models.mode_choice - DEBUG -   Mode rates for 'Social': car=73.8%, walk=19.5%, bike=3.5%, other=1.0%, rail=0.6%, rideshare=0.6%, bus=0.6%, school_bus=0.4%
2026-10-06 05:28:19 - [ForkPoolWorker-21] models.mode_choice - DEBUG -   Mode rates for 'all': car=87.2%, walk=6.3%, school_bus=3.2%, bike=1.2%, bus=0.8%, rail=0.6%, rideshare=0.5%, other=0.3%
2026-10-06 05:28:19 - [ForkPoolWorker-21] models.mode_choice - INFO - Computed mode rates for 8 purposes
2026-10-06 05:28:19 - [ForkPoolWorker-21] models.mode_choice - INFO -   Overall mode distribution: car=87.2%, walk=6.3%, school_bus=3.2%, bike=1.2%, bus=0.8%, rail=0.6%, rideshare=0.5%, other=0.3%
2026-10-06 05:28:19 - [ForkPoolWorker-21] models.mode_choice - INFO - ModeChoiceModel initialized with 4 modes: ['car', 'bus', 'rail', 'walk']
2026-10-06 05:28:20 - [ForkPoolWorker-28] models.plan_generator - INFO - Worker ForkPoolWorker-28 started - processing 5753 OD pairs
2026-10-06 05:28:20 - [ForkPoolWorker-28] models.time - INFO - Fitted models for 49 activity pairs
2026-10-06 05:28:20 - [ForkPoolWorker-28] models.time - INFO - Mean trip durations: global=20.0min, per-pair=49 pairs
2026-10-06 05:28:20 - [ForkPoolWorker-22] models.mode_availability - DEBUG - Registered availability checker for car: UniversalAvailability
2026-10-06 05:28:20 - [ForkPoolWorker-22] models.mode_availability - DEBUG - Registered availability checker for bus: GTFSTransitAvailability
2026-10-06 05:28:20 - [ForkPoolWorker-22] models.mode_availability - DEBUG - Registered availability checker for rail: GTFSTransitAvailability
2026-10-06 05:28:20 - [ForkPoolWorker-22] models.mode_availability - DEBUG - Registered availability checker for walk: DistanceBasedAvailability
2026-10-06 05:28:20 - [ForkPoolWorker-22] models.mode_choice - INFO - Computing mode shares from survey data...
2026-10-06 05:28:20 - [ForkPoolWorker-22] models.mode_choice - DEBUG -   Survey weights (normalized): {'default': 1.0}
2026-10-06 05:28:20 - [ForkPoolWorker-22] models.mode_choice - DEBUG -   Computing rates for purposes: ['Shopping', 'Home', 'Other', 'Work', 'Dining', 'School', 'Social', 'all']
2026-10-06 05:28:20 - [ForkPoolWorker-22] models.mode_choice - DEBUG -   Mode rates for 'Shopping': car=93.6%, walk=5.1%, bike=0.4%, bus=0.4%, rail=0.2%, school_bus=0.2%, rideshare=0.1%
2026-10-06 05:28:20 - [ForkPoolWorker-22] models.mode_choice - DEBUG -   Mode rates for 'Home': car=88.1%, walk=5.0%, school_bus=3.8%, bike=1.1%, bus=0.7%, rideshare=0.5%, rail=0.5%, other=0.3%
2026-10-06 05:28:20 - [ForkPoolWorker-22] models.mode_choice - DEBUG -   Mode rates for 'Other': car=88.3%, walk=4.6%, bus=3.1%, rideshare=1.7%, school_bus=1.0%, rail=0.6%, bike=0.6%, other=0.2%
2026-10-06 05:28:20 - [ForkPoolWorker-22] models.mode_choice - DEBUG -   Mode rates for 'Work': car=92.5%, walk=2.3%, rail=1.6%, bus=1.2%, bike=1.0%, school_bus=0.6%, rideshare=0.5%, other=0.2%
2026-10-06 05:28:20 - [ForkPoolWorker-22] models.mode_choice - DEBUG -   Mode rates for 'Dining': car=91.1%, walk=6.8%, bike=1.2%, rail=0.3%, other=0.3%, rideshare=0.3%, bus=0.1%
2026-10-06 05:28:20 - [ForkPoolWorker-22] models.mode_choice - DEBUG -   Mode rates for 'School': car=65.5%, school_bus=22.9%, walk=7.7%, bike=2.3%, bus=0.9%, other=0.4%, rail=0.2%, rideshare=0.1%
2026-10-06 05:28:20 - [ForkPoolWorker-22] models.mode_choice - DEBUG -   Mode rates for 'Social': car=73.8%, walk=19.5%, bike=3.5%, other=1.0%, rail=0.6%, rideshare=0.6%, bus=0.6%, school_bus=0.4%
2026-10-06 05:28:20 - [ForkPoolWorker-22] models.mode_choice - DEBUG -   Mode rates for 'all': car=87.2%, walk=6.3%, school_bus=3.2%, bike=1.2%, bus=0.8%, rail=0.6%, rideshare=0.5%, other=0.3%
2026-10-06 05:28:20 - [ForkPoolWorker-22] models.mode_choice - INFO - Computed mode rates for 8 purposes
2026-10-06 05:28:20 - [ForkPoolWorker-22] models.mode_choice - INFO -   Overall mode distribution: car=87.2%, walk=6.3%, school_bus=3.2%, bike=1.2%, bus=0.8%, rail=0.6%, rideshare=0.5%, other=0.3%
2026-10-06 05:28:20 - [ForkPoolWorker-22] models.mode_choice - INFO - ModeChoiceModel initialized with 4 modes: ['car', 'bus', 'rail', 'walk']
2026-10-06 05:28:21 - [ForkPoolWorker-29] models.plan_generator - INFO - Worker ForkPoolWorker-29 started - processing 5753 OD pairs
2026-10-06 05:28:21 - [ForkPoolWorker-29] models.time - INFO - Fitted models for 49 activity pairs
2026-10-06 05:28:21 - [ForkPoolWorker-29] models.time - INFO - Mean trip durations: global=20.0min, per-pair=49 pairs
2026-10-06 05:28:21 - [ForkPoolWorker-23] models.mode_availability - DEBUG - Registered availability checker for car: UniversalAvailability
2026-10-06 05:28:21 - [ForkPoolWorker-23] models.mode_availability - DEBUG - Registered availability checker for bus: GTFSTransitAvailability
2026-10-06 05:28:21 - [ForkPoolWorker-23] models.mode_availability - DEBUG - Registered availability checker for rail: GTFSTransitAvailability
2026-10-06 05:28:21 - [ForkPoolWorker-23] models.mode_availability - DEBUG - Registered availability checker for walk: DistanceBasedAvailability
2026-10-06 05:28:21 - [ForkPoolWorker-23] models.mode_choice - INFO - Computing mode shares from survey data...
2026-10-06 05:28:21 - [ForkPoolWorker-23] models.mode_choice - DEBUG -   Survey weights (normalized): {'default': 1.0}
2026-10-06 05:28:21 - [ForkPoolWorker-23] models.mode_choice - DEBUG -   Computing rates for purposes: ['Shopping', 'Home', 'Other', 'Work', 'Dining', 'School', 'Social', 'all']
2026-10-06 05:28:21 - [ForkPoolWorker-23] models.mode_choice - DEBUG -   Mode rates for 'Shopping': car=93.6%, walk=5.1%, bike=0.4%, bus=0.4%, rail=0.2%, school_bus=0.2%, rideshare=0.1%
2026-10-06 05:28:21 - [ForkPoolWorker-23] models.mode_choice - DEBUG -   Mode rates for 'Home': car=88.1%, walk=5.0%, school_bus=3.8%, bike=1.1%, bus=0.7%, rideshare=0.5%, rail=0.5%, other=0.3%
2026-10-06 05:28:21 - [ForkPoolWorker-23] models.mode_choice - DEBUG -   Mode rates for 'Other': car=88.3%, walk=4.6%, bus=3.1%, rideshare=1.7%, school_bus=1.0%, rail=0.6%, bike=0.6%, other=0.2%
2026-10-06 05:28:21 - [ForkPoolWorker-23] models.mode_choice - DEBUG -   Mode rates for 'Work': car=92.5%, walk=2.3%, rail=1.6%, bus=1.2%, bike=1.0%, school_bus=0.6%, rideshare=0.5%, other=0.2%
2026-10-06 05:28:21 - [ForkPoolWorker-23] models.mode_choice - DEBUG -   Mode rates for 'Dining': car=91.1%, walk=6.8%, bike=1.2%, rail=0.3%, other=0.3%, rideshare=0.3%, bus=0.1%
2026-10-06 05:28:21 - [ForkPoolWorker-23] models.mode_choice - DEBUG -   Mode rates for 'School': car=65.5%, school_bus=22.9%, walk=7.7%, bike=2.3%, bus=0.9%, other=0.4%, rail=0.2%, rideshare=0.1%
2026-10-06 05:28:21 - [ForkPoolWorker-23] models.mode_choice - DEBUG -   Mode rates for 'Social': car=73.8%, walk=19.5%, bike=3.5%, other=1.0%, rail=0.6%, rideshare=0.6%, bus=0.6%, school_bus=0.4%
2026-10-06 05:28:21 - [ForkPoolWorker-23] models.mode_choice - DEBUG -   Mode rates for 'all': car=87.2%, walk=6.3%, school_bus=3.2%, bike=1.2%, bus=0.8%, rail=0.6%, rideshare=0.5%, other=0.3%
2026-10-06 05:28:21 - [ForkPoolWorker-23] models.mode_choice - INFO - Computed mode rates for 8 purposes
2026-10-06 05:28:21 - [ForkPoolWorker-23] models.mode_choice - INFO -   Overall mode distribution: car=87.2%, walk=6.3%, school_bus=3.2%, bike=1.2%, bus=0.8%, rail=0.6%, rideshare=0.5%, other=0.3%
2026-10-06 05:28:21 - [ForkPoolWorker-23] models.mode_choice - INFO - ModeChoiceModel initialized with 4 modes: ['car', 'bus', 'rail', 'walk']
2026-10-06 05:28:22 - [ForkPoolWorker-30] models.plan_generator - INFO - Worker ForkPoolWorker-30 started - processing 5753 OD pairs
2026-10-06 05:28:22 - [ForkPoolWorker-30] models.time - INFO - Fitted models for 49 activity pairs
2026-10-06 05:28:22 - [ForkPoolWorker-30] models.time - INFO - Mean trip durations: global=20.0min, per-pair=49 pairs
2026-10-06 05:28:23 - [ForkPoolWorker-24] models.mode_availability - DEBUG - Registered availability checker for car: UniversalAvailability
2026-10-06 05:28:23 - [ForkPoolWorker-24] models.mode_availability - DEBUG - Registered availability checker for bus: GTFSTransitAvailability
2026-10-06 05:28:23 - [ForkPoolWorker-24] models.mode_availability - DEBUG - Registered availability checker for rail: GTFSTransitAvailability
2026-10-06 05:28:23 - [ForkPoolWorker-24] models.mode_availability - DEBUG - Registered availability checker for walk: DistanceBasedAvailability
2026-10-06 05:28:23 - [ForkPoolWorker-24] models.mode_choice - INFO - Computing mode shares from survey data...
2026-10-06 05:28:23 - [ForkPoolWorker-24] models.mode_choice - DEBUG -   Survey weights (normalized): {'default': 1.0}
2026-10-06 05:28:23 - [ForkPoolWorker-24] models.mode_choice - DEBUG -   Computing rates for purposes: ['Shopping', 'Home', 'Other', 'Work', 'Dining', 'School', 'Social', 'all']
2026-10-06 05:28:23 - [ForkPoolWorker-24] models.mode_choice - DEBUG -   Mode rates for 'Shopping': car=93.6%, walk=5.1%, bike=0.4%, bus=0.4%, rail=0.2%, school_bus=0.2%, rideshare=0.1%
2026-10-06 05:28:23 - [ForkPoolWorker-24] models.mode_choice - DEBUG -   Mode rates for 'Home': car=88.1%, walk=5.0%, school_bus=3.8%, bike=1.1%, bus=0.7%, rideshare=0.5%, rail=0.5%, other=0.3%
2026-10-06 05:28:23 - [ForkPoolWorker-24] models.mode_choice - DEBUG -   Mode rates for 'Other': car=88.3%, walk=4.6%, bus=3.1%, rideshare=1.7%, school_bus=1.0%, rail=0.6%, bike=0.6%, other=0.2%
2026-10-06 05:28:23 - [ForkPoolWorker-24] models.mode_choice - DEBUG -   Mode rates for 'Work': car=92.5%, walk=2.3%, rail=1.6%, bus=1.2%, bike=1.0%, school_bus=0.6%, rideshare=0.5%, other=0.2%
2026-10-06 05:28:23 - [ForkPoolWorker-24] models.mode_choice - DEBUG -   Mode rates for 'Dining': car=91.1%, walk=6.8%, bike=1.2%, rail=0.3%, other=0.3%, rideshare=0.3%, bus=0.1%
2026-10-06 05:28:23 - [ForkPoolWorker-24] models.mode_choice - DEBUG -   Mode rates for 'School': car=65.5%, school_bus=22.9%, walk=7.7%, bike=2.3%, bus=0.9%, other=0.4%, rail=0.2%, rideshare=0.1%
2026-10-06 05:28:23 - [ForkPoolWorker-24] models.mode_choice - DEBUG -   Mode rates for 'Social': car=73.8%, walk=19.5%, bike=3.5%, other=1.0%, rail=0.6%, rideshare=0.6%, bus=0.6%, school_bus=0.4%
2026-10-06 05:28:23 - [ForkPoolWorker-24] models.mode_choice - DEBUG -   Mode rates for 'all': car=87.2%, walk=6.3%, school_bus=3.2%, bike=1.2%, bus=0.8%, rail=0.6%, rideshare=0.5%, other=0.3%
2026-10-06 05:28:23 - [ForkPoolWorker-24] models.mode_choice - INFO - Computed mode rates for 8 purposes
2026-10-06 05:28:23 - [ForkPoolWorker-24] models.mode_choice - INFO -   Overall mode distribution: car=87.2%, walk=6.3%, school_bus=3.2%, bike=1.2%, bus=0.8%, rail=0.6%, rideshare=0.5%, other=0.3%
2026-10-06 05:28:23 - [ForkPoolWorker-24] models.mode_choice - INFO - ModeChoiceModel initialized with 4 modes: ['car', 'bus', 'rail', 'walk']
2026-10-06 05:28:23 - [ForkPoolWorker-31] models.plan_generator - INFO - Worker ForkPoolWorker-31 started - processing 5753 OD pairs
2026-10-06 05:28:23 - [ForkPoolWorker-31] models.time - INFO - Fitted models for 49 activity pairs
2026-10-06 05:28:23 - [ForkPoolWorker-31] models.time - INFO - Mean trip durations: global=20.0min, per-pair=49 pairs
2026-10-06 05:28:24 - [ForkPoolWorker-25] models.mode_availability - DEBUG - Registered availability checker for car: UniversalAvailability
2026-10-06 05:28:24 - [ForkPoolWorker-25] models.mode_availability - DEBUG - Registered availability checker for bus: GTFSTransitAvailability
2026-10-06 05:28:24 - [ForkPoolWorker-25] models.mode_availability - DEBUG - Registered availability checker for rail: GTFSTransitAvailability
2026-10-06 05:28:24 - [ForkPoolWorker-25] models.mode_availability - DEBUG - Registered availability checker for walk: DistanceBasedAvailability
2026-10-06 05:28:24 - [ForkPoolWorker-25] models.mode_choice - INFO - Computing mode shares from survey data...
2026-10-06 05:28:24 - [ForkPoolWorker-25] models.mode_choice - DEBUG -   Survey weights (normalized): {'default': 1.0}
2026-10-06 05:28:24 - [ForkPoolWorker-25] models.mode_choice - DEBUG -   Computing rates for purposes: ['Shopping', 'Home', 'Other', 'Work', 'Dining', 'School', 'Social', 'all']
2026-10-06 05:28:24 - [ForkPoolWorker-25] models.mode_choice - DEBUG -   Mode rates for 'Shopping': car=93.6%, walk=5.1%, bike=0.4%, bus=0.4%, rail=0.2%, school_bus=0.2%, rideshare=0.1%
2026-10-06 05:28:24 - [ForkPoolWorker-25] models.mode_choice - DEBUG -   Mode rates for 'Home': car=88.1%, walk=5.0%, school_bus=3.8%, bike=1.1%, bus=0.7%, rideshare=0.5%, rail=0.5%, other=0.3%
2026-10-06 05:28:24 - [ForkPoolWorker-25] models.mode_choice - DEBUG -   Mode rates for 'Other': car=88.3%, walk=4.6%, bus=3.1%, rideshare=1.7%, school_bus=1.0%, rail=0.6%, bike=0.6%, other=0.2%
2026-10-06 05:28:24 - [ForkPoolWorker-25] models.mode_choice - DEBUG -   Mode rates for 'Work': car=92.5%, walk=2.3%, rail=1.6%, bus=1.2%, bike=1.0%, school_bus=0.6%, rideshare=0.5%, other=0.2%
2026-10-06 05:28:24 - [ForkPoolWorker-25] models.mode_choice - DEBUG -   Mode rates for 'Dining': car=91.1%, walk=6.8%, bike=1.2%, rail=0.3%, other=0.3%, rideshare=0.3%, bus=0.1%
2026-10-06 05:28:24 - [ForkPoolWorker-25] models.mode_choice - DEBUG -   Mode rates for 'School': car=65.5%, school_bus=22.9%, walk=7.7%, bike=2.3%, bus=0.9%, other=0.4%, rail=0.2%, rideshare=0.1%
2026-10-06 05:28:24 - [ForkPoolWorker-25] models.mode_choice - DEBUG -   Mode rates for 'Social': car=73.8%, walk=19.5%, bike=3.5%, other=1.0%, rail=0.6%, rideshare=0.6%, bus=0.6%, school_bus=0.4%
2026-10-06 05:28:24 - [ForkPoolWorker-25] models.mode_choice - DEBUG -   Mode rates for 'all': car=87.2%, walk=6.3%, school_bus=3.2%, bike=1.2%, bus=0.8%, rail=0.6%, rideshare=0.5%, other=0.3%
2026-10-06 05:28:24 - [ForkPoolWorker-25] models.mode_choice - INFO - Computed mode rates for 8 purposes
2026-10-06 05:28:24 - [ForkPoolWorker-25] models.mode_choice - INFO -   Overall mode distribution: car=87.2%, walk=6.3%, school_bus=3.2%, bike=1.2%, bus=0.8%, rail=0.6%, rideshare=0.5%, other=0.3%
2026-10-06 05:28:24 - [ForkPoolWorker-25] models.mode_choice - INFO - ModeChoiceModel initialized with 4 modes: ['car', 'bus', 'rail', 'walk']
2026-10-06 05:28:25 - [ForkPoolWorker-26] models.mode_availability - DEBUG - Registered availability checker for car: UniversalAvailability
2026-10-06 05:28:25 - [ForkPoolWorker-26] models.mode_availability - DEBUG - Registered availability checker for bus: GTFSTransitAvailability
2026-10-06 05:28:25 - [ForkPoolWorker-26] models.mode_availability - DEBUG - Registered availability checker for rail: GTFSTransitAvailability
2026-10-06 05:28:25 - [ForkPoolWorker-26] models.mode_availability - DEBUG - Registered availability checker for walk: DistanceBasedAvailability
2026-10-06 05:28:25 - [ForkPoolWorker-26] models.mode_choice - INFO - Computing mode shares from survey data...
2026-10-06 05:28:25 - [ForkPoolWorker-26] models.mode_choice - DEBUG -   Survey weights (normalized): {'default': 1.0}
2026-10-06 05:28:25 - [ForkPoolWorker-26] models.mode_choice - DEBUG -   Computing rates for purposes: ['Shopping', 'Home', 'Other', 'Work', 'Dining', 'School', 'Social', 'all']
2026-10-06 05:28:25 - [ForkPoolWorker-26] models.mode_choice - DEBUG -   Mode rates for 'Shopping': car=93.6%, walk=5.1%, bike=0.4%, bus=0.4%, rail=0.2%, school_bus=0.2%, rideshare=0.1%
2026-10-06 05:28:25 - [ForkPoolWorker-26] models.mode_choice - DEBUG -   Mode rates for 'Home': car=88.1%, walk=5.0%, school_bus=3.8%, bike=1.1%, bus=0.7%, rideshare=0.5%, rail=0.5%, other=0.3%
2026-10-06 05:28:25 - [ForkPoolWorker-26] models.mode_choice - DEBUG -   Mode rates for 'Other': car=88.3%, walk=4.6%, bus=3.1%, rideshare=1.7%, school_bus=1.0%, rail=0.6%, bike=0.6%, other=0.2%
2026-10-06 05:28:25 - [ForkPoolWorker-26] models.mode_choice - DEBUG -   Mode rates for 'Work': car=92.5%, walk=2.3%, rail=1.6%, bus=1.2%, bike=1.0%, school_bus=0.6%, rideshare=0.5%, other=0.2%
2026-10-06 05:28:25 - [ForkPoolWorker-26] models.mode_choice - DEBUG -   Mode rates for 'Dining': car=91.1%, walk=6.8%, bike=1.2%, rail=0.3%, other=0.3%, rideshare=0.3%, bus=0.1%
2026-10-06 05:28:25 - [ForkPoolWorker-26] models.mode_choice - DEBUG -   Mode rates for 'School': car=65.5%, school_bus=22.9%, walk=7.7%, bike=2.3%, bus=0.9%, other=0.4%, rail=0.2%, rideshare=0.1%
2026-10-06 05:28:25 - [ForkPoolWorker-26] models.mode_choice - DEBUG -   Mode rates for 'Social': car=73.8%, walk=19.5%, bike=3.5%, other=1.0%, rail=0.6%, rideshare=0.6%, bus=0.6%, school_bus=0.4%
2026-10-06 05:28:25 - [ForkPoolWorker-26] models.mode_choice - DEBUG -   Mode rates for 'all': car=87.2%, walk=6.3%, school_bus=3.2%, bike=1.2%, bus=0.8%, rail=0.6%, rideshare=0.5%, other=0.3%
2026-10-06 05:28:25 - [ForkPoolWorker-26] models.mode_choice - INFO - Computed mode rates for 8 purposes
2026-10-06 05:28:25 - [ForkPoolWorker-26] models.mode_choice - INFO -   Overall mode distribution: car=87.2%, walk=6.3%, school_bus=3.2%, bike=1.2%, bus=0.8%, rail=0.6%, rideshare=0.5%, other=0.3%
2026-10-06 05:28:25 - [ForkPoolWorker-26] models.mode_choice - INFO - ModeChoiceModel initialized with 4 modes: ['car', 'bus', 'rail', 'walk']
2026-10-06 05:28:25 - [ForkPoolWorker-32] models.plan_generator - INFO - Worker ForkPoolWorker-32 started - processing 5753 OD pairs
2026-10-06 05:28:25 - [ForkPoolWorker-32] models.time - INFO - Fitted models for 49 activity pairs
2026-10-06 05:28:25 - [ForkPoolWorker-32] models.time - INFO - Mean trip durations: global=20.0min, per-pair=49 pairs
2026-10-06 05:28:26 - [ForkPoolWorker-33] models.plan_generator - INFO - Worker ForkPoolWorker-33 started - processing 5753 OD pairs
2026-10-06 05:28:26 - [ForkPoolWorker-33] models.time - INFO - Fitted models for 49 activity pairs
2026-10-06 05:28:26 - [ForkPoolWorker-33] models.time - INFO - Mean trip durations: global=20.0min, per-pair=49 pairs
2026-10-06 05:28:26 - [ForkPoolWorker-27] models.mode_availability - DEBUG - Registered availability checker for car: UniversalAvailability
2026-10-06 05:28:26 - [ForkPoolWorker-27] models.mode_availability - DEBUG - Registered availability checker for bus: GTFSTransitAvailability
2026-10-06 05:28:26 - [ForkPoolWorker-27] models.mode_availability - DEBUG - Registered availability checker for rail: GTFSTransitAvailability
2026-10-06 05:28:26 - [ForkPoolWorker-27] models.mode_availability - DEBUG - Registered availability checker for walk: DistanceBasedAvailability
2026-10-06 05:28:26 - [ForkPoolWorker-27] models.mode_choice - INFO - Computing mode shares from survey data...
2026-10-06 05:28:26 - [ForkPoolWorker-27] models.mode_choice - DEBUG -   Survey weights (normalized): {'default': 1.0}
2026-10-06 05:28:26 - [ForkPoolWorker-27] models.mode_choice - DEBUG -   Computing rates for purposes: ['Shopping', 'Home', 'Other', 'Work', 'Dining', 'School', 'Social', 'all']
2026-10-06 05:28:26 - [ForkPoolWorker-27] models.mode_choice - DEBUG -   Mode rates for 'Shopping': car=93.6%, walk=5.1%, bike=0.4%, bus=0.4%, rail=0.2%, school_bus=0.2%, rideshare=0.1%
2026-10-06 05:28:26 - [ForkPoolWorker-27] models.mode_choice - DEBUG -   Mode rates for 'Home': car=88.1%, walk=5.0%, school_bus=3.8%, bike=1.1%, bus=0.7%, rideshare=0.5%, rail=0.5%, other=0.3%
2026-10-06 05:28:26 - [ForkPoolWorker-27] models.mode_choice - DEBUG -   Mode rates for 'Other': car=88.3%, walk=4.6%, bus=3.1%, rideshare=1.7%, school_bus=1.0%, rail=0.6%, bike=0.6%, other=0.2%
2026-10-06 05:28:26 - [ForkPoolWorker-27] models.mode_choice - DEBUG -   Mode rates for 'Work': car=92.5%, walk=2.3%, rail=1.6%, bus=1.2%, bike=1.0%, school_bus=0.6%, rideshare=0.5%, other=0.2%
2026-10-06 05:28:26 - [ForkPoolWorker-27] models.mode_choice - DEBUG -   Mode rates for 'Dining': car=91.1%, walk=6.8%, bike=1.2%, rail=0.3%, other=0.3%, rideshare=0.3%, bus=0.1%
2026-10-06 05:28:26 - [ForkPoolWorker-27] models.mode_choice - DEBUG -   Mode rates for 'School': car=65.5%, school_bus=22.9%, walk=7.7%, bike=2.3%, bus=0.9%, other=0.4%, rail=0.2%, rideshare=0.1%
2026-10-06 05:28:26 - [ForkPoolWorker-27] models.mode_choice - DEBUG -   Mode rates for 'Social': car=73.8%, walk=19.5%, bike=3.5%, other=1.0%, rail=0.6%, rideshare=0.6%, bus=0.6%, school_bus=0.4%
2026-10-06 05:28:26 - [ForkPoolWorker-27] models.mode_choice - DEBUG -   Mode rates for 'all': car=87.2%, walk=6.3%, school_bus=3.2%, bike=1.2%, bus=0.8%, rail=0.6%, rideshare=0.5%, other=0.3%
2026-10-06 05:28:26 - [ForkPoolWorker-27] models.mode_choice - INFO - Computed mode rates for 8 purposes
2026-10-06 05:28:26 - [ForkPoolWorker-27] models.mode_choice - INFO -   Overall mode distribution: car=87.2%, walk=6.3%, school_bus=3.2%, bike=1.2%, bus=0.8%, rail=0.6%, rideshare=0.5%, other=0.3%
2026-10-06 05:28:26 - [ForkPoolWorker-27] models.mode_choice - INFO - ModeChoiceModel initialized with 4 modes: ['car', 'bus', 'rail', 'walk']
2026-10-06 05:28:27 - [ForkPoolWorker-34] models.plan_generator - INFO - Worker ForkPoolWorker-34 started - processing 5753 OD pairs
2026-10-06 05:28:27 - [ForkPoolWorker-34] models.time - INFO - Fitted models for 49 activity pairs
2026-10-06 05:28:27 - [ForkPoolWorker-34] models.time - INFO - Mean trip durations: global=20.0min, per-pair=49 pairs
2026-10-06 05:28:27 - [ForkPoolWorker-28] models.mode_availability - DEBUG - Registered availability checker for car: UniversalAvailability
2026-10-06 05:28:27 - [ForkPoolWorker-28] models.mode_availability - DEBUG - Registered availability checker for bus: GTFSTransitAvailability
2026-10-06 05:28:27 - [ForkPoolWorker-28] models.mode_availability - DEBUG - Registered availability checker for rail: GTFSTransitAvailability
2026-10-06 05:28:27 - [ForkPoolWorker-28] models.mode_availability - DEBUG - Registered availability checker for walk: DistanceBasedAvailability
2026-10-06 05:28:27 - [ForkPoolWorker-28] models.mode_choice - INFO - Computing mode shares from survey data...
2026-10-06 05:28:27 - [ForkPoolWorker-28] models.mode_choice - DEBUG -   Survey weights (normalized): {'default': 1.0}
2026-10-06 05:28:27 - [ForkPoolWorker-28] models.mode_choice - DEBUG -   Computing rates for purposes: ['Shopping', 'Home', 'Other', 'Work', 'Dining', 'School', 'Social', 'all']
2026-10-06 05:28:27 - [ForkPoolWorker-28] models.mode_choice - DEBUG -   Mode rates for 'Shopping': car=93.6%, walk=5.1%, bike=0.4%, bus=0.4%, rail=0.2%, school_bus=0.2%, rideshare=0.1%
2026-10-06 05:28:27 - [ForkPoolWorker-28] models.mode_choice - DEBUG -   Mode rates for 'Home': car=88.1%, walk=5.0%, school_bus=3.8%, bike=1.1%, bus=0.7%, rideshare=0.5%, rail=0.5%, other=0.3%
2026-10-06 05:28:27 - [ForkPoolWorker-28] models.mode_choice - DEBUG -   Mode rates for 'Other': car=88.3%, walk=4.6%, bus=3.1%, rideshare=1.7%, school_bus=1.0%, rail=0.6%, bike=0.6%, other=0.2%
2026-10-06 05:28:27 - [ForkPoolWorker-28] models.mode_choice - DEBUG -   Mode rates for 'Work': car=92.5%, walk=2.3%, rail=1.6%, bus=1.2%, bike=1.0%, school_bus=0.6%, rideshare=0.5%, other=0.2%
2026-10-06 05:28:27 - [ForkPoolWorker-28] models.mode_choice - DEBUG -   Mode rates for 'Dining': car=91.1%, walk=6.8%, bike=1.2%, rail=0.3%, other=0.3%, rideshare=0.3%, bus=0.1%
2026-10-06 05:28:27 - [ForkPoolWorker-28] models.mode_choice - DEBUG -   Mode rates for 'School': car=65.5%, school_bus=22.9%, walk=7.7%, bike=2.3%, bus=0.9%, other=0.4%, rail=0.2%, rideshare=0.1%
2026-10-06 05:28:27 - [ForkPoolWorker-28] models.mode_choice - DEBUG -   Mode rates for 'Social': car=73.8%, walk=19.5%, bike=3.5%, other=1.0%, rail=0.6%, rideshare=0.6%, bus=0.6%, school_bus=0.4%
2026-10-06 05:28:27 - [ForkPoolWorker-28] models.mode_choice - DEBUG -   Mode rates for 'all': car=87.2%, walk=6.3%, school_bus=3.2%, bike=1.2%, bus=0.8%, rail=0.6%, rideshare=0.5%, other=0.3%
2026-10-06 05:28:27 - [ForkPoolWorker-28] models.mode_choice - INFO - Computed mode rates for 8 purposes
2026-10-06 05:28:27 - [ForkPoolWorker-28] models.mode_choice - INFO -   Overall mode distribution: car=87.2%, walk=6.3%, school_bus=3.2%, bike=1.2%, bus=0.8%, rail=0.6%, rideshare=0.5%, other=0.3%
2026-10-06 05:28:27 - [ForkPoolWorker-28] models.mode_choice - INFO - ModeChoiceModel initialized with 4 modes: ['car', 'bus', 'rail', 'walk']
2026-10-06 05:28:28 - [ForkPoolWorker-35] models.plan_generator - INFO - Worker ForkPoolWorker-35 started - processing 5753 OD pairs
2026-10-06 05:28:28 - [ForkPoolWorker-29] models.mode_availability - DEBUG - Registered availability checker for car: UniversalAvailability
2026-10-06 05:28:28 - [ForkPoolWorker-29] models.mode_availability - DEBUG - Registered availability checker for bus: GTFSTransitAvailability
2026-10-06 05:28:28 - [ForkPoolWorker-29] models.mode_availability - DEBUG - Registered availability checker for rail: GTFSTransitAvailability
2026-10-06 05:28:28 - [ForkPoolWorker-29] models.mode_availability - DEBUG - Registered availability checker for walk: DistanceBasedAvailability
2026-10-06 05:28:28 - [ForkPoolWorker-29] models.mode_choice - INFO - Computing mode shares from survey data...
2026-10-06 05:28:28 - [ForkPoolWorker-29] models.mode_choice - DEBUG -   Survey weights (normalized): {'default': 1.0}
2026-10-06 05:28:28 - [ForkPoolWorker-29] models.mode_choice - DEBUG -   Computing rates for purposes: ['Shopping', 'Home', 'Other', 'Work', 'Dining', 'School', 'Social', 'all']
2026-10-06 05:28:28 - [ForkPoolWorker-29] models.mode_choice - DEBUG -   Mode rates for 'Shopping': car=93.6%, walk=5.1%, bike=0.4%, bus=0.4%, rail=0.2%, school_bus=0.2%, rideshare=0.1%
2026-10-06 05:28:28 - [ForkPoolWorker-29] models.mode_choice - DEBUG -   Mode rates for 'Home': car=88.1%, walk=5.0%, school_bus=3.8%, bike=1.1%, bus=0.7%, rideshare=0.5%, rail=0.5%, other=0.3%
2026-10-06 05:28:28 - [ForkPoolWorker-29] models.mode_choice - DEBUG -   Mode rates for 'Other': car=88.3%, walk=4.6%, bus=3.1%, rideshare=1.7%, school_bus=1.0%, rail=0.6%, bike=0.6%, other=0.2%
2026-10-06 05:28:28 - [ForkPoolWorker-29] models.mode_choice - DEBUG -   Mode rates for 'Work': car=92.5%, walk=2.3%, rail=1.6%, bus=1.2%, bike=1.0%, school_bus=0.6%, rideshare=0.5%, other=0.2%
2026-10-06 05:28:28 - [ForkPoolWorker-29] models.mode_choice - DEBUG -   Mode rates for 'Dining': car=91.1%, walk=6.8%, bike=1.2%, rail=0.3%, other=0.3%, rideshare=0.3%, bus=0.1%
2026-10-06 05:28:28 - [ForkPoolWorker-29] models.mode_choice - DEBUG -   Mode rates for 'School': car=65.5%, school_bus=22.9%, walk=7.7%, bike=2.3%, bus=0.9%, other=0.4%, rail=0.2%, rideshare=0.1%
2026-10-06 05:28:28 - [ForkPoolWorker-29] models.mode_choice - DEBUG -   Mode rates for 'Social': car=73.8%, walk=19.5%, bike=3.5%, other=1.0%, rail=0.6%, rideshare=0.6%, bus=0.6%, school_bus=0.4%
2026-10-06 05:28:28 - [ForkPoolWorker-29] models.mode_choice - DEBUG -   Mode rates for 'all': car=87.2%, walk=6.3%, school_bus=3.2%, bike=1.2%, bus=0.8%, rail=0.6%, rideshare=0.5%, other=0.3%
2026-10-06 05:28:28 - [ForkPoolWorker-29] models.mode_choice - INFO - Computed mode rates for 8 purposes
2026-10-06 05:28:28 - [ForkPoolWorker-29] models.mode_choice - INFO -   Overall mode distribution: car=87.2%, walk=6.3%, school_bus=3.2%, bike=1.2%, bus=0.8%, rail=0.6%, rideshare=0.5%, other=0.3%
2026-10-06 05:28:28 - [ForkPoolWorker-29] models.mode_choice - INFO - ModeChoiceModel initialized with 4 modes: ['car', 'bus', 'rail', 'walk']
2026-10-06 05:28:28 - [ForkPoolWorker-35] models.time - INFO - Fitted models for 49 activity pairs
2026-10-06 05:28:28 - [ForkPoolWorker-35] models.time - INFO - Mean trip durations: global=20.0min, per-pair=49 pairs
2026-10-06 05:28:29 - [ForkPoolWorker-36] models.plan_generator - INFO - Worker ForkPoolWorker-36 started - processing 5753 OD pairs
2026-10-06 05:28:29 - [ForkPoolWorker-36] models.time - INFO - Fitted models for 49 activity pairs
2026-10-06 05:28:29 - [ForkPoolWorker-36] models.time - INFO - Mean trip durations: global=20.0min, per-pair=49 pairs
2026-10-06 05:28:29 - [ForkPoolWorker-30] models.mode_availability - DEBUG - Registered availability checker for car: UniversalAvailability
2026-10-06 05:28:29 - [ForkPoolWorker-30] models.mode_availability - DEBUG - Registered availability checker for bus: GTFSTransitAvailability
2026-10-06 05:28:29 - [ForkPoolWorker-30] models.mode_availability - DEBUG - Registered availability checker for rail: GTFSTransitAvailability
2026-10-06 05:28:29 - [ForkPoolWorker-30] models.mode_availability - DEBUG - Registered availability checker for walk: DistanceBasedAvailability
2026-10-06 05:28:29 - [ForkPoolWorker-30] models.mode_choice - INFO - Computing mode shares from survey data...
2026-10-06 05:28:29 - [ForkPoolWorker-30] models.mode_choice - DEBUG -   Survey weights (normalized): {'default': 1.0}
2026-10-06 05:28:29 - [ForkPoolWorker-30] models.mode_choice - DEBUG -   Computing rates for purposes: ['Shopping', 'Home', 'Other', 'Work', 'Dining', 'School', 'Social', 'all']
2026-10-06 05:28:29 - [ForkPoolWorker-30] models.mode_choice - DEBUG -   Mode rates for 'Shopping': car=93.6%, walk=5.1%, bike=0.4%, bus=0.4%, rail=0.2%, school_bus=0.2%, rideshare=0.1%
2026-10-06 05:28:29 - [ForkPoolWorker-30] models.mode_choice - DEBUG -   Mode rates for 'Home': car=88.1%, walk=5.0%, school_bus=3.8%, bike=1.1%, bus=0.7%, rideshare=0.5%, rail=0.5%, other=0.3%
2026-10-06 05:28:29 - [ForkPoolWorker-30] models.mode_choice - DEBUG -   Mode rates for 'Other': car=88.3%, walk=4.6%, bus=3.1%, rideshare=1.7%, school_bus=1.0%, rail=0.6%, bike=0.6%, other=0.2%
2026-10-06 05:28:29 - [ForkPoolWorker-30] models.mode_choice - DEBUG -   Mode rates for 'Work': car=92.5%, walk=2.3%, rail=1.6%, bus=1.2%, bike=1.0%, school_bus=0.6%, rideshare=0.5%, other=0.2%
2026-10-06 05:28:29 - [ForkPoolWorker-30] models.mode_choice - DEBUG -   Mode rates for 'Dining': car=91.1%, walk=6.8%, bike=1.2%, rail=0.3%, other=0.3%, rideshare=0.3%, bus=0.1%
2026-10-06 05:28:29 - [ForkPoolWorker-30] models.mode_choice - DEBUG -   Mode rates for 'School': car=65.5%, school_bus=22.9%, walk=7.7%, bike=2.3%, bus=0.9%, other=0.4%, rail=0.2%, rideshare=0.1%
2026-10-06 05:28:29 - [ForkPoolWorker-30] models.mode_choice - DEBUG -   Mode rates for 'Social': car=73.8%, walk=19.5%, bike=3.5%, other=1.0%, rail=0.6%, rideshare=0.6%, bus=0.6%, school_bus=0.4%
2026-10-06 05:28:29 - [ForkPoolWorker-30] models.mode_choice - DEBUG -   Mode rates for 'all': car=87.2%, walk=6.3%, school_bus=3.2%, bike=1.2%, bus=0.8%, rail=0.6%, rideshare=0.5%, other=0.3%
2026-10-06 05:28:29 - [ForkPoolWorker-30] models.mode_choice - INFO - Computed mode rates for 8 purposes
2026-10-06 05:28:29 - [ForkPoolWorker-30] models.mode_choice - INFO -   Overall mode distribution: car=87.2%, walk=6.3%, school_bus=3.2%, bike=1.2%, bus=0.8%, rail=0.6%, rideshare=0.5%, other=0.3%
2026-10-06 05:28:29 - [ForkPoolWorker-30] models.mode_choice - INFO - ModeChoiceModel initialized with 4 modes: ['car', 'bus', 'rail', 'walk']
2026-10-06 05:28:30 - [ForkPoolWorker-31] models.mode_availability - DEBUG - Registered availability checker for car: UniversalAvailability
2026-10-06 05:28:30 - [ForkPoolWorker-31] models.mode_availability - DEBUG - Registered availability checker for bus: GTFSTransitAvailability
2026-10-06 05:28:30 - [ForkPoolWorker-31] models.mode_availability - DEBUG - Registered availability checker for rail: GTFSTransitAvailability
2026-10-06 05:28:30 - [ForkPoolWorker-31] models.mode_availability - DEBUG - Registered availability checker for walk: DistanceBasedAvailability
2026-10-06 05:28:30 - [ForkPoolWorker-31] models.mode_choice - INFO - Computing mode shares from survey data...
2026-10-06 05:28:30 - [ForkPoolWorker-31] models.mode_choice - DEBUG -   Survey weights (normalized): {'default': 1.0}
2026-10-06 05:28:30 - [ForkPoolWorker-31] models.mode_choice - DEBUG -   Computing rates for purposes: ['Shopping', 'Home', 'Other', 'Work', 'Dining', 'School', 'Social', 'all']
2026-10-06 05:28:30 - [ForkPoolWorker-31] models.mode_choice - DEBUG -   Mode rates for 'Shopping': car=93.6%, walk=5.1%, bike=0.4%, bus=0.4%, rail=0.2%, school_bus=0.2%, rideshare=0.1%
2026-10-06 05:28:30 - [ForkPoolWorker-31] models.mode_choice - DEBUG -   Mode rates for 'Home': car=88.1%, walk=5.0%, school_bus=3.8%, bike=1.1%, bus=0.7%, rideshare=0.5%, rail=0.5%, other=0.3%
2026-10-06 05:28:30 - [ForkPoolWorker-31] models.mode_choice - DEBUG -   Mode rates for 'Other': car=88.3%, walk=4.6%, bus=3.1%, rideshare=1.7%, school_bus=1.0%, rail=0.6%, bike=0.6%, other=0.2%
2026-10-06 05:28:30 - [ForkPoolWorker-31] models.mode_choice - DEBUG -   Mode rates for 'Work': car=92.5%, walk=2.3%, rail=1.6%, bus=1.2%, bike=1.0%, school_bus=0.6%, rideshare=0.5%, other=0.2%
2026-10-06 05:28:30 - [ForkPoolWorker-31] models.mode_choice - DEBUG -   Mode rates for 'Dining': car=91.1%, walk=6.8%, bike=1.2%, rail=0.3%, other=0.3%, rideshare=0.3%, bus=0.1%
2026-10-06 05:28:30 - [ForkPoolWorker-31] models.mode_choice - DEBUG -   Mode rates for 'School': car=65.5%, school_bus=22.9%, walk=7.7%, bike=2.3%, bus=0.9%, other=0.4%, rail=0.2%, rideshare=0.1%
2026-10-06 05:28:30 - [ForkPoolWorker-31] models.mode_choice - DEBUG -   Mode rates for 'Social': car=73.8%, walk=19.5%, bike=3.5%, other=1.0%, rail=0.6%, rideshare=0.6%, bus=0.6%, school_bus=0.4%
2026-10-06 05:28:30 - [ForkPoolWorker-31] models.mode_choice - DEBUG -   Mode rates for 'all': car=87.2%, walk=6.3%, school_bus=3.2%, bike=1.2%, bus=0.8%, rail=0.6%, rideshare=0.5%, other=0.3%
2026-10-06 05:28:30 - [ForkPoolWorker-31] models.mode_choice - INFO - Computed mode rates for 8 purposes
2026-10-06 05:28:30 - [ForkPoolWorker-31] models.mode_choice - INFO -   Overall mode distribution: car=87.2%, walk=6.3%, school_bus=3.2%, bike=1.2%, bus=0.8%, rail=0.6%, rideshare=0.5%, other=0.3%
2026-10-06 05:28:30 - [ForkPoolWorker-31] models.mode_choice - INFO - ModeChoiceModel initialized with 4 modes: ['car', 'bus', 'rail', 'walk']
2026-10-06 05:28:31 - [ForkPoolWorker-37] models.plan_generator - INFO - Worker ForkPoolWorker-37 started - processing 5753 OD pairs
2026-10-06 05:28:31 - [ForkPoolWorker-37] models.time - INFO - Fitted models for 49 activity pairs
2026-10-06 05:28:31 - [ForkPoolWorker-37] models.time - INFO - Mean trip durations: global=20.0min, per-pair=49 pairs
2026-10-06 05:28:32 - [ForkPoolWorker-38] models.plan_generator - INFO - Worker ForkPoolWorker-38 started - processing 5753 OD pairs
2026-10-06 05:28:32 - [ForkPoolWorker-38] models.time - INFO - Fitted models for 49 activity pairs
2026-10-06 05:28:32 - [ForkPoolWorker-38] models.time - INFO - Mean trip durations: global=20.0min, per-pair=49 pairs
2026-10-06 05:28:32 - [ForkPoolWorker-32] models.mode_availability - DEBUG - Registered availability checker for car: UniversalAvailability
2026-10-06 05:28:32 - [ForkPoolWorker-32] models.mode_availability - DEBUG - Registered availability checker for bus: GTFSTransitAvailability
2026-10-06 05:28:32 - [ForkPoolWorker-32] models.mode_availability - DEBUG - Registered availability checker for rail: GTFSTransitAvailability
2026-10-06 05:28:32 - [ForkPoolWorker-32] models.mode_availability - DEBUG - Registered availability checker for walk: DistanceBasedAvailability
2026-10-06 05:28:32 - [ForkPoolWorker-32] models.mode_choice - INFO - Computing mode shares from survey data...
2026-10-06 05:28:32 - [ForkPoolWorker-32] models.mode_choice - DEBUG -   Survey weights (normalized): {'default': 1.0}
2026-10-06 05:28:32 - [ForkPoolWorker-32] models.mode_choice - DEBUG -   Computing rates for purposes: ['Shopping', 'Home', 'Other', 'Work', 'Dining', 'School', 'Social', 'all']
2026-10-06 05:28:32 - [ForkPoolWorker-32] models.mode_choice - DEBUG -   Mode rates for 'Shopping': car=93.6%, walk=5.1%, bike=0.4%, bus=0.4%, rail=0.2%, school_bus=0.2%, rideshare=0.1%
2026-10-06 05:28:32 - [ForkPoolWorker-32] models.mode_choice - DEBUG -   Mode rates for 'Home': car=88.1%, walk=5.0%, school_bus=3.8%, bike=1.1%, bus=0.7%, rideshare=0.5%, rail=0.5%, other=0.3%
2026-10-06 05:28:32 - [ForkPoolWorker-32] models.mode_choice - DEBUG -   Mode rates for 'Other': car=88.3%, walk=4.6%, bus=3.1%, rideshare=1.7%, school_bus=1.0%, rail=0.6%, bike=0.6%, other=0.2%
2026-10-06 05:28:32 - [ForkPoolWorker-32] models.mode_choice - DEBUG -   Mode rates for 'Work': car=92.5%, walk=2.3%, rail=1.6%, bus=1.2%, bike=1.0%, school_bus=0.6%, rideshare=0.5%, other=0.2%
2026-10-06 05:28:32 - [ForkPoolWorker-32] models.mode_choice - DEBUG -   Mode rates for 'Dining': car=91.1%, walk=6.8%, bike=1.2%, rail=0.3%, other=0.3%, rideshare=0.3%, bus=0.1%
2026-10-06 05:28:32 - [ForkPoolWorker-32] models.mode_choice - DEBUG -   Mode rates for 'School': car=65.5%, school_bus=22.9%, walk=7.7%, bike=2.3%, bus=0.9%, other=0.4%, rail=0.2%, rideshare=0.1%
2026-10-06 05:28:32 - [ForkPoolWorker-32] models.mode_choice - DEBUG -   Mode rates for 'Social': car=73.8%, walk=19.5%, bike=3.5%, other=1.0%, rail=0.6%, rideshare=0.6%, bus=0.6%, school_bus=0.4%
2026-10-06 05:28:32 - [ForkPoolWorker-32] models.mode_choice - DEBUG -   Mode rates for 'all': car=87.2%, walk=6.3%, school_bus=3.2%, bike=1.2%, bus=0.8%, rail=0.6%, rideshare=0.5%, other=0.3%
2026-10-06 05:28:32 - [ForkPoolWorker-32] models.mode_choice - INFO - Computed mode rates for 8 purposes
2026-10-06 05:28:32 - [ForkPoolWorker-32] models.mode_choice - INFO -   Overall mode distribution: car=87.2%, walk=6.3%, school_bus=3.2%, bike=1.2%, bus=0.8%, rail=0.6%, rideshare=0.5%, other=0.3%
2026-10-06 05:28:32 - [ForkPoolWorker-32] models.mode_choice - INFO - ModeChoiceModel initialized with 4 modes: ['car', 'bus', 'rail', 'walk']
2026-10-06 05:28:33 - [ForkPoolWorker-39] models.plan_generator - INFO - Worker ForkPoolWorker-39 started - processing 5753 OD pairs
2026-10-06 05:28:33 - [ForkPoolWorker-39] models.time - INFO - Fitted models for 49 activity pairs
2026-10-06 05:28:33 - [ForkPoolWorker-39] models.time - INFO - Mean trip durations: global=20.0min, per-pair=49 pairs
2026-10-06 05:28:33 - [ForkPoolWorker-33] models.mode_availability - DEBUG - Registered availability checker for car: UniversalAvailability
2026-10-06 05:28:33 - [ForkPoolWorker-33] models.mode_availability - DEBUG - Registered availability checker for bus: GTFSTransitAvailability
2026-10-06 05:28:33 - [ForkPoolWorker-33] models.mode_availability - DEBUG - Registered availability checker for rail: GTFSTransitAvailability
2026-10-06 05:28:33 - [ForkPoolWorker-33] models.mode_availability - DEBUG - Registered availability checker for walk: DistanceBasedAvailability
2026-10-06 05:28:33 - [ForkPoolWorker-33] models.mode_choice - INFO - Computing mode shares from survey data...
2026-10-06 05:28:33 - [ForkPoolWorker-33] models.mode_choice - DEBUG -   Survey weights (normalized): {'default': 1.0}
2026-10-06 05:28:33 - [ForkPoolWorker-33] models.mode_choice - DEBUG -   Computing rates for purposes: ['Shopping', 'Home', 'Other', 'Work', 'Dining', 'School', 'Social', 'all']
2026-10-06 05:28:33 - [ForkPoolWorker-33] models.mode_choice - DEBUG -   Mode rates for 'Shopping': car=93.6%, walk=5.1%, bike=0.4%, bus=0.4%, rail=0.2%, school_bus=0.2%, rideshare=0.1%
2026-10-06 05:28:33 - [ForkPoolWorker-33] models.mode_choice - DEBUG -   Mode rates for 'Home': car=88.1%, walk=5.0%, school_bus=3.8%, bike=1.1%, bus=0.7%, rideshare=0.5%, rail=0.5%, other=0.3%
2026-10-06 05:28:33 - [ForkPoolWorker-33] models.mode_choice - DEBUG -   Mode rates for 'Other': car=88.3%, walk=4.6%, bus=3.1%, rideshare=1.7%, school_bus=1.0%, rail=0.6%, bike=0.6%, other=0.2%
2026-10-06 05:28:33 - [ForkPoolWorker-33] models.mode_choice - DEBUG -   Mode rates for 'Work': car=92.5%, walk=2.3%, rail=1.6%, bus=1.2%, bike=1.0%, school_bus=0.6%, rideshare=0.5%, other=0.2%
2026-10-06 05:28:33 - [ForkPoolWorker-33] models.mode_choice - DEBUG -   Mode rates for 'Dining': car=91.1%, walk=6.8%, bike=1.2%, rail=0.3%, other=0.3%, rideshare=0.3%, bus=0.1%
2026-10-06 05:28:33 - [ForkPoolWorker-33] models.mode_choice - DEBUG -   Mode rates for 'School': car=65.5%, school_bus=22.9%, walk=7.7%, bike=2.3%, bus=0.9%, other=0.4%, rail=0.2%, rideshare=0.1%
2026-10-06 05:28:33 - [ForkPoolWorker-33] models.mode_choice - DEBUG -   Mode rates for 'Social': car=73.8%, walk=19.5%, bike=3.5%, other=1.0%, rail=0.6%, rideshare=0.6%, bus=0.6%, school_bus=0.4%
2026-10-06 05:28:33 - [ForkPoolWorker-33] models.mode_choice - DEBUG -   Mode rates for 'all': car=87.2%, walk=6.3%, school_bus=3.2%, bike=1.2%, bus=0.8%, rail=0.6%, rideshare=0.5%, other=0.3%
2026-10-06 05:28:33 - [ForkPoolWorker-33] models.mode_choice - INFO - Computed mode rates for 8 purposes
2026-10-06 05:28:33 - [ForkPoolWorker-33] models.mode_choice - INFO -   Overall mode distribution: car=87.2%, walk=6.3%, school_bus=3.2%, bike=1.2%, bus=0.8%, rail=0.6%, rideshare=0.5%, other=0.3%
2026-10-06 05:28:33 - [ForkPoolWorker-33] models.mode_choice - INFO - ModeChoiceModel initialized with 4 modes: ['car', 'bus', 'rail', 'walk']
2026-10-06 05:28:34 - [ForkPoolWorker-40] models.plan_generator - INFO - Worker ForkPoolWorker-40 started - processing 5753 OD pairs
2026-10-06 05:28:34 - [ForkPoolWorker-40] models.time - INFO - Fitted models for 49 activity pairs
2026-10-06 05:28:34 - [ForkPoolWorker-40] models.time - INFO - Mean trip durations: global=20.0min, per-pair=49 pairs
2026-10-06 05:28:34 - [ForkPoolWorker-34] models.mode_availability - DEBUG - Registered availability checker for car: UniversalAvailability
2026-10-06 05:28:34 - [ForkPoolWorker-34] models.mode_availability - DEBUG - Registered availability checker for bus: GTFSTransitAvailability
2026-10-06 05:28:34 - [ForkPoolWorker-34] models.mode_availability - DEBUG - Registered availability checker for rail: GTFSTransitAvailability
2026-10-06 05:28:34 - [ForkPoolWorker-34] models.mode_availability - DEBUG - Registered availability checker for walk: DistanceBasedAvailability
2026-10-06 05:28:34 - [ForkPoolWorker-34] models.mode_choice - INFO - Computing mode shares from survey data...
2026-10-06 05:28:34 - [ForkPoolWorker-34] models.mode_choice - DEBUG -   Survey weights (normalized): {'default': 1.0}
2026-10-06 05:28:34 - [ForkPoolWorker-34] models.mode_choice - DEBUG -   Computing rates for purposes: ['Shopping', 'Home', 'Other', 'Work', 'Dining', 'School', 'Social', 'all']
2026-10-06 05:28:34 - [ForkPoolWorker-34] models.mode_choice - DEBUG -   Mode rates for 'Shopping': car=93.6%, walk=5.1%, bike=0.4%, bus=0.4%, rail=0.2%, school_bus=0.2%, rideshare=0.1%
2026-10-06 05:28:34 - [ForkPoolWorker-34] models.mode_choice - DEBUG -   Mode rates for 'Home': car=88.1%, walk=5.0%, school_bus=3.8%, bike=1.1%, bus=0.7%, rideshare=0.5%, rail=0.5%, other=0.3%
2026-10-06 05:28:34 - [ForkPoolWorker-34] models.mode_choice - DEBUG -   Mode rates for 'Other': car=88.3%, walk=4.6%, bus=3.1%, rideshare=1.7%, school_bus=1.0%, rail=0.6%, bike=0.6%, other=0.2%
2026-10-06 05:28:34 - [ForkPoolWorker-34] models.mode_choice - DEBUG -   Mode rates for 'Work': car=92.5%, walk=2.3%, rail=1.6%, bus=1.2%, bike=1.0%, school_bus=0.6%, rideshare=0.5%, other=0.2%
2026-10-06 05:28:34 - [ForkPoolWorker-34] models.mode_choice - DEBUG -   Mode rates for 'Dining': car=91.1%, walk=6.8%, bike=1.2%, rail=0.3%, other=0.3%, rideshare=0.3%, bus=0.1%
2026-10-06 05:28:34 - [ForkPoolWorker-34] models.mode_choice - DEBUG -   Mode rates for 'School': car=65.5%, school_bus=22.9%, walk=7.7%, bike=2.3%, bus=0.9%, other=0.4%, rail=0.2%, rideshare=0.1%
2026-10-06 05:28:34 - [ForkPoolWorker-34] models.mode_choice - DEBUG -   Mode rates for 'Social': car=73.8%, walk=19.5%, bike=3.5%, other=1.0%, rail=0.6%, rideshare=0.6%, bus=0.6%, school_bus=0.4%
2026-10-06 05:28:34 - [ForkPoolWorker-34] models.mode_choice - DEBUG -   Mode rates for 'all': car=87.2%, walk=6.3%, school_bus=3.2%, bike=1.2%, bus=0.8%, rail=0.6%, rideshare=0.5%, other=0.3%
2026-10-06 05:28:34 - [ForkPoolWorker-34] models.mode_choice - INFO - Computed mode rates for 8 purposes
2026-10-06 05:28:34 - [ForkPoolWorker-34] models.mode_choice - INFO -   Overall mode distribution: car=87.2%, walk=6.3%, school_bus=3.2%, bike=1.2%, bus=0.8%, rail=0.6%, rideshare=0.5%, other=0.3%
2026-10-06 05:28:34 - [ForkPoolWorker-34] models.mode_choice - INFO - ModeChoiceModel initialized with 4 modes: ['car', 'bus', 'rail', 'walk']
2026-10-06 05:28:35 - [ForkPoolWorker-41] models.plan_generator - INFO - Worker ForkPoolWorker-41 started - processing 5753 OD pairs
2026-10-06 05:28:35 - [ForkPoolWorker-41] models.time - INFO - Fitted models for 49 activity pairs
2026-10-06 05:28:35 - [ForkPoolWorker-41] models.time - INFO - Mean trip durations: global=20.0min, per-pair=49 pairs
2026-10-06 05:28:36 - [ForkPoolWorker-35] models.mode_availability - DEBUG - Registered availability checker for car: UniversalAvailability
2026-10-06 05:28:36 - [ForkPoolWorker-35] models.mode_availability - DEBUG - Registered availability checker for bus: GTFSTransitAvailability
2026-10-06 05:28:36 - [ForkPoolWorker-35] models.mode_availability - DEBUG - Registered availability checker for rail: GTFSTransitAvailability
2026-10-06 05:28:36 - [ForkPoolWorker-35] models.mode_availability - DEBUG - Registered availability checker for walk: DistanceBasedAvailability
2026-10-06 05:28:36 - [ForkPoolWorker-35] models.mode_choice - INFO - Computing mode shares from survey data...
2026-10-06 05:28:36 - [ForkPoolWorker-35] models.mode_choice - DEBUG -   Survey weights (normalized): {'default': 1.0}
2026-10-06 05:28:36 - [ForkPoolWorker-35] models.mode_choice - DEBUG -   Computing rates for purposes: ['Shopping', 'Home', 'Other', 'Work', 'Dining', 'School', 'Social', 'all']
2026-10-06 05:28:36 - [ForkPoolWorker-35] models.mode_choice - DEBUG -   Mode rates for 'Shopping': car=93.6%, walk=5.1%, bike=0.4%, bus=0.4%, rail=0.2%, school_bus=0.2%, rideshare=0.1%
2026-10-06 05:28:36 - [ForkPoolWorker-35] models.mode_choice - DEBUG -   Mode rates for 'Home': car=88.1%, walk=5.0%, school_bus=3.8%, bike=1.1%, bus=0.7%, rideshare=0.5%, rail=0.5%, other=0.3%
2026-10-06 05:28:36 - [ForkPoolWorker-35] models.mode_choice - DEBUG -   Mode rates for 'Other': car=88.3%, walk=4.6%, bus=3.1%, rideshare=1.7%, school_bus=1.0%, rail=0.6%, bike=0.6%, other=0.2%
2026-10-06 05:28:36 - [ForkPoolWorker-35] models.mode_choice - DEBUG -   Mode rates for 'Work': car=92.5%, walk=2.3%, rail=1.6%, bus=1.2%, bike=1.0%, school_bus=0.6%, rideshare=0.5%, other=0.2%
2026-10-06 05:28:36 - [ForkPoolWorker-35] models.mode_choice - DEBUG -   Mode rates for 'Dining': car=91.1%, walk=6.8%, bike=1.2%, rail=0.3%, other=0.3%, rideshare=0.3%, bus=0.1%
2026-10-06 05:28:36 - [ForkPoolWorker-35] models.mode_choice - DEBUG -   Mode rates for 'School': car=65.5%, school_bus=22.9%, walk=7.7%, bike=2.3%, bus=0.9%, other=0.4%, rail=0.2%, rideshare=0.1%
2026-10-06 05:28:36 - [ForkPoolWorker-35] models.mode_choice - DEBUG -   Mode rates for 'Social': car=73.8%, walk=19.5%, bike=3.5%, other=1.0%, rail=0.6%, rideshare=0.6%, bus=0.6%, school_bus=0.4%
2026-10-06 05:28:36 - [ForkPoolWorker-35] models.mode_choice - DEBUG -   Mode rates for 'all': car=87.2%, walk=6.3%, school_bus=3.2%, bike=1.2%, bus=0.8%, rail=0.6%, rideshare=0.5%, other=0.3%
2026-10-06 05:28:36 - [ForkPoolWorker-35] models.mode_choice - INFO - Computed mode rates for 8 purposes
2026-10-06 05:28:36 - [ForkPoolWorker-35] models.mode_choice - INFO -   Overall mode distribution: car=87.2%, walk=6.3%, school_bus=3.2%, bike=1.2%, bus=0.8%, rail=0.6%, rideshare=0.5%, other=0.3%
2026-10-06 05:28:36 - [ForkPoolWorker-35] models.mode_choice - INFO - ModeChoiceModel initialized with 4 modes: ['car', 'bus', 'rail', 'walk']
2026-10-06 05:28:36 - [ForkPoolWorker-42] models.plan_generator - INFO - Worker ForkPoolWorker-42 started - processing 5753 OD pairs
2026-10-06 05:28:36 - [ForkPoolWorker-36] models.mode_availability - DEBUG - Registered availability checker for car: UniversalAvailability
2026-10-06 05:28:36 - [ForkPoolWorker-36] models.mode_availability - DEBUG - Registered availability checker for bus: GTFSTransitAvailability
2026-10-06 05:28:36 - [ForkPoolWorker-36] models.mode_availability - DEBUG - Registered availability checker for rail: GTFSTransitAvailability
2026-10-06 05:28:36 - [ForkPoolWorker-36] models.mode_availability - DEBUG - Registered availability checker for walk: DistanceBasedAvailability
2026-10-06 05:28:36 - [ForkPoolWorker-36] models.mode_choice - INFO - Computing mode shares from survey data...
2026-10-06 05:28:36 - [ForkPoolWorker-36] models.mode_choice - DEBUG -   Survey weights (normalized): {'default': 1.0}
2026-10-06 05:28:36 - [ForkPoolWorker-36] models.mode_choice - DEBUG -   Computing rates for purposes: ['Shopping', 'Home', 'Other', 'Work', 'Dining', 'School', 'Social', 'all']
2026-10-06 05:28:36 - [ForkPoolWorker-36] models.mode_choice - DEBUG -   Mode rates for 'Shopping': car=93.6%, walk=5.1%, bike=0.4%, bus=0.4%, rail=0.2%, school_bus=0.2%, rideshare=0.1%
2026-10-06 05:28:36 - [ForkPoolWorker-36] models.mode_choice - DEBUG -   Mode rates for 'Home': car=88.1%, walk=5.0%, school_bus=3.8%, bike=1.1%, bus=0.7%, rideshare=0.5%, rail=0.5%, other=0.3%
2026-10-06 05:28:36 - [ForkPoolWorker-36] models.mode_choice - DEBUG -   Mode rates for 'Other': car=88.3%, walk=4.6%, bus=3.1%, rideshare=1.7%, school_bus=1.0%, rail=0.6%, bike=0.6%, other=0.2%
2026-10-06 05:28:36 - [ForkPoolWorker-36] models.mode_choice - DEBUG -   Mode rates for 'Work': car=92.5%, walk=2.3%, rail=1.6%, bus=1.2%, bike=1.0%, school_bus=0.6%, rideshare=0.5%, other=0.2%
2026-10-06 05:28:36 - [ForkPoolWorker-36] models.mode_choice - DEBUG -   Mode rates for 'Dining': car=91.1%, walk=6.8%, bike=1.2%, rail=0.3%, other=0.3%, rideshare=0.3%, bus=0.1%
2026-10-06 05:28:36 - [ForkPoolWorker-36] models.mode_choice - DEBUG -   Mode rates for 'School': car=65.5%, school_bus=22.9%, walk=7.7%, bike=2.3%, bus=0.9%, other=0.4%, rail=0.2%, rideshare=0.1%
2026-10-06 05:28:36 - [ForkPoolWorker-36] models.mode_choice - DEBUG -   Mode rates for 'Social': car=73.8%, walk=19.5%, bike=3.5%, other=1.0%, rail=0.6%, rideshare=0.6%, bus=0.6%, school_bus=0.4%
2026-10-06 05:28:36 - [ForkPoolWorker-36] models.mode_choice - DEBUG -   Mode rates for 'all': car=87.2%, walk=6.3%, school_bus=3.2%, bike=1.2%, bus=0.8%, rail=0.6%, rideshare=0.5%, other=0.3%
2026-10-06 05:28:36 - [ForkPoolWorker-36] models.mode_choice - INFO - Computed mode rates for 8 purposes
2026-10-06 05:28:36 - [ForkPoolWorker-36] models.mode_choice - INFO -   Overall mode distribution: car=87.2%, walk=6.3%, school_bus=3.2%, bike=1.2%, bus=0.8%, rail=0.6%, rideshare=0.5%, other=0.3%
2026-10-06 05:28:36 - [ForkPoolWorker-36] models.mode_choice - INFO - ModeChoiceModel initialized with 4 modes: ['car', 'bus', 'rail', 'walk']
2026-10-06 05:28:37 - [ForkPoolWorker-42] models.time - INFO - Fitted models for 49 activity pairs
2026-10-06 05:28:37 - [ForkPoolWorker-42] models.time - INFO - Mean trip durations: global=20.0min, per-pair=49 pairs
2026-10-06 05:28:37 - [ForkPoolWorker-43] models.plan_generator - INFO - Worker ForkPoolWorker-43 started - processing 5753 OD pairs
2026-10-06 05:28:38 - [ForkPoolWorker-43] models.time - INFO - Fitted models for 49 activity pairs
2026-10-06 05:28:38 - [ForkPoolWorker-43] models.time - INFO - Mean trip durations: global=20.0min, per-pair=49 pairs
2026-10-06 05:28:38 - [ForkPoolWorker-37] models.mode_availability - DEBUG - Registered availability checker for car: UniversalAvailability
2026-10-06 05:28:38 - [ForkPoolWorker-37] models.mode_availability - DEBUG - Registered availability checker for bus: GTFSTransitAvailability
2026-10-06 05:28:38 - [ForkPoolWorker-37] models.mode_availability - DEBUG - Registered availability checker for rail: GTFSTransitAvailability
2026-10-06 05:28:38 - [ForkPoolWorker-37] models.mode_availability - DEBUG - Registered availability checker for walk: DistanceBasedAvailability
2026-10-06 05:28:38 - [ForkPoolWorker-37] models.mode_choice - INFO - Computing mode shares from survey data...
2026-10-06 05:28:38 - [ForkPoolWorker-37] models.mode_choice - DEBUG -   Survey weights (normalized): {'default': 1.0}
2026-10-06 05:28:38 - [ForkPoolWorker-37] models.mode_choice - DEBUG -   Computing rates for purposes: ['Shopping', 'Home', 'Other', 'Work', 'Dining', 'School', 'Social', 'all']
2026-10-06 05:28:38 - [ForkPoolWorker-37] models.mode_choice - DEBUG -   Mode rates for 'Shopping': car=93.6%, walk=5.1%, bike=0.4%, bus=0.4%, rail=0.2%, school_bus=0.2%, rideshare=0.1%
2026-10-06 05:28:38 - [ForkPoolWorker-37] models.mode_choice - DEBUG -   Mode rates for 'Home': car=88.1%, walk=5.0%, school_bus=3.8%, bike=1.1%, bus=0.7%, rideshare=0.5%, rail=0.5%, other=0.3%
2026-10-06 05:28:38 - [ForkPoolWorker-37] models.mode_choice - DEBUG -   Mode rates for 'Other': car=88.3%, walk=4.6%, bus=3.1%, rideshare=1.7%, school_bus=1.0%, rail=0.6%, bike=0.6%, other=0.2%
2026-10-06 05:28:38 - [ForkPoolWorker-37] models.mode_choice - DEBUG -   Mode rates for 'Work': car=92.5%, walk=2.3%, rail=1.6%, bus=1.2%, bike=1.0%, school_bus=0.6%, rideshare=0.5%, other=0.2%
2026-10-06 05:28:38 - [ForkPoolWorker-37] models.mode_choice - DEBUG -   Mode rates for 'Dining': car=91.1%, walk=6.8%, bike=1.2%, rail=0.3%, other=0.3%, rideshare=0.3%, bus=0.1%
2026-10-06 05:28:38 - [ForkPoolWorker-37] models.mode_choice - DEBUG -   Mode rates for 'School': car=65.5%, school_bus=22.9%, walk=7.7%, bike=2.3%, bus=0.9%, other=0.4%, rail=0.2%, rideshare=0.1%
2026-10-06 05:28:38 - [ForkPoolWorker-37] models.mode_choice - DEBUG -   Mode rates for 'Social': car=73.8%, walk=19.5%, bike=3.5%, other=1.0%, rail=0.6%, rideshare=0.6%, bus=0.6%, school_bus=0.4%
2026-10-06 05:28:38 - [ForkPoolWorker-37] models.mode_choice - DEBUG -   Mode rates for 'all': car=87.2%, walk=6.3%, school_bus=3.2%, bike=1.2%, bus=0.8%, rail=0.6%, rideshare=0.5%, other=0.3%
2026-10-06 05:28:38 - [ForkPoolWorker-37] models.mode_choice - INFO - Computed mode rates for 8 purposes
2026-10-06 05:28:38 - [ForkPoolWorker-37] models.mode_choice - INFO -   Overall mode distribution: car=87.2%, walk=6.3%, school_bus=3.2%, bike=1.2%, bus=0.8%, rail=0.6%, rideshare=0.5%, other=0.3%
2026-10-06 05:28:38 - [ForkPoolWorker-37] models.mode_choice - INFO - ModeChoiceModel initialized with 4 modes: ['car', 'bus', 'rail', 'walk']
2026-10-06 05:28:39 - [ForkPoolWorker-44] models.plan_generator - INFO - Worker ForkPoolWorker-44 started - processing 5753 OD pairs
2026-10-06 05:28:39 - [ForkPoolWorker-44] models.time - INFO - Fitted models for 49 activity pairs
2026-10-06 05:28:39 - [ForkPoolWorker-44] models.time - INFO - Mean trip durations: global=20.0min, per-pair=49 pairs
2026-10-06 05:28:39 - [ForkPoolWorker-38] models.mode_availability - DEBUG - Registered availability checker for car: UniversalAvailability
2026-10-06 05:28:39 - [ForkPoolWorker-38] models.mode_availability - DEBUG - Registered availability checker for bus: GTFSTransitAvailability
2026-10-06 05:28:39 - [ForkPoolWorker-38] models.mode_availability - DEBUG - Registered availability checker for rail: GTFSTransitAvailability
2026-10-06 05:28:39 - [ForkPoolWorker-38] models.mode_availability - DEBUG - Registered availability checker for walk: DistanceBasedAvailability
2026-10-06 05:28:39 - [ForkPoolWorker-38] models.mode_choice - INFO - Computing mode shares from survey data...
2026-10-06 05:28:39 - [ForkPoolWorker-38] models.mode_choice - DEBUG -   Survey weights (normalized): {'default': 1.0}
2026-10-06 05:28:39 - [ForkPoolWorker-38] models.mode_choice - DEBUG -   Computing rates for purposes: ['Shopping', 'Home', 'Other', 'Work', 'Dining', 'School', 'Social', 'all']
2026-10-06 05:28:39 - [ForkPoolWorker-38] models.mode_choice - DEBUG -   Mode rates for 'Shopping': car=93.6%, walk=5.1%, bike=0.4%, bus=0.4%, rail=0.2%, school_bus=0.2%, rideshare=0.1%
2026-10-06 05:28:39 - [ForkPoolWorker-38] models.mode_choice - DEBUG -   Mode rates for 'Home': car=88.1%, walk=5.0%, school_bus=3.8%, bike=1.1%, bus=0.7%, rideshare=0.5%, rail=0.5%, other=0.3%
2026-10-06 05:28:39 - [ForkPoolWorker-38] models.mode_choice - DEBUG -   Mode rates for 'Other': car=88.3%, walk=4.6%, bus=3.1%, rideshare=1.7%, school_bus=1.0%, rail=0.6%, bike=0.6%, other=0.2%
2026-10-06 05:28:39 - [ForkPoolWorker-38] models.mode_choice - DEBUG -   Mode rates for 'Work': car=92.5%, walk=2.3%, rail=1.6%, bus=1.2%, bike=1.0%, school_bus=0.6%, rideshare=0.5%, other=0.2%
2026-10-06 05:28:39 - [ForkPoolWorker-38] models.mode_choice - DEBUG -   Mode rates for 'Dining': car=91.1%, walk=6.8%, bike=1.2%, rail=0.3%, other=0.3%, rideshare=0.3%, bus=0.1%
2026-10-06 05:28:39 - [ForkPoolWorker-38] models.mode_choice - DEBUG -   Mode rates for 'School': car=65.5%, school_bus=22.9%, walk=7.7%, bike=2.3%, bus=0.9%, other=0.4%, rail=0.2%, rideshare=0.1%
2026-10-06 05:28:39 - [ForkPoolWorker-38] models.mode_choice - DEBUG -   Mode rates for 'Social': car=73.8%, walk=19.5%, bike=3.5%, other=1.0%, rail=0.6%, rideshare=0.6%, bus=0.6%, school_bus=0.4%
2026-10-06 05:28:39 - [ForkPoolWorker-38] models.mode_choice - DEBUG -   Mode rates for 'all': car=87.2%, walk=6.3%, school_bus=3.2%, bike=1.2%, bus=0.8%, rail=0.6%, rideshare=0.5%, other=0.3%
2026-10-06 05:28:39 - [ForkPoolWorker-38] models.mode_choice - INFO - Computed mode rates for 8 purposes
2026-10-06 05:28:39 - [ForkPoolWorker-38] models.mode_choice - INFO -   Overall mode distribution: car=87.2%, walk=6.3%, school_bus=3.2%, bike=1.2%, bus=0.8%, rail=0.6%, rideshare=0.5%, other=0.3%
2026-10-06 05:28:39 - [ForkPoolWorker-38] models.mode_choice - INFO - ModeChoiceModel initialized with 4 modes: ['car', 'bus', 'rail', 'walk']
2026-10-06 05:28:40 - [ForkPoolWorker-45] models.plan_generator - INFO - Worker ForkPoolWorker-45 started - processing 5753 OD pairs
2026-10-06 05:28:40 - [ForkPoolWorker-45] models.time - INFO - Fitted models for 49 activity pairs
2026-10-06 05:28:40 - [ForkPoolWorker-45] models.time - INFO - Mean trip durations: global=20.0min, per-pair=49 pairs
2026-10-06 05:28:40 - [ForkPoolWorker-39] models.mode_availability - DEBUG - Registered availability checker for car: UniversalAvailability
2026-10-06 05:28:40 - [ForkPoolWorker-39] models.mode_availability - DEBUG - Registered availability checker for bus: GTFSTransitAvailability
2026-10-06 05:28:40 - [ForkPoolWorker-39] models.mode_availability - DEBUG - Registered availability checker for rail: GTFSTransitAvailability
2026-10-06 05:28:40 - [ForkPoolWorker-39] models.mode_availability - DEBUG - Registered availability checker for walk: DistanceBasedAvailability
2026-10-06 05:28:40 - [ForkPoolWorker-39] models.mode_choice - INFO - Computing mode shares from survey data...
2026-10-06 05:28:40 - [ForkPoolWorker-39] models.mode_choice - DEBUG -   Survey weights (normalized): {'default': 1.0}
2026-10-06 05:28:40 - [ForkPoolWorker-39] models.mode_choice - DEBUG -   Computing rates for purposes: ['Shopping', 'Home', 'Other', 'Work', 'Dining', 'School', 'Social', 'all']
2026-10-06 05:28:40 - [ForkPoolWorker-39] models.mode_choice - DEBUG -   Mode rates for 'Shopping': car=93.6%, walk=5.1%, bike=0.4%, bus=0.4%, rail=0.2%, school_bus=0.2%, rideshare=0.1%
2026-10-06 05:28:40 - [ForkPoolWorker-39] models.mode_choice - DEBUG -   Mode rates for 'Home': car=88.1%, walk=5.0%, school_bus=3.8%, bike=1.1%, bus=0.7%, rideshare=0.5%, rail=0.5%, other=0.3%
2026-10-06 05:28:40 - [ForkPoolWorker-39] models.mode_choice - DEBUG -   Mode rates for 'Other': car=88.3%, walk=4.6%, bus=3.1%, rideshare=1.7%, school_bus=1.0%, rail=0.6%, bike=0.6%, other=0.2%
2026-10-06 05:28:40 - [ForkPoolWorker-39] models.mode_choice - DEBUG -   Mode rates for 'Work': car=92.5%, walk=2.3%, rail=1.6%, bus=1.2%, bike=1.0%, school_bus=0.6%, rideshare=0.5%, other=0.2%
2026-10-06 05:28:40 - [ForkPoolWorker-39] models.mode_choice - DEBUG -   Mode rates for 'Dining': car=91.1%, walk=6.8%, bike=1.2%, rail=0.3%, other=0.3%, rideshare=0.3%, bus=0.1%
2026-10-06 05:28:40 - [ForkPoolWorker-39] models.mode_choice - DEBUG -   Mode rates for 'School': car=65.5%, school_bus=22.9%, walk=7.7%, bike=2.3%, bus=0.9%, other=0.4%, rail=0.2%, rideshare=0.1%
2026-10-06 05:28:40 - [ForkPoolWorker-39] models.mode_choice - DEBUG -   Mode rates for 'Social': car=73.8%, walk=19.5%, bike=3.5%, other=1.0%, rail=0.6%, rideshare=0.6%, bus=0.6%, school_bus=0.4%
2026-10-06 05:28:40 - [ForkPoolWorker-39] models.mode_choice - DEBUG -   Mode rates for 'all': car=87.2%, walk=6.3%, school_bus=3.2%, bike=1.2%, bus=0.8%, rail=0.6%, rideshare=0.5%, other=0.3%
2026-10-06 05:28:40 - [ForkPoolWorker-39] models.mode_choice - INFO - Computed mode rates for 8 purposes
2026-10-06 05:28:40 - [ForkPoolWorker-39] models.mode_choice - INFO -   Overall mode distribution: car=87.2%, walk=6.3%, school_bus=3.2%, bike=1.2%, bus=0.8%, rail=0.6%, rideshare=0.5%, other=0.3%
2026-10-06 05:28:40 - [ForkPoolWorker-39] models.mode_choice - INFO - ModeChoiceModel initialized with 4 modes: ['car', 'bus', 'rail', 'walk']
2026-10-06 05:28:41 - [ForkPoolWorker-46] models.plan_generator - INFO - Worker ForkPoolWorker-46 started - processing 5753 OD pairs
2026-10-06 05:28:41 - [ForkPoolWorker-46] models.time - INFO - Fitted models for 49 activity pairs
2026-10-06 05:28:41 - [ForkPoolWorker-46] models.time - INFO - Mean trip durations: global=20.0min, per-pair=49 pairs
2026-10-06 05:28:41 - [ForkPoolWorker-40] models.mode_availability - DEBUG - Registered availability checker for car: UniversalAvailability
2026-10-06 05:28:41 - [ForkPoolWorker-40] models.mode_availability - DEBUG - Registered availability checker for bus: GTFSTransitAvailability
2026-10-06 05:28:41 - [ForkPoolWorker-40] models.mode_availability - DEBUG - Registered availability checker for rail: GTFSTransitAvailability
2026-10-06 05:28:41 - [ForkPoolWorker-40] models.mode_availability - DEBUG - Registered availability checker for walk: DistanceBasedAvailability
2026-10-06 05:28:41 - [ForkPoolWorker-40] models.mode_choice - INFO - Computing mode shares from survey data...
2026-10-06 05:28:41 - [ForkPoolWorker-40] models.mode_choice - DEBUG -   Survey weights (normalized): {'default': 1.0}
2026-10-06 05:28:41 - [ForkPoolWorker-40] models.mode_choice - DEBUG -   Computing rates for purposes: ['Shopping', 'Home', 'Other', 'Work', 'Dining', 'School', 'Social', 'all']
2026-10-06 05:28:41 - [ForkPoolWorker-40] models.mode_choice - DEBUG -   Mode rates for 'Shopping': car=93.6%, walk=5.1%, bike=0.4%, bus=0.4%, rail=0.2%, school_bus=0.2%, rideshare=0.1%
2026-10-06 05:28:41 - [ForkPoolWorker-40] models.mode_choice - DEBUG -   Mode rates for 'Home': car=88.1%, walk=5.0%, school_bus=3.8%, bike=1.1%, bus=0.7%, rideshare=0.5%, rail=0.5%, other=0.3%
2026-10-06 05:28:41 - [ForkPoolWorker-40] models.mode_choice - DEBUG -   Mode rates for 'Other': car=88.3%, walk=4.6%, bus=3.1%, rideshare=1.7%, school_bus=1.0%, rail=0.6%, bike=0.6%, other=0.2%
2026-10-06 05:28:41 - [ForkPoolWorker-40] models.mode_choice - DEBUG -   Mode rates for 'Work': car=92.5%, walk=2.3%, rail=1.6%, bus=1.2%, bike=1.0%, school_bus=0.6%, rideshare=0.5%, other=0.2%
2026-10-06 05:28:41 - [ForkPoolWorker-40] models.mode_choice - DEBUG -   Mode rates for 'Dining': car=91.1%, walk=6.8%, bike=1.2%, rail=0.3%, other=0.3%, rideshare=0.3%, bus=0.1%
2026-10-06 05:28:41 - [ForkPoolWorker-40] models.mode_choice - DEBUG -   Mode rates for 'School': car=65.5%, school_bus=22.9%, walk=7.7%, bike=2.3%, bus=0.9%, other=0.4%, rail=0.2%, rideshare=0.1%
2026-10-06 05:28:41 - [ForkPoolWorker-40] models.mode_choice - DEBUG -   Mode rates for 'Social': car=73.8%, walk=19.5%, bike=3.5%, other=1.0%, rail=0.6%, rideshare=0.6%, bus=0.6%, school_bus=0.4%
2026-10-06 05:28:41 - [ForkPoolWorker-40] models.mode_choice - DEBUG -   Mode rates for 'all': car=87.2%, walk=6.3%, school_bus=3.2%, bike=1.2%, bus=0.8%, rail=0.6%, rideshare=0.5%, other=0.3%
2026-10-06 05:28:41 - [ForkPoolWorker-40] models.mode_choice - INFO - Computed mode rates for 8 purposes
2026-10-06 05:28:41 - [ForkPoolWorker-40] models.mode_choice - INFO -   Overall mode distribution: car=87.2%, walk=6.3%, school_bus=3.2%, bike=1.2%, bus=0.8%, rail=0.6%, rideshare=0.5%, other=0.3%
2026-10-06 05:28:41 - [ForkPoolWorker-40] models.mode_choice - INFO - ModeChoiceModel initialized with 4 modes: ['car', 'bus', 'rail', 'walk']
2026-10-06 05:28:42 - [ForkPoolWorker-47] models.plan_generator - INFO - Worker ForkPoolWorker-47 started - processing 5753 OD pairs
2026-10-06 05:28:42 - [ForkPoolWorker-41] models.mode_availability - DEBUG - Registered availability checker for car: UniversalAvailability
2026-10-06 05:28:42 - [ForkPoolWorker-41] models.mode_availability - DEBUG - Registered availability checker for bus: GTFSTransitAvailability
2026-10-06 05:28:42 - [ForkPoolWorker-41] models.mode_availability - DEBUG - Registered availability checker for rail: GTFSTransitAvailability
2026-10-06 05:28:42 - [ForkPoolWorker-41] models.mode_availability - DEBUG - Registered availability checker for walk: DistanceBasedAvailability
2026-10-06 05:28:42 - [ForkPoolWorker-41] models.mode_choice - INFO - Computing mode shares from survey data...
2026-10-06 05:28:42 - [ForkPoolWorker-41] models.mode_choice - DEBUG -   Survey weights (normalized): {'default': 1.0}
2026-10-06 05:28:42 - [ForkPoolWorker-41] models.mode_choice - DEBUG -   Computing rates for purposes: ['Shopping', 'Home', 'Other', 'Work', 'Dining', 'School', 'Social', 'all']
2026-10-06 05:28:42 - [ForkPoolWorker-41] models.mode_choice - DEBUG -   Mode rates for 'Shopping': car=93.6%, walk=5.1%, bike=0.4%, bus=0.4%, rail=0.2%, school_bus=0.2%, rideshare=0.1%
2026-10-06 05:28:42 - [ForkPoolWorker-41] models.mode_choice - DEBUG -   Mode rates for 'Home': car=88.1%, walk=5.0%, school_bus=3.8%, bike=1.1%, bus=0.7%, rideshare=0.5%, rail=0.5%, other=0.3%
2026-10-06 05:28:42 - [ForkPoolWorker-41] models.mode_choice - DEBUG -   Mode rates for 'Other': car=88.3%, walk=4.6%, bus=3.1%, rideshare=1.7%, school_bus=1.0%, rail=0.6%, bike=0.6%, other=0.2%
2026-10-06 05:28:42 - [ForkPoolWorker-41] models.mode_choice - DEBUG -   Mode rates for 'Work': car=92.5%, walk=2.3%, rail=1.6%, bus=1.2%, bike=1.0%, school_bus=0.6%, rideshare=0.5%, other=0.2%
2026-10-06 05:28:42 - [ForkPoolWorker-41] models.mode_choice - DEBUG -   Mode rates for 'Dining': car=91.1%, walk=6.8%, bike=1.2%, rail=0.3%, other=0.3%, rideshare=0.3%, bus=0.1%
2026-10-06 05:28:42 - [ForkPoolWorker-41] models.mode_choice - DEBUG -   Mode rates for 'School': car=65.5%, school_bus=22.9%, walk=7.7%, bike=2.3%, bus=0.9%, other=0.4%, rail=0.2%, rideshare=0.1%
2026-10-06 05:28:42 - [ForkPoolWorker-41] models.mode_choice - DEBUG -   Mode rates for 'Social': car=73.8%, walk=19.5%, bike=3.5%, other=1.0%, rail=0.6%, rideshare=0.6%, bus=0.6%, school_bus=0.4%
2026-10-06 05:28:42 - [ForkPoolWorker-41] models.mode_choice - DEBUG -   Mode rates for 'all': car=87.2%, walk=6.3%, school_bus=3.2%, bike=1.2%, bus=0.8%, rail=0.6%, rideshare=0.5%, other=0.3%
2026-10-06 05:28:42 - [ForkPoolWorker-41] models.mode_choice - INFO - Computed mode rates for 8 purposes
2026-10-06 05:28:42 - [ForkPoolWorker-41] models.mode_choice - INFO -   Overall mode distribution: car=87.2%, walk=6.3%, school_bus=3.2%, bike=1.2%, bus=0.8%, rail=0.6%, rideshare=0.5%, other=0.3%
2026-10-06 05:28:42 - [ForkPoolWorker-41] models.mode_choice - INFO - ModeChoiceModel initialized with 4 modes: ['car', 'bus', 'rail', 'walk']
2026-10-06 05:28:43 - [ForkPoolWorker-47] models.time - INFO - Fitted models for 49 activity pairs
2026-10-06 05:28:43 - [ForkPoolWorker-47] models.time - INFO - Mean trip durations: global=20.0min, per-pair=49 pairs
2026-10-06 05:28:44 - [ForkPoolWorker-48] models.plan_generator - INFO - Worker ForkPoolWorker-48 started - processing 5753 OD pairs
2026-10-06 05:28:44 - [ForkPoolWorker-48] models.time - INFO - Fitted models for 49 activity pairs
2026-10-06 05:28:44 - [ForkPoolWorker-48] models.time - INFO - Mean trip durations: global=20.0min, per-pair=49 pairs
2026-10-06 05:28:44 - [ForkPoolWorker-42] models.mode_availability - DEBUG - Registered availability checker for car: UniversalAvailability
2026-10-06 05:28:44 - [ForkPoolWorker-42] models.mode_availability - DEBUG - Registered availability checker for bus: GTFSTransitAvailability
2026-10-06 05:28:44 - [ForkPoolWorker-42] models.mode_availability - DEBUG - Registered availability checker for rail: GTFSTransitAvailability
2026-10-06 05:28:44 - [ForkPoolWorker-42] models.mode_availability - DEBUG - Registered availability checker for walk: DistanceBasedAvailability
2026-10-06 05:28:44 - [ForkPoolWorker-42] models.mode_choice - INFO - Computing mode shares from survey data...
2026-10-06 05:28:44 - [ForkPoolWorker-42] models.mode_choice - DEBUG -   Survey weights (normalized): {'default': 1.0}
2026-10-06 05:28:44 - [ForkPoolWorker-42] models.mode_choice - DEBUG -   Computing rates for purposes: ['Shopping', 'Home', 'Other', 'Work', 'Dining', 'School', 'Social', 'all']
2026-10-06 05:28:44 - [ForkPoolWorker-42] models.mode_choice - DEBUG -   Mode rates for 'Shopping': car=93.6%, walk=5.1%, bike=0.4%, bus=0.4%, rail=0.2%, school_bus=0.2%, rideshare=0.1%
2026-10-06 05:28:44 - [ForkPoolWorker-42] models.mode_choice - DEBUG -   Mode rates for 'Home': car=88.1%, walk=5.0%, school_bus=3.8%, bike=1.1%, bus=0.7%, rideshare=0.5%, rail=0.5%, other=0.3%
2026-10-06 05:28:44 - [ForkPoolWorker-42] models.mode_choice - DEBUG -   Mode rates for 'Other': car=88.3%, walk=4.6%, bus=3.1%, rideshare=1.7%, school_bus=1.0%, rail=0.6%, bike=0.6%, other=0.2%
2026-10-06 05:28:44 - [ForkPoolWorker-42] models.mode_choice - DEBUG -   Mode rates for 'Work': car=92.5%, walk=2.3%, rail=1.6%, bus=1.2%, bike=1.0%, school_bus=0.6%, rideshare=0.5%, other=0.2%
2026-10-06 05:28:44 - [ForkPoolWorker-42] models.mode_choice - DEBUG -   Mode rates for 'Dining': car=91.1%, walk=6.8%, bike=1.2%, rail=0.3%, other=0.3%, rideshare=0.3%, bus=0.1%
2026-10-06 05:28:44 - [ForkPoolWorker-42] models.mode_choice - DEBUG -   Mode rates for 'School': car=65.5%, school_bus=22.9%, walk=7.7%, bike=2.3%, bus=0.9%, other=0.4%, rail=0.2%, rideshare=0.1%
2026-10-06 05:28:44 - [ForkPoolWorker-42] models.mode_choice - DEBUG -   Mode rates for 'Social': car=73.8%, walk=19.5%, bike=3.5%, other=1.0%, rail=0.6%, rideshare=0.6%, bus=0.6%, school_bus=0.4%
2026-10-06 05:28:44 - [ForkPoolWorker-42] models.mode_choice - DEBUG -   Mode rates for 'all': car=87.2%, walk=6.3%, school_bus=3.2%, bike=1.2%, bus=0.8%, rail=0.6%, rideshare=0.5%, other=0.3%
2026-10-06 05:28:44 - [ForkPoolWorker-42] models.mode_choice - INFO - Computed mode rates for 8 purposes
2026-10-06 05:28:44 - [ForkPoolWorker-42] models.mode_choice - INFO -   Overall mode distribution: car=87.2%, walk=6.3%, school_bus=3.2%, bike=1.2%, bus=0.8%, rail=0.6%, rideshare=0.5%, other=0.3%
2026-10-06 05:28:44 - [ForkPoolWorker-42] models.mode_choice - INFO - ModeChoiceModel initialized with 4 modes: ['car', 'bus', 'rail', 'walk']
2026-10-06 05:28:45 - [ForkPoolWorker-49] models.plan_generator - INFO - Worker ForkPoolWorker-49 started - processing 5753 OD pairs
2026-10-06 05:28:45 - [ForkPoolWorker-49] models.time - INFO - Fitted models for 49 activity pairs
2026-10-06 05:28:45 - [ForkPoolWorker-49] models.time - INFO - Mean trip durations: global=20.0min, per-pair=49 pairs
2026-10-06 05:28:45 - [ForkPoolWorker-43] models.mode_availability - DEBUG - Registered availability checker for car: UniversalAvailability
2026-10-06 05:28:45 - [ForkPoolWorker-43] models.mode_availability - DEBUG - Registered availability checker for bus: GTFSTransitAvailability
2026-10-06 05:28:45 - [ForkPoolWorker-43] models.mode_availability - DEBUG - Registered availability checker for rail: GTFSTransitAvailability
2026-10-06 05:28:45 - [ForkPoolWorker-43] models.mode_availability - DEBUG - Registered availability checker for walk: DistanceBasedAvailability
2026-10-06 05:28:45 - [ForkPoolWorker-43] models.mode_choice - INFO - Computing mode shares from survey data...
2026-10-06 05:28:45 - [ForkPoolWorker-43] models.mode_choice - DEBUG -   Survey weights (normalized): {'default': 1.0}
2026-10-06 05:28:45 - [ForkPoolWorker-43] models.mode_choice - DEBUG -   Computing rates for purposes: ['Shopping', 'Home', 'Other', 'Work', 'Dining', 'School', 'Social', 'all']
2026-10-06 05:28:45 - [ForkPoolWorker-43] models.mode_choice - DEBUG -   Mode rates for 'Shopping': car=93.6%, walk=5.1%, bike=0.4%, bus=0.4%, rail=0.2%, school_bus=0.2%, rideshare=0.1%
2026-10-06 05:28:45 - [ForkPoolWorker-43] models.mode_choice - DEBUG -   Mode rates for 'Home': car=88.1%, walk=5.0%, school_bus=3.8%, bike=1.1%, bus=0.7%, rideshare=0.5%, rail=0.5%, other=0.3%
2026-10-06 05:28:45 - [ForkPoolWorker-43] models.mode_choice - DEBUG -   Mode rates for 'Other': car=88.3%, walk=4.6%, bus=3.1%, rideshare=1.7%, school_bus=1.0%, rail=0.6%, bike=0.6%, other=0.2%
2026-10-06 05:28:45 - [ForkPoolWorker-43] models.mode_choice - DEBUG -   Mode rates for 'Work': car=92.5%, walk=2.3%, rail=1.6%, bus=1.2%, bike=1.0%, school_bus=0.6%, rideshare=0.5%, other=0.2%
2026-10-06 05:28:45 - [ForkPoolWorker-43] models.mode_choice - DEBUG -   Mode rates for 'Dining': car=91.1%, walk=6.8%, bike=1.2%, rail=0.3%, other=0.3%, rideshare=0.3%, bus=0.1%
2026-10-06 05:28:45 - [ForkPoolWorker-43] models.mode_choice - DEBUG -   Mode rates for 'School': car=65.5%, school_bus=22.9%, walk=7.7%, bike=2.3%, bus=0.9%, other=0.4%, rail=0.2%, rideshare=0.1%
2026-10-06 05:28:45 - [ForkPoolWorker-43] models.mode_choice - DEBUG -   Mode rates for 'Social': car=73.8%, walk=19.5%, bike=3.5%, other=1.0%, rail=0.6%, rideshare=0.6%, bus=0.6%, school_bus=0.4%
2026-10-06 05:28:45 - [ForkPoolWorker-43] models.mode_choice - DEBUG -   Mode rates for 'all': car=87.2%, walk=6.3%, school_bus=3.2%, bike=1.2%, bus=0.8%, rail=0.6%, rideshare=0.5%, other=0.3%
2026-10-06 05:28:45 - [ForkPoolWorker-43] models.mode_choice - INFO - Computed mode rates for 8 purposes
2026-10-06 05:28:45 - [ForkPoolWorker-43] models.mode_choice - INFO -   Overall mode distribution: car=87.2%, walk=6.3%, school_bus=3.2%, bike=1.2%, bus=0.8%, rail=0.6%, rideshare=0.5%, other=0.3%
2026-10-06 05:28:45 - [ForkPoolWorker-43] models.mode_choice - INFO - ModeChoiceModel initialized with 4 modes: ['car', 'bus', 'rail', 'walk']
2026-10-06 05:28:46 - [ForkPoolWorker-50] models.plan_generator - INFO - Worker ForkPoolWorker-50 started - processing 5753 OD pairs
2026-10-06 05:28:46 - [ForkPoolWorker-44] models.mode_availability - DEBUG - Registered availability checker for car: UniversalAvailability
2026-10-06 05:28:46 - [ForkPoolWorker-44] models.mode_availability - DEBUG - Registered availability checker for bus: GTFSTransitAvailability
2026-10-06 05:28:46 - [ForkPoolWorker-44] models.mode_availability - DEBUG - Registered availability checker for rail: GTFSTransitAvailability
2026-10-06 05:28:46 - [ForkPoolWorker-44] models.mode_availability - DEBUG - Registered availability checker for walk: DistanceBasedAvailability
2026-10-06 05:28:46 - [ForkPoolWorker-44] models.mode_choice - INFO - Computing mode shares from survey data...
2026-10-06 05:28:46 - [ForkPoolWorker-44] models.mode_choice - DEBUG -   Survey weights (normalized): {'default': 1.0}
2026-10-06 05:28:46 - [ForkPoolWorker-44] models.mode_choice - DEBUG -   Computing rates for purposes: ['Shopping', 'Home', 'Other', 'Work', 'Dining', 'School', 'Social', 'all']
2026-10-06 05:28:46 - [ForkPoolWorker-44] models.mode_choice - DEBUG -   Mode rates for 'Shopping': car=93.6%, walk=5.1%, bike=0.4%, bus=0.4%, rail=0.2%, school_bus=0.2%, rideshare=0.1%
2026-10-06 05:28:46 - [ForkPoolWorker-44] models.mode_choice - DEBUG -   Mode rates for 'Home': car=88.1%, walk=5.0%, school_bus=3.8%, bike=1.1%, bus=0.7%, rideshare=0.5%, rail=0.5%, other=0.3%
2026-10-06 05:28:46 - [ForkPoolWorker-44] models.mode_choice - DEBUG -   Mode rates for 'Other': car=88.3%, walk=4.6%, bus=3.1%, rideshare=1.7%, school_bus=1.0%, rail=0.6%, bike=0.6%, other=0.2%
2026-10-06 05:28:46 - [ForkPoolWorker-44] models.mode_choice - DEBUG -   Mode rates for 'Work': car=92.5%, walk=2.3%, rail=1.6%, bus=1.2%, bike=1.0%, school_bus=0.6%, rideshare=0.5%, other=0.2%
2026-10-06 05:28:46 - [ForkPoolWorker-44] models.mode_choice - DEBUG -   Mode rates for 'Dining': car=91.1%, walk=6.8%, bike=1.2%, rail=0.3%, other=0.3%, rideshare=0.3%, bus=0.1%
2026-10-06 05:28:46 - [ForkPoolWorker-44] models.mode_choice - DEBUG -   Mode rates for 'School': car=65.5%, school_bus=22.9%, walk=7.7%, bike=2.3%, bus=0.9%, other=0.4%, rail=0.2%, rideshare=0.1%
2026-10-06 05:28:46 - [ForkPoolWorker-44] models.mode_choice - DEBUG -   Mode rates for 'Social': car=73.8%, walk=19.5%, bike=3.5%, other=1.0%, rail=0.6%, rideshare=0.6%, bus=0.6%, school_bus=0.4%
2026-10-06 05:28:46 - [ForkPoolWorker-44] models.mode_choice - DEBUG -   Mode rates for 'all': car=87.2%, walk=6.3%, school_bus=3.2%, bike=1.2%, bus=0.8%, rail=0.6%, rideshare=0.5%, other=0.3%
2026-10-06 05:28:46 - [ForkPoolWorker-44] models.mode_choice - INFO - Computed mode rates for 8 purposes
2026-10-06 05:28:46 - [ForkPoolWorker-44] models.mode_choice - INFO -   Overall mode distribution: car=87.2%, walk=6.3%, school_bus=3.2%, bike=1.2%, bus=0.8%, rail=0.6%, rideshare=0.5%, other=0.3%
2026-10-06 05:28:46 - [ForkPoolWorker-44] models.mode_choice - INFO - ModeChoiceModel initialized with 4 modes: ['car', 'bus', 'rail', 'walk']
2026-10-06 05:28:46 - [ForkPoolWorker-50] models.time - INFO - Fitted models for 49 activity pairs
2026-10-06 05:28:46 - [ForkPoolWorker-50] models.time - INFO - Mean trip durations: global=20.0min, per-pair=49 pairs
2026-10-06 05:28:47 - [ForkPoolWorker-51] models.plan_generator - INFO - Worker ForkPoolWorker-51 started - processing 5753 OD pairs
2026-10-06 05:28:47 - [ForkPoolWorker-51] models.time - INFO - Fitted models for 49 activity pairs
2026-10-06 05:28:47 - [ForkPoolWorker-51] models.time - INFO - Mean trip durations: global=20.0min, per-pair=49 pairs
2026-10-06 05:28:47 - [ForkPoolWorker-45] models.mode_availability - DEBUG - Registered availability checker for car: UniversalAvailability
2026-10-06 05:28:47 - [ForkPoolWorker-45] models.mode_availability - DEBUG - Registered availability checker for bus: GTFSTransitAvailability
2026-10-06 05:28:47 - [ForkPoolWorker-45] models.mode_availability - DEBUG - Registered availability checker for rail: GTFSTransitAvailability
2026-10-06 05:28:47 - [ForkPoolWorker-45] models.mode_availability - DEBUG - Registered availability checker for walk: DistanceBasedAvailability
2026-10-06 05:28:47 - [ForkPoolWorker-45] models.mode_choice - INFO - Computing mode shares from survey data...
2026-10-06 05:28:47 - [ForkPoolWorker-45] models.mode_choice - DEBUG -   Survey weights (normalized): {'default': 1.0}
2026-10-06 05:28:47 - [ForkPoolWorker-45] models.mode_choice - DEBUG -   Computing rates for purposes: ['Shopping', 'Home', 'Other', 'Work', 'Dining', 'School', 'Social', 'all']
2026-10-06 05:28:47 - [ForkPoolWorker-45] models.mode_choice - DEBUG -   Mode rates for 'Shopping': car=93.6%, walk=5.1%, bike=0.4%, bus=0.4%, rail=0.2%, school_bus=0.2%, rideshare=0.1%
2026-10-06 05:28:47 - [ForkPoolWorker-45] models.mode_choice - DEBUG -   Mode rates for 'Home': car=88.1%, walk=5.0%, school_bus=3.8%, bike=1.1%, bus=0.7%, rideshare=0.5%, rail=0.5%, other=0.3%
2026-10-06 05:28:47 - [ForkPoolWorker-45] models.mode_choice - DEBUG -   Mode rates for 'Other': car=88.3%, walk=4.6%, bus=3.1%, rideshare=1.7%, school_bus=1.0%, rail=0.6%, bike=0.6%, other=0.2%
2026-10-06 05:28:47 - [ForkPoolWorker-45] models.mode_choice - DEBUG -   Mode rates for 'Work': car=92.5%, walk=2.3%, rail=1.6%, bus=1.2%, bike=1.0%, school_bus=0.6%, rideshare=0.5%, other=0.2%
2026-10-06 05:28:47 - [ForkPoolWorker-45] models.mode_choice - DEBUG -   Mode rates for 'Dining': car=91.1%, walk=6.8%, bike=1.2%, rail=0.3%, other=0.3%, rideshare=0.3%, bus=0.1%
2026-10-06 05:28:47 - [ForkPoolWorker-45] models.mode_choice - DEBUG -   Mode rates for 'School': car=65.5%, school_bus=22.9%, walk=7.7%, bike=2.3%, bus=0.9%, other=0.4%, rail=0.2%, rideshare=0.1%
2026-10-06 05:28:47 - [ForkPoolWorker-45] models.mode_choice - DEBUG -   Mode rates for 'Social': car=73.8%, walk=19.5%, bike=3.5%, other=1.0%, rail=0.6%, rideshare=0.6%, bus=0.6%, school_bus=0.4%
2026-10-06 05:28:47 - [ForkPoolWorker-45] models.mode_choice - DEBUG -   Mode rates for 'all': car=87.2%, walk=6.3%, school_bus=3.2%, bike=1.2%, bus=0.8%, rail=0.6%, rideshare=0.5%, other=0.3%
2026-10-06 05:28:47 - [ForkPoolWorker-45] models.mode_choice - INFO - Computed mode rates for 8 purposes
2026-10-06 05:28:47 - [ForkPoolWorker-45] models.mode_choice - INFO -   Overall mode distribution: car=87.2%, walk=6.3%, school_bus=3.2%, bike=1.2%, bus=0.8%, rail=0.6%, rideshare=0.5%, other=0.3%
2026-10-06 05:28:47 - [ForkPoolWorker-45] models.mode_choice - INFO - ModeChoiceModel initialized with 4 modes: ['car', 'bus', 'rail', 'walk']
2026-10-06 05:28:48 - [ForkPoolWorker-52] models.plan_generator - INFO - Worker ForkPoolWorker-52 started - processing 5753 OD pairs
2026-10-06 05:28:48 - [ForkPoolWorker-46] models.mode_availability - DEBUG - Registered availability checker for car: UniversalAvailability
2026-10-06 05:28:48 - [ForkPoolWorker-46] models.mode_availability - DEBUG - Registered availability checker for bus: GTFSTransitAvailability
2026-10-06 05:28:48 - [ForkPoolWorker-46] models.mode_availability - DEBUG - Registered availability checker for rail: GTFSTransitAvailability
2026-10-06 05:28:48 - [ForkPoolWorker-46] models.mode_availability - DEBUG - Registered availability checker for walk: DistanceBasedAvailability
2026-10-06 05:28:48 - [ForkPoolWorker-46] models.mode_choice - INFO - Computing mode shares from survey data...
2026-10-06 05:28:48 - [ForkPoolWorker-46] models.mode_choice - DEBUG -   Survey weights (normalized): {'default': 1.0}
2026-10-06 05:28:48 - [ForkPoolWorker-46] models.mode_choice - DEBUG -   Computing rates for purposes: ['Shopping', 'Home', 'Other', 'Work', 'Dining', 'School', 'Social', 'all']
2026-10-06 05:28:48 - [ForkPoolWorker-46] models.mode_choice - DEBUG -   Mode rates for 'Shopping': car=93.6%, walk=5.1%, bike=0.4%, bus=0.4%, rail=0.2%, school_bus=0.2%, rideshare=0.1%
2026-10-06 05:28:48 - [ForkPoolWorker-46] models.mode_choice - DEBUG -   Mode rates for 'Home': car=88.1%, walk=5.0%, school_bus=3.8%, bike=1.1%, bus=0.7%, rideshare=0.5%, rail=0.5%, other=0.3%
2026-10-06 05:28:48 - [ForkPoolWorker-46] models.mode_choice - DEBUG -   Mode rates for 'Other': car=88.3%, walk=4.6%, bus=3.1%, rideshare=1.7%, school_bus=1.0%, rail=0.6%, bike=0.6%, other=0.2%
2026-10-06 05:28:48 - [ForkPoolWorker-46] models.mode_choice - DEBUG -   Mode rates for 'Work': car=92.5%, walk=2.3%, rail=1.6%, bus=1.2%, bike=1.0%, school_bus=0.6%, rideshare=0.5%, other=0.2%
2026-10-06 05:28:48 - [ForkPoolWorker-46] models.mode_choice - DEBUG -   Mode rates for 'Dining': car=91.1%, walk=6.8%, bike=1.2%, rail=0.3%, other=0.3%, rideshare=0.3%, bus=0.1%
2026-10-06 05:28:48 - [ForkPoolWorker-46] models.mode_choice - DEBUG -   Mode rates for 'School': car=65.5%, school_bus=22.9%, walk=7.7%, bike=2.3%, bus=0.9%, other=0.4%, rail=0.2%, rideshare=0.1%
2026-10-06 05:28:48 - [ForkPoolWorker-46] models.mode_choice - DEBUG -   Mode rates for 'Social': car=73.8%, walk=19.5%, bike=3.5%, other=1.0%, rail=0.6%, rideshare=0.6%, bus=0.6%, school_bus=0.4%
2026-10-06 05:28:48 - [ForkPoolWorker-46] models.mode_choice - DEBUG -   Mode rates for 'all': car=87.2%, walk=6.3%, school_bus=3.2%, bike=1.2%, bus=0.8%, rail=0.6%, rideshare=0.5%, other=0.3%
2026-10-06 05:28:48 - [ForkPoolWorker-46] models.mode_choice - INFO - Computed mode rates for 8 purposes
2026-10-06 05:28:48 - [ForkPoolWorker-46] models.mode_choice - INFO -   Overall mode distribution: car=87.2%, walk=6.3%, school_bus=3.2%, bike=1.2%, bus=0.8%, rail=0.6%, rideshare=0.5%, other=0.3%
2026-10-06 05:28:48 - [ForkPoolWorker-46] models.mode_choice - INFO - ModeChoiceModel initialized with 4 modes: ['car', 'bus', 'rail', 'walk']
2026-10-06 05:28:48 - [ForkPoolWorker-52] models.time - INFO - Fitted models for 49 activity pairs
2026-10-06 05:28:48 - [ForkPoolWorker-52] models.time - INFO - Mean trip durations: global=20.0min, per-pair=49 pairs
2026-10-06 05:28:50 - [ForkPoolWorker-53] models.plan_generator - INFO - Worker ForkPoolWorker-53 started - processing 5753 OD pairs
2026-10-06 05:28:50 - [ForkPoolWorker-53] models.time - INFO - Fitted models for 49 activity pairs
2026-10-06 05:28:50 - [ForkPoolWorker-53] models.time - INFO - Mean trip durations: global=20.0min, per-pair=49 pairs
2026-10-06 05:28:50 - [ForkPoolWorker-47] models.mode_availability - DEBUG - Registered availability checker for car: UniversalAvailability
2026-10-06 05:28:50 - [ForkPoolWorker-47] models.mode_availability - DEBUG - Registered availability checker for bus: GTFSTransitAvailability
2026-10-06 05:28:50 - [ForkPoolWorker-47] models.mode_availability - DEBUG - Registered availability checker for rail: GTFSTransitAvailability
2026-10-06 05:28:50 - [ForkPoolWorker-47] models.mode_availability - DEBUG - Registered availability checker for walk: DistanceBasedAvailability
2026-10-06 05:28:50 - [ForkPoolWorker-47] models.mode_choice - INFO - Computing mode shares from survey data...
2026-10-06 05:28:50 - [ForkPoolWorker-47] models.mode_choice - DEBUG -   Survey weights (normalized): {'default': 1.0}
2026-10-06 05:28:50 - [ForkPoolWorker-47] models.mode_choice - DEBUG -   Computing rates for purposes: ['Shopping', 'Home', 'Other', 'Work', 'Dining', 'School', 'Social', 'all']
2026-10-06 05:28:50 - [ForkPoolWorker-47] models.mode_choice - DEBUG -   Mode rates for 'Shopping': car=93.6%, walk=5.1%, bike=0.4%, bus=0.4%, rail=0.2%, school_bus=0.2%, rideshare=0.1%
2026-10-06 05:28:50 - [ForkPoolWorker-47] models.mode_choice - DEBUG -   Mode rates for 'Home': car=88.1%, walk=5.0%, school_bus=3.8%, bike=1.1%, bus=0.7%, rideshare=0.5%, rail=0.5%, other=0.3%
2026-10-06 05:28:50 - [ForkPoolWorker-47] models.mode_choice - DEBUG -   Mode rates for 'Other': car=88.3%, walk=4.6%, bus=3.1%, rideshare=1.7%, school_bus=1.0%, rail=0.6%, bike=0.6%, other=0.2%
2026-10-06 05:28:50 - [ForkPoolWorker-47] models.mode_choice - DEBUG -   Mode rates for 'Work': car=92.5%, walk=2.3%, rail=1.6%, bus=1.2%, bike=1.0%, school_bus=0.6%, rideshare=0.5%, other=0.2%
2026-10-06 05:28:50 - [ForkPoolWorker-47] models.mode_choice - DEBUG -   Mode rates for 'Dining': car=91.1%, walk=6.8%, bike=1.2%, rail=0.3%, other=0.3%, rideshare=0.3%, bus=0.1%
2026-10-06 05:28:50 - [ForkPoolWorker-47] models.mode_choice - DEBUG -   Mode rates for 'School': car=65.5%, school_bus=22.9%, walk=7.7%, bike=2.3%, bus=0.9%, other=0.4%, rail=0.2%, rideshare=0.1%
2026-10-06 05:28:50 - [ForkPoolWorker-47] models.mode_choice - DEBUG -   Mode rates for 'Social': car=73.8%, walk=19.5%, bike=3.5%, other=1.0%, rail=0.6%, rideshare=0.6%, bus=0.6%, school_bus=0.4%
2026-10-06 05:28:50 - [ForkPoolWorker-47] models.mode_choice - DEBUG -   Mode rates for 'all': car=87.2%, walk=6.3%, school_bus=3.2%, bike=1.2%, bus=0.8%, rail=0.6%, rideshare=0.5%, other=0.3%
2026-10-06 05:28:50 - [ForkPoolWorker-47] models.mode_choice - INFO - Computed mode rates for 8 purposes
2026-10-06 05:28:50 - [ForkPoolWorker-47] models.mode_choice - INFO -   Overall mode distribution: car=87.2%, walk=6.3%, school_bus=3.2%, bike=1.2%, bus=0.8%, rail=0.6%, rideshare=0.5%, other=0.3%
2026-10-06 05:28:50 - [ForkPoolWorker-47] models.mode_choice - INFO - ModeChoiceModel initialized with 4 modes: ['car', 'bus', 'rail', 'walk']
2026-10-06 05:28:51 - [ForkPoolWorker-54] models.plan_generator - INFO - Worker ForkPoolWorker-54 started - processing 5753 OD pairs
2026-10-06 05:28:51 - [ForkPoolWorker-54] models.time - INFO - Fitted models for 49 activity pairs
2026-10-06 05:28:51 - [ForkPoolWorker-54] models.time - INFO - Mean trip durations: global=20.0min, per-pair=49 pairs
2026-10-06 05:28:51 - [ForkPoolWorker-48] models.mode_availability - DEBUG - Registered availability checker for car: UniversalAvailability
2026-10-06 05:28:51 - [ForkPoolWorker-48] models.mode_availability - DEBUG - Registered availability checker for bus: GTFSTransitAvailability
2026-10-06 05:28:51 - [ForkPoolWorker-48] models.mode_availability - DEBUG - Registered availability checker for rail: GTFSTransitAvailability
2026-10-06 05:28:51 - [ForkPoolWorker-48] models.mode_availability - DEBUG - Registered availability checker for walk: DistanceBasedAvailability
2026-10-06 05:28:51 - [ForkPoolWorker-48] models.mode_choice - INFO - Computing mode shares from survey data...
2026-10-06 05:28:51 - [ForkPoolWorker-48] models.mode_choice - DEBUG -   Survey weights (normalized): {'default': 1.0}
2026-10-06 05:28:51 - [ForkPoolWorker-48] models.mode_choice - DEBUG -   Computing rates for purposes: ['Shopping', 'Home', 'Other', 'Work', 'Dining', 'School', 'Social', 'all']
2026-10-06 05:28:51 - [ForkPoolWorker-48] models.mode_choice - DEBUG -   Mode rates for 'Shopping': car=93.6%, walk=5.1%, bike=0.4%, bus=0.4%, rail=0.2%, school_bus=0.2%, rideshare=0.1%
2026-10-06 05:28:51 - [ForkPoolWorker-48] models.mode_choice - DEBUG -   Mode rates for 'Home': car=88.1%, walk=5.0%, school_bus=3.8%, bike=1.1%, bus=0.7%, rideshare=0.5%, rail=0.5%, other=0.3%
2026-10-06 05:28:51 - [ForkPoolWorker-48] models.mode_choice - DEBUG -   Mode rates for 'Other': car=88.3%, walk=4.6%, bus=3.1%, rideshare=1.7%, school_bus=1.0%, rail=0.6%, bike=0.6%, other=0.2%
2026-10-06 05:28:51 - [ForkPoolWorker-48] models.mode_choice - DEBUG -   Mode rates for 'Work': car=92.5%, walk=2.3%, rail=1.6%, bus=1.2%, bike=1.0%, school_bus=0.6%, rideshare=0.5%, other=0.2%
2026-10-06 05:28:51 - [ForkPoolWorker-48] models.mode_choice - DEBUG -   Mode rates for 'Dining': car=91.1%, walk=6.8%, bike=1.2%, rail=0.3%, other=0.3%, rideshare=0.3%, bus=0.1%
2026-10-06 05:28:51 - [ForkPoolWorker-48] models.mode_choice - DEBUG -   Mode rates for 'School': car=65.5%, school_bus=22.9%, walk=7.7%, bike=2.3%, bus=0.9%, other=0.4%, rail=0.2%, rideshare=0.1%
2026-10-06 05:28:51 - [ForkPoolWorker-48] models.mode_choice - DEBUG -   Mode rates for 'Social': car=73.8%, walk=19.5%, bike=3.5%, other=1.0%, rail=0.6%, rideshare=0.6%, bus=0.6%, school_bus=0.4%
2026-10-06 05:28:51 - [ForkPoolWorker-48] models.mode_choice - DEBUG -   Mode rates for 'all': car=87.2%, walk=6.3%, school_bus=3.2%, bike=1.2%, bus=0.8%, rail=0.6%, rideshare=0.5%, other=0.3%
2026-10-06 05:28:51 - [ForkPoolWorker-48] models.mode_choice - INFO - Computed mode rates for 8 purposes
2026-10-06 05:28:51 - [ForkPoolWorker-48] models.mode_choice - INFO -   Overall mode distribution: car=87.2%, walk=6.3%, school_bus=3.2%, bike=1.2%, bus=0.8%, rail=0.6%, rideshare=0.5%, other=0.3%
2026-10-06 05:28:51 - [ForkPoolWorker-48] models.mode_choice - INFO - ModeChoiceModel initialized with 4 modes: ['car', 'bus', 'rail', 'walk']
2026-10-06 05:28:52 - [ForkPoolWorker-55] models.plan_generator - INFO - Worker ForkPoolWorker-55 started - processing 5753 OD pairs
2026-10-06 05:28:52 - [ForkPoolWorker-55] models.time - INFO - Fitted models for 49 activity pairs
2026-10-06 05:28:52 - [ForkPoolWorker-55] models.time - INFO - Mean trip durations: global=20.0min, per-pair=49 pairs
2026-10-06 05:28:52 - [ForkPoolWorker-49] models.mode_availability - DEBUG - Registered availability checker for car: UniversalAvailability
2026-10-06 05:28:52 - [ForkPoolWorker-49] models.mode_availability - DEBUG - Registered availability checker for bus: GTFSTransitAvailability
2026-10-06 05:28:52 - [ForkPoolWorker-49] models.mode_availability - DEBUG - Registered availability checker for rail: GTFSTransitAvailability
2026-10-06 05:28:52 - [ForkPoolWorker-49] models.mode_availability - DEBUG - Registered availability checker for walk: DistanceBasedAvailability
2026-10-06 05:28:52 - [ForkPoolWorker-49] models.mode_choice - INFO - Computing mode shares from survey data...
2026-10-06 05:28:52 - [ForkPoolWorker-49] models.mode_choice - DEBUG -   Survey weights (normalized): {'default': 1.0}
2026-10-06 05:28:52 - [ForkPoolWorker-49] models.mode_choice - DEBUG -   Computing rates for purposes: ['Shopping', 'Home', 'Other', 'Work', 'Dining', 'School', 'Social', 'all']
2026-10-06 05:28:52 - [ForkPoolWorker-49] models.mode_choice - DEBUG -   Mode rates for 'Shopping': car=93.6%, walk=5.1%, bike=0.4%, bus=0.4%, rail=0.2%, school_bus=0.2%, rideshare=0.1%
2026-10-06 05:28:52 - [ForkPoolWorker-49] models.mode_choice - DEBUG -   Mode rates for 'Home': car=88.1%, walk=5.0%, school_bus=3.8%, bike=1.1%, bus=0.7%, rideshare=0.5%, rail=0.5%, other=0.3%
2026-10-06 05:28:52 - [ForkPoolWorker-49] models.mode_choice - DEBUG -   Mode rates for 'Other': car=88.3%, walk=4.6%, bus=3.1%, rideshare=1.7%, school_bus=1.0%, rail=0.6%, bike=0.6%, other=0.2%
2026-10-06 05:28:52 - [ForkPoolWorker-49] models.mode_choice - DEBUG -   Mode rates for 'Work': car=92.5%, walk=2.3%, rail=1.6%, bus=1.2%, bike=1.0%, school_bus=0.6%, rideshare=0.5%, other=0.2%
2026-10-06 05:28:52 - [ForkPoolWorker-49] models.mode_choice - DEBUG -   Mode rates for 'Dining': car=91.1%, walk=6.8%, bike=1.2%, rail=0.3%, other=0.3%, rideshare=0.3%, bus=0.1%
2026-10-06 05:28:52 - [ForkPoolWorker-49] models.mode_choice - DEBUG -   Mode rates for 'School': car=65.5%, school_bus=22.9%, walk=7.7%, bike=2.3%, bus=0.9%, other=0.4%, rail=0.2%, rideshare=0.1%
2026-10-06 05:28:52 - [ForkPoolWorker-49] models.mode_choice - DEBUG -   Mode rates for 'Social': car=73.8%, walk=19.5%, bike=3.5%, other=1.0%, rail=0.6%, rideshare=0.6%, bus=0.6%, school_bus=0.4%
2026-10-06 05:28:52 - [ForkPoolWorker-49] models.mode_choice - DEBUG -   Mode rates for 'all': car=87.2%, walk=6.3%, school_bus=3.2%, bike=1.2%, bus=0.8%, rail=0.6%, rideshare=0.5%, other=0.3%
2026-10-06 05:28:52 - [ForkPoolWorker-49] models.mode_choice - INFO - Computed mode rates for 8 purposes
2026-10-06 05:28:52 - [ForkPoolWorker-49] models.mode_choice - INFO -   Overall mode distribution: car=87.2%, walk=6.3%, school_bus=3.2%, bike=1.2%, bus=0.8%, rail=0.6%, rideshare=0.5%, other=0.3%
2026-10-06 05:28:52 - [ForkPoolWorker-49] models.mode_choice - INFO - ModeChoiceModel initialized with 4 modes: ['car', 'bus', 'rail', 'walk']
2026-10-06 05:28:53 - [ForkPoolWorker-56] models.plan_generator - INFO - Worker ForkPoolWorker-56 started - processing 5753 OD pairs
2026-10-06 05:28:53 - [ForkPoolWorker-50] models.mode_availability - DEBUG - Registered availability checker for car: UniversalAvailability
2026-10-06 05:28:53 - [ForkPoolWorker-50] models.mode_availability - DEBUG - Registered availability checker for bus: GTFSTransitAvailability
2026-10-06 05:28:53 - [ForkPoolWorker-50] models.mode_availability - DEBUG - Registered availability checker for rail: GTFSTransitAvailability
2026-10-06 05:28:53 - [ForkPoolWorker-50] models.mode_availability - DEBUG - Registered availability checker for walk: DistanceBasedAvailability
2026-10-06 05:28:53 - [ForkPoolWorker-50] models.mode_choice - INFO - Computing mode shares from survey data...
2026-10-06 05:28:53 - [ForkPoolWorker-50] models.mode_choice - DEBUG -   Survey weights (normalized): {'default': 1.0}
2026-10-06 05:28:53 - [ForkPoolWorker-50] models.mode_choice - DEBUG -   Computing rates for purposes: ['Shopping', 'Home', 'Other', 'Work', 'Dining', 'School', 'Social', 'all']
2026-10-06 05:28:53 - [ForkPoolWorker-50] models.mode_choice - DEBUG -   Mode rates for 'Shopping': car=93.6%, walk=5.1%, bike=0.4%, bus=0.4%, rail=0.2%, school_bus=0.2%, rideshare=0.1%
2026-10-06 05:28:53 - [ForkPoolWorker-50] models.mode_choice - DEBUG -   Mode rates for 'Home': car=88.1%, walk=5.0%, school_bus=3.8%, bike=1.1%, bus=0.7%, rideshare=0.5%, rail=0.5%, other=0.3%
2026-10-06 05:28:53 - [ForkPoolWorker-50] models.mode_choice - DEBUG -   Mode rates for 'Other': car=88.3%, walk=4.6%, bus=3.1%, rideshare=1.7%, school_bus=1.0%, rail=0.6%, bike=0.6%, other=0.2%
2026-10-06 05:28:53 - [ForkPoolWorker-50] models.mode_choice - DEBUG -   Mode rates for 'Work': car=92.5%, walk=2.3%, rail=1.6%, bus=1.2%, bike=1.0%, school_bus=0.6%, rideshare=0.5%, other=0.2%
2026-10-06 05:28:53 - [ForkPoolWorker-50] models.mode_choice - DEBUG -   Mode rates for 'Dining': car=91.1%, walk=6.8%, bike=1.2%, rail=0.3%, other=0.3%, rideshare=0.3%, bus=0.1%
2026-10-06 05:28:53 - [ForkPoolWorker-56] models.time - INFO - Fitted models for 49 activity pairs
2026-10-06 05:28:53 - [ForkPoolWorker-56] models.time - INFO - Mean trip durations: global=20.0min, per-pair=49 pairs
2026-10-06 05:28:53 - [ForkPoolWorker-50] models.mode_choice - DEBUG -   Mode rates for 'School': car=65.5%, school_bus=22.9%, walk=7.7%, bike=2.3%, bus=0.9%, other=0.4%, rail=0.2%, rideshare=0.1%
2026-10-06 05:28:53 - [ForkPoolWorker-50] models.mode_choice - DEBUG -   Mode rates for 'Social': car=73.8%, walk=19.5%, bike=3.5%, other=1.0%, rail=0.6%, rideshare=0.6%, bus=0.6%, school_bus=0.4%
2026-10-06 05:28:53 - [ForkPoolWorker-50] models.mode_choice - DEBUG -   Mode rates for 'all': car=87.2%, walk=6.3%, school_bus=3.2%, bike=1.2%, bus=0.8%, rail=0.6%, rideshare=0.5%, other=0.3%
2026-10-06 05:28:53 - [ForkPoolWorker-50] models.mode_choice - INFO - Computed mode rates for 8 purposes
2026-10-06 05:28:53 - [ForkPoolWorker-50] models.mode_choice - INFO -   Overall mode distribution: car=87.2%, walk=6.3%, school_bus=3.2%, bike=1.2%, bus=0.8%, rail=0.6%, rideshare=0.5%, other=0.3%
2026-10-06 05:28:53 - [ForkPoolWorker-50] models.mode_choice - INFO - ModeChoiceModel initialized with 4 modes: ['car', 'bus', 'rail', 'walk']
2026-10-06 05:28:54 - [ForkPoolWorker-57] models.plan_generator - INFO - Worker ForkPoolWorker-57 started - processing 5753 OD pairs
2026-10-06 05:28:55 - [ForkPoolWorker-51] models.mode_availability - DEBUG - Registered availability checker for car: UniversalAvailability
2026-10-06 05:28:55 - [ForkPoolWorker-51] models.mode_availability - DEBUG - Registered availability checker for bus: GTFSTransitAvailability
2026-10-06 05:28:55 - [ForkPoolWorker-51] models.mode_availability - DEBUG - Registered availability checker for rail: GTFSTransitAvailability
2026-10-06 05:28:55 - [ForkPoolWorker-51] models.mode_availability - DEBUG - Registered availability checker for walk: DistanceBasedAvailability
2026-10-06 05:28:55 - [ForkPoolWorker-51] models.mode_choice - INFO - Computing mode shares from survey data...
2026-10-06 05:28:55 - [ForkPoolWorker-51] models.mode_choice - DEBUG -   Survey weights (normalized): {'default': 1.0}
2026-10-06 05:28:55 - [ForkPoolWorker-51] models.mode_choice - DEBUG -   Computing rates for purposes: ['Shopping', 'Home', 'Other', 'Work', 'Dining', 'School', 'Social', 'all']
2026-10-06 05:28:55 - [ForkPoolWorker-51] models.mode_choice - DEBUG -   Mode rates for 'Shopping': car=93.6%, walk=5.1%, bike=0.4%, bus=0.4%, rail=0.2%, school_bus=0.2%, rideshare=0.1%
2026-10-06 05:28:55 - [ForkPoolWorker-51] models.mode_choice - DEBUG -   Mode rates for 'Home': car=88.1%, walk=5.0%, school_bus=3.8%, bike=1.1%, bus=0.7%, rideshare=0.5%, rail=0.5%, other=0.3%
2026-10-06 05:28:55 - [ForkPoolWorker-51] models.mode_choice - DEBUG -   Mode rates for 'Other': car=88.3%, walk=4.6%, bus=3.1%, rideshare=1.7%, school_bus=1.0%, rail=0.6%, bike=0.6%, other=0.2%
2026-10-06 05:28:55 - [ForkPoolWorker-51] models.mode_choice - DEBUG -   Mode rates for 'Work': car=92.5%, walk=2.3%, rail=1.6%, bus=1.2%, bike=1.0%, school_bus=0.6%, rideshare=0.5%, other=0.2%
2026-10-06 05:28:55 - [ForkPoolWorker-51] models.mode_choice - DEBUG -   Mode rates for 'Dining': car=91.1%, walk=6.8%, bike=1.2%, rail=0.3%, other=0.3%, rideshare=0.3%, bus=0.1%
2026-10-06 05:28:55 - [ForkPoolWorker-51] models.mode_choice - DEBUG -   Mode rates for 'School': car=65.5%, school_bus=22.9%, walk=7.7%, bike=2.3%, bus=0.9%, other=0.4%, rail=0.2%, rideshare=0.1%
2026-10-06 05:28:55 - [ForkPoolWorker-51] models.mode_choice - DEBUG -   Mode rates for 'Social': car=73.8%, walk=19.5%, bike=3.5%, other=1.0%, rail=0.6%, rideshare=0.6%, bus=0.6%, school_bus=0.4%
2026-10-06 05:28:55 - [ForkPoolWorker-51] models.mode_choice - DEBUG -   Mode rates for 'all': car=87.2%, walk=6.3%, school_bus=3.2%, bike=1.2%, bus=0.8%, rail=0.6%, rideshare=0.5%, other=0.3%
2026-10-06 05:28:55 - [ForkPoolWorker-51] models.mode_choice - INFO - Computed mode rates for 8 purposes
2026-10-06 05:28:55 - [ForkPoolWorker-51] models.mode_choice - INFO -   Overall mode distribution: car=87.2%, walk=6.3%, school_bus=3.2%, bike=1.2%, bus=0.8%, rail=0.6%, rideshare=0.5%, other=0.3%
2026-10-06 05:28:55 - [ForkPoolWorker-51] models.mode_choice - INFO - ModeChoiceModel initialized with 4 modes: ['car', 'bus', 'rail', 'walk']
2026-10-06 05:28:55 - [ForkPoolWorker-57] models.time - INFO - Fitted models for 49 activity pairs
2026-10-06 05:28:55 - [ForkPoolWorker-57] models.time - INFO - Mean trip durations: global=20.0min, per-pair=49 pairs
2026-10-06 05:28:56 - [ForkPoolWorker-52] models.mode_availability - DEBUG - Registered availability checker for car: UniversalAvailability
2026-10-06 05:28:56 - [ForkPoolWorker-52] models.mode_availability - DEBUG - Registered availability checker for bus: GTFSTransitAvailability
2026-10-06 05:28:56 - [ForkPoolWorker-52] models.mode_availability - DEBUG - Registered availability checker for rail: GTFSTransitAvailability
2026-10-06 05:28:56 - [ForkPoolWorker-52] models.mode_availability - DEBUG - Registered availability checker for walk: DistanceBasedAvailability
2026-10-06 05:28:56 - [ForkPoolWorker-52] models.mode_choice - INFO - Computing mode shares from survey data...
2026-10-06 05:28:56 - [ForkPoolWorker-52] models.mode_choice - DEBUG -   Survey weights (normalized): {'default': 1.0}
2026-10-06 05:28:56 - [ForkPoolWorker-52] models.mode_choice - DEBUG -   Computing rates for purposes: ['Shopping', 'Home', 'Other', 'Work', 'Dining', 'School', 'Social', 'all']
2026-10-06 05:28:56 - [ForkPoolWorker-52] models.mode_choice - DEBUG -   Mode rates for 'Shopping': car=93.6%, walk=5.1%, bike=0.4%, bus=0.4%, rail=0.2%, school_bus=0.2%, rideshare=0.1%
2026-10-06 05:28:56 - [ForkPoolWorker-52] models.mode_choice - DEBUG -   Mode rates for 'Home': car=88.1%, walk=5.0%, school_bus=3.8%, bike=1.1%, bus=0.7%, rideshare=0.5%, rail=0.5%, other=0.3%
2026-10-06 05:28:56 - [ForkPoolWorker-52] models.mode_choice - DEBUG -   Mode rates for 'Other': car=88.3%, walk=4.6%, bus=3.1%, rideshare=1.7%, school_bus=1.0%, rail=0.6%, bike=0.6%, other=0.2%
2026-10-06 05:28:56 - [ForkPoolWorker-52] models.mode_choice - DEBUG -   Mode rates for 'Work': car=92.5%, walk=2.3%, rail=1.6%, bus=1.2%, bike=1.0%, school_bus=0.6%, rideshare=0.5%, other=0.2%
2026-10-06 05:28:56 - [ForkPoolWorker-52] models.mode_choice - DEBUG -   Mode rates for 'Dining': car=91.1%, walk=6.8%, bike=1.2%, rail=0.3%, other=0.3%, rideshare=0.3%, bus=0.1%
2026-10-06 05:28:56 - [ForkPoolWorker-52] models.mode_choice - DEBUG -   Mode rates for 'School': car=65.5%, school_bus=22.9%, walk=7.7%, bike=2.3%, bus=0.9%, other=0.4%, rail=0.2%, rideshare=0.1%
2026-10-06 05:28:56 - [ForkPoolWorker-52] models.mode_choice - DEBUG -   Mode rates for 'Social': car=73.8%, walk=19.5%, bike=3.5%, other=1.0%, rail=0.6%, rideshare=0.6%, bus=0.6%, school_bus=0.4%
2026-10-06 05:28:56 - [ForkPoolWorker-52] models.mode_choice - DEBUG -   Mode rates for 'all': car=87.2%, walk=6.3%, school_bus=3.2%, bike=1.2%, bus=0.8%, rail=0.6%, rideshare=0.5%, other=0.3%
2026-10-06 05:28:56 - [ForkPoolWorker-52] models.mode_choice - INFO - Computed mode rates for 8 purposes
2026-10-06 05:28:56 - [ForkPoolWorker-52] models.mode_choice - INFO -   Overall mode distribution: car=87.2%, walk=6.3%, school_bus=3.2%, bike=1.2%, bus=0.8%, rail=0.6%, rideshare=0.5%, other=0.3%
2026-10-06 05:28:56 - [ForkPoolWorker-52] models.mode_choice - INFO - ModeChoiceModel initialized with 4 modes: ['car', 'bus', 'rail', 'walk']
2026-10-06 05:28:56 - [ForkPoolWorker-58] models.plan_generator - INFO - Worker ForkPoolWorker-58 started - processing 5753 OD pairs
2026-10-06 05:28:56 - [ForkPoolWorker-58] models.time - INFO - Fitted models for 49 activity pairs
2026-10-06 05:28:56 - [ForkPoolWorker-58] models.time - INFO - Mean trip durations: global=20.0min, per-pair=49 pairs
2026-10-06 05:28:57 - [ForkPoolWorker-53] models.mode_availability - DEBUG - Registered availability checker for car: UniversalAvailability
2026-10-06 05:28:57 - [ForkPoolWorker-53] models.mode_availability - DEBUG - Registered availability checker for bus: GTFSTransitAvailability
2026-10-06 05:28:57 - [ForkPoolWorker-53] models.mode_availability - DEBUG - Registered availability checker for rail: GTFSTransitAvailability
2026-10-06 05:28:57 - [ForkPoolWorker-53] models.mode_availability - DEBUG - Registered availability checker for walk: DistanceBasedAvailability
2026-10-06 05:28:57 - [ForkPoolWorker-53] models.mode_choice - INFO - Computing mode shares from survey data...
2026-10-06 05:28:57 - [ForkPoolWorker-53] models.mode_choice - DEBUG -   Survey weights (normalized): {'default': 1.0}
2026-10-06 05:28:57 - [ForkPoolWorker-53] models.mode_choice - DEBUG -   Computing rates for purposes: ['Shopping', 'Home', 'Other', 'Work', 'Dining', 'School', 'Social', 'all']
2026-10-06 05:28:57 - [ForkPoolWorker-53] models.mode_choice - DEBUG -   Mode rates for 'Shopping': car=93.6%, walk=5.1%, bike=0.4%, bus=0.4%, rail=0.2%, school_bus=0.2%, rideshare=0.1%
2026-10-06 05:28:57 - [ForkPoolWorker-53] models.mode_choice - DEBUG -   Mode rates for 'Home': car=88.1%, walk=5.0%, school_bus=3.8%, bike=1.1%, bus=0.7%, rideshare=0.5%, rail=0.5%, other=0.3%
2026-10-06 05:28:57 - [ForkPoolWorker-53] models.mode_choice - DEBUG -   Mode rates for 'Other': car=88.3%, walk=4.6%, bus=3.1%, rideshare=1.7%, school_bus=1.0%, rail=0.6%, bike=0.6%, other=0.2%
2026-10-06 05:28:57 - [ForkPoolWorker-53] models.mode_choice - DEBUG -   Mode rates for 'Work': car=92.5%, walk=2.3%, rail=1.6%, bus=1.2%, bike=1.0%, school_bus=0.6%, rideshare=0.5%, other=0.2%
2026-10-06 05:28:57 - [ForkPoolWorker-53] models.mode_choice - DEBUG -   Mode rates for 'Dining': car=91.1%, walk=6.8%, bike=1.2%, rail=0.3%, other=0.3%, rideshare=0.3%, bus=0.1%
2026-10-06 05:28:57 - [ForkPoolWorker-53] models.mode_choice - DEBUG -   Mode rates for 'School': car=65.5%, school_bus=22.9%, walk=7.7%, bike=2.3%, bus=0.9%, other=0.4%, rail=0.2%, rideshare=0.1%
2026-10-06 05:28:57 - [ForkPoolWorker-53] models.mode_choice - DEBUG -   Mode rates for 'Social': car=73.8%, walk=19.5%, bike=3.5%, other=1.0%, rail=0.6%, rideshare=0.6%, bus=0.6%, school_bus=0.4%
2026-10-06 05:28:57 - [ForkPoolWorker-53] models.mode_choice - DEBUG -   Mode rates for 'all': car=87.2%, walk=6.3%, school_bus=3.2%, bike=1.2%, bus=0.8%, rail=0.6%, rideshare=0.5%, other=0.3%
2026-10-06 05:28:57 - [ForkPoolWorker-53] models.mode_choice - INFO - Computed mode rates for 8 purposes
2026-10-06 05:28:57 - [ForkPoolWorker-53] models.mode_choice - INFO -   Overall mode distribution: car=87.2%, walk=6.3%, school_bus=3.2%, bike=1.2%, bus=0.8%, rail=0.6%, rideshare=0.5%, other=0.3%
2026-10-06 05:28:57 - [ForkPoolWorker-53] models.mode_choice - INFO - ModeChoiceModel initialized with 4 modes: ['car', 'bus', 'rail', 'walk']
2026-10-06 05:28:57 - [ForkPoolWorker-59] models.plan_generator - INFO - Worker ForkPoolWorker-59 started - processing 5753 OD pairs
2026-10-06 05:28:58 - [ForkPoolWorker-59] models.time - INFO - Fitted models for 49 activity pairs
2026-10-06 05:28:58 - [ForkPoolWorker-59] models.time - INFO - Mean trip durations: global=20.0min, per-pair=49 pairs
2026-10-06 05:28:58 - [ForkPoolWorker-54] models.mode_availability - DEBUG - Registered availability checker for car: UniversalAvailability
2026-10-06 05:28:58 - [ForkPoolWorker-54] models.mode_availability - DEBUG - Registered availability checker for bus: GTFSTransitAvailability
2026-10-06 05:28:58 - [ForkPoolWorker-54] models.mode_availability - DEBUG - Registered availability checker for rail: GTFSTransitAvailability
2026-10-06 05:28:58 - [ForkPoolWorker-54] models.mode_availability - DEBUG - Registered availability checker for walk: DistanceBasedAvailability
2026-10-06 05:28:58 - [ForkPoolWorker-54] models.mode_choice - INFO - Computing mode shares from survey data...
2026-10-06 05:28:58 - [ForkPoolWorker-54] models.mode_choice - DEBUG -   Survey weights (normalized): {'default': 1.0}
2026-10-06 05:28:58 - [ForkPoolWorker-54] models.mode_choice - DEBUG -   Computing rates for purposes: ['Shopping', 'Home', 'Other', 'Work', 'Dining', 'School', 'Social', 'all']
2026-10-06 05:28:58 - [ForkPoolWorker-54] models.mode_choice - DEBUG -   Mode rates for 'Shopping': car=93.6%, walk=5.1%, bike=0.4%, bus=0.4%, rail=0.2%, school_bus=0.2%, rideshare=0.1%
2026-10-06 05:28:58 - [ForkPoolWorker-54] models.mode_choice - DEBUG -   Mode rates for 'Home': car=88.1%, walk=5.0%, school_bus=3.8%, bike=1.1%, bus=0.7%, rideshare=0.5%, rail=0.5%, other=0.3%
2026-10-06 05:28:58 - [ForkPoolWorker-54] models.mode_choice - DEBUG -   Mode rates for 'Other': car=88.3%, walk=4.6%, bus=3.1%, rideshare=1.7%, school_bus=1.0%, rail=0.6%, bike=0.6%, other=0.2%
2026-10-06 05:28:58 - [ForkPoolWorker-54] models.mode_choice - DEBUG -   Mode rates for 'Work': car=92.5%, walk=2.3%, rail=1.6%, bus=1.2%, bike=1.0%, school_bus=0.6%, rideshare=0.5%, other=0.2%
2026-10-06 05:28:58 - [ForkPoolWorker-54] models.mode_choice - DEBUG -   Mode rates for 'Dining': car=91.1%, walk=6.8%, bike=1.2%, rail=0.3%, other=0.3%, rideshare=0.3%, bus=0.1%
2026-10-06 05:28:58 - [ForkPoolWorker-54] models.mode_choice - DEBUG -   Mode rates for 'School': car=65.5%, school_bus=22.9%, walk=7.7%, bike=2.3%, bus=0.9%, other=0.4%, rail=0.2%, rideshare=0.1%
2026-10-06 05:28:58 - [ForkPoolWorker-54] models.mode_choice - DEBUG -   Mode rates for 'Social': car=73.8%, walk=19.5%, bike=3.5%, other=1.0%, rail=0.6%, rideshare=0.6%, bus=0.6%, school_bus=0.4%
2026-10-06 05:28:58 - [ForkPoolWorker-54] models.mode_choice - DEBUG -   Mode rates for 'all': car=87.2%, walk=6.3%, school_bus=3.2%, bike=1.2%, bus=0.8%, rail=0.6%, rideshare=0.5%, other=0.3%
2026-10-06 05:28:58 - [ForkPoolWorker-54] models.mode_choice - INFO - Computed mode rates for 8 purposes
2026-10-06 05:28:58 - [ForkPoolWorker-54] models.mode_choice - INFO -   Overall mode distribution: car=87.2%, walk=6.3%, school_bus=3.2%, bike=1.2%, bus=0.8%, rail=0.6%, rideshare=0.5%, other=0.3%
2026-10-06 05:28:58 - [ForkPoolWorker-54] models.mode_choice - INFO - ModeChoiceModel initialized with 4 modes: ['car', 'bus', 'rail', 'walk']
2026-10-06 05:28:59 - [ForkPoolWorker-60] models.plan_generator - INFO - Worker ForkPoolWorker-60 started - processing 5753 OD pairs
2026-10-06 05:28:59 - [ForkPoolWorker-60] models.time - INFO - Fitted models for 49 activity pairs
2026-10-06 05:28:59 - [ForkPoolWorker-60] models.time - INFO - Mean trip durations: global=20.0min, per-pair=49 pairs
2026-10-06 05:29:00 - [ForkPoolWorker-55] models.mode_availability - DEBUG - Registered availability checker for car: UniversalAvailability
2026-10-06 05:29:00 - [ForkPoolWorker-55] models.mode_availability - DEBUG - Registered availability checker for bus: GTFSTransitAvailability
2026-10-06 05:29:00 - [ForkPoolWorker-55] models.mode_availability - DEBUG - Registered availability checker for rail: GTFSTransitAvailability
2026-10-06 05:29:00 - [ForkPoolWorker-55] models.mode_availability - DEBUG - Registered availability checker for walk: DistanceBasedAvailability
2026-10-06 05:29:00 - [ForkPoolWorker-55] models.mode_choice - INFO - Computing mode shares from survey data...
2026-10-06 05:29:00 - [ForkPoolWorker-55] models.mode_choice - DEBUG -   Survey weights (normalized): {'default': 1.0}
2026-10-06 05:29:00 - [ForkPoolWorker-55] models.mode_choice - DEBUG -   Computing rates for purposes: ['Shopping', 'Home', 'Other', 'Work', 'Dining', 'School', 'Social', 'all']
2026-10-06 05:29:00 - [ForkPoolWorker-55] models.mode_choice - DEBUG -   Mode rates for 'Shopping': car=93.6%, walk=5.1%, bike=0.4%, bus=0.4%, rail=0.2%, school_bus=0.2%, rideshare=0.1%
2026-10-06 05:29:00 - [ForkPoolWorker-55] models.mode_choice - DEBUG -   Mode rates for 'Home': car=88.1%, walk=5.0%, school_bus=3.8%, bike=1.1%, bus=0.7%, rideshare=0.5%, rail=0.5%, other=0.3%
2026-10-06 05:29:00 - [ForkPoolWorker-55] models.mode_choice - DEBUG -   Mode rates for 'Other': car=88.3%, walk=4.6%, bus=3.1%, rideshare=1.7%, school_bus=1.0%, rail=0.6%, bike=0.6%, other=0.2%
2026-10-06 05:29:00 - [ForkPoolWorker-55] models.mode_choice - DEBUG -   Mode rates for 'Work': car=92.5%, walk=2.3%, rail=1.6%, bus=1.2%, bike=1.0%, school_bus=0.6%, rideshare=0.5%, other=0.2%
2026-10-06 05:29:00 - [ForkPoolWorker-55] models.mode_choice - DEBUG -   Mode rates for 'Dining': car=91.1%, walk=6.8%, bike=1.2%, rail=0.3%, other=0.3%, rideshare=0.3%, bus=0.1%
2026-10-06 05:29:00 - [ForkPoolWorker-55] models.mode_choice - DEBUG -   Mode rates for 'School': car=65.5%, school_bus=22.9%, walk=7.7%, bike=2.3%, bus=0.9%, other=0.4%, rail=0.2%, rideshare=0.1%
2026-10-06 05:29:00 - [ForkPoolWorker-55] models.mode_choice - DEBUG -   Mode rates for 'Social': car=73.8%, walk=19.5%, bike=3.5%, other=1.0%, rail=0.6%, rideshare=0.6%, bus=0.6%, school_bus=0.4%
2026-10-06 05:29:00 - [ForkPoolWorker-55] models.mode_choice - DEBUG -   Mode rates for 'all': car=87.2%, walk=6.3%, school_bus=3.2%, bike=1.2%, bus=0.8%, rail=0.6%, rideshare=0.5%, other=0.3%
2026-10-06 05:29:00 - [ForkPoolWorker-55] models.mode_choice - INFO - Computed mode rates for 8 purposes
2026-10-06 05:29:00 - [ForkPoolWorker-55] models.mode_choice - INFO -   Overall mode distribution: car=87.2%, walk=6.3%, school_bus=3.2%, bike=1.2%, bus=0.8%, rail=0.6%, rideshare=0.5%, other=0.3%
2026-10-06 05:29:00 - [ForkPoolWorker-55] models.mode_choice - INFO - ModeChoiceModel initialized with 4 modes: ['car', 'bus', 'rail', 'walk']
2026-10-06 05:29:01 - [ForkPoolWorker-56] models.mode_availability - DEBUG - Registered availability checker for car: UniversalAvailability
2026-10-06 05:29:01 - [ForkPoolWorker-56] models.mode_availability - DEBUG - Registered availability checker for bus: GTFSTransitAvailability
2026-10-06 05:29:01 - [ForkPoolWorker-56] models.mode_availability - DEBUG - Registered availability checker for rail: GTFSTransitAvailability
2026-10-06 05:29:01 - [ForkPoolWorker-56] models.mode_availability - DEBUG - Registered availability checker for walk: DistanceBasedAvailability
2026-10-06 05:29:01 - [ForkPoolWorker-56] models.mode_choice - INFO - Computing mode shares from survey data...
2026-10-06 05:29:01 - [ForkPoolWorker-56] models.mode_choice - DEBUG -   Survey weights (normalized): {'default': 1.0}
2026-10-06 05:29:01 - [ForkPoolWorker-56] models.mode_choice - DEBUG -   Computing rates for purposes: ['Shopping', 'Home', 'Other', 'Work', 'Dining', 'School', 'Social', 'all']
2026-10-06 05:29:01 - [ForkPoolWorker-56] models.mode_choice - DEBUG -   Mode rates for 'Shopping': car=93.6%, walk=5.1%, bike=0.4%, bus=0.4%, rail=0.2%, school_bus=0.2%, rideshare=0.1%
2026-10-06 05:29:01 - [ForkPoolWorker-56] models.mode_choice - DEBUG -   Mode rates for 'Home': car=88.1%, walk=5.0%, school_bus=3.8%, bike=1.1%, bus=0.7%, rideshare=0.5%, rail=0.5%, other=0.3%
2026-10-06 05:29:01 - [ForkPoolWorker-56] models.mode_choice - DEBUG -   Mode rates for 'Other': car=88.3%, walk=4.6%, bus=3.1%, rideshare=1.7%, school_bus=1.0%, rail=0.6%, bike=0.6%, other=0.2%
2026-10-06 05:29:01 - [ForkPoolWorker-56] models.mode_choice - DEBUG -   Mode rates for 'Work': car=92.5%, walk=2.3%, rail=1.6%, bus=1.2%, bike=1.0%, school_bus=0.6%, rideshare=0.5%, other=0.2%
2026-10-06 05:29:01 - [ForkPoolWorker-56] models.mode_choice - DEBUG -   Mode rates for 'Dining': car=91.1%, walk=6.8%, bike=1.2%, rail=0.3%, other=0.3%, rideshare=0.3%, bus=0.1%
2026-10-06 05:29:01 - [ForkPoolWorker-56] models.mode_choice - DEBUG -   Mode rates for 'School': car=65.5%, school_bus=22.9%, walk=7.7%, bike=2.3%, bus=0.9%, other=0.4%, rail=0.2%, rideshare=0.1%
2026-10-06 05:29:01 - [ForkPoolWorker-56] models.mode_choice - DEBUG -   Mode rates for 'Social': car=73.8%, walk=19.5%, bike=3.5%, other=1.0%, rail=0.6%, rideshare=0.6%, bus=0.6%, school_bus=0.4%
2026-10-06 05:29:01 - [ForkPoolWorker-56] models.mode_choice - DEBUG -   Mode rates for 'all': car=87.2%, walk=6.3%, school_bus=3.2%, bike=1.2%, bus=0.8%, rail=0.6%, rideshare=0.5%, other=0.3%
2026-10-06 05:29:01 - [ForkPoolWorker-56] models.mode_choice - INFO - Computed mode rates for 8 purposes
2026-10-06 05:29:01 - [ForkPoolWorker-56] models.mode_choice - INFO -   Overall mode distribution: car=87.2%, walk=6.3%, school_bus=3.2%, bike=1.2%, bus=0.8%, rail=0.6%, rideshare=0.5%, other=0.3%
2026-10-06 05:29:01 - [ForkPoolWorker-56] models.mode_choice - INFO - ModeChoiceModel initialized with 4 modes: ['car', 'bus', 'rail', 'walk']
2026-10-06 05:29:02 - [ForkPoolWorker-57] models.mode_availability - DEBUG - Registered availability checker for car: UniversalAvailability
2026-10-06 05:29:02 - [ForkPoolWorker-57] models.mode_availability - DEBUG - Registered availability checker for bus: GTFSTransitAvailability
2026-10-06 05:29:02 - [ForkPoolWorker-57] models.mode_availability - DEBUG - Registered availability checker for rail: GTFSTransitAvailability
2026-10-06 05:29:02 - [ForkPoolWorker-57] models.mode_availability - DEBUG - Registered availability checker for walk: DistanceBasedAvailability
2026-10-06 05:29:02 - [ForkPoolWorker-57] models.mode_choice - INFO - Computing mode shares from survey data...
2026-10-06 05:29:02 - [ForkPoolWorker-57] models.mode_choice - DEBUG -   Survey weights (normalized): {'default': 1.0}
2026-10-06 05:29:02 - [ForkPoolWorker-57] models.mode_choice - DEBUG -   Computing rates for purposes: ['Shopping', 'Home', 'Other', 'Work', 'Dining', 'School', 'Social', 'all']
2026-10-06 05:29:02 - [ForkPoolWorker-57] models.mode_choice - DEBUG -   Mode rates for 'Shopping': car=93.6%, walk=5.1%, bike=0.4%, bus=0.4%, rail=0.2%, school_bus=0.2%, rideshare=0.1%
2026-10-06 05:29:02 - [ForkPoolWorker-57] models.mode_choice - DEBUG -   Mode rates for 'Home': car=88.1%, walk=5.0%, school_bus=3.8%, bike=1.1%, bus=0.7%, rideshare=0.5%, rail=0.5%, other=0.3%
2026-10-06 05:29:02 - [ForkPoolWorker-57] models.mode_choice - DEBUG -   Mode rates for 'Other': car=88.3%, walk=4.6%, bus=3.1%, rideshare=1.7%, school_bus=1.0%, rail=0.6%, bike=0.6%, other=0.2%
2026-10-06 05:29:02 - [ForkPoolWorker-57] models.mode_choice - DEBUG -   Mode rates for 'Work': car=92.5%, walk=2.3%, rail=1.6%, bus=1.2%, bike=1.0%, school_bus=0.6%, rideshare=0.5%, other=0.2%
2026-10-06 05:29:02 - [ForkPoolWorker-57] models.mode_choice - DEBUG -   Mode rates for 'Dining': car=91.1%, walk=6.8%, bike=1.2%, rail=0.3%, other=0.3%, rideshare=0.3%, bus=0.1%
2026-10-06 05:29:02 - [ForkPoolWorker-57] models.mode_choice - DEBUG -   Mode rates for 'School': car=65.5%, school_bus=22.9%, walk=7.7%, bike=2.3%, bus=0.9%, other=0.4%, rail=0.2%, rideshare=0.1%
2026-10-06 05:29:02 - [ForkPoolWorker-57] models.mode_choice - DEBUG -   Mode rates for 'Social': car=73.8%, walk=19.5%, bike=3.5%, other=1.0%, rail=0.6%, rideshare=0.6%, bus=0.6%, school_bus=0.4%
2026-10-06 05:29:02 - [ForkPoolWorker-57] models.mode_choice - DEBUG -   Mode rates for 'all': car=87.2%, walk=6.3%, school_bus=3.2%, bike=1.2%, bus=0.8%, rail=0.6%, rideshare=0.5%, other=0.3%
2026-10-06 05:29:02 - [ForkPoolWorker-57] models.mode_choice - INFO - Computed mode rates for 8 purposes
2026-10-06 05:29:02 - [ForkPoolWorker-57] models.mode_choice - INFO -   Overall mode distribution: car=87.2%, walk=6.3%, school_bus=3.2%, bike=1.2%, bus=0.8%, rail=0.6%, rideshare=0.5%, other=0.3%
2026-10-06 05:29:02 - [ForkPoolWorker-57] models.mode_choice - INFO - ModeChoiceModel initialized with 4 modes: ['car', 'bus', 'rail', 'walk']
2026-10-06 05:29:04 - [ForkPoolWorker-58] models.mode_availability - DEBUG - Registered availability checker for car: UniversalAvailability
2026-10-06 05:29:04 - [ForkPoolWorker-58] models.mode_availability - DEBUG - Registered availability checker for bus: GTFSTransitAvailability
2026-10-06 05:29:04 - [ForkPoolWorker-58] models.mode_availability - DEBUG - Registered availability checker for rail: GTFSTransitAvailability
2026-10-06 05:29:04 - [ForkPoolWorker-58] models.mode_availability - DEBUG - Registered availability checker for walk: DistanceBasedAvailability
2026-10-06 05:29:04 - [ForkPoolWorker-58] models.mode_choice - INFO - Computing mode shares from survey data...
2026-10-06 05:29:04 - [ForkPoolWorker-58] models.mode_choice - DEBUG -   Survey weights (normalized): {'default': 1.0}
2026-10-06 05:29:04 - [ForkPoolWorker-58] models.mode_choice - DEBUG -   Computing rates for purposes: ['Shopping', 'Home', 'Other', 'Work', 'Dining', 'School', 'Social', 'all']
2026-10-06 05:29:04 - [ForkPoolWorker-58] models.mode_choice - DEBUG -   Mode rates for 'Shopping': car=93.6%, walk=5.1%, bike=0.4%, bus=0.4%, rail=0.2%, school_bus=0.2%, rideshare=0.1%
2026-10-06 05:29:04 - [ForkPoolWorker-58] models.mode_choice - DEBUG -   Mode rates for 'Home': car=88.1%, walk=5.0%, school_bus=3.8%, bike=1.1%, bus=0.7%, rideshare=0.5%, rail=0.5%, other=0.3%
2026-10-06 05:29:04 - [ForkPoolWorker-58] models.mode_choice - DEBUG -   Mode rates for 'Other': car=88.3%, walk=4.6%, bus=3.1%, rideshare=1.7%, school_bus=1.0%, rail=0.6%, bike=0.6%, other=0.2%
2026-10-06 05:29:04 - [ForkPoolWorker-58] models.mode_choice - DEBUG -   Mode rates for 'Work': car=92.5%, walk=2.3%, rail=1.6%, bus=1.2%, bike=1.0%, school_bus=0.6%, rideshare=0.5%, other=0.2%
2026-10-06 05:29:04 - [ForkPoolWorker-58] models.mode_choice - DEBUG -   Mode rates for 'Dining': car=91.1%, walk=6.8%, bike=1.2%, rail=0.3%, other=0.3%, rideshare=0.3%, bus=0.1%
2026-10-06 05:29:04 - [ForkPoolWorker-58] models.mode_choice - DEBUG -   Mode rates for 'School': car=65.5%, school_bus=22.9%, walk=7.7%, bike=2.3%, bus=0.9%, other=0.4%, rail=0.2%, rideshare=0.1%
2026-10-06 05:29:04 - [ForkPoolWorker-58] models.mode_choice - DEBUG -   Mode rates for 'Social': car=73.8%, walk=19.5%, bike=3.5%, other=1.0%, rail=0.6%, rideshare=0.6%, bus=0.6%, school_bus=0.4%
2026-10-06 05:29:04 - [ForkPoolWorker-58] models.mode_choice - DEBUG -   Mode rates for 'all': car=87.2%, walk=6.3%, school_bus=3.2%, bike=1.2%, bus=0.8%, rail=0.6%, rideshare=0.5%, other=0.3%
2026-10-06 05:29:04 - [ForkPoolWorker-58] models.mode_choice - INFO - Computed mode rates for 8 purposes
2026-10-06 05:29:04 - [ForkPoolWorker-58] models.mode_choice - INFO -   Overall mode distribution: car=87.2%, walk=6.3%, school_bus=3.2%, bike=1.2%, bus=0.8%, rail=0.6%, rideshare=0.5%, other=0.3%
2026-10-06 05:29:04 - [ForkPoolWorker-58] models.mode_choice - INFO - ModeChoiceModel initialized with 4 modes: ['car', 'bus', 'rail', 'walk']
2026-10-06 05:29:05 - [ForkPoolWorker-59] models.mode_availability - DEBUG - Registered availability checker for car: UniversalAvailability
2026-10-06 05:29:05 - [ForkPoolWorker-59] models.mode_availability - DEBUG - Registered availability checker for bus: GTFSTransitAvailability
2026-10-06 05:29:05 - [ForkPoolWorker-59] models.mode_availability - DEBUG - Registered availability checker for rail: GTFSTransitAvailability
2026-10-06 05:29:05 - [ForkPoolWorker-59] models.mode_availability - DEBUG - Registered availability checker for walk: DistanceBasedAvailability
2026-10-06 05:29:05 - [ForkPoolWorker-59] models.mode_choice - INFO - Computing mode shares from survey data...
2026-10-06 05:29:05 - [ForkPoolWorker-59] models.mode_choice - DEBUG -   Survey weights (normalized): {'default': 1.0}
2026-10-06 05:29:05 - [ForkPoolWorker-59] models.mode_choice - DEBUG -   Computing rates for purposes: ['Shopping', 'Home', 'Other', 'Work', 'Dining', 'School', 'Social', 'all']
2026-10-06 05:29:05 - [ForkPoolWorker-59] models.mode_choice - DEBUG -   Mode rates for 'Shopping': car=93.6%, walk=5.1%, bike=0.4%, bus=0.4%, rail=0.2%, school_bus=0.2%, rideshare=0.1%
2026-10-06 05:29:05 - [ForkPoolWorker-59] models.mode_choice - DEBUG -   Mode rates for 'Home': car=88.1%, walk=5.0%, school_bus=3.8%, bike=1.1%, bus=0.7%, rideshare=0.5%, rail=0.5%, other=0.3%
2026-10-06 05:29:05 - [ForkPoolWorker-59] models.mode_choice - DEBUG -   Mode rates for 'Other': car=88.3%, walk=4.6%, bus=3.1%, rideshare=1.7%, school_bus=1.0%, rail=0.6%, bike=0.6%, other=0.2%
2026-10-06 05:29:05 - [ForkPoolWorker-59] models.mode_choice - DEBUG -   Mode rates for 'Work': car=92.5%, walk=2.3%, rail=1.6%, bus=1.2%, bike=1.0%, school_bus=0.6%, rideshare=0.5%, other=0.2%
2026-10-06 05:29:05 - [ForkPoolWorker-59] models.mode_choice - DEBUG -   Mode rates for 'Dining': car=91.1%, walk=6.8%, bike=1.2%, rail=0.3%, other=0.3%, rideshare=0.3%, bus=0.1%
2026-10-06 05:29:05 - [ForkPoolWorker-59] models.mode_choice - DEBUG -   Mode rates for 'School': car=65.5%, school_bus=22.9%, walk=7.7%, bike=2.3%, bus=0.9%, other=0.4%, rail=0.2%, rideshare=0.1%
2026-10-06 05:29:05 - [ForkPoolWorker-59] models.mode_choice - DEBUG -   Mode rates for 'Social': car=73.8%, walk=19.5%, bike=3.5%, other=1.0%, rail=0.6%, rideshare=0.6%, bus=0.6%, school_bus=0.4%
2026-10-06 05:29:05 - [ForkPoolWorker-59] models.mode_choice - DEBUG -   Mode rates for 'all': car=87.2%, walk=6.3%, school_bus=3.2%, bike=1.2%, bus=0.8%, rail=0.6%, rideshare=0.5%, other=0.3%
2026-10-06 05:29:05 - [ForkPoolWorker-59] models.mode_choice - INFO - Computed mode rates for 8 purposes
2026-10-06 05:29:05 - [ForkPoolWorker-59] models.mode_choice - INFO -   Overall mode distribution: car=87.2%, walk=6.3%, school_bus=3.2%, bike=1.2%, bus=0.8%, rail=0.6%, rideshare=0.5%, other=0.3%
2026-10-06 05:29:05 - [ForkPoolWorker-59] models.mode_choice - INFO - ModeChoiceModel initialized with 4 modes: ['car', 'bus', 'rail', 'walk']
2026-10-06 05:29:07 - [ForkPoolWorker-60] models.mode_availability - DEBUG - Registered availability checker for car: UniversalAvailability
2026-10-06 05:29:07 - [ForkPoolWorker-60] models.mode_availability - DEBUG - Registered availability checker for bus: GTFSTransitAvailability
2026-10-06 05:29:07 - [ForkPoolWorker-60] models.mode_availability - DEBUG - Registered availability checker for rail: GTFSTransitAvailability
2026-10-06 05:29:07 - [ForkPoolWorker-60] models.mode_availability - DEBUG - Registered availability checker for walk: DistanceBasedAvailability
2026-10-06 05:29:07 - [ForkPoolWorker-60] models.mode_choice - INFO - Computing mode shares from survey data...
2026-10-06 05:29:07 - [ForkPoolWorker-60] models.mode_choice - DEBUG -   Survey weights (normalized): {'default': 1.0}
2026-10-06 05:29:07 - [ForkPoolWorker-60] models.mode_choice - DEBUG -   Computing rates for purposes: ['Shopping', 'Home', 'Other', 'Work', 'Dining', 'School', 'Social', 'all']
2026-10-06 05:29:07 - [ForkPoolWorker-60] models.mode_choice - DEBUG -   Mode rates for 'Shopping': car=93.6%, walk=5.1%, bike=0.4%, bus=0.4%, rail=0.2%, school_bus=0.2%, rideshare=0.1%
2026-10-06 05:29:07 - [ForkPoolWorker-60] models.mode_choice - DEBUG -   Mode rates for 'Home': car=88.1%, walk=5.0%, school_bus=3.8%, bike=1.1%, bus=0.7%, rideshare=0.5%, rail=0.5%, other=0.3%
2026-10-06 05:29:07 - [ForkPoolWorker-60] models.mode_choice - DEBUG -   Mode rates for 'Other': car=88.3%, walk=4.6%, bus=3.1%, rideshare=1.7%, school_bus=1.0%, rail=0.6%, bike=0.6%, other=0.2%
2026-10-06 05:29:07 - [ForkPoolWorker-60] models.mode_choice - DEBUG -   Mode rates for 'Work': car=92.5%, walk=2.3%, rail=1.6%, bus=1.2%, bike=1.0%, school_bus=0.6%, rideshare=0.5%, other=0.2%
2026-10-06 05:29:07 - [ForkPoolWorker-60] models.mode_choice - DEBUG -   Mode rates for 'Dining': car=91.1%, walk=6.8%, bike=1.2%, rail=0.3%, other=0.3%, rideshare=0.3%, bus=0.1%
2026-10-06 05:29:07 - [ForkPoolWorker-60] models.mode_choice - DEBUG -   Mode rates for 'School': car=65.5%, school_bus=22.9%, walk=7.7%, bike=2.3%, bus=0.9%, other=0.4%, rail=0.2%, rideshare=0.1%
2026-10-06 05:29:07 - [ForkPoolWorker-60] models.mode_choice - DEBUG -   Mode rates for 'Social': car=73.8%, walk=19.5%, bike=3.5%, other=1.0%, rail=0.6%, rideshare=0.6%, bus=0.6%, school_bus=0.4%
2026-10-06 05:29:07 - [ForkPoolWorker-60] models.mode_choice - DEBUG -   Mode rates for 'all': car=87.2%, walk=6.3%, school_bus=3.2%, bike=1.2%, bus=0.8%, rail=0.6%, rideshare=0.5%, other=0.3%
2026-10-06 05:29:07 - [ForkPoolWorker-60] models.mode_choice - INFO - Computed mode rates for 8 purposes
2026-10-06 05:29:07 - [ForkPoolWorker-60] models.mode_choice - INFO -   Overall mode distribution: car=87.2%, walk=6.3%, school_bus=3.2%, bike=1.2%, bus=0.8%, rail=0.6%, rideshare=0.5%, other=0.3%
2026-10-06 05:29:07 - [ForkPoolWorker-60] models.mode_choice - INFO - ModeChoiceModel initialized with 4 modes: ['car', 'bus', 'rail', 'walk']
2026-10-06 05:29:45 - [ForkPoolWorker-3] models.plan_generator - INFO - Worker ForkPoolWorker-3 completed: generated 5942 plans
2026-10-06 05:29:45 - [ForkPoolWorker-1] models.plan_generator - INFO - Worker ForkPoolWorker-1 completed: generated 5975 plans
2026-10-06 05:29:46 - [ForkPoolWorker-3] models.plan_generator - INFO - Worker ForkPoolWorker-3 started - processing 34 OD pairs
2026-10-06 05:29:46 - [ForkPoolWorker-3] models.time - INFO - Fitted models for 49 activity pairs
2026-10-06 05:29:46 - [ForkPoolWorker-3] models.time - INFO - Mean trip durations: global=20.0min, per-pair=49 pairs
2026-10-06 05:29:48 - [ForkPoolWorker-2] models.plan_generator - INFO - Worker ForkPoolWorker-2 completed: generated 6105 plans
2026-10-06 05:29:50 - [ForkPoolWorker-5] models.plan_generator - INFO - Worker ForkPoolWorker-5 completed: generated 6055 plans
2026-10-06 05:29:51 - [ForkPoolWorker-6] models.plan_generator - INFO - Worker ForkPoolWorker-6 completed: generated 6138 plans
2026-10-06 05:29:52 - [ForkPoolWorker-4] models.plan_generator - INFO - Worker ForkPoolWorker-4 completed: generated 6233 plans
2026-10-06 05:29:54 - [ForkPoolWorker-3] models.mode_availability - DEBUG - Registered availability checker for car: UniversalAvailability
2026-10-06 05:29:54 - [ForkPoolWorker-3] models.mode_availability - DEBUG - Registered availability checker for bus: GTFSTransitAvailability
2026-10-06 05:29:54 - [ForkPoolWorker-3] models.mode_availability - DEBUG - Registered availability checker for rail: GTFSTransitAvailability
2026-10-06 05:29:54 - [ForkPoolWorker-3] models.mode_availability - DEBUG - Registered availability checker for walk: DistanceBasedAvailability
2026-10-06 05:29:54 - [ForkPoolWorker-3] models.mode_choice - INFO - Computing mode shares from survey data...
2026-10-06 05:29:54 - [ForkPoolWorker-3] models.mode_choice - DEBUG -   Survey weights (normalized): {'default': 1.0}
2026-10-06 05:29:54 - [ForkPoolWorker-3] models.mode_choice - DEBUG -   Computing rates for purposes: ['Shopping', 'Home', 'Other', 'Work', 'Dining', 'School', 'Social', 'all']
2026-10-06 05:29:54 - [ForkPoolWorker-3] models.mode_choice - DEBUG -   Mode rates for 'Shopping': car=93.6%, walk=5.1%, bike=0.4%, bus=0.4%, rail=0.2%, school_bus=0.2%, rideshare=0.1%
2026-10-06 05:29:54 - [ForkPoolWorker-3] models.mode_choice - DEBUG -   Mode rates for 'Home': car=88.1%, walk=5.0%, school_bus=3.8%, bike=1.1%, bus=0.7%, rideshare=0.5%, rail=0.5%, other=0.3%
2026-10-06 05:29:54 - [ForkPoolWorker-3] models.mode_choice - DEBUG -   Mode rates for 'Other': car=88.3%, walk=4.6%, bus=3.1%, rideshare=1.7%, school_bus=1.0%, rail=0.6%, bike=0.6%, other=0.2%
2026-10-06 05:29:54 - [ForkPoolWorker-3] models.mode_choice - DEBUG -   Mode rates for 'Work': car=92.5%, walk=2.3%, rail=1.6%, bus=1.2%, bike=1.0%, school_bus=0.6%, rideshare=0.5%, other=0.2%
2026-10-06 05:29:54 - [ForkPoolWorker-3] models.mode_choice - DEBUG -   Mode rates for 'Dining': car=91.1%, walk=6.8%, bike=1.2%, rail=0.3%, other=0.3%, rideshare=0.3%, bus=0.1%
2026-10-06 05:29:54 - [ForkPoolWorker-3] models.mode_choice - DEBUG -   Mode rates for 'School': car=65.5%, school_bus=22.9%, walk=7.7%, bike=2.3%, bus=0.9%, other=0.4%, rail=0.2%, rideshare=0.1%
2026-10-06 05:29:54 - [ForkPoolWorker-3] models.mode_choice - DEBUG -   Mode rates for 'Social': car=73.8%, walk=19.5%, bike=3.5%, other=1.0%, rail=0.6%, rideshare=0.6%, bus=0.6%, school_bus=0.4%
2026-10-06 05:29:54 - [ForkPoolWorker-3] models.mode_choice - DEBUG -   Mode rates for 'all': car=87.2%, walk=6.3%, school_bus=3.2%, bike=1.2%, bus=0.8%, rail=0.6%, rideshare=0.5%, other=0.3%
2026-10-06 05:29:54 - [ForkPoolWorker-3] models.mode_choice - INFO - Computed mode rates for 8 purposes
2026-10-06 05:29:54 - [ForkPoolWorker-3] models.mode_choice - INFO -   Overall mode distribution: car=87.2%, walk=6.3%, school_bus=3.2%, bike=1.2%, bus=0.8%, rail=0.6%, rideshare=0.5%, other=0.3%
2026-10-06 05:29:54 - [ForkPoolWorker-3] models.mode_choice - INFO - ModeChoiceModel initialized with 4 modes: ['car', 'bus', 'rail', 'walk']
2026-10-06 05:29:55 - [ForkPoolWorker-7] models.plan_generator - INFO - Worker ForkPoolWorker-7 completed: generated 6566 plans
2026-10-06 05:29:55 - [ForkPoolWorker-3] models.plan_generator - INFO - Worker ForkPoolWorker-3 completed: generated 36 plans
2026-10-06 05:29:56 - [ForkPoolWorker-8] models.plan_generator - INFO - Worker ForkPoolWorker-8 completed: generated 6171 plans
2026-10-06 05:29:58 - [ForkPoolWorker-9] models.plan_generator - INFO - Worker ForkPoolWorker-9 completed: generated 6085 plans
2026-10-06 05:30:00 - [ForkPoolWorker-13] models.plan_generator - INFO - Worker ForkPoolWorker-13 completed: generated 5834 plans
2026-10-06 05:30:01 - [ForkPoolWorker-12] models.plan_generator - INFO - Worker ForkPoolWorker-12 completed: generated 5914 plans
2026-10-06 05:30:01 - [ForkPoolWorker-14] models.plan_generator - INFO - Worker ForkPoolWorker-14 completed: generated 5802 plans
2026-10-06 05:30:01 - [ForkPoolWorker-10] models.plan_generator - INFO - Worker ForkPoolWorker-10 completed: generated 6034 plans
2026-10-06 05:30:04 - [ForkPoolWorker-15] models.plan_generator - INFO - Worker ForkPoolWorker-15 completed: generated 6465 plans
2026-10-06 05:30:06 - [ForkPoolWorker-11] models.plan_generator - INFO - Worker ForkPoolWorker-11 completed: generated 5947 plans
2026-10-06 05:30:06 - [ForkPoolWorker-16] models.plan_generator - INFO - Worker ForkPoolWorker-16 completed: generated 6019 plans
2026-10-06 05:30:07 - [ForkPoolWorker-18] models.plan_generator - INFO - Worker ForkPoolWorker-18 completed: generated 6029 plans
2026-10-06 05:30:07 - [ForkPoolWorker-22] models.plan_generator - INFO - Worker ForkPoolWorker-22 completed: generated 6473 plans
2026-10-06 05:30:09 - [ForkPoolWorker-21] models.plan_generator - INFO - Worker ForkPoolWorker-21 completed: generated 6248 plans
2026-10-06 05:30:10 - [ForkPoolWorker-19] models.plan_generator - INFO - Worker ForkPoolWorker-19 completed: generated 6648 plans
2026-10-06 05:30:10 - [ForkPoolWorker-20] models.plan_generator - INFO - Worker ForkPoolWorker-20 completed: generated 7168 plans
2026-10-06 05:30:12 - [ForkPoolWorker-17] models.plan_generator - INFO - Worker ForkPoolWorker-17 completed: generated 5995 plans
2026-10-06 05:30:12 - [ForkPoolWorker-23] models.plan_generator - INFO - Worker ForkPoolWorker-23 completed: generated 6047 plans
2026-10-06 05:30:14 - [ForkPoolWorker-26] models.plan_generator - INFO - Worker ForkPoolWorker-26 completed: generated 5985 plans
2026-10-06 05:30:16 - [ForkPoolWorker-27] models.plan_generator - INFO - Worker ForkPoolWorker-27 completed: generated 5987 plans
2026-10-06 05:30:16 - [ForkPoolWorker-25] models.plan_generator - INFO - Worker ForkPoolWorker-25 completed: generated 5948 plans
2026-10-06 05:30:17 - [ForkPoolWorker-24] models.plan_generator - INFO - Worker ForkPoolWorker-24 completed: generated 6012 plans
2026-10-06 05:30:19 - [ForkPoolWorker-29] models.plan_generator - INFO - Worker ForkPoolWorker-29 completed: generated 5919 plans
2026-10-06 05:30:20 - [ForkPoolWorker-32] models.plan_generator - INFO - Worker ForkPoolWorker-32 completed: generated 5904 plans
2026-10-06 05:30:20 - [ForkPoolWorker-30] models.plan_generator - INFO - Worker ForkPoolWorker-30 completed: generated 5875 plans
2026-10-06 05:30:21 - [ForkPoolWorker-31] models.plan_generator - INFO - Worker ForkPoolWorker-31 completed: generated 6004 plans
2026-10-06 05:30:21 - [ForkPoolWorker-28] models.plan_generator - INFO - Worker ForkPoolWorker-28 completed: generated 6000 plans
2026-10-06 05:30:22 - [ForkPoolWorker-34] models.plan_generator - INFO - Worker ForkPoolWorker-34 completed: generated 5866 plans
2026-10-06 05:30:26 - [ForkPoolWorker-35] models.plan_generator - INFO - Worker ForkPoolWorker-35 completed: generated 5925 plans
2026-10-06 05:30:26 - [ForkPoolWorker-33] models.plan_generator - INFO - Worker ForkPoolWorker-33 completed: generated 5941 plans
2026-10-06 05:30:27 - [ForkPoolWorker-36] models.plan_generator - INFO - Worker ForkPoolWorker-36 completed: generated 5986 plans
2026-10-06 05:30:27 - [ForkPoolWorker-38] models.plan_generator - INFO - Worker ForkPoolWorker-38 completed: generated 6125 plans
2026-10-06 05:30:29 - [ForkPoolWorker-40] models.plan_generator - INFO - Worker ForkPoolWorker-40 completed: generated 6708 plans
2026-10-06 05:30:30 - [ForkPoolWorker-37] models.plan_generator - INFO - Worker ForkPoolWorker-37 completed: generated 6067 plans
2026-10-06 05:30:30 - [ForkPoolWorker-44] models.plan_generator - INFO - Worker ForkPoolWorker-44 completed: generated 6444 plans
2026-10-06 05:30:33 - [ForkPoolWorker-46] models.plan_generator - INFO - Worker ForkPoolWorker-46 completed: generated 6012 plans
2026-10-06 05:30:34 - [ForkPoolWorker-39] models.plan_generator - INFO - Worker ForkPoolWorker-39 completed: generated 6309 plans
2026-10-06 05:30:36 - [ForkPoolWorker-47] models.plan_generator - INFO - Worker ForkPoolWorker-47 completed: generated 6236 plans
2026-10-06 05:30:37 - [ForkPoolWorker-45] models.plan_generator - INFO - Worker ForkPoolWorker-45 completed: generated 6433 plans
2026-10-06 05:30:39 - [ForkPoolWorker-42] models.plan_generator - INFO - Worker ForkPoolWorker-42 completed: generated 13568 plans
2026-10-06 05:30:41 - [ForkPoolWorker-51] models.plan_generator - INFO - Worker ForkPoolWorker-51 completed: generated 6437 plans
2026-10-06 05:30:43 - [ForkPoolWorker-52] models.plan_generator - INFO - Worker ForkPoolWorker-52 completed: generated 6457 plans
2026-10-06 05:30:43 - [ForkPoolWorker-53] models.plan_generator - INFO - Worker ForkPoolWorker-53 completed: generated 6324 plans
2026-10-06 05:30:44 - [ForkPoolWorker-54] models.plan_generator - INFO - Worker ForkPoolWorker-54 completed: generated 6358 plans
2026-10-06 05:30:46 - [ForkPoolWorker-55] models.plan_generator - INFO - Worker ForkPoolWorker-55 completed: generated 6262 plans
2026-10-06 05:30:48 - [ForkPoolWorker-59] models.plan_generator - INFO - Worker ForkPoolWorker-59 completed: generated 6030 plans
2026-10-06 05:30:48 - [ForkPoolWorker-49] models.plan_generator - INFO - Worker ForkPoolWorker-49 completed: generated 11193 plans
2026-10-06 05:30:48 - [ForkPoolWorker-56] models.plan_generator - INFO - Worker ForkPoolWorker-56 completed: generated 6009 plans
2026-10-06 05:30:49 - [ForkPoolWorker-57] models.plan_generator - INFO - Worker ForkPoolWorker-57 completed: generated 6095 plans
2026-10-06 05:30:51 - [ForkPoolWorker-43] models.plan_generator - INFO - Worker ForkPoolWorker-43 completed: generated 18477 plans
2026-10-06 05:30:51 - [ForkPoolWorker-58] models.plan_generator - INFO - Worker ForkPoolWorker-58 completed: generated 6108 plans
2026-10-06 05:30:51 - [ForkPoolWorker-48] models.plan_generator - INFO - Worker ForkPoolWorker-48 completed: generated 14519 plans
2026-10-06 05:30:53 - [ForkPoolWorker-60] models.plan_generator - INFO - Worker ForkPoolWorker-60 completed: generated 5981 plans
2026-10-06 05:30:53 - [ForkPoolWorker-50] models.plan_generator - INFO - Worker ForkPoolWorker-50 completed: generated 13566 plans
2026-10-06 05:30:57 - [ForkPoolWorker-41] models.plan_generator - INFO - Worker ForkPoolWorker-41 completed: generated 19723 plans
2026-10-06 05:31:00 - models.plan_generator - INFO - ======================================================================
2026-10-06 05:31:00 - models.plan_generator - INFO - GENERATION COMPLETE
2026-10-06 05:31:00 - models.plan_generator - INFO -   Plans requested: 422,722
2026-10-06 05:31:00 - models.plan_generator - INFO -   Plans generated: 422,722
2026-10-06 05:31:00 - models.plan_generator - INFO -   Failed plans: 0
2026-10-06 05:31:00 - models.plan_generator - INFO -   Success rate: 100.00%
2026-10-06 05:31:00 - models.plan_generator - INFO -   Chain retries: 19,150 / 447,909 attempts
2026-10-06 05:31:00 - models.plan_generator - INFO -     Too short: 0
2026-10-06 05:31:00 - models.plan_generator - INFO -     Bad structure (not Home-...-Home): 0
2026-10-06 05:31:00 - models.plan_generator - INFO -     Missing Work: 0
2026-10-06 05:31:00 - models.plan_generator - INFO -     Too many Work: 19,150
2026-10-06 05:31:00 - models.plan_generator - INFO -   POI retries: 92,991
2026-10-06 05:31:00 - models.plan_generator - INFO -   Time retries: 0
2026-10-06 05:31:00 - models.plan_generator - INFO -   Schedules built: 464,390
2026-10-06 05:31:00 - models.plan_generator - INFO -     Trimmed to fit 24h: 892 (0.19%)
2026-10-06 05:31:00 - models.plan_generator - INFO -     Dropped, over budget: 0 (0.00%)
2026-10-06 05:31:00 - models.plan_generator - INFO -     Resampled, over budget (over_budget=resample): 41,668
2026-10-06 05:31:00 - models.plan_generator - INFO -     Excess per trimmed schedule: mean 482.2 min, max 1489.7 min
2026-10-06 05:31:00 - models.plan_generator - INFO -     Minutes actually removed: 421,203 total, mean 472.2 min
2026-10-06 05:31:00 - models.plan_generator - INFO -   Experiment directory: /media/volume/Tareek-instance_vol-1/Tareek-work/Tareek/experiments/la_s10_pt9_10iter
2026-10-06 05:31:00 - models.plan_generator - INFO -   Full logs saved to: /media/volume/Tareek-instance_vol-1/Tareek-work/Tareek/experiments/la_s10_pt9_10iter/experiment_20261006_052346.log
2026-10-06 05:31:00 - models.plan_generator - INFO - ======================================================================
2026-10-06 05:31:00 - models.mode_choice - INFO - ==================================================
2026-10-06 05:31:00 - models.mode_choice - INFO - MODE CHOICE STATISTICS
2026-10-06 05:31:00 - models.mode_choice - INFO - ==================================================
2026-10-06 05:31:00 - models.mode_choice - INFO -   Total mode choices: 1179647
2026-10-06 05:31:00 - models.mode_choice - INFO -   Fallback mode used: 0 times
2026-10-06 05:31:00 - models.mode_choice - INFO -   Chain retries: 0
2026-10-06 05:31:00 - models.mode_choice - INFO -   Mode distribution in generated plans:
2026-10-06 05:31:00 - models.mode_choice - INFO -     car: 88.4%
2026-10-06 05:31:00 - models.mode_choice - INFO -     walk: 7.2%
2026-10-06 05:31:00 - models.mode_choice - INFO -     bus: 4.2%
2026-10-06 05:31:00 - models.mode_choice - INFO -     rail: 0.3%
2026-10-06 05:31:00 - models.mode_choice - INFO - ==================================================
2026-10-06 05:31:00 - models.plan_generator - INFO - Plan generation complete!
2026-10-06 05:31:00 - models.plan_generator - INFO -   Generated: 422,722 plans (100.00% success rate)
2026-10-06 05:31:00 - models.plan_generator - INFO -   Failed: 0 plans
2026-10-06 05:31:00 - models.plan_generator - INFO -   Experiment directory: /media/volume/Tareek-instance_vol-1/Tareek-work/Tareek/experiments/la_s10_pt9_10iter
2026-10-06 05:31:00 - models.plan_generator - INFO -   Detailed logs: /media/volume/Tareek-instance_vol-1/Tareek-work/Tareek/experiments/la_s10_pt9_10iter/experiment_20261006_052346.log
2026-10-06 05:31:00 - __main__ - INFO - Generated 422,722 work plans
2026-10-06 05:31:00 - __main__ - INFO - 
2026-10-06 05:31:00 - models.plan_generator - INFO -   Serialized GTFS stop data for workers: bus=120733 stops, rail=3301 stops
2026-10-06 05:31:00 - __main__ - INFO - Sharing GTFS stop data with non-work generators
2026-10-06 05:31:00 - __main__ - INFO - Population stats: 13,205,523 total (6,099,744 employees, 7,105,779 non-employees)
2026-10-06 05:31:00 - __main__ - INFO - ------------------------------------------------------------
2026-10-06 05:31:00 - __main__ - INFO - GENERATING SHOPPING PLANS
2026-10-06 05:31:00 - __main__ - INFO - ------------------------------------------------------------
2026-10-06 05:31:00 - models.plan_generator_nonwork - INFO - Initialized NonWorkPlanGenerator for Shopping
2026-10-06 05:31:00 - utils.coordinates - INFO - Initialized coordinate converter: EPSG:4326 <-> EPSG:26911
2026-10-06 05:31:00 - models.plan_generator_nonwork - INFO -   Coordinate system: WGS84 -> EPSG:26911
2026-10-06 05:31:00 - models.plan_generator_nonwork - INFO - Using pre-loaded shared data...
2026-10-06 05:31:00 - models.plan_generator_nonwork - INFO -   Using 92,984 home blocks (pre-loaded)
2026-10-06 05:31:00 - models.plan_generator_nonwork - INFO -   Using 114,545 POIs (pre-loaded)
2026-10-06 05:31:00 - models.plan_generator_nonwork - INFO -   Using 12,403 survey trips (pre-loaded)
2026-10-06 05:31:00 - models.plan_generator_nonwork - INFO -   Using 4,172 persons (pre-loaded)
2026-10-06 05:31:00 - models.plan_generator_nonwork - INFO -   Using 787 trip chains (pre-loaded)
2026-10-06 05:31:00 - models.plan_generator_nonwork - INFO -   Using 114,545 POI-to-block mappings (pre-computed)
2026-10-06 05:31:00 - models.plan_generator_nonwork - INFO -   Using shared trip duration model (pre-initialized)
2026-10-06 05:31:00 - models.plan_generator_nonwork - INFO -   Using shared activity duration model (pre-initialized)
2026-10-06 05:31:00 - models.plan_generator_nonwork - INFO -   Using shared POI spatial index (pre-built)
2026-10-06 05:31:00 - models.plan_generator_nonwork - INFO - Initializing time models...
2026-10-06 05:31:00 - models.plan_generator_nonwork - INFO -   Using shared trip duration model
2026-10-06 05:31:00 - models.plan_generator_nonwork - INFO -   Using shared activity duration model
2026-10-06 05:31:00 - models.plan_generator_nonwork - INFO -   Time models initialized
2026-10-06 05:31:00 - models.plan_generator_nonwork - INFO -   Average trip duration: 20.4 minutes
2026-10-06 05:31:00 - models.plan_generator_nonwork - INFO - Initializing POI components...
2026-10-06 05:31:00 - models.plan_generator_nonwork - INFO -   Using shared POI spatial index: 6 activity types, 114,545 POIs
2026-10-06 05:31:00 - models.plan_generator_nonwork - INFO -   POI weighting enabled: True
2026-10-06 05:31:00 - models.plan_generator_nonwork - INFO - Initializing chain model...
2026-10-06 05:31:00 - models.plan_generator_nonwork - INFO -   Shopping: budget chain model, 160 main-purpose patterns
2026-10-06 05:31:00 - models.plan_generator_nonwork - INFO - Initializing GTFS transit availability...
2026-10-06 05:31:04 - models.plan_generator_nonwork - INFO -   GTFS availability rebuilt from shared data: bus=120733 stops, rail=3301 stops
2026-10-06 05:31:04 - models.plan_generator_nonwork - INFO - Initializing mode choice model...
2026-10-06 05:31:04 - models.mode_choice - INFO - Computing mode shares from survey data...
2026-10-06 05:31:04 - models.mode_choice - INFO - Computed mode rates for 8 purposes
2026-10-06 05:31:04 - models.mode_choice - INFO -   Overall mode distribution: car=87.2%, walk=6.3%, school_bus=3.2%, bike=1.2%, bus=0.8%, rail=0.6%, rideshare=0.5%, other=0.3%
2026-10-06 05:31:04 - models.mode_choice - INFO - ModeChoiceModel initialized with 4 modes: ['car', 'bus', 'rail', 'walk']
2026-10-06 05:31:04 - models.plan_generator_nonwork - INFO - Creating Shopping OD matrix...
2026-10-06 05:31:04 - models.plan_generator_nonwork - INFO -   Using pre-computed POI-to-block mapping
2026-10-06 05:31:04 - models.od_matrix_nonwork - INFO - ======================================================================
2026-10-06 05:31:04 - models.od_matrix_nonwork - INFO - CREATING NON-WORK OD MATRIX - SHOPPING
2026-10-06 05:31:04 - models.od_matrix_nonwork - INFO - ======================================================================
2026-10-06 05:31:04 - models.od_matrix_nonwork - INFO - Configuration:
2026-10-06 05:31:04 - models.od_matrix_nonwork - INFO -   Beta (distance decay): 1.3
2026-10-06 05:31:04 - models.od_matrix_nonwork - INFO -   Alpha (survey weight): 0.1
2026-10-06 05:31:04 - models.od_matrix_nonwork - INFO -   Distance mode: cosine_km
2026-10-06 05:31:05 - models.od_matrix_nonwork - INFO - Calculating POI density for Shopping...
2026-10-06 05:31:05 - models.od_matrix_nonwork - INFO -   Total POIs to process: 114,545
2026-10-06 05:31:05 - models.od_matrix_nonwork - INFO -   Filtered to 6,083 Shopping POIs
2026-10-06 05:31:05 - models.od_matrix_nonwork - INFO -   Using pre-computed POI-to-block mapping (fast path)
2026-10-06 05:31:05 - models.od_matrix_nonwork - INFO -   POI assignment complete:
2026-10-06 05:31:05 - models.od_matrix_nonwork - INFO -     Blocks with POIs: 3,453
2026-10-06 05:31:05 - models.od_matrix_nonwork - INFO -     Total POIs assigned: 6,083
2026-10-06 05:31:05 - models.od_matrix_nonwork - INFO -     Avg POIs per block (non-zero): 1.8
2026-10-06 05:31:05 - models.od_matrix_nonwork - INFO - Creating survey OD matrix for Shopping...
2026-10-06 05:31:05 - models.od_matrix_nonwork - INFO -   Filtered to 2,684 trips (from 12,403 total)
2026-10-06 05:31:05 - models.od_matrix_nonwork - INFO -   Survey OD matrix created: (1, 1)
2026-10-06 05:31:05 - models.od_matrix_nonwork - INFO -   Total trips in survey matrix: 2,684
2026-10-06 05:31:05 - models.od_matrix_nonwork - INFO - ======================================================================
2026-10-06 05:31:05 - models.od_matrix_nonwork - INFO - SINGLY-CONSTRAINED GRAVITY MODEL - SHOPPING
2026-10-06 05:31:05 - models.od_matrix_nonwork - INFO - ======================================================================
2026-10-06 05:31:05 - models.od_matrix_nonwork - INFO - Origins from the demand budget ('nw_origin_Shopping' per home block)
2026-10-06 05:31:05 - models.od_matrix_nonwork - INFO -   Pre-aggregated 92,984 blocks -> 8,630 block_groups (home)
2026-10-06 05:31:05 - models.od_matrix_nonwork - INFO -   Pre-aggregated POI blocks -> 2,253 block_groups with POIs
2026-10-06 05:31:05 - models.od_matrix_nonwork - INFO - Number of home block_groups: 8630
2026-10-06 05:31:05 - models.od_matrix_nonwork - INFO - Number of destination block_groups (with POIs): 2253
2026-10-06 05:31:05 - models.od_matrix_nonwork - INFO - Distance decay beta: 1.3
2026-10-06 05:31:05 - models.od_matrix_nonwork - INFO - Total non-employees (base): 7,105,779
2026-10-06 05:31:05 - models.od_matrix_nonwork - INFO - Total travelers (demand budget): 3,830,444
2026-10-06 05:31:05 - models.od_matrix_nonwork - INFO - Total POIs (destination): 6,083
2026-10-06 05:31:05 - models.od_matrix_nonwork - INFO - Extracting coordinates...
2026-10-06 05:31:05 - models.od_matrix_nonwork - INFO - Calculating distances and friction factors (mode: cosine_km)...
2026-10-06 05:31:05 - models.od_matrix_v3 - INFO -   Intrazonal distance set from zone area on 2,253 diagonal cells (factor 0.5): median 0 m -> 163 m
2026-10-06 05:31:06 - models.od_matrix_nonwork - INFO -   Distances in km: median 35.91, min 0.050, max 209.3
2026-10-06 05:31:06 - models.od_matrix_nonwork - INFO - Initial gravity model total trips: 3,830,444
2026-10-06 05:31:06 - models.od_matrix_nonwork - INFO - 
Running IPF iterations (max 50)...
2026-10-06 05:31:06 - models.od_matrix_nonwork - INFO -   Iteration 1: Max relative difference = 5.28e-16
2026-10-06 05:31:06 - models.od_matrix_nonwork - INFO - Converged after 1 iterations
2026-10-06 05:31:06 - models.od_matrix_nonwork - INFO - ======================================================================
2026-10-06 05:31:06 - models.od_matrix_nonwork - INFO - VERIFICATION
2026-10-06 05:31:06 - models.od_matrix_nonwork - INFO - ======================================================================
2026-10-06 05:31:06 - models.od_matrix_nonwork - INFO - Origin total: 3,830,444 | Matrix row sum: 3,830,444
2026-10-06 05:31:06 - models.od_matrix_nonwork - INFO - Max row constraint error: 9.09e-13
2026-10-06 05:31:06 - models.od_matrix_nonwork - INFO - Total trips in gravity model: 3,830,444
2026-10-06 05:31:06 - models.od_matrix_nonwork - INFO - 
2026-10-06 05:31:06 - models.od_matrix_nonwork - INFO -   Gravity model (block-group level): (8630, 2253)
2026-10-06 05:31:06 - models.od_matrix_nonwork - INFO -   Survey matrix: (1, 1)
2026-10-06 05:31:06 - models.od_matrix_nonwork - INFO - 
Combining survey and gravity models...
2026-10-06 05:31:06 - models.od_matrix_v3 - INFO - ======================================================================
2026-10-06 05:31:06 - models.od_matrix_v3 - INFO - COMBINING OD MATRICES
2026-10-06 05:31:06 - models.od_matrix_v3 - INFO - ======================================================================
2026-10-06 05:31:06 - models.od_matrix_v3 - INFO - Survey matrix shape: (1, 1)
2026-10-06 05:31:06 - models.od_matrix_v3 - INFO - Local matrix shape: (8630, 2253)
2026-10-06 05:31:06 - models.od_matrix_v3 - INFO - Alpha (survey weight): 0.10
2026-10-06 05:31:06 - models.od_matrix_v3 - INFO - Local weight: 0.90
2026-10-06 05:31:06 - models.od_matrix_v3 - INFO - Aligning survey to local matrix structure...
2026-10-06 05:31:06 - models.od_matrix_v3 - INFO - Combining matrices (alpha blend where survey exists, local only where survey is empty)...
2026-10-06 05:31:08 - models.od_matrix_v3 - INFO - No scaling target specified. Using local matrix total: 3,830,443
2026-10-06 05:31:08 - models.od_matrix_v3 - INFO - Matrix total before scaling: 3,830,444
2026-10-06 05:31:08 - models.od_matrix_v3 - INFO - Scale factor: 1.000000
2026-10-06 05:31:08 - models.od_matrix_v3 - INFO - Applying robust rounding to guarantee target total...
2026-10-06 05:31:08 - models.od_matrix_v3 - INFO - Total after flooring: 1,472,168
2026-10-06 05:31:08 - models.od_matrix_v3 - INFO - Remainder to distribute: 2,358,275
2026-10-06 05:31:10 - models.od_matrix_v3 - INFO - ======================================================================
2026-10-06 05:31:10 - models.od_matrix_v3 - INFO - VERIFICATION
2026-10-06 05:31:10 - models.od_matrix_v3 - INFO - ======================================================================
2026-10-06 05:31:10 - models.od_matrix_v3 - INFO - Survey total trips: 2,684
2026-10-06 05:31:10 - models.od_matrix_v3 - INFO - Local total trips: 3,830,444
2026-10-06 05:31:10 - models.od_matrix_v3 - INFO - Combined total trips (before scaling): 3,830,444
2026-10-06 05:31:10 - models.od_matrix_v3 - INFO - Combined total trips (after scaling & rounding): 3,830,443
2026-10-06 05:31:10 - models.od_matrix_v3 - INFO - Target total: 3,830,443
2026-10-06 05:31:11 - models.od_matrix_v3 - INFO - Difference: 0
2026-10-06 05:31:11 - models.od_matrix_v3 - INFO - Combined matrix shape: (8630, 2253)
2026-10-06 05:31:11 - models.od_matrix_nonwork - INFO - ======================================================================
2026-10-06 05:31:11 - models.od_matrix_nonwork - INFO - NONWORK OD MATRIX CREATION COMPLETE - SHOPPING
2026-10-06 05:31:11 - models.od_matrix_nonwork - INFO - ======================================================================
2026-10-06 05:31:11 - models.plan_generator_nonwork - INFO -   OD matrix shape: (8630, 2253)
2026-10-06 05:31:11 - models.plan_generator_nonwork - INFO -   Unscaled total trips: 3,830,443
2026-10-06 05:31:11 - models.plan_generator_nonwork - INFO -   Scaling factor: 0.1
2026-10-06 05:31:11 - models.plan_generator_nonwork - INFO -   Scaled total trips: 382,820
2026-10-06 05:31:11 - models.plan_generator_nonwork - INFO - NonWorkPlanGenerator initialization complete
2026-10-06 05:31:11 - models.plan_generator_nonwork - INFO - ============================================================
2026-10-06 05:31:11 - models.plan_generator_nonwork - INFO - SHOPPING PLAN GENERATION
2026-10-06 05:31:11 - models.plan_generator_nonwork - INFO - ============================================================
2026-10-06 05:31:11 - models.plan_generator_nonwork - INFO -   Population base (non-employees in region): 7,105,779
2026-10-06 05:31:11 - models.plan_generator_nonwork - INFO -   Unscaled Shopping trips: 3,830,443
2026-10-06 05:31:11 - models.plan_generator_nonwork - INFO -   Scaling factor: 0.1
2026-10-06 05:31:11 - models.plan_generator_nonwork - INFO -   Scaled Shopping trips: 382,820
2026-10-06 05:31:11 - models.plan_generator_nonwork - INFO -   Expected scaled trips: 383,044
2026-10-06 05:31:11 - models.plan_generator_nonwork - INFO -   Scaling accuracy: 99.9%
2026-10-06 05:31:11 - models.plan_generator_nonwork - INFO - 
2026-10-06 05:31:11 - models.plan_generator_nonwork - INFO - Generating all Shopping plans using multiprocessing...
2026-10-06 05:31:12 - models.plan_generator_nonwork - INFO -   Using all 382,820 trips from scaled OD matrix
2026-10-06 05:31:12 - models.plan_generator_nonwork - INFO - Using 60 processes for Shopping plan generation
2026-10-06 05:31:12 - models.plan_generator_nonwork - INFO - Pre-loading data for Shopping multiprocessing...
2026-10-06 05:31:12 - models.plan_generator_nonwork - INFO -   Serialized GTFS stop data for workers: bus=120733 stops, rail=3301 stops
2026-10-06 05:31:12 - models.plan_generator_nonwork - INFO -   Prepared shared data with 92,984 home blocks
2026-10-06 05:31:12 - models.plan_generator_nonwork - INFO -   POI categories: 6
2026-10-06 05:31:12 - models.plan_generator_nonwork - INFO -   Chain patterns: 160
2026-10-06 05:31:12 - models.plan_generator_nonwork - INFO - Split 348557 OD pairs into 61 chunks
2026-10-06 05:44:34 - models.plan_generator_nonwork - INFO - 
2026-10-06 05:44:34 - models.plan_generator_nonwork - INFO - Shopping GENERATION COMPLETE
2026-10-06 05:44:34 - models.plan_generator_nonwork - INFO -   Plans generated: 382,820
2026-10-06 05:44:34 - models.plan_generator_nonwork - INFO -   Failed plans: 0
2026-10-06 05:44:34 - models.plan_generator_nonwork - INFO -   Chain retries: 18,991 / 401,822 attempts
2026-10-06 05:44:34 - models.plan_generator_nonwork - INFO -     Too short: 18,991
2026-10-06 05:44:34 - models.plan_generator_nonwork - INFO -     Bad structure (not Home-...-Home): 0
2026-10-06 05:44:34 - models.plan_generator_nonwork - INFO -     Missing purpose: 0
2026-10-06 05:44:34 - models.plan_generator_nonwork - INFO -     Contains Work: 0
2026-10-06 05:44:34 - models.plan_generator_nonwork - INFO -   POI retries: 658
2026-10-06 05:44:34 - models.plan_generator_nonwork - INFO -   Time retries: 0
2026-10-06 05:44:34 - models.plan_generator_nonwork - INFO -   Schedules built: 396,633
2026-10-06 05:44:34 - models.plan_generator_nonwork - INFO -     Trimmed to fit 24h: 148 (0.04%)
2026-10-06 05:44:34 - models.plan_generator_nonwork - INFO -     Dropped, over budget: 0 (0.00%)
2026-10-06 05:44:34 - models.plan_generator_nonwork - INFO -     Resampled, over budget (over_budget=resample): 13,813
2026-10-06 05:44:34 - models.plan_generator_nonwork - INFO -     Excess per trimmed schedule: mean 312.7 min, max 1453.6 min
2026-10-06 05:44:34 - models.plan_generator_nonwork - INFO -     Minutes actually removed: 45,332 total, mean 306.3 min
2026-10-06 05:44:34 - models.plan_generator_nonwork - INFO - ============================================================
2026-10-06 05:44:34 - models.mode_choice - INFO - ==================================================
2026-10-06 05:44:34 - models.mode_choice - INFO - MODE CHOICE STATISTICS
2026-10-06 05:44:34 - models.mode_choice - INFO - ==================================================
2026-10-06 05:44:34 - models.mode_choice - INFO -   Total mode choices: 1155998
2026-10-06 05:44:34 - models.mode_choice - INFO -   Fallback mode used: 0 times
2026-10-06 05:44:34 - models.mode_choice - INFO -   Chain retries: 0
2026-10-06 05:44:34 - models.mode_choice - INFO -   Mode distribution in generated plans:
2026-10-06 05:44:34 - models.mode_choice - INFO -     car: 92.8%
2026-10-06 05:44:34 - models.mode_choice - INFO -     bus: 5.4%
2026-10-06 05:44:34 - models.mode_choice - INFO -     walk: 1.6%
2026-10-06 05:44:34 - models.mode_choice - INFO -     rail: 0.3%
2026-10-06 05:44:34 - models.mode_choice - INFO - ==================================================
2026-10-06 05:44:34 - __main__ - INFO - Generated 382,820 Shopping plans
2026-10-06 05:44:34 - __main__ - INFO - 
2026-10-06 05:44:34 - __main__ - INFO - ------------------------------------------------------------
2026-10-06 05:44:34 - __main__ - INFO - GENERATING SCHOOL PLANS
2026-10-06 05:44:34 - __main__ - INFO - ------------------------------------------------------------
2026-10-06 05:44:34 - models.plan_generator_nonwork - INFO - Initialized NonWorkPlanGenerator for School
2026-10-06 05:44:34 - utils.coordinates - INFO - Initialized coordinate converter: EPSG:4326 <-> EPSG:26911
2026-10-06 05:44:34 - models.plan_generator_nonwork - INFO -   Coordinate system: WGS84 -> EPSG:26911
2026-10-06 05:44:34 - models.plan_generator_nonwork - INFO - Using pre-loaded shared data...
2026-10-06 05:44:34 - models.plan_generator_nonwork - INFO -   Using 92,984 home blocks (pre-loaded)
2026-10-06 05:44:34 - models.plan_generator_nonwork - INFO -   Using 114,545 POIs (pre-loaded)
2026-10-06 05:44:34 - models.plan_generator_nonwork - INFO -   Using 12,403 survey trips (pre-loaded)
2026-10-06 05:44:34 - models.plan_generator_nonwork - INFO -   Using 4,172 persons (pre-loaded)
2026-10-06 05:44:34 - models.plan_generator_nonwork - INFO -   Using 787 trip chains (pre-loaded)
2026-10-06 05:44:34 - models.plan_generator_nonwork - INFO -   Using 114,545 POI-to-block mappings (pre-computed)
2026-10-06 05:44:34 - models.plan_generator_nonwork - INFO -   Using shared trip duration model (pre-initialized)
2026-10-06 05:44:34 - models.plan_generator_nonwork - INFO -   Using shared activity duration model (pre-initialized)
2026-10-06 05:44:34 - models.plan_generator_nonwork - INFO -   Using shared POI spatial index (pre-built)
2026-10-06 05:44:34 - models.plan_generator_nonwork - INFO - Initializing time models...
2026-10-06 05:44:34 - models.plan_generator_nonwork - INFO -   Using shared trip duration model
2026-10-06 05:44:34 - models.plan_generator_nonwork - INFO -   Using shared activity duration model
2026-10-06 05:44:34 - models.plan_generator_nonwork - INFO -   Time models initialized
2026-10-06 05:44:34 - models.plan_generator_nonwork - INFO -   Average trip duration: 20.4 minutes
2026-10-06 05:44:34 - models.plan_generator_nonwork - INFO - Initializing POI components...
2026-10-06 05:44:34 - models.plan_generator_nonwork - INFO -   Using shared POI spatial index: 6 activity types, 114,545 POIs
2026-10-06 05:44:34 - models.plan_generator_nonwork - INFO -   POI weighting enabled: True
2026-10-06 05:44:34 - models.plan_generator_nonwork - INFO - Initializing chain model...
2026-10-06 05:44:34 - models.plan_generator_nonwork - INFO -   School: budget chain model, 96 main-purpose patterns
2026-10-06 05:44:34 - models.plan_generator_nonwork - INFO - Initializing GTFS transit availability...
2026-10-06 05:44:41 - models.plan_generator_nonwork - INFO -   GTFS availability rebuilt from shared data: bus=120733 stops, rail=3301 stops
2026-10-06 05:44:41 - models.plan_generator_nonwork - INFO - Initializing mode choice model...
2026-10-06 05:44:41 - models.mode_choice - INFO - Computing mode shares from survey data...
2026-10-06 05:44:41 - models.mode_choice - INFO - Computed mode rates for 8 purposes
2026-10-06 05:44:41 - models.mode_choice - INFO -   Overall mode distribution: car=87.2%, walk=6.3%, school_bus=3.2%, bike=1.2%, bus=0.8%, rail=0.6%, rideshare=0.5%, other=0.3%
2026-10-06 05:44:41 - models.mode_choice - INFO - ModeChoiceModel initialized with 4 modes: ['car', 'bus', 'rail', 'walk']
2026-10-06 05:44:41 - models.plan_generator_nonwork - INFO - Creating School OD matrix...
2026-10-06 05:44:41 - models.plan_generator_nonwork - INFO -   Using pre-computed POI-to-block mapping
2026-10-06 05:44:41 - models.od_matrix_nonwork - INFO - ======================================================================
2026-10-06 05:44:41 - models.od_matrix_nonwork - INFO - CREATING NON-WORK OD MATRIX - SCHOOL
2026-10-06 05:44:41 - models.od_matrix_nonwork - INFO - ======================================================================
2026-10-06 05:44:41 - models.od_matrix_nonwork - INFO - Configuration:
2026-10-06 05:44:41 - models.od_matrix_nonwork - INFO -   Beta (distance decay): 2.0
2026-10-06 05:44:41 - models.od_matrix_nonwork - INFO -   Alpha (survey weight): 0.15
2026-10-06 05:44:41 - models.od_matrix_nonwork - INFO -   Distance mode: cosine_km
2026-10-06 05:44:41 - models.od_matrix_nonwork - INFO - Calculating POI density for School...
2026-10-06 05:44:41 - models.od_matrix_nonwork - INFO -   Total POIs to process: 114,545
2026-10-06 05:44:42 - models.od_matrix_nonwork - INFO -   Filtered to 17,549 School POIs
2026-10-06 05:44:42 - models.od_matrix_nonwork - INFO -   Using pre-computed POI-to-block mapping (fast path)
2026-10-06 05:44:42 - models.od_matrix_nonwork - INFO -   POI assignment complete:
2026-10-06 05:44:42 - models.od_matrix_nonwork - INFO -     Blocks with POIs: 5,851
2026-10-06 05:44:42 - models.od_matrix_nonwork - INFO -     Total POIs assigned: 17,549
2026-10-06 05:44:42 - models.od_matrix_nonwork - INFO -     Avg POIs per block (non-zero): 3.0
2026-10-06 05:44:42 - models.od_matrix_nonwork - INFO - Creating survey OD matrix for School...
2026-10-06 05:44:42 - models.od_matrix_nonwork - INFO -   Filtered to 821 trips (from 12,403 total)
2026-10-06 05:44:42 - models.od_matrix_nonwork - INFO -   Survey OD matrix created: (1, 1)
2026-10-06 05:44:42 - models.od_matrix_nonwork - INFO -   Total trips in survey matrix: 821
2026-10-06 05:44:42 - models.od_matrix_nonwork - INFO - ======================================================================
2026-10-06 05:44:42 - models.od_matrix_nonwork - INFO - SINGLY-CONSTRAINED GRAVITY MODEL - SCHOOL
2026-10-06 05:44:42 - models.od_matrix_nonwork - INFO - ======================================================================
2026-10-06 05:44:42 - models.od_matrix_nonwork - INFO - Origins from the demand budget ('nw_origin_School' per home block)
2026-10-06 05:44:42 - models.od_matrix_nonwork - INFO -   Pre-aggregated 92,984 blocks -> 8,630 block_groups (home)
2026-10-06 05:44:42 - models.od_matrix_nonwork - INFO -   Pre-aggregated POI blocks -> 3,739 block_groups with POIs
2026-10-06 05:44:42 - models.od_matrix_nonwork - INFO - Number of home block_groups: 8630
2026-10-06 05:44:42 - models.od_matrix_nonwork - INFO - Number of destination block_groups (with POIs): 3739
2026-10-06 05:44:42 - models.od_matrix_nonwork - INFO - Distance decay beta: 2.0
2026-10-06 05:44:42 - models.od_matrix_nonwork - INFO - Total non-employees (base): 7,105,779
2026-10-06 05:44:42 - models.od_matrix_nonwork - INFO - Total travelers (demand budget): 3,616,072
2026-10-06 05:44:42 - models.od_matrix_nonwork - INFO - Total POIs (destination): 17,549
2026-10-06 05:44:42 - models.od_matrix_nonwork - INFO - Extracting coordinates...
2026-10-06 05:44:42 - models.od_matrix_nonwork - INFO - Calculating distances and friction factors (mode: cosine_km)...
2026-10-06 05:44:43 - models.od_matrix_v3 - INFO -   Intrazonal distance set from zone area on 3,739 diagonal cells (factor 0.5): median 0 m -> 170 m
2026-10-06 05:44:43 - models.od_matrix_nonwork - INFO -   Distances in km: median 35.61, min 0.050, max 215.9
2026-10-06 05:44:44 - models.od_matrix_nonwork - INFO - Initial gravity model total trips: 3,616,072
2026-10-06 05:44:44 - models.od_matrix_nonwork - INFO - 
Running IPF iterations (max 50)...
2026-10-06 05:44:44 - models.od_matrix_nonwork - INFO -   Iteration 1: Max relative difference = 7.30e-16
2026-10-06 05:44:44 - models.od_matrix_nonwork - INFO - Converged after 1 iterations
2026-10-06 05:44:44 - models.od_matrix_nonwork - INFO - ======================================================================
2026-10-06 05:44:44 - models.od_matrix_nonwork - INFO - VERIFICATION
2026-10-06 05:44:44 - models.od_matrix_nonwork - INFO - ======================================================================
2026-10-06 05:44:44 - models.od_matrix_nonwork - INFO - Origin total: 3,616,072 | Matrix row sum: 3,616,072
2026-10-06 05:44:44 - models.od_matrix_nonwork - INFO - Max row constraint error: 4.55e-13
2026-10-06 05:44:44 - models.od_matrix_nonwork - INFO - Total trips in gravity model: 3,616,072
2026-10-06 05:44:44 - models.od_matrix_nonwork - INFO - 
2026-10-06 05:44:44 - models.od_matrix_nonwork - INFO -   Gravity model (block-group level): (8630, 3739)
2026-10-06 05:44:44 - models.od_matrix_nonwork - INFO -   Survey matrix: (1, 1)
2026-10-06 05:44:44 - models.od_matrix_nonwork - INFO - 
Combining survey and gravity models...
2026-10-06 05:44:44 - models.od_matrix_v3 - INFO - ======================================================================
2026-10-06 05:44:44 - models.od_matrix_v3 - INFO - COMBINING OD MATRICES
2026-10-06 05:44:44 - models.od_matrix_v3 - INFO - ======================================================================
2026-10-06 05:44:44 - models.od_matrix_v3 - INFO - Survey matrix shape: (1, 1)
2026-10-06 05:44:44 - models.od_matrix_v3 - INFO - Local matrix shape: (8630, 3739)
2026-10-06 05:44:44 - models.od_matrix_v3 - INFO - Alpha (survey weight): 0.15
2026-10-06 05:44:44 - models.od_matrix_v3 - INFO - Local weight: 0.85
2026-10-06 05:44:44 - models.od_matrix_v3 - INFO - Aligning survey to local matrix structure...
2026-10-06 05:44:44 - models.od_matrix_v3 - INFO - Combining matrices (alpha blend where survey exists, local only where survey is empty)...
2026-10-06 05:44:47 - models.od_matrix_v3 - INFO - No scaling target specified. Using local matrix total: 3,616,072
2026-10-06 05:44:47 - models.od_matrix_v3 - INFO - Matrix total before scaling: 3,616,072
2026-10-06 05:44:47 - models.od_matrix_v3 - INFO - Scale factor: 1.000000
2026-10-06 05:44:47 - models.od_matrix_v3 - INFO - Applying robust rounding to guarantee target total...
2026-10-06 05:44:48 - models.od_matrix_v3 - INFO - Total after flooring: 2,455,127
2026-10-06 05:44:48 - models.od_matrix_v3 - INFO - Remainder to distribute: 1,160,945
2026-10-06 05:44:50 - models.od_matrix_v3 - INFO - ======================================================================
2026-10-06 05:44:50 - models.od_matrix_v3 - INFO - VERIFICATION
2026-10-06 05:44:50 - models.od_matrix_v3 - INFO - ======================================================================
2026-10-06 05:44:50 - models.od_matrix_v3 - INFO - Survey total trips: 821
2026-10-06 05:44:50 - models.od_matrix_v3 - INFO - Local total trips: 3,616,072
2026-10-06 05:44:50 - models.od_matrix_v3 - INFO - Combined total trips (before scaling): 3,616,072
2026-10-06 05:44:51 - models.od_matrix_v3 - INFO - Combined total trips (after scaling & rounding): 3,616,072
2026-10-06 05:44:51 - models.od_matrix_v3 - INFO - Target total: 3,616,072
2026-10-06 05:44:51 - models.od_matrix_v3 - INFO - Difference: 0
2026-10-06 05:44:51 - models.od_matrix_v3 - INFO - Combined matrix shape: (8630, 3739)
2026-10-06 05:44:51 - models.od_matrix_nonwork - INFO - ======================================================================
2026-10-06 05:44:51 - models.od_matrix_nonwork - INFO - NONWORK OD MATRIX CREATION COMPLETE - SCHOOL
2026-10-06 05:44:51 - models.od_matrix_nonwork - INFO - ======================================================================
2026-10-06 05:44:51 - models.plan_generator_nonwork - INFO -   OD matrix shape: (8630, 3739)
2026-10-06 05:44:51 - models.plan_generator_nonwork - INFO -   Unscaled total trips: 3,616,072
2026-10-06 05:44:51 - models.plan_generator_nonwork - INFO -   Scaling factor: 0.1
2026-10-06 05:44:51 - models.plan_generator_nonwork - INFO -   Scaled total trips: 361,448
2026-10-06 05:44:51 - models.plan_generator_nonwork - INFO - NonWorkPlanGenerator initialization complete
2026-10-06 05:44:51 - models.plan_generator_nonwork - INFO - ============================================================
2026-10-06 05:44:51 - models.plan_generator_nonwork - INFO - SCHOOL PLAN GENERATION
2026-10-06 05:44:51 - models.plan_generator_nonwork - INFO - ============================================================
2026-10-06 05:44:51 - models.plan_generator_nonwork - INFO -   Population base (non-employees in region): 7,105,779
2026-10-06 05:44:51 - models.plan_generator_nonwork - INFO -   Unscaled School trips: 3,616,072
2026-10-06 05:44:51 - models.plan_generator_nonwork - INFO -   Scaling factor: 0.1
2026-10-06 05:44:51 - models.plan_generator_nonwork - INFO -   Scaled School trips: 361,448
2026-10-06 05:44:51 - models.plan_generator_nonwork - INFO -   Expected scaled trips: 361,607
2026-10-06 05:44:51 - models.plan_generator_nonwork - INFO -   Scaling accuracy: 100.0%
2026-10-06 05:44:51 - models.plan_generator_nonwork - INFO - 
2026-10-06 05:44:51 - models.plan_generator_nonwork - INFO - Generating all School plans using multiprocessing...
2026-10-06 05:44:52 - models.plan_generator_nonwork - INFO -   Using all 361,448 trips from scaled OD matrix
2026-10-06 05:44:52 - models.plan_generator_nonwork - INFO - Using 60 processes for School plan generation
2026-10-06 05:44:52 - models.plan_generator_nonwork - INFO - Pre-loading data for School multiprocessing...
2026-10-06 05:44:52 - models.plan_generator_nonwork - INFO -   Serialized GTFS stop data for workers: bus=120733 stops, rail=3301 stops
2026-10-06 05:44:52 - models.plan_generator_nonwork - INFO -   Prepared shared data with 92,984 home blocks
2026-10-06 05:44:52 - models.plan_generator_nonwork - INFO -   POI categories: 6
2026-10-06 05:44:52 - models.plan_generator_nonwork - INFO -   Chain patterns: 96
2026-10-06 05:44:52 - models.plan_generator_nonwork - INFO - Split 217045 OD pairs into 61 chunks
2026-10-06 05:56:43 - models.plan_generator_nonwork - INFO - 
2026-10-06 05:56:43 - models.plan_generator_nonwork - INFO - School GENERATION COMPLETE
2026-10-06 05:56:43 - models.plan_generator_nonwork - INFO -   Plans generated: 361,448
2026-10-06 05:56:43 - models.plan_generator_nonwork - INFO -   Failed plans: 0
2026-10-06 05:56:43 - models.plan_generator_nonwork - INFO -   Chain retries: 2,640 / 364,098 attempts
2026-10-06 05:56:43 - models.plan_generator_nonwork - INFO -     Too short: 2,640
2026-10-06 05:56:43 - models.plan_generator_nonwork - INFO -     Bad structure (not Home-...-Home): 0
2026-10-06 05:56:43 - models.plan_generator_nonwork - INFO -     Missing purpose: 0
2026-10-06 05:56:43 - models.plan_generator_nonwork - INFO -     Contains Work: 0
2026-10-06 05:56:43 - models.plan_generator_nonwork - INFO -   POI retries: 487
2026-10-06 05:56:43 - models.plan_generator_nonwork - INFO -   Time retries: 0
2026-10-06 05:56:43 - models.plan_generator_nonwork - INFO -   Schedules built: 372,920
2026-10-06 05:56:43 - models.plan_generator_nonwork - INFO -     Trimmed to fit 24h: 193 (0.05%)
2026-10-06 05:56:43 - models.plan_generator_nonwork - INFO -     Dropped, over budget: 0 (0.00%)
2026-10-06 05:56:43 - models.plan_generator_nonwork - INFO -     Resampled, over budget (over_budget=resample): 11,472
2026-10-06 05:56:43 - models.plan_generator_nonwork - INFO -     Excess per trimmed schedule: mean 359.4 min, max 1041.5 min
2026-10-06 05:56:43 - models.plan_generator_nonwork - INFO -     Minutes actually removed: 67,221 total, mean 348.3 min
2026-10-06 05:56:43 - models.plan_generator_nonwork - INFO - ============================================================
2026-10-06 05:56:43 - models.mode_choice - INFO - ==================================================
2026-10-06 05:56:43 - models.mode_choice - INFO - MODE CHOICE STATISTICS
2026-10-06 05:56:43 - models.mode_choice - INFO - ==================================================
2026-10-06 05:56:43 - models.mode_choice - INFO -   Total mode choices: 918393
2026-10-06 05:56:43 - models.mode_choice - INFO -   Fallback mode used: 0 times
2026-10-06 05:56:43 - models.mode_choice - INFO -   Chain retries: 0
2026-10-06 05:56:43 - models.mode_choice - INFO -   Mode distribution in generated plans:
2026-10-06 05:56:43 - models.mode_choice - INFO -     car: 90.9%
2026-10-06 05:56:43 - models.mode_choice - INFO -     bus: 7.2%
2026-10-06 05:56:43 - models.mode_choice - INFO -     walk: 1.4%
2026-10-06 05:56:43 - models.mode_choice - INFO -     rail: 0.5%
2026-10-06 05:56:43 - models.mode_choice - INFO - ==================================================
2026-10-06 05:56:43 - __main__ - INFO - Generated 361,448 School plans
2026-10-06 05:56:43 - __main__ - INFO - 
2026-10-06 05:56:43 - __main__ - INFO - ------------------------------------------------------------
2026-10-06 05:56:43 - __main__ - INFO - GENERATING SOCIAL PLANS
2026-10-06 05:56:43 - __main__ - INFO - ------------------------------------------------------------
2026-10-06 05:56:43 - models.plan_generator_nonwork - INFO - Initialized NonWorkPlanGenerator for Social
2026-10-06 05:56:43 - utils.coordinates - INFO - Initialized coordinate converter: EPSG:4326 <-> EPSG:26911
2026-10-06 05:56:43 - models.plan_generator_nonwork - INFO -   Coordinate system: WGS84 -> EPSG:26911
2026-10-06 05:56:43 - models.plan_generator_nonwork - INFO - Using pre-loaded shared data...
2026-10-06 05:56:43 - models.plan_generator_nonwork - INFO -   Using 92,984 home blocks (pre-loaded)
2026-10-06 05:56:43 - models.plan_generator_nonwork - INFO -   Using 114,545 POIs (pre-loaded)
2026-10-06 05:56:43 - models.plan_generator_nonwork - INFO -   Using 12,403 survey trips (pre-loaded)
2026-10-06 05:56:43 - models.plan_generator_nonwork - INFO -   Using 4,172 persons (pre-loaded)
2026-10-06 05:56:43 - models.plan_generator_nonwork - INFO -   Using 787 trip chains (pre-loaded)
2026-10-06 05:56:43 - models.plan_generator_nonwork - INFO -   Using 114,545 POI-to-block mappings (pre-computed)
2026-10-06 05:56:43 - models.plan_generator_nonwork - INFO -   Using shared trip duration model (pre-initialized)
2026-10-06 05:56:43 - models.plan_generator_nonwork - INFO -   Using shared activity duration model (pre-initialized)
2026-10-06 05:56:43 - models.plan_generator_nonwork - INFO -   Using shared POI spatial index (pre-built)
2026-10-06 05:56:43 - models.plan_generator_nonwork - INFO - Initializing time models...
2026-10-06 05:56:43 - models.plan_generator_nonwork - INFO -   Using shared trip duration model
2026-10-06 05:56:43 - models.plan_generator_nonwork - INFO -   Using shared activity duration model
2026-10-06 05:56:43 - models.plan_generator_nonwork - INFO -   Time models initialized
2026-10-06 05:56:43 - models.plan_generator_nonwork - INFO -   Average trip duration: 20.4 minutes
2026-10-06 05:56:43 - models.plan_generator_nonwork - INFO - Initializing POI components...
2026-10-06 05:56:43 - models.plan_generator_nonwork - INFO -   Using shared POI spatial index: 6 activity types, 114,545 POIs
2026-10-06 05:56:43 - models.plan_generator_nonwork - INFO -   POI weighting enabled: True
2026-10-06 05:56:43 - models.plan_generator_nonwork - INFO - Initializing chain model...
2026-10-06 05:56:43 - models.plan_generator_nonwork - INFO -   Social: budget chain model, 151 main-purpose patterns
2026-10-06 05:56:43 - models.plan_generator_nonwork - INFO - Initializing GTFS transit availability...
2026-10-06 05:56:44 - models.plan_generator_nonwork - INFO -   GTFS availability rebuilt from shared data: bus=120733 stops, rail=3301 stops
2026-10-06 05:56:44 - models.plan_generator_nonwork - INFO - Initializing mode choice model...
2026-10-06 05:56:44 - models.mode_choice - INFO - Computing mode shares from survey data...
2026-10-06 05:56:44 - models.mode_choice - INFO - Computed mode rates for 8 purposes
2026-10-06 05:56:44 - models.mode_choice - INFO -   Overall mode distribution: car=87.2%, walk=6.3%, school_bus=3.2%, bike=1.2%, bus=0.8%, rail=0.6%, rideshare=0.5%, other=0.3%
2026-10-06 05:56:44 - models.mode_choice - INFO - ModeChoiceModel initialized with 4 modes: ['car', 'bus', 'rail', 'walk']
2026-10-06 05:56:44 - models.plan_generator_nonwork - INFO - Creating Social OD matrix...
2026-10-06 05:56:44 - models.plan_generator_nonwork - INFO -   Using pre-computed POI-to-block mapping
2026-10-06 05:56:44 - models.od_matrix_nonwork - INFO - ======================================================================
2026-10-06 05:56:44 - models.od_matrix_nonwork - INFO - CREATING NON-WORK OD MATRIX - SOCIAL
2026-10-06 05:56:44 - models.od_matrix_nonwork - INFO - ======================================================================
2026-10-06 05:56:44 - models.od_matrix_nonwork - INFO - Configuration:
2026-10-06 05:56:44 - models.od_matrix_nonwork - INFO -   Beta (distance decay): 1.2
2026-10-06 05:56:44 - models.od_matrix_nonwork - INFO -   Alpha (survey weight): 0.1
2026-10-06 05:56:44 - models.od_matrix_nonwork - INFO -   Distance mode: cosine_km
2026-10-06 05:56:45 - models.od_matrix_nonwork - INFO - Calculating POI density for Social...
2026-10-06 05:56:45 - models.od_matrix_nonwork - INFO -   Total POIs to process: 114,545
2026-10-06 05:56:45 - models.od_matrix_nonwork - INFO -   Filtered to 44,604 Social POIs
2026-10-06 05:56:45 - models.od_matrix_nonwork - INFO -   Using pre-computed POI-to-block mapping (fast path)
2026-10-06 05:56:45 - models.od_matrix_nonwork - INFO -   POI assignment complete:
2026-10-06 05:56:45 - models.od_matrix_nonwork - INFO -     Blocks with POIs: 14,060
2026-10-06 05:56:45 - models.od_matrix_nonwork - INFO -     Total POIs assigned: 44,604
2026-10-06 05:56:45 - models.od_matrix_nonwork - INFO -     Avg POIs per block (non-zero): 3.2
2026-10-06 05:56:45 - models.od_matrix_nonwork - INFO - Creating survey OD matrix for Social...
2026-10-06 05:56:45 - models.od_matrix_nonwork - INFO -   Filtered to 1,155 trips (from 12,403 total)
2026-10-06 05:56:45 - models.od_matrix_nonwork - INFO -   Survey OD matrix created: (1, 1)
2026-10-06 05:56:45 - models.od_matrix_nonwork - INFO -   Total trips in survey matrix: 1,155
2026-10-06 05:56:45 - models.od_matrix_nonwork - INFO - ======================================================================
2026-10-06 05:56:45 - models.od_matrix_nonwork - INFO - SINGLY-CONSTRAINED GRAVITY MODEL - SOCIAL
2026-10-06 05:56:45 - models.od_matrix_nonwork - INFO - ======================================================================
2026-10-06 05:56:45 - models.od_matrix_nonwork - INFO - Origins from the demand budget ('nw_origin_Social' per home block)
2026-10-06 05:56:45 - models.od_matrix_nonwork - INFO -   Pre-aggregated 92,984 blocks -> 8,630 block_groups (home)
2026-10-06 05:56:45 - models.od_matrix_nonwork - INFO -   Pre-aggregated POI blocks -> 4,945 block_groups with POIs
2026-10-06 05:56:45 - models.od_matrix_nonwork - INFO - Number of home block_groups: 8630
2026-10-06 05:56:45 - models.od_matrix_nonwork - INFO - Number of destination block_groups (with POIs): 4945
2026-10-06 05:56:45 - models.od_matrix_nonwork - INFO - Distance decay beta: 1.2
2026-10-06 05:56:45 - models.od_matrix_nonwork - INFO - Total non-employees (base): 7,105,779
2026-10-06 05:56:45 - models.od_matrix_nonwork - INFO - Total travelers (demand budget): 2,563,660
2026-10-06 05:56:45 - models.od_matrix_nonwork - INFO - Total POIs (destination): 44,604
2026-10-06 05:56:45 - models.od_matrix_nonwork - INFO - Extracting coordinates...
2026-10-06 05:56:45 - models.od_matrix_nonwork - INFO - Calculating distances and friction factors (mode: cosine_km)...
2026-10-06 05:56:46 - models.od_matrix_v3 - INFO -   Intrazonal distance set from zone area on 4,945 diagonal cells (factor 0.5): median 0 m -> 169 m
2026-10-06 05:56:46 - models.od_matrix_nonwork - INFO -   Distances in km: median 37.16, min 0.050, max 215.8
2026-10-06 05:56:47 - models.od_matrix_nonwork - INFO - Initial gravity model total trips: 2,563,660
2026-10-06 05:56:47 - models.od_matrix_nonwork - INFO - 
Running IPF iterations (max 50)...
2026-10-06 05:56:47 - models.od_matrix_nonwork - INFO -   Iteration 1: Max relative difference = 5.25e-16
2026-10-06 05:56:47 - models.od_matrix_nonwork - INFO - Converged after 1 iterations
2026-10-06 05:56:47 - models.od_matrix_nonwork - INFO - ======================================================================
2026-10-06 05:56:47 - models.od_matrix_nonwork - INFO - VERIFICATION
2026-10-06 05:56:47 - models.od_matrix_nonwork - INFO - ======================================================================
2026-10-06 05:56:47 - models.od_matrix_nonwork - INFO - Origin total: 2,563,660 | Matrix row sum: 2,563,660
2026-10-06 05:56:47 - models.od_matrix_nonwork - INFO - Max row constraint error: 2.27e-13
2026-10-06 05:56:47 - models.od_matrix_nonwork - INFO - Total trips in gravity model: 2,563,660
2026-10-06 05:56:47 - models.od_matrix_nonwork - INFO - 
2026-10-06 05:56:47 - models.od_matrix_nonwork - INFO -   Gravity model (block-group level): (8630, 4945)
2026-10-06 05:56:47 - models.od_matrix_nonwork - INFO -   Survey matrix: (1, 1)
2026-10-06 05:56:47 - models.od_matrix_nonwork - INFO - 
Combining survey and gravity models...
2026-10-06 05:56:47 - models.od_matrix_v3 - INFO - ======================================================================
2026-10-06 05:56:47 - models.od_matrix_v3 - INFO - COMBINING OD MATRICES
2026-10-06 05:56:47 - models.od_matrix_v3 - INFO - ======================================================================
2026-10-06 05:56:47 - models.od_matrix_v3 - INFO - Survey matrix shape: (1, 1)
2026-10-06 05:56:47 - models.od_matrix_v3 - INFO - Local matrix shape: (8630, 4945)
2026-10-06 05:56:47 - models.od_matrix_v3 - INFO - Alpha (survey weight): 0.10
2026-10-06 05:56:47 - models.od_matrix_v3 - INFO - Local weight: 0.90
2026-10-06 05:56:47 - models.od_matrix_v3 - INFO - Aligning survey to local matrix structure...
2026-10-06 05:56:47 - models.od_matrix_v3 - INFO - Combining matrices (alpha blend where survey exists, local only where survey is empty)...
2026-10-06 05:56:52 - models.od_matrix_v3 - INFO - No scaling target specified. Using local matrix total: 2,563,659
2026-10-06 05:56:52 - models.od_matrix_v3 - INFO - Matrix total before scaling: 2,563,660
2026-10-06 05:56:52 - models.od_matrix_v3 - INFO - Scale factor: 1.000000
2026-10-06 05:56:52 - models.od_matrix_v3 - INFO - Applying robust rounding to guarantee target total...
2026-10-06 05:56:52 - models.od_matrix_v3 - INFO - Total after flooring: 682,501
2026-10-06 05:56:52 - models.od_matrix_v3 - INFO - Remainder to distribute: 1,881,158
2026-10-06 05:56:58 - models.od_matrix_v3 - INFO - ======================================================================
2026-10-06 05:56:58 - models.od_matrix_v3 - INFO - VERIFICATION
2026-10-06 05:56:58 - models.od_matrix_v3 - INFO - ======================================================================
2026-10-06 05:56:58 - models.od_matrix_v3 - INFO - Survey total trips: 1,155
2026-10-06 05:56:58 - models.od_matrix_v3 - INFO - Local total trips: 2,563,660
2026-10-06 05:56:58 - models.od_matrix_v3 - INFO - Combined total trips (before scaling): 2,563,660
2026-10-06 05:56:58 - models.od_matrix_v3 - INFO - Combined total trips (after scaling & rounding): 2,563,659
2026-10-06 05:56:58 - models.od_matrix_v3 - INFO - Target total: 2,563,659
2026-10-06 05:56:58 - models.od_matrix_v3 - INFO - Difference: 0
2026-10-06 05:56:58 - models.od_matrix_v3 - INFO - Combined matrix shape: (8630, 4945)
2026-10-06 05:56:58 - models.od_matrix_nonwork - INFO - ======================================================================
2026-10-06 05:56:58 - models.od_matrix_nonwork - INFO - NONWORK OD MATRIX CREATION COMPLETE - SOCIAL
2026-10-06 05:56:58 - models.od_matrix_nonwork - INFO - ======================================================================
2026-10-06 05:56:58 - models.plan_generator_nonwork - INFO -   OD matrix shape: (8630, 4945)
2026-10-06 05:56:58 - models.plan_generator_nonwork - INFO -   Unscaled total trips: 2,563,659
2026-10-06 05:56:58 - models.plan_generator_nonwork - INFO -   Scaling factor: 0.1
2026-10-06 05:56:59 - models.plan_generator_nonwork - INFO -   Scaled total trips: 256,138
2026-10-06 05:56:59 - models.plan_generator_nonwork - INFO - NonWorkPlanGenerator initialization complete
2026-10-06 05:56:59 - models.plan_generator_nonwork - INFO - ============================================================
2026-10-06 05:56:59 - models.plan_generator_nonwork - INFO - SOCIAL PLAN GENERATION
2026-10-06 05:56:59 - models.plan_generator_nonwork - INFO - ============================================================
2026-10-06 05:56:59 - models.plan_generator_nonwork - INFO -   Population base (non-employees in region): 7,105,779
2026-10-06 05:56:59 - models.plan_generator_nonwork - INFO -   Unscaled Social trips: 2,563,659
2026-10-06 05:56:59 - models.plan_generator_nonwork - INFO -   Scaling factor: 0.1
2026-10-06 05:56:59 - models.plan_generator_nonwork - INFO -   Scaled Social trips: 256,138
2026-10-06 05:56:59 - models.plan_generator_nonwork - INFO -   Expected scaled trips: 256,366
2026-10-06 05:56:59 - models.plan_generator_nonwork - INFO -   Scaling accuracy: 99.9%
2026-10-06 05:56:59 - models.plan_generator_nonwork - INFO - 
2026-10-06 05:56:59 - models.plan_generator_nonwork - INFO - Generating all Social plans using multiprocessing...
2026-10-06 05:56:59 - models.plan_generator_nonwork - INFO -   Using all 256,138 trips from scaled OD matrix
2026-10-06 05:56:59 - models.plan_generator_nonwork - INFO - Using 60 processes for Social plan generation
2026-10-06 05:56:59 - models.plan_generator_nonwork - INFO - Pre-loading data for Social multiprocessing...
2026-10-06 05:56:59 - models.plan_generator_nonwork - INFO -   Serialized GTFS stop data for workers: bus=120733 stops, rail=3301 stops
2026-10-06 05:56:59 - models.plan_generator_nonwork - INFO -   Prepared shared data with 92,984 home blocks
2026-10-06 05:56:59 - models.plan_generator_nonwork - INFO -   POI categories: 6
2026-10-06 05:56:59 - models.plan_generator_nonwork - INFO -   Chain patterns: 151
2026-10-06 05:56:59 - models.plan_generator_nonwork - INFO - Split 250983 OD pairs into 61 chunks
2026-10-06 06:10:57 - models.plan_generator_nonwork - INFO - 
2026-10-06 06:10:57 - models.plan_generator_nonwork - INFO - Social GENERATION COMPLETE
2026-10-06 06:10:57 - models.plan_generator_nonwork - INFO -   Plans generated: 256,138
2026-10-06 06:10:57 - models.plan_generator_nonwork - INFO -   Failed plans: 0
2026-10-06 06:10:57 - models.plan_generator_nonwork - INFO -   Chain retries: 56,766 / 312,931 attempts
2026-10-06 06:10:57 - models.plan_generator_nonwork - INFO -     Too short: 56,766
2026-10-06 06:10:57 - models.plan_generator_nonwork - INFO -     Bad structure (not Home-...-Home): 0
2026-10-06 06:10:57 - models.plan_generator_nonwork - INFO -     Missing purpose: 0
2026-10-06 06:10:57 - models.plan_generator_nonwork - INFO -     Contains Work: 0
2026-10-06 06:10:57 - models.plan_generator_nonwork - INFO -   POI retries: 943
2026-10-06 06:10:57 - models.plan_generator_nonwork - INFO -   Time retries: 3
2026-10-06 06:10:57 - models.plan_generator_nonwork - INFO -   Schedules built: 302,362
2026-10-06 06:10:57 - models.plan_generator_nonwork - INFO -     Trimmed to fit 24h: 1,325 (0.44%)
2026-10-06 06:10:57 - models.plan_generator_nonwork - INFO -     Dropped, over budget: 3 (0.00%)
2026-10-06 06:10:57 - models.plan_generator_nonwork - INFO -     Resampled, over budget (over_budget=resample): 46,221
2026-10-06 06:10:57 - models.plan_generator_nonwork - INFO -     Excess per trimmed schedule: mean 451.8 min, max 2021.8 min
2026-10-06 06:10:57 - models.plan_generator_nonwork - INFO -     Minutes actually removed: 579,405 total, mean 437.3 min
2026-10-06 06:10:57 - models.plan_generator_nonwork - INFO - ============================================================
2026-10-06 06:10:57 - models.mode_choice - INFO - ==================================================
2026-10-06 06:10:57 - models.mode_choice - INFO - MODE CHOICE STATISTICS
2026-10-06 06:10:57 - models.mode_choice - INFO - ==================================================
2026-10-06 06:10:57 - models.mode_choice - INFO -   Total mode choices: 845460
2026-10-06 06:10:57 - models.mode_choice - INFO -   Fallback mode used: 0 times
2026-10-06 06:10:57 - models.mode_choice - INFO -   Chain retries: 0
2026-10-06 06:10:57 - models.mode_choice - INFO -   Mode distribution in generated plans:
2026-10-06 06:10:57 - models.mode_choice - INFO -     car: 93.1%
2026-10-06 06:10:57 - models.mode_choice - INFO -     bus: 5.9%
2026-10-06 06:10:57 - models.mode_choice - INFO -     walk: 0.8%
2026-10-06 06:10:57 - models.mode_choice - INFO -     rail: 0.2%
2026-10-06 06:10:57 - models.mode_choice - INFO - ==================================================
2026-10-06 06:10:57 - __main__ - INFO - Generated 256,138 Social plans
2026-10-06 06:10:57 - __main__ - INFO - 
2026-10-06 06:10:57 - __main__ - INFO - ------------------------------------------------------------
2026-10-06 06:10:57 - __main__ - INFO - GENERATING DINING PLANS
2026-10-06 06:10:57 - __main__ - INFO - ------------------------------------------------------------
2026-10-06 06:10:57 - models.plan_generator_nonwork - INFO - Initialized NonWorkPlanGenerator for Dining
2026-10-06 06:10:57 - utils.coordinates - INFO - Initialized coordinate converter: EPSG:4326 <-> EPSG:26911
2026-10-06 06:10:57 - models.plan_generator_nonwork - INFO -   Coordinate system: WGS84 -> EPSG:26911
2026-10-06 06:10:57 - models.plan_generator_nonwork - INFO - Using pre-loaded shared data...
2026-10-06 06:10:57 - models.plan_generator_nonwork - INFO -   Using 92,984 home blocks (pre-loaded)
2026-10-06 06:10:57 - models.plan_generator_nonwork - INFO -   Using 114,545 POIs (pre-loaded)
2026-10-06 06:10:57 - models.plan_generator_nonwork - INFO -   Using 12,403 survey trips (pre-loaded)
2026-10-06 06:10:57 - models.plan_generator_nonwork - INFO -   Using 4,172 persons (pre-loaded)
2026-10-06 06:10:57 - models.plan_generator_nonwork - INFO -   Using 787 trip chains (pre-loaded)
2026-10-06 06:10:57 - models.plan_generator_nonwork - INFO -   Using 114,545 POI-to-block mappings (pre-computed)
2026-10-06 06:10:57 - models.plan_generator_nonwork - INFO -   Using shared trip duration model (pre-initialized)
2026-10-06 06:10:57 - models.plan_generator_nonwork - INFO -   Using shared activity duration model (pre-initialized)
2026-10-06 06:10:57 - models.plan_generator_nonwork - INFO -   Using shared POI spatial index (pre-built)
2026-10-06 06:10:57 - models.plan_generator_nonwork - INFO - Initializing time models...
2026-10-06 06:10:57 - models.plan_generator_nonwork - INFO -   Using shared trip duration model
2026-10-06 06:10:57 - models.plan_generator_nonwork - INFO -   Using shared activity duration model
2026-10-06 06:10:57 - models.plan_generator_nonwork - INFO -   Time models initialized
2026-10-06 06:10:57 - models.plan_generator_nonwork - INFO -   Average trip duration: 20.4 minutes
2026-10-06 06:10:57 - models.plan_generator_nonwork - INFO - Initializing POI components...
2026-10-06 06:10:57 - models.plan_generator_nonwork - INFO -   Using shared POI spatial index: 6 activity types, 114,545 POIs
2026-10-06 06:10:57 - models.plan_generator_nonwork - INFO -   POI weighting enabled: True
2026-10-06 06:10:57 - models.plan_generator_nonwork - INFO - Initializing chain model...
2026-10-06 06:10:57 - models.plan_generator_nonwork - INFO -   Dining: budget chain model, 75 main-purpose patterns
2026-10-06 06:10:57 - models.plan_generator_nonwork - INFO - Initializing GTFS transit availability...
2026-10-06 06:10:58 - models.plan_generator_nonwork - INFO -   GTFS availability rebuilt from shared data: bus=120733 stops, rail=3301 stops
2026-10-06 06:10:58 - models.plan_generator_nonwork - INFO - Initializing mode choice model...
2026-10-06 06:10:58 - models.mode_choice - INFO - Computing mode shares from survey data...
2026-10-06 06:10:58 - models.mode_choice - INFO - Computed mode rates for 8 purposes
2026-10-06 06:10:58 - models.mode_choice - INFO -   Overall mode distribution: car=87.2%, walk=6.3%, school_bus=3.2%, bike=1.2%, bus=0.8%, rail=0.6%, rideshare=0.5%, other=0.3%
2026-10-06 06:10:58 - models.mode_choice - INFO - ModeChoiceModel initialized with 4 modes: ['car', 'bus', 'rail', 'walk']
2026-10-06 06:10:58 - models.plan_generator_nonwork - INFO - Creating Dining OD matrix...
2026-10-06 06:10:58 - models.plan_generator_nonwork - INFO -   Using pre-computed POI-to-block mapping
2026-10-06 06:10:58 - models.od_matrix_nonwork - INFO - ======================================================================
2026-10-06 06:10:58 - models.od_matrix_nonwork - INFO - CREATING NON-WORK OD MATRIX - DINING
2026-10-06 06:10:58 - models.od_matrix_nonwork - INFO - ======================================================================
2026-10-06 06:10:58 - models.od_matrix_nonwork - INFO - Configuration:
2026-10-06 06:10:58 - models.od_matrix_nonwork - INFO -   Beta (distance decay): 1.2
2026-10-06 06:10:58 - models.od_matrix_nonwork - INFO -   Alpha (survey weight): 0.1
2026-10-06 06:10:58 - models.od_matrix_nonwork - INFO -   Distance mode: cosine_km
2026-10-06 06:10:58 - models.od_matrix_nonwork - INFO - Calculating POI density for Dining...
2026-10-06 06:10:58 - models.od_matrix_nonwork - INFO -   Total POIs to process: 114,545
2026-10-06 06:10:58 - models.od_matrix_nonwork - INFO -   Filtered to 19,024 Dining POIs
2026-10-06 06:10:58 - models.od_matrix_nonwork - INFO -   Using pre-computed POI-to-block mapping (fast path)
2026-10-06 06:10:58 - models.od_matrix_nonwork - INFO -   POI assignment complete:
2026-10-06 06:10:58 - models.od_matrix_nonwork - INFO -     Blocks with POIs: 7,422
2026-10-06 06:10:58 - models.od_matrix_nonwork - INFO -     Total POIs assigned: 19,024
2026-10-06 06:10:58 - models.od_matrix_nonwork - INFO -     Avg POIs per block (non-zero): 2.6
2026-10-06 06:10:58 - models.od_matrix_nonwork - INFO - Creating survey OD matrix for Dining...
2026-10-06 06:10:58 - models.od_matrix_nonwork - INFO -   Filtered to 776 trips (from 12,403 total)
2026-10-06 06:10:58 - models.od_matrix_nonwork - INFO -   Survey OD matrix created: (1, 1)
2026-10-06 06:10:58 - models.od_matrix_nonwork - INFO -   Total trips in survey matrix: 776
2026-10-06 06:10:58 - models.od_matrix_nonwork - INFO - ======================================================================
2026-10-06 06:10:58 - models.od_matrix_nonwork - INFO - SINGLY-CONSTRAINED GRAVITY MODEL - DINING
2026-10-06 06:10:58 - models.od_matrix_nonwork - INFO - ======================================================================
2026-10-06 06:10:58 - models.od_matrix_nonwork - INFO - Origins from the demand budget ('nw_origin_Dining' per home block)
2026-10-06 06:10:58 - models.od_matrix_nonwork - INFO -   Pre-aggregated 92,984 blocks -> 8,630 block_groups (home)
2026-10-06 06:10:58 - models.od_matrix_nonwork - INFO -   Pre-aggregated POI blocks -> 3,893 block_groups with POIs
2026-10-06 06:10:58 - models.od_matrix_nonwork - INFO - Number of home block_groups: 8630
2026-10-06 06:10:58 - models.od_matrix_nonwork - INFO - Number of destination block_groups (with POIs): 3893
2026-10-06 06:10:58 - models.od_matrix_nonwork - INFO - Distance decay beta: 1.2
2026-10-06 06:10:58 - models.od_matrix_nonwork - INFO - Total non-employees (base): 7,105,779
2026-10-06 06:10:58 - models.od_matrix_nonwork - INFO - Total travelers (demand budget): 1,287,521
2026-10-06 06:10:58 - models.od_matrix_nonwork - INFO - Total POIs (destination): 19,024
2026-10-06 06:10:58 - models.od_matrix_nonwork - INFO - Extracting coordinates...
2026-10-06 06:10:58 - models.od_matrix_nonwork - INFO - Calculating distances and friction factors (mode: cosine_km)...
2026-10-06 06:10:59 - models.od_matrix_v3 - INFO -   Intrazonal distance set from zone area on 3,893 diagonal cells (factor 0.5): median 0 m -> 158 m
2026-10-06 06:10:59 - models.od_matrix_nonwork - INFO -   Distances in km: median 35.14, min 0.050, max 215.7
2026-10-06 06:11:00 - models.od_matrix_nonwork - INFO - Initial gravity model total trips: 1,287,521
2026-10-06 06:11:00 - models.od_matrix_nonwork - INFO - 
Running IPF iterations (max 50)...
2026-10-06 06:11:00 - models.od_matrix_nonwork - INFO -   Iteration 1: Max relative difference = 6.79e-16
2026-10-06 06:11:00 - models.od_matrix_nonwork - INFO - Converged after 1 iterations
2026-10-06 06:11:00 - models.od_matrix_nonwork - INFO - ======================================================================
2026-10-06 06:11:00 - models.od_matrix_nonwork - INFO - VERIFICATION
2026-10-06 06:11:00 - models.od_matrix_nonwork - INFO - ======================================================================
2026-10-06 06:11:00 - models.od_matrix_nonwork - INFO - Origin total: 1,287,521 | Matrix row sum: 1,287,521
2026-10-06 06:11:00 - models.od_matrix_nonwork - INFO - Max row constraint error: 1.14e-13
2026-10-06 06:11:00 - models.od_matrix_nonwork - INFO - Total trips in gravity model: 1,287,521
2026-10-06 06:11:00 - models.od_matrix_nonwork - INFO - 
2026-10-06 06:11:00 - models.od_matrix_nonwork - INFO -   Gravity model (block-group level): (8630, 3893)
2026-10-06 06:11:00 - models.od_matrix_nonwork - INFO -   Survey matrix: (1, 1)
2026-10-06 06:11:00 - models.od_matrix_nonwork - INFO - 
Combining survey and gravity models...
2026-10-06 06:11:00 - models.od_matrix_v3 - INFO - ======================================================================
2026-10-06 06:11:00 - models.od_matrix_v3 - INFO - COMBINING OD MATRICES
2026-10-06 06:11:00 - models.od_matrix_v3 - INFO - ======================================================================
2026-10-06 06:11:00 - models.od_matrix_v3 - INFO - Survey matrix shape: (1, 1)
2026-10-06 06:11:00 - models.od_matrix_v3 - INFO - Local matrix shape: (8630, 3893)
2026-10-06 06:11:00 - models.od_matrix_v3 - INFO - Alpha (survey weight): 0.10
2026-10-06 06:11:00 - models.od_matrix_v3 - INFO - Local weight: 0.90
2026-10-06 06:11:00 - models.od_matrix_v3 - INFO - Aligning survey to local matrix structure...
2026-10-06 06:11:00 - models.od_matrix_v3 - INFO - Combining matrices (alpha blend where survey exists, local only where survey is empty)...
2026-10-06 06:11:04 - models.od_matrix_v3 - INFO - No scaling target specified. Using local matrix total: 1,287,521
2026-10-06 06:11:04 - models.od_matrix_v3 - INFO - Matrix total before scaling: 1,287,521
2026-10-06 06:11:04 - models.od_matrix_v3 - INFO - Scale factor: 1.000000
2026-10-06 06:11:04 - models.od_matrix_v3 - INFO - Applying robust rounding to guarantee target total...
2026-10-06 06:11:04 - models.od_matrix_v3 - INFO - Total after flooring: 178,672
2026-10-06 06:11:04 - models.od_matrix_v3 - INFO - Remainder to distribute: 1,108,849
2026-10-06 06:11:09 - models.od_matrix_v3 - INFO - ======================================================================
2026-10-06 06:11:09 - models.od_matrix_v3 - INFO - VERIFICATION
2026-10-06 06:11:09 - models.od_matrix_v3 - INFO - ======================================================================
2026-10-06 06:11:09 - models.od_matrix_v3 - INFO - Survey total trips: 776
2026-10-06 06:11:09 - models.od_matrix_v3 - INFO - Local total trips: 1,287,521
2026-10-06 06:11:09 - models.od_matrix_v3 - INFO - Combined total trips (before scaling): 1,287,521
2026-10-06 06:11:09 - models.od_matrix_v3 - INFO - Combined total trips (after scaling & rounding): 1,287,521
2026-10-06 06:11:09 - models.od_matrix_v3 - INFO - Target total: 1,287,521
2026-10-06 06:11:09 - models.od_matrix_v3 - INFO - Difference: 0
2026-10-06 06:11:09 - models.od_matrix_v3 - INFO - Combined matrix shape: (8630, 3893)
2026-10-06 06:11:09 - models.od_matrix_nonwork - INFO - ======================================================================
2026-10-06 06:11:09 - models.od_matrix_nonwork - INFO - NONWORK OD MATRIX CREATION COMPLETE - DINING
2026-10-06 06:11:09 - models.od_matrix_nonwork - INFO - ======================================================================
2026-10-06 06:11:09 - models.plan_generator_nonwork - INFO -   OD matrix shape: (8630, 3893)
2026-10-06 06:11:09 - models.plan_generator_nonwork - INFO -   Unscaled total trips: 1,287,521
2026-10-06 06:11:09 - models.plan_generator_nonwork - INFO -   Scaling factor: 0.1
2026-10-06 06:11:09 - models.plan_generator_nonwork - INFO -   Scaled total trips: 128,502
2026-10-06 06:11:09 - models.plan_generator_nonwork - INFO - NonWorkPlanGenerator initialization complete
2026-10-06 06:11:09 - models.plan_generator_nonwork - INFO - ============================================================
2026-10-06 06:11:09 - models.plan_generator_nonwork - INFO - DINING PLAN GENERATION
2026-10-06 06:11:09 - models.plan_generator_nonwork - INFO - ============================================================
2026-10-06 06:11:09 - models.plan_generator_nonwork - INFO -   Population base (non-employees in region): 7,105,779
2026-10-06 06:11:09 - models.plan_generator_nonwork - INFO -   Unscaled Dining trips: 1,287,521
2026-10-06 06:11:09 - models.plan_generator_nonwork - INFO -   Scaling factor: 0.1
2026-10-06 06:11:09 - models.plan_generator_nonwork - INFO -   Scaled Dining trips: 128,502
2026-10-06 06:11:09 - models.plan_generator_nonwork - INFO -   Expected scaled trips: 128,752
2026-10-06 06:11:09 - models.plan_generator_nonwork - INFO -   Scaling accuracy: 99.8%
2026-10-06 06:11:09 - models.plan_generator_nonwork - INFO - 
2026-10-06 06:11:09 - models.plan_generator_nonwork - INFO - Generating all Dining plans using multiprocessing...
2026-10-06 06:11:10 - models.plan_generator_nonwork - INFO -   Using all 128,502 trips from scaled OD matrix
2026-10-06 06:11:10 - models.plan_generator_nonwork - INFO - Using 60 processes for Dining plan generation
2026-10-06 06:11:10 - models.plan_generator_nonwork - INFO - Pre-loading data for Dining multiprocessing...
2026-10-06 06:11:10 - models.plan_generator_nonwork - INFO -   Serialized GTFS stop data for workers: bus=120733 stops, rail=3301 stops
2026-10-06 06:11:10 - models.plan_generator_nonwork - INFO -   Prepared shared data with 92,984 home blocks
2026-10-06 06:11:10 - models.plan_generator_nonwork - INFO -   POI categories: 6
2026-10-06 06:11:10 - models.plan_generator_nonwork - INFO -   Chain patterns: 75
2026-10-06 06:11:10 - models.plan_generator_nonwork - INFO - Split 126157 OD pairs into 61 chunks
2026-10-06 06:16:43 - models.plan_generator_nonwork - INFO - 
2026-10-06 06:16:43 - models.plan_generator_nonwork - INFO - Dining GENERATION COMPLETE
2026-10-06 06:16:43 - models.plan_generator_nonwork - INFO -   Plans generated: 128,502
2026-10-06 06:16:43 - models.plan_generator_nonwork - INFO -   Failed plans: 0
2026-10-06 06:16:43 - models.plan_generator_nonwork - INFO -   Chain retries: 2,831 / 131,337 attempts
2026-10-06 06:16:43 - models.plan_generator_nonwork - INFO -     Too short: 2,831
2026-10-06 06:16:43 - models.plan_generator_nonwork - INFO -     Bad structure (not Home-...-Home): 0
2026-10-06 06:16:43 - models.plan_generator_nonwork - INFO -     Missing purpose: 0
2026-10-06 06:16:43 - models.plan_generator_nonwork - INFO -     Contains Work: 0
2026-10-06 06:16:43 - models.plan_generator_nonwork - INFO -   POI retries: 276
2026-10-06 06:16:43 - models.plan_generator_nonwork - INFO -   Time retries: 0
2026-10-06 06:16:43 - models.plan_generator_nonwork - INFO -   Schedules built: 134,150
2026-10-06 06:16:43 - models.plan_generator_nonwork - INFO -     Trimmed to fit 24h: 31 (0.02%)
2026-10-06 06:16:43 - models.plan_generator_nonwork - INFO -     Dropped, over budget: 0 (0.00%)
2026-10-06 06:16:43 - models.plan_generator_nonwork - INFO -     Resampled, over budget (over_budget=resample): 5,648
2026-10-06 06:16:43 - models.plan_generator_nonwork - INFO -     Excess per trimmed schedule: mean 324.1 min, max 1300.4 min
2026-10-06 06:16:43 - models.plan_generator_nonwork - INFO -     Minutes actually removed: 9,766 total, mean 315.0 min
2026-10-06 06:16:43 - models.plan_generator_nonwork - INFO - ============================================================
2026-10-06 06:16:43 - models.mode_choice - INFO - ==================================================
2026-10-06 06:16:43 - models.mode_choice - INFO - MODE CHOICE STATISTICS
2026-10-06 06:16:43 - models.mode_choice - INFO - ==================================================
2026-10-06 06:16:43 - models.mode_choice - INFO -   Total mode choices: 375967
2026-10-06 06:16:43 - models.mode_choice - INFO -   Fallback mode used: 0 times
2026-10-06 06:16:43 - models.mode_choice - INFO -   Chain retries: 0
2026-10-06 06:16:43 - models.mode_choice - INFO -   Mode distribution in generated plans:
2026-10-06 06:16:43 - models.mode_choice - INFO -     car: 93.2%
2026-10-06 06:16:43 - models.mode_choice - INFO -     bus: 5.5%
2026-10-06 06:16:43 - models.mode_choice - INFO -     walk: 1.0%
2026-10-06 06:16:43 - models.mode_choice - INFO -     rail: 0.3%
2026-10-06 06:16:43 - models.mode_choice - INFO - ==================================================
2026-10-06 06:16:43 - __main__ - INFO - Generated 128,502 Dining plans
2026-10-06 06:16:43 - __main__ - INFO - 
2026-10-06 06:16:43 - __main__ - INFO - ------------------------------------------------------------
2026-10-06 06:16:43 - __main__ - INFO - GENERATING OTHER PLANS
2026-10-06 06:16:43 - __main__ - INFO - ------------------------------------------------------------
2026-10-06 06:16:43 - models.plan_generator_nonwork - INFO - Initialized NonWorkPlanGenerator for Other
2026-10-06 06:16:43 - utils.coordinates - INFO - Initialized coordinate converter: EPSG:4326 <-> EPSG:26911
2026-10-06 06:16:43 - models.plan_generator_nonwork - INFO -   Coordinate system: WGS84 -> EPSG:26911
2026-10-06 06:16:43 - models.plan_generator_nonwork - INFO - Using pre-loaded shared data...
2026-10-06 06:16:43 - models.plan_generator_nonwork - INFO -   Using 92,984 home blocks (pre-loaded)
2026-10-06 06:16:43 - models.plan_generator_nonwork - INFO -   Using 114,545 POIs (pre-loaded)
2026-10-06 06:16:43 - models.plan_generator_nonwork - INFO -   Using 12,403 survey trips (pre-loaded)
2026-10-06 06:16:43 - models.plan_generator_nonwork - INFO -   Using 4,172 persons (pre-loaded)
2026-10-06 06:16:43 - models.plan_generator_nonwork - INFO -   Using 787 trip chains (pre-loaded)
2026-10-06 06:16:43 - models.plan_generator_nonwork - INFO -   Using 114,545 POI-to-block mappings (pre-computed)
2026-10-06 06:16:43 - models.plan_generator_nonwork - INFO -   Using shared trip duration model (pre-initialized)
2026-10-06 06:16:43 - models.plan_generator_nonwork - INFO -   Using shared activity duration model (pre-initialized)
2026-10-06 06:16:43 - models.plan_generator_nonwork - INFO -   Using shared POI spatial index (pre-built)
2026-10-06 06:16:43 - models.plan_generator_nonwork - INFO - Initializing time models...
2026-10-06 06:16:43 - models.plan_generator_nonwork - INFO -   Using shared trip duration model
2026-10-06 06:16:43 - models.plan_generator_nonwork - INFO -   Using shared activity duration model
2026-10-06 06:16:43 - models.plan_generator_nonwork - INFO -   Time models initialized
2026-10-06 06:16:43 - models.plan_generator_nonwork - INFO -   Average trip duration: 20.4 minutes
2026-10-06 06:16:43 - models.plan_generator_nonwork - INFO - Initializing POI components...
2026-10-06 06:16:43 - models.plan_generator_nonwork - INFO -   Using shared POI spatial index: 6 activity types, 114,545 POIs
2026-10-06 06:16:43 - models.plan_generator_nonwork - INFO -   POI weighting enabled: True
2026-10-06 06:16:43 - models.plan_generator_nonwork - INFO - Initializing chain model...
2026-10-06 06:16:43 - models.plan_generator_nonwork - INFO -   Other: budget chain model, 67 main-purpose patterns
2026-10-06 06:16:43 - models.plan_generator_nonwork - INFO - Initializing GTFS transit availability...
2026-10-06 06:16:44 - models.plan_generator_nonwork - INFO -   GTFS availability rebuilt from shared data: bus=120733 stops, rail=3301 stops
2026-10-06 06:16:44 - models.plan_generator_nonwork - INFO - Initializing mode choice model...
2026-10-06 06:16:44 - models.mode_choice - INFO - Computing mode shares from survey data...
2026-10-06 06:16:44 - models.mode_choice - INFO - Computed mode rates for 8 purposes
2026-10-06 06:16:44 - models.mode_choice - INFO -   Overall mode distribution: car=87.2%, walk=6.3%, school_bus=3.2%, bike=1.2%, bus=0.8%, rail=0.6%, rideshare=0.5%, other=0.3%
2026-10-06 06:16:44 - models.mode_choice - INFO - ModeChoiceModel initialized with 4 modes: ['car', 'bus', 'rail', 'walk']
2026-10-06 06:16:44 - models.plan_generator_nonwork - INFO - Creating Other OD matrix...
2026-10-06 06:16:44 - models.plan_generator_nonwork - INFO -   Using pre-computed POI-to-block mapping
2026-10-06 06:16:44 - models.od_matrix_nonwork - INFO - ======================================================================
2026-10-06 06:16:44 - models.od_matrix_nonwork - INFO - CREATING NON-WORK OD MATRIX - OTHER
2026-10-06 06:16:44 - models.od_matrix_nonwork - INFO - ======================================================================
2026-10-06 06:16:44 - models.od_matrix_nonwork - INFO - Configuration:
2026-10-06 06:16:44 - models.od_matrix_nonwork - INFO -   Beta (distance decay): 1.2
2026-10-06 06:16:44 - models.od_matrix_nonwork - INFO -   Alpha (survey weight): 0.1
2026-10-06 06:16:44 - models.od_matrix_nonwork - INFO -   Distance mode: cosine_km
2026-10-06 06:16:44 - models.od_matrix_nonwork - INFO - Calculating POI density for Other...
2026-10-06 06:16:44 - models.od_matrix_nonwork - INFO -   Total POIs to process: 114,545
2026-10-06 06:16:44 - models.od_matrix_nonwork - INFO -   Filtered to 25,651 Other POIs
2026-10-06 06:16:44 - models.od_matrix_nonwork - INFO -   Using pre-computed POI-to-block mapping (fast path)
2026-10-06 06:16:44 - models.od_matrix_nonwork - INFO -   POI assignment complete:
2026-10-06 06:16:44 - models.od_matrix_nonwork - INFO -     Blocks with POIs: 11,539
2026-10-06 06:16:44 - models.od_matrix_nonwork - INFO -     Total POIs assigned: 25,651
2026-10-06 06:16:44 - models.od_matrix_nonwork - INFO -     Avg POIs per block (non-zero): 2.2
2026-10-06 06:16:44 - models.od_matrix_nonwork - INFO - Creating survey OD matrix for Other...
2026-10-06 06:16:44 - models.od_matrix_nonwork - INFO -   Filtered to 522 trips (from 12,403 total)
2026-10-06 06:16:44 - models.od_matrix_nonwork - INFO -   Survey OD matrix created: (1, 1)
2026-10-06 06:16:44 - models.od_matrix_nonwork - INFO -   Total trips in survey matrix: 522
2026-10-06 06:16:44 - models.od_matrix_nonwork - INFO - ======================================================================
2026-10-06 06:16:44 - models.od_matrix_nonwork - INFO - SINGLY-CONSTRAINED GRAVITY MODEL - OTHER
2026-10-06 06:16:44 - models.od_matrix_nonwork - INFO - ======================================================================
2026-10-06 06:16:44 - models.od_matrix_nonwork - INFO - Origins from the demand budget ('nw_origin_Other' per home block)
2026-10-06 06:16:45 - models.od_matrix_nonwork - INFO -   Pre-aggregated 92,984 blocks -> 8,630 block_groups (home)
2026-10-06 06:16:45 - models.od_matrix_nonwork - INFO -   Pre-aggregated POI blocks -> 4,850 block_groups with POIs
2026-10-06 06:16:45 - models.od_matrix_nonwork - INFO - Number of home block_groups: 8630
2026-10-06 06:16:45 - models.od_matrix_nonwork - INFO - Number of destination block_groups (with POIs): 4850
2026-10-06 06:16:45 - models.od_matrix_nonwork - INFO - Distance decay beta: 1.2
2026-10-06 06:16:45 - models.od_matrix_nonwork - INFO - Total non-employees (base): 7,105,779
2026-10-06 06:16:45 - models.od_matrix_nonwork - INFO - Total travelers (demand budget): 1,173,084
2026-10-06 06:16:45 - models.od_matrix_nonwork - INFO - Total POIs (destination): 25,651
2026-10-06 06:16:45 - models.od_matrix_nonwork - INFO - Extracting coordinates...
2026-10-06 06:16:45 - models.od_matrix_nonwork - INFO - Calculating distances and friction factors (mode: cosine_km)...
2026-10-06 06:16:46 - models.od_matrix_v3 - INFO -   Intrazonal distance set from zone area on 4,850 diagonal cells (factor 0.5): median 0 m -> 164 m
2026-10-06 06:16:46 - models.od_matrix_nonwork - INFO -   Distances in km: median 36.20, min 0.050, max 221.8
2026-10-06 06:16:47 - models.od_matrix_nonwork - INFO - Initial gravity model total trips: 1,173,084
2026-10-06 06:16:47 - models.od_matrix_nonwork - INFO - 
Running IPF iterations (max 50)...
2026-10-06 06:16:47 - models.od_matrix_nonwork - INFO -   Iteration 1: Max relative difference = 5.21e-16
2026-10-06 06:16:47 - models.od_matrix_nonwork - INFO - Converged after 1 iterations
2026-10-06 06:16:47 - models.od_matrix_nonwork - INFO - ======================================================================
2026-10-06 06:16:47 - models.od_matrix_nonwork - INFO - VERIFICATION
2026-10-06 06:16:47 - models.od_matrix_nonwork - INFO - ======================================================================
2026-10-06 06:16:47 - models.od_matrix_nonwork - INFO - Origin total: 1,173,084 | Matrix row sum: 1,173,084
2026-10-06 06:16:47 - models.od_matrix_nonwork - INFO - Max row constraint error: 1.14e-13
2026-10-06 06:16:47 - models.od_matrix_nonwork - INFO - Total trips in gravity model: 1,173,084
2026-10-06 06:16:47 - models.od_matrix_nonwork - INFO - 
2026-10-06 06:16:47 - models.od_matrix_nonwork - INFO -   Gravity model (block-group level): (8630, 4850)
2026-10-06 06:16:47 - models.od_matrix_nonwork - INFO -   Survey matrix: (1, 1)
2026-10-06 06:16:47 - models.od_matrix_nonwork - INFO - 
Combining survey and gravity models...
2026-10-06 06:16:47 - models.od_matrix_v3 - INFO - ======================================================================
2026-10-06 06:16:47 - models.od_matrix_v3 - INFO - COMBINING OD MATRICES
2026-10-06 06:16:47 - models.od_matrix_v3 - INFO - ======================================================================
2026-10-06 06:16:47 - models.od_matrix_v3 - INFO - Survey matrix shape: (1, 1)
2026-10-06 06:16:47 - models.od_matrix_v3 - INFO - Local matrix shape: (8630, 4850)
2026-10-06 06:16:47 - models.od_matrix_v3 - INFO - Alpha (survey weight): 0.10
2026-10-06 06:16:47 - models.od_matrix_v3 - INFO - Local weight: 0.90
2026-10-06 06:16:47 - models.od_matrix_v3 - INFO - Aligning survey to local matrix structure...
2026-10-06 06:16:47 - models.od_matrix_v3 - INFO - Combining matrices (alpha blend where survey exists, local only where survey is empty)...
2026-10-06 06:16:51 - models.od_matrix_v3 - INFO - No scaling target specified. Using local matrix total: 1,173,083
2026-10-06 06:16:51 - models.od_matrix_v3 - INFO - Matrix total before scaling: 1,173,084
2026-10-06 06:16:51 - models.od_matrix_v3 - INFO - Scale factor: 0.999999
2026-10-06 06:16:51 - models.od_matrix_v3 - INFO - Applying robust rounding to guarantee target total...
2026-10-06 06:16:52 - models.od_matrix_v3 - INFO - Total after flooring: 143,274
2026-10-06 06:16:52 - models.od_matrix_v3 - INFO - Remainder to distribute: 1,029,809
2026-10-06 06:16:57 - models.od_matrix_v3 - INFO - ======================================================================
2026-10-06 06:16:57 - models.od_matrix_v3 - INFO - VERIFICATION
2026-10-06 06:16:57 - models.od_matrix_v3 - INFO - ======================================================================
2026-10-06 06:16:57 - models.od_matrix_v3 - INFO - Survey total trips: 522
2026-10-06 06:16:57 - models.od_matrix_v3 - INFO - Local total trips: 1,173,084
2026-10-06 06:16:57 - models.od_matrix_v3 - INFO - Combined total trips (before scaling): 1,173,084
2026-10-06 06:16:57 - models.od_matrix_v3 - INFO - Combined total trips (after scaling & rounding): 1,173,083
2026-10-06 06:16:57 - models.od_matrix_v3 - INFO - Target total: 1,173,083
2026-10-06 06:16:58 - models.od_matrix_v3 - INFO - Difference: 0
2026-10-06 06:16:58 - models.od_matrix_v3 - INFO - Combined matrix shape: (8630, 4850)
2026-10-06 06:16:58 - models.od_matrix_nonwork - INFO - ======================================================================
2026-10-06 06:16:58 - models.od_matrix_nonwork - INFO - NONWORK OD MATRIX CREATION COMPLETE - OTHER
2026-10-06 06:16:58 - models.od_matrix_nonwork - INFO - ======================================================================
2026-10-06 06:16:58 - models.plan_generator_nonwork - INFO -   OD matrix shape: (8630, 4850)
2026-10-06 06:16:58 - models.plan_generator_nonwork - INFO -   Unscaled total trips: 1,173,083
2026-10-06 06:16:58 - models.plan_generator_nonwork - INFO -   Scaling factor: 0.1
2026-10-06 06:16:58 - models.plan_generator_nonwork - INFO -   Scaled total trips: 117,646
2026-10-06 06:16:58 - models.plan_generator_nonwork - INFO - NonWorkPlanGenerator initialization complete
2026-10-06 06:16:58 - models.plan_generator_nonwork - INFO - ============================================================
2026-10-06 06:16:58 - models.plan_generator_nonwork - INFO - OTHER PLAN GENERATION
2026-10-06 06:16:58 - models.plan_generator_nonwork - INFO - ============================================================
2026-10-06 06:16:58 - models.plan_generator_nonwork - INFO -   Population base (non-employees in region): 7,105,779
2026-10-06 06:16:58 - models.plan_generator_nonwork - INFO -   Unscaled Other trips: 1,173,083
2026-10-06 06:16:58 - models.plan_generator_nonwork - INFO -   Scaling factor: 0.1
2026-10-06 06:16:58 - models.plan_generator_nonwork - INFO -   Scaled Other trips: 117,646
2026-10-06 06:16:58 - models.plan_generator_nonwork - INFO -   Expected scaled trips: 117,308
2026-10-06 06:16:58 - models.plan_generator_nonwork - INFO -   Scaling accuracy: 100.3%
2026-10-06 06:16:58 - models.plan_generator_nonwork - INFO - 
2026-10-06 06:16:58 - models.plan_generator_nonwork - INFO - Generating all Other plans using multiprocessing...
2026-10-06 06:16:59 - models.plan_generator_nonwork - INFO -   Using all 117,646 trips from scaled OD matrix
2026-10-06 06:16:59 - models.plan_generator_nonwork - INFO - Using 60 processes for Other plan generation
2026-10-06 06:16:59 - models.plan_generator_nonwork - INFO - Pre-loading data for Other multiprocessing...
2026-10-06 06:16:59 - models.plan_generator_nonwork - INFO -   Serialized GTFS stop data for workers: bus=120733 stops, rail=3301 stops
2026-10-06 06:16:59 - models.plan_generator_nonwork - INFO -   Prepared shared data with 92,984 home blocks
2026-10-06 06:16:59 - models.plan_generator_nonwork - INFO -   POI categories: 6
2026-10-06 06:16:59 - models.plan_generator_nonwork - INFO -   Chain patterns: 67
2026-10-06 06:16:59 - models.plan_generator_nonwork - INFO - Split 115892 OD pairs into 61 chunks
2026-10-06 06:22:15 - models.plan_generator_nonwork - INFO - 
2026-10-06 06:22:15 - models.plan_generator_nonwork - INFO - Other GENERATION COMPLETE
2026-10-06 06:22:15 - models.plan_generator_nonwork - INFO -   Plans generated: 117,646
2026-10-06 06:22:15 - models.plan_generator_nonwork - INFO -   Failed plans: 0
2026-10-06 06:22:15 - models.plan_generator_nonwork - INFO -   Chain retries: 11,179 / 128,890 attempts
2026-10-06 06:22:15 - models.plan_generator_nonwork - INFO -     Too short: 11,179
2026-10-06 06:22:15 - models.plan_generator_nonwork - INFO -     Bad structure (not Home-...-Home): 0
2026-10-06 06:22:15 - models.plan_generator_nonwork - INFO -     Missing purpose: 0
2026-10-06 06:22:15 - models.plan_generator_nonwork - INFO -     Contains Work: 0
2026-10-06 06:22:15 - models.plan_generator_nonwork - INFO -   POI retries: 1,037
2026-10-06 06:22:15 - models.plan_generator_nonwork - INFO -   Time retries: 17
2026-10-06 06:22:15 - models.plan_generator_nonwork - INFO -   Schedules built: 123,815
2026-10-06 06:22:15 - models.plan_generator_nonwork - INFO -     Trimmed to fit 24h: 90 (0.07%)
2026-10-06 06:22:15 - models.plan_generator_nonwork - INFO -     Dropped, over budget: 17 (0.01%)
2026-10-06 06:22:15 - models.plan_generator_nonwork - INFO -     Resampled, over budget (over_budget=resample): 6,152
2026-10-06 06:22:15 - models.plan_generator_nonwork - INFO -     Excess per trimmed schedule: mean 387.3 min, max 1123.6 min
2026-10-06 06:22:15 - models.plan_generator_nonwork - INFO -     Minutes actually removed: 33,848 total, mean 376.1 min
2026-10-06 06:22:15 - models.plan_generator_nonwork - INFO - ============================================================
2026-10-06 06:22:15 - models.mode_choice - INFO - ==================================================
2026-10-06 06:22:15 - models.mode_choice - INFO - MODE CHOICE STATISTICS
2026-10-06 06:22:15 - models.mode_choice - INFO - ==================================================
2026-10-06 06:22:15 - models.mode_choice - INFO -   Total mode choices: 323881
2026-10-06 06:22:15 - models.mode_choice - INFO -   Fallback mode used: 0 times
2026-10-06 06:22:15 - models.mode_choice - INFO -   Chain retries: 0
2026-10-06 06:22:15 - models.mode_choice - INFO -   Mode distribution in generated plans:
2026-10-06 06:22:15 - models.mode_choice - INFO -     car: 93.4%
2026-10-06 06:22:15 - models.mode_choice - INFO -     bus: 5.5%
2026-10-06 06:22:15 - models.mode_choice - INFO -     walk: 0.7%
2026-10-06 06:22:15 - models.mode_choice - INFO -     rail: 0.4%
2026-10-06 06:22:15 - models.mode_choice - INFO - ==================================================
2026-10-06 06:22:15 - __main__ - INFO - Generated 117,646 Other plans
2026-10-06 06:22:15 - __main__ - INFO - 
2026-10-06 06:22:15 - models.freight.plans - INFO - ============================================================
2026-10-06 06:22:15 - models.freight.plans - INFO - GENERATING BOUNDARY FREIGHT
2026-10-06 06:22:15 - models.freight.plans - INFO - ============================================================
2026-10-06 06:22:15 - utils.coordinates - INFO - Initialized coordinate converter: EPSG:4326 <-> EPSG:26911
2026-10-06 06:22:31 - models.freight.cordons - INFO - Network: 491,840 nodes, 1,100,904 links; reach 28.6-115.4 km by direction
2026-10-06 06:22:33 - models.freight.cordons - INFO - Motorway termini past peripherality 0.6: 1343 inbound, 1247 outbound
2026-10-06 06:22:33 - models.freight.cordons - INFO - Cordons after deduplication: 792
2026-10-06 06:22:36 - models.work_locs_v2 - INFO - Loading work locations for 2 counties from config...
2026-10-06 06:22:47 - models.work_locs_v2 - INFO - Loaded 81,355 work location blocks for 2 counties
2026-10-06 06:22:47 - models.freight.plans - INFO - Loaded 81,355 freight zones, total attractor 2,007,852 (freight_employment)
2026-10-06 06:22:47 - models.freight.generator - INFO - Anchored 792 cordons to zones: median 299 m, max 26998 m
2026-10-06 06:22:47 - models.freight.truck_share - INFO - TMAS f_system for CA ['037', '059']: 1U (609/945 station-directions)
2026-10-06 06:22:47 - models.freight.truck_share - INFO - Truck share from HPMS cache: 4.73%
2026-10-06 06:22:48 - models.freight.hpms_match - WARNING - HPMS geometry cache holds an INCOMPLETE fetch (80,000 segments, truncated by a service error); refetching rather than serving a partial region
2026-10-06 06:31:55 - models.freight.hpms_match - WARNING - HPMS geometry hit the 40-page ceiling; the region may be larger than intended
2026-10-06 06:31:56 - models.freight.hpms_match - INFO - Cached 80,000 HPMS segments to hpms_geom_-119.017_33.253_-117.334_34.931.json (INCOMPLETE)
2026-10-06 06:31:57 - models.freight.hpms_match - INFO - Parsed 80,006 HPMS segments carrying truck traffic
2026-10-06 07:13:42 - models.freight.hpms_match - INFO - HPMS match: 586/792 cordons matched an observed truck volume (1468 links)
2026-10-06 07:13:43 - models.freight.demand - INFO - Cordon weights (hpms_truck_aadt): 586 from observed truck AADT, 206 from capacity x 8.0 x truck share
2026-10-06 07:13:43 - models.freight.demand - INFO - Freight demand: 26,162 trips (E->I 9,157, I->E 9,157, E->E 7,848)
2026-10-06 07:13:43 - models.freight.demand - INFO -   1,453,463 unscaled x demand_scale 0.18 x scaling_factor 0.1 = 26,162.3
2026-10-06 07:13:59 - models.freight.generator - INFO - Generated 26,162 freight trips
2026-10-06 07:13:59 - models.freight.plans - INFO - Built 26,162 freight plans (subpopulation=freight)
2026-10-06 07:13:59 - models.freight.validation - INFO -   [PASS] trip_count_matches_demand: generated 26,162, demand resolved 26,162
2026-10-06 07:13:59 - models.freight.validation - INFO -   [PASS] class_count_external_to_internal: 9,157 generated vs 9,157 demanded
2026-10-06 07:13:59 - models.freight.validation - INFO -   [PASS] class_count_internal_to_external: 9,157 generated vs 9,157 demanded
2026-10-06 07:13:59 - models.freight.validation - INFO -   [PASS] class_count_through: 7,848 generated vs 7,848 demanded
2026-10-06 07:13:59 - models.freight.validation - INFO -   [PASS] class_share_external_to_internal: realised 0.350 vs configured 0.350
2026-10-06 07:13:59 - models.freight.validation - INFO -   [PASS] class_share_internal_to_external: realised 0.350 vs configured 0.350
2026-10-06 07:13:59 - models.freight.validation - INFO -   [PASS] class_share_through: realised 0.300 vs configured 0.300
2026-10-06 07:13:59 - models.freight.validation - INFO -   [PASS] departure_profile_external_to_internal: max hourly deviation 0.0046 over 9,157 trips
2026-10-06 07:13:59 - models.freight.validation - INFO -   [PASS] departure_profile_internal_to_external: max hourly deviation 0.0057 over 9,157 trips
2026-10-06 07:13:59 - models.freight.validation - INFO -   [PASS] departure_profile_through: max hourly deviation 0.0049 over 7,848 trips
2026-10-06 07:13:59 - models.freight.validation - INFO -   [PASS] cordon_ids_valid: 0 trip ends reference an unknown cordon
2026-10-06 07:13:59 - models.freight.validation - INFO -   [PASS] cordon_direction_respected: 0 trips enter on an outbound cordon or leave on an inbound one
2026-10-06 07:13:59 - models.freight.validation - INFO -   [PASS] through_trips_use_distinct_cordons: 0 through trips start and end at the same cordon
2026-10-06 07:13:59 - models.freight.validation - INFO -   [PASS] departure_times_in_range: 0 departures outside 00:00-30:00
2026-10-06 07:13:59 - models.freight.plans - INFO - Freight summary written to /media/volume/Tareek-instance_vol-1/Tareek-work/Tareek/experiments/la_s10_pt9_10iter/freight_summary.json
2026-10-06 07:13:59 - __main__ - INFO - ============================================================
2026-10-06 07:13:59 - __main__ - INFO - COMBINING WORK + NON-WORK + FREIGHT PLANS
2026-10-06 07:13:59 - __main__ - INFO - ============================================================
2026-10-06 07:14:00 - __main__ - INFO - Plan generation summary (scaling_factor=0.1):
2026-10-06 07:14:00 - __main__ - INFO -   Work plans: 422,722
2026-10-06 07:14:00 - __main__ - INFO -   Non-work plans: 1,246,554
2026-10-06 07:14:00 - __main__ - INFO -   Freight plans: 26,162 (1.5% of total)
2026-10-06 07:14:00 - __main__ - INFO -   Combined total (scaled): 1,695,438
2026-10-06 07:14:00 - __main__ - INFO -   Represents full population of: ~16,954,380 travelers
2026-10-06 07:14:00 - __main__ - INFO - 
2026-10-06 07:14:00 - __main__ - INFO - Assigning unique person IDs...
2026-10-06 07:14:01 - __main__ - INFO - Writing combined plans to XML...
2026-10-06 07:14:01 - models.plan_generator - INFO - Writing 1695438 plans to /media/volume/Tareek-instance_vol-1/Tareek-work/Tareek/experiments/la_s10_pt9_10iter/plans.xml
2026-10-06 07:14:01 - utils.coordinates - INFO - Initialized coordinate converter: EPSG:4326 <-> EPSG:26911
2026-10-06 07:14:01 - models.plan_generator - INFO - Converting coordinates from lat/lon to EPSG:26911
2026-10-06 07:21:30 - models.plan_generator - INFO - Successfully wrote plans to /media/volume/Tareek-instance_vol-1/Tareek-work/Tareek/experiments/la_s10_pt9_10iter/plans.xml (coordinates in EPSG:26911)
2026-10-06 07:21:30 - models.plan_generator - INFO - Plans XML saved to experiment directory: /media/volume/Tareek-instance_vol-1/Tareek-work/Tareek/experiments/la_s10_pt9_10iter/plans.xml
2026-10-06 07:21:30 - models.plan_generator - INFO -   Coordinate system: EPSG:26911
2026-10-06 07:21:34 - __main__ - INFO - Plans XML ready: /media/volume/Tareek-instance_vol-1/Tareek-work/Tareek/experiments/la_s10_pt9_10iter/plans.xml
2026-10-06 07:21:34 - __main__ - INFO -   File size: 791.06 MB
2026-10-06 07:21:34 - __main__ - INFO -   Total persons: 1,695,438
2026-10-06 07:21:34 - __main__ - INFO - 
2026-10-06 07:21:38 - __main__ - INFO - ============================================================
2026-10-06 07:21:38 - __main__ - INFO - STEP 5: RUNNING MATSIM SIMULATION
2026-10-06 07:21:38 - __main__ - INFO - ============================================================
2026-10-06 07:22:56 - __main__ - INFO - Released plan-generation memory before MATSim: 29.4 GB -> 5.2 GB RSS (freed 24.2 GB)
2026-10-06 07:22:56 - matsim.osm_downloader - INFO - OSM cache directory: /media/volume/Tareek-instance_vol-1/Tareek-work/Tareek/data/osm_cache
2026-10-06 07:22:56 - matsim.orchestrator - INFO - MATSim Orchestrator initialized
2026-10-06 07:22:56 - __main__ - INFO - MATSim mode: basic
2026-10-06 07:22:56 - __main__ - INFO - Custom parameters: {'coordinateSystem': 'auto', 'lastIteration': 10, 'outputDirectory': 'output', 'controller.mobsim': 'hermes', '_controller.mobsim_help': 'qsim | hermes. hermes is faster but is a simplified queue model that ignores trafficDynamics, linkDynamics and full stuckTime semantics. Use qsim for any congestion- or mode-choice-sensitive experiment.', 'global.numberOfThreads': 60, 'qsim.numberOfThreads': 60, 'qsim.flowCapacityFactor': 0.1, 'qsim.storageCapacityFactor': 0.18, 'qsim.stuckTime': 10.0, '_qsim.stuckTime_help': 'Seconds the frontmost vehicle on a link may fail to move before it is pushed onto the next link. Gridlock escape valve: HIGHER = waits LONGER. Mersini & Ziemke (2026): stuckTime = 30s / sample_share (30.0 at 100%). Only qsim honours this; hermes ignores it.', 'linkStats.averageLinkStatsOverIterations': 5, 'scoring.modeParams.pt.constant': 1, 'scoring.waitingPt': -3.0, 'scoring.modeParams.walk.constant': -1.0, 'transitRouter.searchRadius': 1500.0, 'transitRouter.extensionRadius': 300.0, 'transitRouter.maxBeelineWalkConnectionDistance': 400.0, 'transitRouter.directWalkFactor': 1.3, 'hermes.endTime': '36:00:00'}
2026-10-06 07:22:56 - __main__ - INFO - 
2026-10-06 07:22:56 - matsim.orchestrator - INFO - Setting up experiment: la_s10_pt9_10iter
2026-10-06 07:22:56 - matsim.orchestrator - INFO - Created experiment directory: /media/volume/Tareek-instance_vol-1/Tareek-work/Tareek/experiments/la_s10_pt9_10iter
2026-10-06 07:22:56 - matsim.orchestrator - INFO - Plans file already exists at destination: /media/volume/Tareek-instance_vol-1/Tareek-work/Tareek/experiments/la_s10_pt9_10iter/plans.xml
2026-10-06 07:22:56 - matsim.config_manager - INFO - Generating MATSim config for mode: basic
2026-10-06 07:22:56 - matsim.config_manager - INFO - Using config template: /media/volume/Tareek-instance_vol-1/Tareek-work/Tareek/matsim/configs/basic/config.xml
2026-10-06 07:22:56 - matsim.config_manager - INFO - Auto-set writeLinkStatsInterval = 10 (matches lastIteration)
2026-10-06 07:22:56 - matsim.config_manager - INFO - Auto-set write*Interval = 10 (bulky per-iteration output written only at the final iteration; set matsim.write_intermediate_output=true to write every iteration)
2026-10-06 07:22:56 - matsim.config_manager - INFO - Auto-set counts.countsScaleFactor = 10.0 (1/0.1 flowCapacityFactor)
2026-10-06 07:22:56 - matsim.config_manager - INFO - Auto-set counts.writeCountsInterval = 10 (matches lastIteration)
2026-10-06 07:22:56 - matsim.config_manager - INFO - Applied configurable param: controller.mobsim = hermes
2026-10-06 07:22:56 - matsim.config_manager - INFO - Applied configurable param: global.numberOfThreads = 60
2026-10-06 07:22:56 - matsim.config_manager - INFO - Applied configurable param: qsim.numberOfThreads = 60
2026-10-06 07:22:56 - matsim.config_manager - INFO - Applied configurable param: qsim.flowCapacityFactor = 0.1
2026-10-06 07:22:56 - matsim.config_manager - INFO - Mirrored qsim.flowCapacityFactor -> hermes.flowCapacityFactor = 0.1
2026-10-06 07:22:56 - matsim.config_manager - INFO - Applied configurable param: qsim.storageCapacityFactor = 0.18
2026-10-06 07:22:56 - matsim.config_manager - INFO - Mirrored qsim.storageCapacityFactor -> hermes.storageCapacityFactor = 0.18
2026-10-06 07:22:56 - matsim.config_manager - INFO - Applied configurable param: qsim.stuckTime = 10.0
2026-10-06 07:22:56 - matsim.config_manager - INFO - Applied configurable param: linkStats.averageLinkStatsOverIterations = 5
2026-10-06 07:22:56 - matsim.config_manager - INFO - Applied scoring.modeParams.pt.constant = 1
2026-10-06 07:22:56 - matsim.config_manager - INFO - Applied scoring.waitingPt = -3.0
2026-10-06 07:22:56 - matsim.config_manager - INFO - Applied scoring.modeParams.walk.constant = -1.0
2026-10-06 07:22:56 - matsim.config_manager - INFO - Applied configurable param: transitRouter.searchRadius = 1500.0
2026-10-06 07:22:56 - matsim.config_manager - INFO - Applied configurable param: transitRouter.extensionRadius = 300.0
2026-10-06 07:22:56 - matsim.config_manager - INFO - Applied configurable param: transitRouter.maxBeelineWalkConnectionDistance = 400.0
2026-10-06 07:22:56 - matsim.config_manager - INFO - Applied configurable param: transitRouter.directWalkFactor = 1.3
2026-10-06 07:22:56 - matsim.config_manager - INFO - Applied configurable param: hermes.endTime = 36:00:00
2026-10-06 07:22:56 - matsim.config_manager - INFO - Mirrored qsim.flowCapacityFactor -> hermes.flowCapacityFactor = 0.1
2026-10-06 07:22:56 - matsim.config_manager - INFO - Mirrored qsim.storageCapacityFactor -> hermes.storageCapacityFactor = 0.18
2026-10-06 07:22:56 - matsim.config_manager - INFO - Applied scoring.modeParams.pt.constant = 1
2026-10-06 07:22:56 - matsim.config_manager - INFO - Applied scoring.waitingPt = -3.0
2026-10-06 07:22:56 - matsim.config_manager - INFO - Applied scoring.modeParams.walk.constant = -1.0
2026-10-06 07:22:56 - matsim.config_manager - INFO - Enabled transit module with transitModes=pt (from enabled modes: ['bus', 'rail']) (preserved existing params on: transitRouter)
2026-10-06 07:22:56 - matsim.config_manager - INFO - Registered scoring activityParams for 'Dining'
2026-10-06 07:22:56 - matsim.config_manager - INFO - Registered scoring activityParams for 'Home'
2026-10-06 07:22:56 - matsim.config_manager - INFO - Registered scoring activityParams for 'Other'
2026-10-06 07:22:56 - matsim.config_manager - INFO - Registered scoring activityParams for 'School'
2026-10-06 07:22:56 - matsim.config_manager - INFO - Registered scoring activityParams for 'Shopping'
2026-10-06 07:22:56 - matsim.config_manager - INFO - Registered scoring activityParams for 'Social'
2026-10-06 07:22:56 - matsim.config_manager - INFO - Registered scoring activityParams for 'Work'
2026-10-06 07:22:56 - matsim.config_manager - INFO - Activity typicalDuration from survey: Dining=30min, Home=720min, Other=60min, School=420min, Shopping=25min, Social=95min, Work=450min
2026-10-06 07:22:56 - matsim.config_manager - INFO - Activity scoring windows from survey: Dining=9.00-21.00h/min5m, Other=7.42-20.92h/min5m, School=7.08-18.75h/min60m, Shopping=7.92-19.50h/min5m, Social=7.00-21.50h/min20m, Work=6.00-21.25h/min30m
2026-10-06 07:22:56 - matsim.config_manager - INFO - Registered scoring activityParams for 'freight_origin'
2026-10-06 07:22:56 - matsim.config_manager - INFO - Registered scoring activityParams for 'freight_destination'
2026-10-06 07:22:56 - matsim.config_manager - INFO - Set replanning strategies for freight: ChangeExpBeta=0.8, ReRoute=0.2
2026-10-06 07:22:56 - matsim.config_manager - INFO - Freight: writeEventsInterval = 10 so the final iteration emits events (needed to isolate the truck stream)
2026-10-06 07:23:34 - matsim.config_manager - INFO - Activity params cover all 9 activity types in plans.xml: ['Dining', 'Home', 'Other', 'School', 'Shopping', 'Social', 'Work', 'freight_destination', 'freight_origin']
2026-10-06 07:23:34 - matsim.config_manager - INFO - Config saved to: /media/volume/Tareek-instance_vol-1/Tareek-work/Tareek/experiments/la_s10_pt9_10iter/config.xml
2026-10-06 07:23:34 - matsim.orchestrator - INFO - Experiment setup complete: /media/volume/Tareek-instance_vol-1/Tareek-work/Tareek/experiments/la_s10_pt9_10iter
2026-10-06 07:23:34 - matsim.orchestrator - INFO - Validating MATSim setup...
2026-10-06 07:23:34 - matsim.runner - INFO - Validating MATSim setup...
2026-10-06 07:23:34 - matsim.runner - INFO - Java version: openjdk
2026-10-06 07:23:34 - matsim.runner - INFO - Using JAR file: /media/volume/Tareek-instance_vol-1/Tareek-work/Tareek/matsim/matsim_25/matsim_25.jar
2026-10-06 07:23:34 - matsim.runner - INFO - No lib directory found in /media/volume/Tareek-instance_vol-1/Tareek-work/Tareek/matsim/matsim_25 (may not be needed)
2026-10-06 07:23:34 - matsim.runner - INFO - MATSim setup validation passed
2026-10-06 07:23:34 - matsim.orchestrator - INFO - Validating experiment configuration...
2026-10-06 07:23:34 - matsim.config_manager - INFO - Found network.xml: /media/volume/Tareek-instance_vol-1/Tareek-work/Tareek/experiments/la_s10_pt9_10iter/network.xml
2026-10-06 07:23:34 - matsim.config_manager - INFO - Found plans.xml: /media/volume/Tareek-instance_vol-1/Tareek-work/Tareek/experiments/la_s10_pt9_10iter/plans.xml
2026-10-06 07:23:34 - matsim.config_manager - INFO - Found transitScheduleFile: /media/volume/Tareek-instance_vol-1/Tareek-work/Tareek/experiments/la_s10_pt9_10iter/transitSchedule.xml
2026-10-06 07:23:34 - matsim.config_manager - INFO - Found vehiclesFile: /media/volume/Tareek-instance_vol-1/Tareek-work/Tareek/experiments/la_s10_pt9_10iter/transitVehicles.xml
2026-10-06 07:23:34 - matsim.orchestrator - INFO - Starting MATSim simulation. Log file: /media/volume/Tareek-instance_vol-1/Tareek-work/Tareek/experiments/la_s10_pt9_10iter/matsim_output.log
2026-10-06 07:23:34 - matsim.runner - INFO - Starting MATSim simulation with config: /media/volume/Tareek-instance_vol-1/Tareek-work/Tareek/experiments/la_s10_pt9_10iter/config.xml
2026-10-06 07:23:34 - matsim.runner - INFO - Using JAR file: /media/volume/Tareek-instance_vol-1/Tareek-work/Tareek/matsim/matsim_25/matsim_25.jar
2026-10-06 07:23:34 - matsim.runner - INFO - No lib directory found in /media/volume/Tareek-instance_vol-1/Tareek-work/Tareek/matsim/matsim_25 (may not be needed)
2026-10-06 07:23:34 - matsim.runner - INFO - Command: java -Xmx200g -Xms200g -XX:+UseG1GC -XX:+ParallelRefProcEnabled -XX:MaxGCPauseMillis=200 -XX:+HeapDumpOnOutOfMemoryError -XX:HeapDumpPath=./heap_dumps -cp /media/volume/Tareek-instance_vol-1/Tareek-work/Tareek/matsim/matsim_25/matsim_25.jar org.matsim.core.controler.Controler /media/volume/Tareek-instance_vol-1/Tareek-work/Tareek/experiments/la_s10_pt9_10iter/config.xml
2026-10-06 07:23:34 - matsim.runner - INFO - Waiting for simulation to complete...
2026-10-06 18:26:51 - matsim.runner - INFO - Simulation completed in 39797.31 seconds
2026-10-06 18:26:51 - matsim.runner - INFO - Simulation completed successfully
2026-10-06 18:26:51 - matsim.orchestrator - INFO - Simulation completed
2026-10-06 18:26:51 - __main__ - INFO - 
2026-10-06 18:26:51 - __main__ - INFO - Simulation status: completed
2026-10-06 18:26:51 - __main__ - INFO - 
2026-10-06 18:26:51 - __main__ - INFO - ============================================================
2026-10-06 18:26:51 - __main__ - INFO - STEP 6: EVALUATING SIMULATION
2026-10-06 18:26:51 - __main__ - INFO - ============================================================
2026-10-06 18:26:51 - __main__ - INFO - Initializing evaluator with ground truth data from: data/evaluation
2026-10-06 18:26:51 - __main__ - INFO - Running evaluation...
2026-10-06 18:26:51 - __main__ - INFO - 
2026-10-06 18:26:51 - matsim.trip_timing - INFO - Trip timing figures: planned schedule (output/ITERS/it.0/0.plans.xml.gz) against iteration 10
2026-10-06 18:30:08 - matsim.trip_timing - INFO - Saved dep_arr_by_activity_demand.png
2026-10-06 18:30:10 - matsim.trip_timing - INFO - Saved dep_arr_by_activity_sim.png
2026-10-06 18:30:20 - matsim.trip_timing - INFO - Saved trip_duration_by_hour_demand.png
2026-10-06 18:30:22 - matsim.trip_timing - INFO - Saved trip_duration_by_hour_sim.png
2026-10-06 18:30:31 - matsim.trip_timing - INFO -   it.10 activity durations: left out 575989 open-ended rows that are not a Home-to-Home overnight stay, and 0 all-day stays
2026-10-06 18:30:41 - matsim.trip_timing - INFO - Saved activity_duration_by_type.png
2026-10-06 18:30:42 - matsim.evaluator - INFO - Loading matched devices from: /media/volume/Tareek-instance_vol-1/Tareek-work/Tareek/experiments/la_s10_pt9_10iter/matched_devices.csv
2026-10-06 18:30:42 - matsim.evaluator - INFO - Loaded 35 devices matched to network links
2026-10-06 18:30:42 - matsim.evaluator - INFO - Using MATSim countscompare file: output/ITERS/it.10/10.countscompare.txt
2026-10-06 18:30:42 - matsim.evaluator - INFO - Auto-detected network file: output/output_network.xml.gz
2026-10-06 18:30:42 - matsim.evaluator - INFO - Auto-detected linkstats file: output/ITERS/it.10/10.linkstats.txt.gz
2026-10-06 18:30:42 - matsim.evaluator - INFO - Loading scaling factors from experiment config...
2026-10-06 18:30:42 - matsim.evaluator - INFO - Loaded scaling factors: population=0.1, flow=0.1, storage=0.18
2026-10-06 18:30:42 - matsim.evaluator - INFO - Loading network for spatial visualization...
2026-10-06 18:32:20 - matsim.evaluator - INFO - Loaded 1,100,904 links
2026-10-06 18:32:20 - matsim.evaluator - INFO - Loading linkstats...
2026-10-06 18:32:35 - matsim.evaluator - INFO - Scaled simulated volumes by 10.00x (1/0.1 population scaling)
2026-10-06 18:32:36 - matsim.evaluator - INFO - Loaded 1,100,904 links from linkstats
2026-10-06 18:32:36 - matsim.evaluator - INFO - Comparing volumes from MATSim countscompare.txt...
2026-10-06 18:32:36 - matsim.evaluator - INFO - Read 840 station-hour comparisons from 10.countscompare.txt (35 stations)
2026-10-06 18:32:36 - matsim.evaluator - INFO - Generated 840 station-hour comparisons
2026-10-06 18:32:36 - matsim.evaluator - INFO - Calculating summary metrics...
2026-10-06 18:32:36 - matsim.evaluator - INFO - Saved comparison results to /media/volume/Tareek-instance_vol-1/Tareek-work/Tareek/experiments/la_s10_pt9_10iter/evaluation/volume_comparison.csv
2026-10-06 18:32:36 - matsim.evaluator - INFO - Saved hourly relative-error box plot to /media/volume/Tareek-instance_vol-1/Tareek-work/Tareek/experiments/la_s10_pt9_10iter/evaluation/hourly_relative_error_box.png
2026-10-06 18:32:36 - matsim.evaluator - INFO - Saved hourly bias plot to /media/volume/Tareek-instance_vol-1/Tareek-work/Tareek/experiments/la_s10_pt9_10iter/evaluation/hourly_bias.png
2026-10-06 18:32:37 - matsim.evaluator - INFO - Saved station ratio dot plot to /media/volume/Tareek-instance_vol-1/Tareek-work/Tareek/experiments/la_s10_pt9_10iter/evaluation/station_ratio_dotplot.png
2026-10-06 18:32:37 - matsim.evaluator - INFO - Generating hourly count station error maps...
2026-10-06 18:32:42 - utils.region_utils - INFO - Loaded 2 county boundary polygons
2026-10-06 18:32:48 - matsim.evaluator - INFO - Saved hourly pct-error map to /media/volume/Tareek-instance_vol-1/Tareek-work/Tareek/experiments/la_s10_pt9_10iter/evaluation/count_error_h00.png
2026-10-06 18:32:59 - matsim.evaluator - INFO - Saved hourly pct-error map to /media/volume/Tareek-instance_vol-1/Tareek-work/Tareek/experiments/la_s10_pt9_10iter/evaluation/count_error_h01.png
2026-10-06 18:33:10 - matsim.evaluator - INFO - Saved hourly pct-error map to /media/volume/Tareek-instance_vol-1/Tareek-work/Tareek/experiments/la_s10_pt9_10iter/evaluation/count_error_h02.png
2026-10-06 18:33:21 - matsim.evaluator - INFO - Saved hourly pct-error map to /media/volume/Tareek-instance_vol-1/Tareek-work/Tareek/experiments/la_s10_pt9_10iter/evaluation/count_error_h03.png
2026-10-06 18:33:32 - matsim.evaluator - INFO - Saved hourly pct-error map to /media/volume/Tareek-instance_vol-1/Tareek-work/Tareek/experiments/la_s10_pt9_10iter/evaluation/count_error_h04.png
2026-10-06 18:33:43 - matsim.evaluator - INFO - Saved hourly pct-error map to /media/volume/Tareek-instance_vol-1/Tareek-work/Tareek/experiments/la_s10_pt9_10iter/evaluation/count_error_h05.png
2026-10-06 18:33:54 - matsim.evaluator - INFO - Saved hourly pct-error map to /media/volume/Tareek-instance_vol-1/Tareek-work/Tareek/experiments/la_s10_pt9_10iter/evaluation/count_error_h06.png
2026-10-06 18:34:06 - matsim.evaluator - INFO - Saved hourly pct-error map to /media/volume/Tareek-instance_vol-1/Tareek-work/Tareek/experiments/la_s10_pt9_10iter/evaluation/count_error_h07.png
2026-10-06 18:34:17 - matsim.evaluator - INFO - Saved hourly pct-error map to /media/volume/Tareek-instance_vol-1/Tareek-work/Tareek/experiments/la_s10_pt9_10iter/evaluation/count_error_h08.png
2026-10-06 18:34:28 - matsim.evaluator - INFO - Saved hourly pct-error map to /media/volume/Tareek-instance_vol-1/Tareek-work/Tareek/experiments/la_s10_pt9_10iter/evaluation/count_error_h09.png
2026-10-06 18:34:39 - matsim.evaluator - INFO - Saved hourly pct-error map to /media/volume/Tareek-instance_vol-1/Tareek-work/Tareek/experiments/la_s10_pt9_10iter/evaluation/count_error_h10.png
2026-10-06 18:34:50 - matsim.evaluator - INFO - Saved hourly pct-error map to /media/volume/Tareek-instance_vol-1/Tareek-work/Tareek/experiments/la_s10_pt9_10iter/evaluation/count_error_h11.png
2026-10-06 18:35:01 - matsim.evaluator - INFO - Saved hourly pct-error map to /media/volume/Tareek-instance_vol-1/Tareek-work/Tareek/experiments/la_s10_pt9_10iter/evaluation/count_error_h12.png
2026-10-06 18:35:12 - matsim.evaluator - INFO - Saved hourly pct-error map to /media/volume/Tareek-instance_vol-1/Tareek-work/Tareek/experiments/la_s10_pt9_10iter/evaluation/count_error_h13.png
2026-10-06 18:35:23 - matsim.evaluator - INFO - Saved hourly pct-error map to /media/volume/Tareek-instance_vol-1/Tareek-work/Tareek/experiments/la_s10_pt9_10iter/evaluation/count_error_h14.png
2026-10-06 18:35:34 - matsim.evaluator - INFO - Saved hourly pct-error map to /media/volume/Tareek-instance_vol-1/Tareek-work/Tareek/experiments/la_s10_pt9_10iter/evaluation/count_error_h15.png
2026-10-06 18:35:45 - matsim.evaluator - INFO - Saved hourly pct-error map to /media/volume/Tareek-instance_vol-1/Tareek-work/Tareek/experiments/la_s10_pt9_10iter/evaluation/count_error_h16.png
2026-10-06 18:35:56 - matsim.evaluator - INFO - Saved hourly pct-error map to /media/volume/Tareek-instance_vol-1/Tareek-work/Tareek/experiments/la_s10_pt9_10iter/evaluation/count_error_h17.png
2026-10-06 18:36:07 - matsim.evaluator - INFO - Saved hourly pct-error map to /media/volume/Tareek-instance_vol-1/Tareek-work/Tareek/experiments/la_s10_pt9_10iter/evaluation/count_error_h18.png
2026-10-06 18:36:18 - matsim.evaluator - INFO - Saved hourly pct-error map to /media/volume/Tareek-instance_vol-1/Tareek-work/Tareek/experiments/la_s10_pt9_10iter/evaluation/count_error_h19.png
2026-10-06 18:36:28 - matsim.evaluator - INFO - Saved hourly pct-error map to /media/volume/Tareek-instance_vol-1/Tareek-work/Tareek/experiments/la_s10_pt9_10iter/evaluation/count_error_h20.png
2026-10-06 18:36:39 - matsim.evaluator - INFO - Saved hourly pct-error map to /media/volume/Tareek-instance_vol-1/Tareek-work/Tareek/experiments/la_s10_pt9_10iter/evaluation/count_error_h21.png
2026-10-06 18:36:50 - matsim.evaluator - INFO - Saved hourly pct-error map to /media/volume/Tareek-instance_vol-1/Tareek-work/Tareek/experiments/la_s10_pt9_10iter/evaluation/count_error_h22.png
2026-10-06 18:37:01 - matsim.evaluator - INFO - Saved hourly pct-error map to /media/volume/Tareek-instance_vol-1/Tareek-work/Tareek/experiments/la_s10_pt9_10iter/evaluation/count_error_h23.png
2026-10-06 18:37:01 - matsim.evaluator - INFO - Generating highway congestion heatmaps for 24 hour(s)...
2026-10-06 18:37:16 - matsim.evaluator - INFO -   Highway links for peak heatmaps: 132,876 (of 1,100,904 total)
2026-10-06 18:37:17 - matsim.evaluator - INFO -   Free travel time offset (p90 of recorded - rounded free time, near-empty links in the quietest hour h1): +1.00 s
2026-10-06 18:38:28 - matsim.evaluator - INFO -   12 AM congestion, share of 10,883 highway km with traffic — Severe 0.0%, Congested 0.1%, Moderate 0.3%, Free flow 99.6%; no traffic: 29,888 links
2026-10-06 18:38:33 - matsim.evaluator - INFO - Saved congestion heatmap to /media/volume/Tareek-instance_vol-1/Tareek-work/Tareek/experiments/la_s10_pt9_10iter/evaluation/heatmap_h00_highways.png
2026-10-06 18:39:38 - matsim.evaluator - INFO -   1 AM congestion, share of 9,743 highway km with traffic — Severe 0.0%, Congested 0.0%, Moderate 0.0%, Free flow 99.9%; no traffic: 45,977 links
2026-10-06 18:39:43 - matsim.evaluator - INFO - Saved congestion heatmap to /media/volume/Tareek-instance_vol-1/Tareek-work/Tareek/experiments/la_s10_pt9_10iter/evaluation/heatmap_h01_highways.png
2026-10-06 18:40:56 - matsim.evaluator - INFO -   2 AM congestion, share of 10,828 highway km with traffic — Severe 0.0%, Congested 0.0%, Moderate 0.0%, Free flow 100.0%; no traffic: 34,137 links
2026-10-06 18:41:01 - matsim.evaluator - INFO - Saved congestion heatmap to /media/volume/Tareek-instance_vol-1/Tareek-work/Tareek/experiments/la_s10_pt9_10iter/evaluation/heatmap_h02_highways.png
2026-10-06 18:42:15 - matsim.evaluator - INFO -   3 AM congestion, share of 11,417 highway km with traffic — Severe 0.0%, Congested 0.0%, Moderate 0.1%, Free flow 99.9%; no traffic: 28,592 links
2026-10-06 18:42:21 - matsim.evaluator - INFO - Saved congestion heatmap to /media/volume/Tareek-instance_vol-1/Tareek-work/Tareek/experiments/la_s10_pt9_10iter/evaluation/heatmap_h03_highways.png
2026-10-06 18:43:42 - matsim.evaluator - INFO -   4 AM congestion, share of 12,436 highway km with traffic — Severe 0.0%, Congested 0.1%, Moderate 0.1%, Free flow 99.8%; no traffic: 16,427 links
2026-10-06 18:43:47 - matsim.evaluator - INFO - Saved congestion heatmap to /media/volume/Tareek-instance_vol-1/Tareek-work/Tareek/experiments/la_s10_pt9_10iter/evaluation/heatmap_h04_highways.png
2026-10-06 18:45:12 - matsim.evaluator - INFO -   5 AM congestion, share of 13,064 highway km with traffic — Severe 0.3%, Congested 0.5%, Moderate 1.0%, Free flow 98.2%; no traffic: 11,788 links
2026-10-06 18:45:17 - matsim.evaluator - INFO - Saved congestion heatmap to /media/volume/Tareek-instance_vol-1/Tareek-work/Tareek/experiments/la_s10_pt9_10iter/evaluation/heatmap_h05_highways.png
2026-10-06 18:46:43 - matsim.evaluator - INFO -   6 AM congestion, share of 13,490 highway km with traffic — Severe 1.1%, Congested 1.1%, Moderate 2.1%, Free flow 95.6%; no traffic: 8,675 links
2026-10-06 18:46:49 - matsim.evaluator - INFO - Saved congestion heatmap to /media/volume/Tareek-instance_vol-1/Tareek-work/Tareek/experiments/la_s10_pt9_10iter/evaluation/heatmap_h06_highways.png
2026-10-06 18:48:14 - matsim.evaluator - INFO -   7 AM congestion, share of 13,621 highway km with traffic — Severe 6.3%, Congested 4.2%, Moderate 5.7%, Free flow 83.7%; no traffic: 6,972 links
2026-10-06 18:48:20 - matsim.evaluator - INFO - Saved congestion heatmap to /media/volume/Tareek-instance_vol-1/Tareek-work/Tareek/experiments/la_s10_pt9_10iter/evaluation/heatmap_h07_highways.png
2026-10-06 18:49:47 - matsim.evaluator - INFO -   8 AM congestion, share of 13,697 highway km with traffic — Severe 11.6%, Congested 5.2%, Moderate 6.2%, Free flow 77.0%; no traffic: 6,648 links
2026-10-06 18:49:52 - matsim.evaluator - INFO - Saved congestion heatmap to /media/volume/Tareek-instance_vol-1/Tareek-work/Tareek/experiments/la_s10_pt9_10iter/evaluation/heatmap_8am_highways.png
2026-10-06 18:51:18 - matsim.evaluator - INFO -   9 AM congestion, share of 13,648 highway km with traffic — Severe 10.4%, Congested 3.8%, Moderate 5.0%, Free flow 80.8%; no traffic: 6,555 links
2026-10-06 18:51:24 - matsim.evaluator - INFO - Saved congestion heatmap to /media/volume/Tareek-instance_vol-1/Tareek-work/Tareek/experiments/la_s10_pt9_10iter/evaluation/heatmap_h09_highways.png
2026-10-06 18:52:51 - matsim.evaluator - INFO -   10 AM congestion, share of 13,790 highway km with traffic — Severe 10.5%, Congested 3.9%, Moderate 5.2%, Free flow 80.3%; no traffic: 6,139 links
2026-10-06 18:52:57 - matsim.evaluator - INFO - Saved congestion heatmap to /media/volume/Tareek-instance_vol-1/Tareek-work/Tareek/experiments/la_s10_pt9_10iter/evaluation/heatmap_h10_highways.png
2026-10-06 18:54:23 - matsim.evaluator - INFO -   11 AM congestion, share of 13,748 highway km with traffic — Severe 10.3%, Congested 3.5%, Moderate 4.7%, Free flow 81.5%; no traffic: 6,285 links
2026-10-06 18:54:28 - matsim.evaluator - INFO - Saved congestion heatmap to /media/volume/Tareek-instance_vol-1/Tareek-work/Tareek/experiments/la_s10_pt9_10iter/evaluation/heatmap_h11_highways.png
2026-10-06 18:55:54 - matsim.evaluator - INFO -   12 PM congestion, share of 13,748 highway km with traffic — Severe 9.6%, Congested 3.3%, Moderate 4.5%, Free flow 82.6%; no traffic: 6,139 links
2026-10-06 18:56:00 - matsim.evaluator - INFO - Saved congestion heatmap to /media/volume/Tareek-instance_vol-1/Tareek-work/Tareek/experiments/la_s10_pt9_10iter/evaluation/heatmap_h12_highways.png
2026-10-06 18:57:25 - matsim.evaluator - INFO -   1 PM congestion, share of 13,755 highway km with traffic — Severe 9.1%, Congested 3.2%, Moderate 4.4%, Free flow 83.3%; no traffic: 6,172 links
2026-10-06 18:57:31 - matsim.evaluator - INFO - Saved congestion heatmap to /media/volume/Tareek-instance_vol-1/Tareek-work/Tareek/experiments/la_s10_pt9_10iter/evaluation/heatmap_h13_highways.png
2026-10-06 18:59:00 - matsim.evaluator - INFO -   2 PM congestion, share of 13,777 highway km with traffic — Severe 9.3%, Congested 3.5%, Moderate 4.8%, Free flow 82.4%; no traffic: 6,113 links
2026-10-06 18:59:06 - matsim.evaluator - INFO - Saved congestion heatmap to /media/volume/Tareek-instance_vol-1/Tareek-work/Tareek/experiments/la_s10_pt9_10iter/evaluation/heatmap_h14_highways.png
2026-10-06 19:00:34 - matsim.evaluator - INFO -   3 PM congestion, share of 13,788 highway km with traffic — Severe 9.9%, Congested 3.7%, Moderate 5.1%, Free flow 81.3%; no traffic: 5,640 links
2026-10-06 19:00:40 - matsim.evaluator - INFO - Saved congestion heatmap to /media/volume/Tareek-instance_vol-1/Tareek-work/Tareek/experiments/la_s10_pt9_10iter/evaluation/heatmap_h15_highways.png
2026-10-06 19:02:09 - matsim.evaluator - INFO -   4 PM congestion, share of 13,760 highway km with traffic — Severe 10.4%, Congested 3.7%, Moderate 4.9%, Free flow 80.9%; no traffic: 5,834 links
2026-10-06 19:02:14 - matsim.evaluator - INFO - Saved congestion heatmap to /media/volume/Tareek-instance_vol-1/Tareek-work/Tareek/experiments/la_s10_pt9_10iter/evaluation/heatmap_h16_highways.png
2026-10-06 19:03:44 - matsim.evaluator - INFO -   5 PM congestion, share of 13,703 highway km with traffic — Severe 9.7%, Congested 3.1%, Moderate 4.3%, Free flow 82.9%; no traffic: 6,072 links
2026-10-06 19:03:50 - matsim.evaluator - INFO - Saved congestion heatmap to /media/volume/Tareek-instance_vol-1/Tareek-work/Tareek/experiments/la_s10_pt9_10iter/evaluation/heatmap_5pm_highways.png
2026-10-06 19:05:18 - matsim.evaluator - INFO -   6 PM congestion, share of 13,745 highway km with traffic — Severe 9.0%, Congested 2.7%, Moderate 3.9%, Free flow 84.4%; no traffic: 5,962 links
2026-10-06 19:05:24 - matsim.evaluator - INFO - Saved congestion heatmap to /media/volume/Tareek-instance_vol-1/Tareek-work/Tareek/experiments/la_s10_pt9_10iter/evaluation/heatmap_h18_highways.png
2026-10-06 19:06:52 - matsim.evaluator - INFO -   7 PM congestion, share of 13,696 highway km with traffic — Severe 8.1%, Congested 2.2%, Moderate 3.3%, Free flow 86.4%; no traffic: 5,869 links
2026-10-06 19:06:58 - matsim.evaluator - INFO - Saved congestion heatmap to /media/volume/Tareek-instance_vol-1/Tareek-work/Tareek/experiments/la_s10_pt9_10iter/evaluation/heatmap_h19_highways.png
2026-10-06 19:08:22 - matsim.evaluator - INFO -   8 PM congestion, share of 13,774 highway km with traffic — Severe 7.0%, Congested 1.8%, Moderate 2.6%, Free flow 88.6%; no traffic: 5,598 links
2026-10-06 19:08:28 - matsim.evaluator - INFO - Saved congestion heatmap to /media/volume/Tareek-instance_vol-1/Tareek-work/Tareek/experiments/la_s10_pt9_10iter/evaluation/heatmap_h20_highways.png
2026-10-06 19:09:55 - matsim.evaluator - INFO -   9 PM congestion, share of 13,769 highway km with traffic — Severe 6.0%, Congested 1.4%, Moderate 2.3%, Free flow 90.3%; no traffic: 5,692 links
2026-10-06 19:10:01 - matsim.evaluator - INFO - Saved congestion heatmap to /media/volume/Tareek-instance_vol-1/Tareek-work/Tareek/experiments/la_s10_pt9_10iter/evaluation/heatmap_h21_highways.png
2026-10-06 19:11:31 - matsim.evaluator - INFO -   10 PM congestion, share of 13,789 highway km with traffic — Severe 5.1%, Congested 1.1%, Moderate 1.9%, Free flow 91.9%; no traffic: 5,547 links
2026-10-06 19:11:37 - matsim.evaluator - INFO - Saved congestion heatmap to /media/volume/Tareek-instance_vol-1/Tareek-work/Tareek/experiments/la_s10_pt9_10iter/evaluation/heatmap_h22_highways.png
2026-10-06 19:13:03 - matsim.evaluator - INFO -   11 PM congestion, share of 13,751 highway km with traffic — Severe 4.3%, Congested 0.8%, Moderate 1.5%, Free flow 93.4%; no traffic: 5,836 links
2026-10-06 19:13:08 - matsim.evaluator - INFO - Saved congestion heatmap to /media/volume/Tareek-instance_vol-1/Tareek-work/Tareek/experiments/la_s10_pt9_10iter/evaluation/heatmap_h23_highways.png
2026-10-06 19:13:15 - matsim.evaluator - INFO - Saved 24 log-log scatter plot(s) to /media/volume/Tareek-instance_vol-1/Tareek-work/Tareek/experiments/la_s10_pt9_10iter/evaluation
2026-10-06 19:13:15 - matsim.evaluator - INFO - Generating per-device reports...
2026-10-06 19:13:15 - matsim.evaluator - INFO - Generating per-device reports for 35 devices...
2026-10-06 19:13:40 - matsim.evaluator - INFO - Per-device reports saved to /media/volume/Tareek-instance_vol-1/Tareek-work/Tareek/experiments/la_s10_pt9_10iter/evaluation/device_reports
2026-10-06 19:13:40 - __main__ - INFO - 
2026-10-06 19:13:40 - __main__ - INFO - ============================================================
2026-10-06 19:13:40 - __main__ - INFO - EVALUATION RESULTS
2026-10-06 19:13:40 - __main__ - INFO - ============================================================
2026-10-06 19:13:40 - __main__ - INFO - Devices validated: 23
2026-10-06 19:13:40 - __main__ - INFO - Total comparisons: 840
2026-10-06 19:13:40 - __main__ - INFO - Mean Absolute Error (MAE): 1655.37 vehicles
2026-10-06 19:13:40 - __main__ - INFO - Root Mean Square Error (RMSE): 2202.73 vehicles
2026-10-06 19:13:40 - __main__ - INFO - GEH < 5 (hourly counts, target >=85%): 10.8%
2026-10-06 19:13:40 - __main__ - INFO - GEH < 5 (station daily totals): 0.0%
2026-10-06 19:13:40 - __main__ - INFO - Correlation: 0.704
2026-10-06 19:13:40 - __main__ - INFO - Peak-hour correlation (6-9,15-18): 0.551
2026-10-06 19:13:40 - __main__ - INFO - 
2026-10-06 19:13:40 - __main__ - INFO - Results saved to: /media/volume/Tareek-instance_vol-1/Tareek-work/Tareek/experiments/la_s10_pt9_10iter/evaluation
2026-10-06 19:13:40 - __main__ - INFO - ============================================================
2026-10-06 19:13:40 - __main__ - INFO - 
2026-10-06 19:22:50 - validate_demand - INFO - Survey sources in DB: {('bham_local', 'undated'): np.int64(1071), ('nhts', '2022'): np.int64(30462)}
2026-10-06 19:22:50 - validate_demand - INFO - Ignoring survey 'bham_local': not declared by this run's config. It belongs to a different region, so it is not a valid reference here.
2026-10-06 19:22:50 - validate_demand - INFO - No local survey for this region — comparing against national NHTS only. A metro-specific household travel survey is the better reference; add one to config data.surveys with weight > 0.
2026-10-06 19:22:50 - validate_demand - INFO - Simulated trips: /media/volume/Tareek-instance_vol-1/Tareek-work/Tareek/experiments/la_s10_pt9_10iter/output/ITERS/it.10/10.trips.csv.gz
2026-10-06 19:24:24 - __main__ - INFO -   Demand validation vs survey added to summary
2026-10-06 19:24:24 - __main__ - INFO - Experiment summary saved to: /media/volume/Tareek-instance_vol-1/Tareek-work/Tareek/experiments/la_s10_pt9_10iter/experiment_summary.json
2026-10-06 19:24:29 - __main__ - INFO - Experiment report saved to: /media/volume/Tareek-instance_vol-1/Tareek-work/Tareek/experiments/la_s10_pt9_10iter/report.html
2026-10-06 19:24:29 - __main__ - INFO -   For a PDF: python scripts/experiment_report.py --html-to-pdf <that file>  (needs a browser)
2026-10-06 19:24:29 - __main__ - INFO - Experiment tracked in: /media/volume/Tareek-instance_vol-1/Tareek-work/Tareek/experiments/experiment_comparison.csv
2026-10-06 19:24:29 - __main__ - INFO - Suggestion: Increase iterations from 10 to 15-20 for better convergence.
2026-10-06 19:24:29 - __main__ - INFO - ============================================================
2026-10-06 19:24:29 - __main__ - INFO - EXPERIMENT COMPLETE
2026-10-06 19:24:29 - __main__ - INFO - ============================================================
2026-10-06 19:24:29 - __main__ - INFO - Experiment ID: la_s10_pt9_10iter
2026-10-06 19:24:29 - __main__ - INFO - Experiment directory: /media/volume/Tareek-instance_vol-1/Tareek-work/Tareek/experiments/la_s10_pt9_10iter
2026-10-06 19:24:29 - __main__ - INFO - Status: completed
2026-10-06 19:24:29 - __main__ - INFO - 
2026-10-06 19:24:29 - __main__ - INFO - Results available at:
2026-10-06 19:24:29 - __main__ - INFO -   Network: network.xml
2026-10-06 19:24:29 - __main__ - INFO -   Plans: plans.xml
2026-10-06 19:24:29 - __main__ - INFO -   Output: output/
2026-10-06 19:24:29 - __main__ - INFO -   Evaluation: evaluation/
2026-10-06 19:24:29 - __main__ - INFO - ============================================================
