2026-10-03 19:06:47 - data_sources.base_survey_trip - INFO - Logging to: /media/volume/Tareek-instance_vol-1/Tareek-work/Tareek/logs/plan_generation_20261003_190647.log
2026-10-03 19:06:50 - __main__ - INFO - ============================================================
2026-10-03 19:06:50 - __main__ - INFO - STEP 1: VALIDATING CONFIGURATION
2026-10-03 19:06:50 - __main__ - INFO - ============================================================
2026-10-03 19:06:50 - utils.config_validator - INFO - Loaded config from: config/USA/Chicago/config_10iter_chi_s20_w11_nw20_b12_fr018.json
2026-10-03 19:06:50 - utils.config_validator - INFO - Validating configuration...
2026-10-03 19:06:50 - utils.config_validator - INFO - Network config: Using 3 counties
2026-10-03 19:06:50 - utils.config_validator - INFO - MATSim config: mode=basic, run_simulation=True
2026-10-03 19:06:50 - utils.config_validator - INFO - Plan generation config: target_plans=all, scaling_factor=0.2
2026-10-03 19:06:50 - utils.config_validator - INFO - Data directory validated: /media/volume/Tareek-instance_vol-1/Tareek-work/Tareek/data
2026-10-03 19:06:50 - utils.config_validator - INFO - Counts config: enabled=True, custom=False
2026-10-03 19:06:50 - utils.config_validator - WARNING - plan_generation.work_scaling_multiplier = 1.1 (neutral = 1.0): this scales the survey value
2026-10-03 19:06:50 - utils.config_validator - WARNING - nonwork_purposes.nonwork_trip_share = 2.0 (neutral = 1.0): this scales the survey value
2026-10-03 19:06:50 - utils.config_validator - INFO - External tools found: java
2026-10-03 19:06:50 - utils.config_validator - INFO - Configuration validation passed
2026-10-03 19:06:50 - __main__ - INFO - Configuration file: config/USA/Chicago/config_10iter_chi_s20_w11_nw20_b12_fr018.json
2026-10-03 19:06:50 - __main__ - INFO - Experiment ID: chi_s20_w11_nw20_b12_fr018_10iter
2026-10-03 19:06:50 - __main__ - INFO - 
2026-10-03 19:06:50 - __main__ - INFO - ============================================================
2026-10-03 19:06:50 - __main__ - INFO - DETECTING COORDINATE SYSTEM
2026-10-03 19:06:50 - __main__ - INFO - ============================================================
2026-10-03 19:06:52 - __main__ - INFO -   Counties: Cook, DuPage, Lake
2026-10-03 19:06:52 - __main__ - INFO -   Average centroid: (41.9774, -87.8458)
2026-10-03 19:06:52 - __main__ - INFO -   Detected UTM EPSG: EPSG:26916
2026-10-03 19:06:52 - __main__ - INFO -   All downstream components will use EPSG:26916
2026-10-03 19:06:52 - __main__ - INFO - 
2026-10-03 19:06:52 - __main__ - INFO - ============================================================
2026-10-03 19:06:52 - __main__ - INFO - STEP 2: SETTING UP EXPERIMENT DIRECTORY
2026-10-03 19:06:52 - __main__ - INFO - ============================================================
2026-10-03 19:06:52 - utils.logger - INFO - Logging reconfigured from /media/volume/Tareek-instance_vol-1/Tareek-work/Tareek/logs/plan_generation_20261003_190647.log to /media/volume/Tareek-instance_vol-1/Tareek-work/Tareek/experiments/chi_s20_w11_nw20_b12_fr018_10iter/experiment_20261003_190652.log
2026-10-03 19:06:52 - utils.logger - INFO - Removed temporary log file: /media/volume/Tareek-instance_vol-1/Tareek-work/Tareek/logs/plan_generation_20261003_190647.log
2026-10-03 19:06:52 - __main__ - INFO - Created new experiment directory: /media/volume/Tareek-instance_vol-1/Tareek-work/Tareek/experiments/chi_s20_w11_nw20_b12_fr018_10iter
2026-10-03 19:06:52 - __main__ - INFO - All experiment logs will be saved to: /media/volume/Tareek-instance_vol-1/Tareek-work/Tareek/experiments/chi_s20_w11_nw20_b12_fr018_10iter/experiment_20261003_190652.log
2026-10-03 19:06:52 - __main__ - INFO - 
2026-10-03 19:06:52 - __main__ - INFO - ============================================================
2026-10-03 19:06:52 - __main__ - INFO - STEP 2b: GENERATING MATSIM config.xml
2026-10-03 19:06:52 - __main__ - INFO - ============================================================
2026-10-03 19:06:52 - matsim.config_manager - INFO - Generating MATSim config for mode: basic
2026-10-03 19:06:52 - matsim.config_manager - INFO - Using config template: /media/volume/Tareek-instance_vol-1/Tareek-work/Tareek/matsim/configs/basic/config.xml
2026-10-03 19:06:52 - matsim.config_manager - INFO - Auto-set writeLinkStatsInterval = 10 (matches lastIteration)
2026-10-03 19:06:52 - matsim.config_manager - INFO - Auto-set write*Interval = 10 (bulky per-iteration output written only at the final iteration; set matsim.write_intermediate_output=true to write every iteration)
2026-10-03 19:06:52 - matsim.config_manager - INFO - Auto-set counts.countsScaleFactor = 5.0 (1/0.2 flowCapacityFactor)
2026-10-03 19:06:52 - matsim.config_manager - INFO - Auto-set counts.writeCountsInterval = 10 (matches lastIteration)
2026-10-03 19:06:52 - matsim.config_manager - INFO - Applied configurable param: controller.mobsim = hermes
2026-10-03 19:06:52 - matsim.config_manager - INFO - Applied configurable param: global.numberOfThreads = 60
2026-10-03 19:06:52 - matsim.config_manager - INFO - Applied configurable param: qsim.numberOfThreads = 60
2026-10-03 19:06:52 - matsim.config_manager - INFO - Applied configurable param: qsim.flowCapacityFactor = 0.2
2026-10-03 19:06:52 - matsim.config_manager - INFO - Mirrored qsim.flowCapacityFactor -> hermes.flowCapacityFactor = 0.2
2026-10-03 19:06:52 - matsim.config_manager - INFO - Applied configurable param: qsim.storageCapacityFactor = 0.24
2026-10-03 19:06:52 - matsim.config_manager - INFO - Mirrored qsim.storageCapacityFactor -> hermes.storageCapacityFactor = 0.24
2026-10-03 19:06:52 - matsim.config_manager - INFO - Applied configurable param: qsim.stuckTime = 10.0
2026-10-03 19:06:52 - matsim.config_manager - INFO - Applied configurable param: linkStats.averageLinkStatsOverIterations = 5
2026-10-03 19:06:52 - matsim.config_manager - INFO - Applied scoring.modeParams.pt.constant = 1
2026-10-03 19:06:52 - matsim.config_manager - INFO - Applied scoring.waitingPt = -3.0
2026-10-03 19:06:52 - matsim.config_manager - INFO - Applied scoring.modeParams.walk.constant = -1.0
2026-10-03 19:06:52 - matsim.config_manager - INFO - Applied configurable param: transitRouter.searchRadius = 1500.0
2026-10-03 19:06:52 - matsim.config_manager - INFO - Applied configurable param: transitRouter.extensionRadius = 300.0
2026-10-03 19:06:52 - matsim.config_manager - INFO - Applied configurable param: transitRouter.maxBeelineWalkConnectionDistance = 400.0
2026-10-03 19:06:52 - matsim.config_manager - INFO - Applied configurable param: transitRouter.directWalkFactor = 1.3
2026-10-03 19:06:52 - matsim.config_manager - INFO - Applied configurable param: hermes.endTime = 36:00:00
2026-10-03 19:06:52 - matsim.config_manager - INFO - Mirrored qsim.flowCapacityFactor -> hermes.flowCapacityFactor = 0.2
2026-10-03 19:06:52 - matsim.config_manager - INFO - Mirrored qsim.storageCapacityFactor -> hermes.storageCapacityFactor = 0.24
2026-10-03 19:06:52 - matsim.config_manager - INFO - Applied scoring.modeParams.pt.constant = 1
2026-10-03 19:06:52 - matsim.config_manager - INFO - Applied scoring.waitingPt = -3.0
2026-10-03 19:06:52 - matsim.config_manager - INFO - Applied scoring.modeParams.walk.constant = -1.0
2026-10-03 19:06:52 - matsim.config_manager - INFO - Enabled transit module with transitModes=pt (from enabled modes: ['bus', 'rail']) (preserved existing params on: transitRouter)
2026-10-03 19:06:52 - matsim.config_manager - INFO - Registered scoring activityParams for 'freight_origin'
2026-10-03 19:06:52 - matsim.config_manager - INFO - Registered scoring activityParams for 'freight_destination'
2026-10-03 19:06:52 - matsim.config_manager - INFO - Set replanning strategies for freight: ChangeExpBeta=0.8, ReRoute=0.2
2026-10-03 19:06:52 - matsim.config_manager - INFO - Freight: writeEventsInterval = 10 so the final iteration emits events (needed to isolate the truck stream)
2026-10-03 19:06:52 - matsim.config_manager - INFO - Config saved to: /media/volume/Tareek-instance_vol-1/Tareek-work/Tareek/experiments/chi_s20_w11_nw20_b12_fr018_10iter/config.xml
2026-10-03 19:06:52 - models.freight.vehicles - INFO - Freight PCE is off; no vehicles.xml written (pce=1.0 run)
2026-10-03 19:06:52 - __main__ - INFO -   Generated: /media/volume/Tareek-instance_vol-1/Tareek-work/Tareek/experiments/chi_s20_w11_nw20_b12_fr018_10iter/config.xml
2026-10-03 19:06:52 - __main__ - INFO - 
2026-10-03 19:06:52 - __main__ - INFO - ============================================================
2026-10-03 19:06:52 - __main__ - INFO - STEP 3: SETTING UP NETWORK
2026-10-03 19:06:52 - __main__ - INFO - ============================================================
2026-10-03 19:06:52 - matsim.osm_downloader - INFO - OSM cache directory: /media/volume/Tareek-instance_vol-1/Tareek-work/Tareek/data/osm_cache
2026-10-03 19:06:53 - utils.region_utils - INFO - Retrieved 3 county names for network generation
2026-10-03 19:06:53 - __main__ - INFO - Converted 3 FIPS codes to county names
2026-10-03 19:06:54 - __main__ - INFO - Transit network enabled - setting up GTFS feeds...
2026-10-03 19:06:54 - data_sources.gtfs_manager - INFO - ==================================================
2026-10-03 19:06:54 - data_sources.gtfs_manager - INFO - GTFS SETUP
2026-10-03 19:06:54 - data_sources.gtfs_manager - INFO - ==================================================
2026-10-03 19:06:54 - data_sources.gtfs_manager - INFO - GTFS modes configured: ['bus', 'rail']
2026-10-03 19:06:54 - data_sources.gtfs_manager - INFO - Region bbox: (-88.2636, 41.4697, -87.0199, 42.4957) (took 0.1s)
2026-10-03 19:06:54 - data_sources.gtfs_manager - INFO - Using cached catalog: data/gtfs/feeds_v2.csv
2026-10-03 19:06:54 - data_sources.gtfs_manager - INFO - Catalog has 6475 total entries
2026-10-03 19:06:54 - data_sources.gtfs_manager - INFO -   After data_type=gtfs filter: 4548
2026-10-03 19:06:54 - data_sources.gtfs_manager - INFO -   After country=US filter: 1689
2026-10-03 19:06:54 - data_sources.gtfs_manager - INFO -   After excluding deprecated/inactive: 913
2026-10-03 19:06:54 - data_sources.gtfs_manager - INFO - Downloading feed mdb-2363 from https://www.ridedmt.org/home/showpublisheddocument/1979/638106764822070000 (primary)...
2026-10-03 19:06:55 - data_sources.gtfs_manager - WARNING -   Fetch failed for https://www.ridedmt.org/home/showpublisheddocument/1979/638106764822070000: 403 Client Error: Forbidden for url: https://www.ridedmt.org/home/showpublisheddocument/1979/638106764822070000
2026-10-03 19:06:55 - data_sources.gtfs_manager - ERROR - Failed to download feed mdb-2363 from all 1 URL(s)
2026-10-03 19:06:55 - data_sources.gtfs_manager - INFO - Feed mdb-2854 is up to date (cached)
2026-10-03 19:06:55 - data_sources.gtfs_manager - INFO -   Feed mdb-2854 has no catalog bounding box; from 241 stops: (-88.5806, 41.4282, -87.5479, 42.5611)
2026-10-03 19:06:55 - data_sources.gtfs_manager - INFO -   Skipped 5 feeds with bboxes too broad for region
2026-10-03 19:06:55 - data_sources.gtfs_manager - INFO - Found 8 GTFS feeds for region (took 0.3s):
2026-10-03 19:06:55 - data_sources.gtfs_manager - INFO -   - Chicago Water Taxi (mdb-306): Illinois Cook County
2026-10-03 19:06:55 - data_sources.gtfs_manager - INFO -   - Chicago Transit Authority (CTA) (mdb-389): Illinois Cook County
2026-10-03 19:06:55 - data_sources.gtfs_manager - INFO -   - South Shore Line (mdb-585): Illinois Chicago
2026-10-03 19:06:55 - data_sources.gtfs_manager - INFO -   - Valparaiso Transit (mdb-620): Indiana Valparaiso
2026-10-03 19:06:55 - data_sources.gtfs_manager - INFO -   - Pace Bus (mdb-2347): Illinois Cook County
2026-10-03 19:06:55 - data_sources.gtfs_manager - INFO -   - Metra (mdb-2854): Illinois Chicago
2026-10-03 19:06:55 - data_sources.gtfs_manager - INFO -   - Gary Public Transportation Corporation (tld-4129): Indiana Lake County
2026-10-03 19:06:55 - data_sources.gtfs_manager - INFO -   - University of Chicago (tld-4472): Illinois Cook County
2026-10-03 19:06:55 - data_sources.gtfs_manager - INFO - Checking integrity of 14 feeds in database...
2026-10-03 19:06:55 - data_sources.gtfs_manager - INFO - All feeds are complete
2026-10-03 19:06:55 - data_sources.gtfs_manager - INFO - Feed mdb-306 is up to date (cached)
2026-10-03 19:06:55 - data_sources.gtfs_manager - INFO - Feed mdb-306 already in database, skipping
2026-10-03 19:06:55 - data_sources.gtfs_manager - INFO - Feed mdb-389 is up to date (cached)
2026-10-03 19:06:55 - data_sources.gtfs_manager - INFO - Feed mdb-389 already in database, skipping
2026-10-03 19:06:55 - data_sources.gtfs_manager - INFO - Feed mdb-585 is up to date (cached)
2026-10-03 19:06:55 - data_sources.gtfs_manager - INFO - Feed mdb-585 already in database, skipping
2026-10-03 19:06:55 - data_sources.gtfs_manager - INFO - Feed mdb-620 is up to date (cached)
2026-10-03 19:06:55 - data_sources.gtfs_manager - INFO - Feed mdb-620 already in database, skipping
2026-10-03 19:06:55 - data_sources.gtfs_manager - INFO - Feed mdb-2347 is up to date (cached)
2026-10-03 19:06:56 - data_sources.gtfs_manager - INFO - Feed mdb-2347 already in database, skipping
2026-10-03 19:06:56 - data_sources.gtfs_manager - INFO - Feed mdb-2854 is up to date (cached)
2026-10-03 19:06:56 - data_sources.gtfs_manager - INFO - Feed mdb-2854 already in database, skipping
2026-10-03 19:06:56 - data_sources.gtfs_manager - INFO - Feed tld-4129 is up to date (cached)
2026-10-03 19:06:56 - data_sources.gtfs_manager - INFO - Feed tld-4129 already in database, skipping
2026-10-03 19:06:56 - data_sources.gtfs_manager - INFO - Feed tld-4472 is up to date (cached)
2026-10-03 19:06:56 - data_sources.gtfs_manager - INFO - Feed tld-4472 already in database, skipping
2026-10-03 19:06:56 - data_sources.gtfs_manager - INFO - GTFS setup complete in 1.7s: 0 newly loaded, 8 already in DB, 0 failed (total 8 feeds)
2026-10-03 19:06:56 - data_sources.gtfs_manager - INFO - ==================================================
2026-10-03 19:06:56 - __main__ - INFO - GTFS setup complete
2026-10-03 19:06:56 - matsim.network_manager - INFO - Found existing network: /media/volume/Tareek-instance_vol-1/Tareek-work/Tareek/data/networks/e13f8a5f4ecb84b5/network.xml
2026-10-03 19:06:56 - matsim.network_manager - INFO - Network ID: e13f8a5f4ecb84b5
2026-10-03 19:06:56 - matsim.network_manager - INFO - Counties: 3 counties
2026-10-03 19:06:57 - matsim.network_manager - INFO - Copied cached network to: /media/volume/Tareek-instance_vol-1/Tareek-work/Tareek/experiments/chi_s20_w11_nw20_b12_fr018_10iter/network.xml
2026-10-03 19:06:57 - matsim.network_manager - INFO - Copied cached transitSchedule.xml to: /media/volume/Tareek-instance_vol-1/Tareek-work/Tareek/experiments/chi_s20_w11_nw20_b12_fr018_10iter/transitSchedule.xml
2026-10-03 19:06:57 - matsim.network_manager - INFO - Copied cached transitVehicles.xml to: /media/volume/Tareek-instance_vol-1/Tareek-work/Tareek/experiments/chi_s20_w11_nw20_b12_fr018_10iter/transitVehicles.xml
2026-10-03 19:06:57 - __main__ - INFO - Network ready: /media/volume/Tareek-instance_vol-1/Tareek-work/Tareek/experiments/chi_s20_w11_nw20_b12_fr018_10iter/network.xml
2026-10-03 19:06:57 - __main__ - INFO -   Nodes: 269272
2026-10-03 19:06:57 - __main__ - INFO -   Links: 643032
2026-10-03 19:06:57 - __main__ - INFO -   Coordinate system: EPSG:26916
2026-10-03 19:06:57 - __main__ - INFO -   Transit schedule: /media/volume/Tareek-instance_vol-1/Tareek-work/Tareek/experiments/chi_s20_w11_nw20_b12_fr018_10iter/transitSchedule.xml (exists=True)
2026-10-03 19:06:57 - __main__ - INFO -   Transit vehicles: /media/volume/Tareek-instance_vol-1/Tareek-work/Tareek/experiments/chi_s20_w11_nw20_b12_fr018_10iter/transitVehicles.xml (exists=True)
2026-10-03 19:06:57 - __main__ - INFO - 
2026-10-03 19:06:57 - __main__ - INFO - ============================================================
2026-10-03 19:06:57 - __main__ - INFO - STEP 3b: GENERATING COUNTS FILE
2026-10-03 19:06:57 - __main__ - INFO - ============================================================
2026-10-03 19:06:58 - data_sources.fha_counts_manager - INFO - Setting up FHA counts data...
2026-10-03 19:06:59 - data_sources.fha_counts_manager - INFO - FHA counts rebuild requested — clearing existing data and re-running ETL
2026-10-03 19:06:59 - utils.duckdb_manager - INFO - Successfully deleted records from fha_hourly_volumes
2026-10-03 19:06:59 - utils.duckdb_manager - INFO - Successfully deleted records from fha_stations
2026-10-03 19:06:59 - data_sources.fha_counts_manager - INFO - FHA: cleared existing data for state(s) ['17']
2026-10-03 19:06:59 - data_sources.fha_counts_manager - INFO - FHA: parsing stations for state IL, filtering to counties ['031', '043', '097']
2026-10-03 19:06:59 - data_sources.fha_counts_manager - INFO - FHA: parsing volumes for state IL, 30 station IDs
2026-10-03 19:06:59 - data_sources.fha_counts_manager - INFO - FHA: 17 station-directions in STA have no volume data — skipped
2026-10-03 19:06:59 - utils.duckdb_manager - INFO - Successfully inserted 44 records into fha_stations
2026-10-03 19:06:59 - utils.duckdb_manager - INFO - Successfully inserted 44 records into fha_hourly_volumes
2026-10-03 19:06:59 - data_sources.fha_counts_manager - INFO - FHA: loaded 44 station-directions, 44 volume records for 1 state(s)
2026-10-03 19:06:59 - matsim.counts_generator - INFO - Generating counts.xml for MATSim validation...
2026-10-03 19:06:59 - matsim.counts_generator - INFO - Loading network from /media/volume/Tareek-instance_vol-1/Tareek-work/Tareek/experiments/chi_s20_w11_nw20_b12_fr018_10iter/network.xml
2026-10-03 19:09:23 - matsim.counts_generator - INFO - Loaded 643,032 links
2026-10-03 19:09:23 - matsim.counts_generator - INFO - FHA: 42 stations within network area (of 197 total)
2026-10-03 19:09:25 - matsim.counts_generator - WARNING - FHA: station FHA_17_001550 dir 5: no link within 60 m is plausible for functional system 4 (nearest link 3.5 m away is too small) — dropped from validation
2026-10-03 19:09:25 - matsim.counts_generator - WARNING - FHA: station FHA_17_001550 dir 1: no link within 60 m is plausible for functional system 4 (nearest link 3.5 m away is too small) — dropped from validation
2026-10-03 19:09:25 - matsim.counts_generator - INFO - FHA directional matching: 40 assigned, 2 dropped (2 for facility-class mismatch, rest no distinct carriageway)
2026-10-03 19:09:25 - matsim.counts_generator - INFO - FHA: 20 stations matched via HPMS functional-class constraint
2026-10-03 19:09:25 - matsim.counts_generator - INFO - FHA: station FHA_17_001121_1 split over 2 parallel roadways ['88952', '562936'] by capacity [6000, 6000]
2026-10-03 19:09:25 - matsim.counts_generator - INFO - FHA: station FHA_17_001125_5 split over 2 parallel roadways ['562926', '374298'] by capacity [6000, 8000]
2026-10-03 19:09:25 - matsim.counts_generator - INFO - FHA: 2 directional counts split over parallel roadways
2026-10-03 19:09:25 - matsim.counts_generator - INFO - FHA: matched 42 station-directions to network links
2026-10-03 19:09:25 - matsim.counts_generator - INFO - Counts sources: FHA only (42 stations)
2026-10-03 19:09:25 - utils.region_utils - INFO - Loaded 3 county boundary polygons
2026-10-03 19:10:00 - matsim.counts_generator - INFO - County boundary filter: 42 devices retained
2026-10-03 19:10:01 - matsim.counts_generator - INFO - Generated counts.xml with 42 count locations
2026-10-03 19:10:01 - matsim.counts_generator - INFO -   - FHA per-direction counts: 42
2026-10-03 19:10:01 - matsim.counts_generator - INFO -   - Custom bidirectional sensors (50/50 split): 0
2026-10-03 19:10:01 - matsim.counts_generator - INFO -   - Saved to: /media/volume/Tareek-instance_vol-1/Tareek-work/Tareek/experiments/chi_s20_w11_nw20_b12_fr018_10iter/counts.xml
2026-10-03 19:10:01 - matsim.counts_generator - INFO -   - Saved matched devices to: /media/volume/Tareek-instance_vol-1/Tareek-work/Tareek/experiments/chi_s20_w11_nw20_b12_fr018_10iter/matched_devices.csv
2026-10-03 19:10:01 - __main__ - INFO - 
2026-10-03 19:10:01 - __main__ - INFO - ============================================================
2026-10-03 19:10:01 - __main__ - INFO - STEP 4: GENERATING ACTIVITY PLANS (WORK + NON-WORK)
2026-10-03 19:10:01 - __main__ - INFO - ============================================================
2026-10-03 19:10:03 - models.home_locs_v2 - INFO - Home locations already exist for all 3 configured counties
2026-10-03 19:10:04 - models.work_locs_v2 - INFO - Work locations already exist for all 3 configured counties
2026-10-03 19:10:05 - models.poi_manager - INFO - [OK] All 3 counties already have POIs in database
2026-10-03 19:10:05 - __main__ - INFO - Target total plans: all
2026-10-03 19:10:05 - __main__ - INFO - Scaling factor: 0.2
2026-10-03 19:10:05 - __main__ - INFO - 
2026-10-03 19:10:05 - __main__ - INFO - ------------------------------------------------------------
2026-10-03 19:10:05 - __main__ - INFO - LOADING SHARED DATA FOR NON-WORK PLANS
2026-10-03 19:10:05 - __main__ - INFO - ------------------------------------------------------------
2026-10-03 19:10:07 - models.home_locs_v2 - INFO - Loading home locations for 3 counties from config...
2026-10-03 19:10:08 - models.home_locs_v2 - INFO - Loaded 91,136 home location blocks for 3 counties
2026-10-03 19:10:08 - __main__ - INFO -   Loaded 91,136 home blocks (county-filtered)
2026-10-03 19:10:10 - models.poi_manager - INFO - Loaded 61,769 POIs across 6 activity types (county-filtered)
2026-10-03 19:10:10 - __main__ - INFO -   Loaded 61,769 POIs in 6 activity types (county-filtered)
2026-10-03 19:10:10 - __main__ - INFO -   Pre-computing POI-to-block mapping...
2026-10-03 19:10:10 - models.od_matrix_nonwork - INFO - Pre-computing POI-to-block mapping for ALL POIs...
2026-10-03 19:10:10 - models.od_matrix_nonwork - INFO -   Total POIs: 61,769
2026-10-03 19:10:10 - models.od_matrix_nonwork - INFO -   Blocks with coordinates: 91,136
2026-10-03 19:10:12 - models.od_matrix_nonwork - INFO -   Built KD-tree spatial index
2026-10-03 19:10:12 - models.od_matrix_nonwork - INFO -   POIs with valid coordinates: 61,769
2026-10-03 19:10:12 - models.od_matrix_nonwork - INFO -   Converting POI coordinates to EPSG:26916...
2026-10-03 19:10:13 - models.od_matrix_nonwork - INFO -   Finding nearest block for each POI...
2026-10-03 19:10:13 - models.od_matrix_nonwork - INFO -   POI-to-block mapping complete: 61,769 POIs mapped
2026-10-03 19:10:13 - __main__ - INFO -   POI-to-block mapping complete: 61,769 POIs mapped
2026-10-03 19:10:14 - data_sources.survey_manager - INFO - Survey data already exists for all 1 active source(s)
2026-10-03 19:10:14 - data_sources.survey_manager - INFO - Skipping survey source 'tbi' (no job has weight > 0)
2026-10-03 19:10:14 - data_sources.survey_manager - INFO - Initialized survey source: nhts (year=2022)
2026-10-03 19:10:14 - data_sources.survey_manager - INFO - SURVEY ROLES (configured weights; a source that cannot do a job is skipped)
2026-10-03 19:10:14 - data_sources.survey_manager - INFO -   job                   nhts
2026-10-03 19:10:14 - data_sources.survey_manager - INFO -   person_days           1.00
2026-10-03 19:10:14 - data_sources.survey_manager - INFO -   chains                1.00
2026-10-03 19:10:14 - data_sources.survey_manager - INFO -   times                 1.00
2026-10-03 19:10:14 - data_sources.survey_manager - INFO -   modes                 1.00
2026-10-03 19:10:14 - data_sources.survey_manager - INFO -   od                    1.00
2026-10-03 19:10:14 - data_sources.base_survey_trip - INFO - Loading survey data from DuckDB...
2026-10-03 19:10:17 - data_sources.base_survey_trip - INFO - Loaded 30462 records from DuckDB
2026-10-03 19:10:17 - data_sources.survey_manager - INFO - Survey 'nhts': kept 22,851/30,462 weekday trips (dropped 7,611)
2026-10-03 19:10:17 - data_sources.nhts_survey_trip - INFO - NHTS person-days: 16,997 from /media/volume/Tareek-instance_vol-1/Tareek-work/Tareek/data/nhts/csv/perv2pub.csv
2026-10-03 19:10:17 - data_sources.survey_manager - INFO - Survey 'nhts': month window [3, 4, 5, 9, 10, 11] keeps 6,309/12,186 weekday person-days
2026-10-03 19:10:17 - data_sources.survey_manager - INFO - Survey 'nhts': month/person-day filter kept 12,403/22,851 trips
2026-10-03 19:10:17 - data_sources.survey_manager - INFO - Loaded 12403 records for 'nhts'
2026-10-03 19:10:17 - data_sources.survey_manager - INFO - Survey 'nhts': kept 22,851/30,462 weekday trips (dropped 7,611)
2026-10-03 19:10:17 - data_sources.survey_manager - INFO - Survey 'nhts': month/person-day filter kept 12,403/22,851 trips
2026-10-03 19:10:17 - data_sources.base_survey_trip - INFO - Processing persons and trips...
2026-10-03 19:10:21 - data_sources.base_survey_trip - INFO - Processed 4172 persons across 4172 person-days
2026-10-03 19:10:21 - data_sources.survey_manager - INFO - Processed 4172 persons for 'nhts'
2026-10-03 19:10:21 - __main__ - INFO -   Loaded 12,403 survey trips
2026-10-03 19:10:21 - __main__ - INFO -   Processed 4,172 persons
2026-10-03 19:10:21 - models.chains - INFO - Starting trip chain processing...
2026-10-03 19:10:22 - models.chains - INFO - Successfully processed 4172 trip chains
2026-10-03 19:10:22 - __main__ - INFO -   Processed 787 trip chains
2026-10-03 19:10:22 - __main__ - INFO -   Initializing shared time models...
2026-10-03 19:10:22 - models.time - INFO - Clock-time KDE bandwidth: 10 min
2026-10-03 19:10:22 - models.time - WARNING - INSUFFICIENT DATA: Only 5 departure samples for ('Dining', 'School') (need >5). No KDE model fitted for this pair.
2026-10-03 19:10:22 - models.time - WARNING - INSUFFICIENT DATA: Only 5 arrival samples for ('Dining', 'School') (need >5). No KDE model fitted for this pair.
2026-10-03 19:10:22 - models.time - INFO - Fitted models for 49 activity pairs
2026-10-03 19:10:22 - models.time - INFO - Mean trip durations: global=20.0min, per-pair=49 pairs
2026-10-03 19:10:22 - models.time - INFO - First-of-day departure KDEs: 18 pairs from 4172 first trips (of 12403 trips)
2026-10-03 19:10:24 - models.time - WARNING - FILTER: Rejected 1136 activity durations from survey (outside per-activity [min_minutes, max_minutes] bounds from config). Kept 7095 valid durations.
2026-10-03 19:10:24 - models.time - INFO - Extracted 7095 activity durations from survey
2026-10-03 19:10:24 - models.time - INFO -   Activity 'Dining': fitted survey KDE from 675 samples (mean=46.7 min, std=41.8 min)
2026-10-03 19:10:24 - models.time - INFO -   Activity 'Home': fitted survey KDE from 929 samples (mean=165.4 min, std=144.1 min)
2026-10-03 19:10:24 - models.time - INFO -   Activity 'Other': fitted survey KDE from 432 samples (mean=73.4 min, std=61.3 min)
2026-10-03 19:10:24 - models.time - INFO -   Activity 'School': fitted survey KDE from 750 samples (mean=344.9 min, std=160.1 min)
2026-10-03 19:10:24 - models.time - INFO -   Activity 'Shopping': fitted survey KDE from 2067 samples (mean=39.9 min, std=44.1 min)
2026-10-03 19:10:24 - models.time - INFO -   Activity 'Social': fitted survey KDE from 840 samples (mean=111.4 min, std=69.8 min)
2026-10-03 19:10:24 - models.time - INFO -   Activity 'Work': fitted survey KDE from 1402 samples (mean=363.5 min, std=188.3 min)
2026-10-03 19:10:24 - models.time - INFO - Fitted 7 survey KDE models for activity types
2026-10-03 19:10:24 - models.time - INFO - Fitted 3 target KDE models for activity types
2026-10-03 19:10:24 - models.time - INFO -   Activity 'Dining' bin 'afternoon': fitted binned KDE from 216 samples (mean=46.9 min, std=42.2 min)
2026-10-03 19:10:24 - models.time - INFO -   Activity 'Dining' bin 'evening': fitted binned KDE from 151 samples (mean=49.5 min, std=45.6 min)
2026-10-03 19:10:24 - models.time - INFO -   Activity 'Dining' bin 'midday': fitted binned KDE from 236 samples (mean=45.3 min, std=39.2 min)
2026-10-03 19:10:24 - models.time - INFO -   Activity 'Dining' bin 'morning': fitted binned KDE from 72 samples (mean=44.8 min, std=39.7 min)
2026-10-03 19:10:24 - models.time - INFO -   Activity 'Home' bin 'afternoon': fitted binned KDE from 363 samples (mean=101.0 min, std=73.5 min)
2026-10-03 19:10:24 - models.time - INFO -   Activity 'Home' bin 'evening': fitted binned KDE from 61 samples (mean=80.4 min, std=68.9 min)
2026-10-03 19:10:24 - models.time - INFO -   Activity 'Home' bin 'midday': fitted binned KDE from 291 samples (mean=172.9 min, std=125.6 min)
2026-10-03 19:10:24 - models.time - INFO -   Activity 'Home' bin 'morning': fitted binned KDE from 214 samples (mean=288.6 min, std=183.9 min)
2026-10-03 19:10:24 - models.time - INFO -   Activity 'Other' bin 'afternoon': fitted binned KDE from 98 samples (mean=70.3 min, std=69.5 min)
2026-10-03 19:10:24 - models.time - INFO -   Activity 'Other' bin 'midday': fitted binned KDE from 197 samples (mean=73.1 min, std=58.9 min)
2026-10-03 19:10:24 - models.time - INFO -   Activity 'Other' bin 'morning': fitted binned KDE from 124 samples (mean=73.9 min, std=57.1 min)
2026-10-03 19:10:24 - models.time - INFO -   Activity 'School' bin 'afternoon': fitted binned KDE from 48 samples (mean=103.6 min, std=90.6 min)
2026-10-03 19:10:24 - models.time - INFO -   Activity 'School' bin 'evening': fitted binned KDE from 47 samples (mean=101.0 min, std=50.4 min)
2026-10-03 19:10:24 - models.time - INFO -   Activity 'School' bin 'midday': fitted binned KDE from 62 samples (mean=158.3 min, std=125.7 min)
2026-10-03 19:10:24 - models.time - INFO -   Activity 'School' bin 'morning': fitted binned KDE from 593 samples (mean=403.3 min, std=115.9 min)
2026-10-03 19:10:24 - models.time - INFO -   Activity 'Shopping' bin 'afternoon': fitted binned KDE from 765 samples (mean=34.0 min, std=34.3 min)
2026-10-03 19:10:24 - models.time - INFO -   Activity 'Shopping' bin 'evening': fitted binned KDE from 192 samples (mean=26.2 min, std=26.4 min)
2026-10-03 19:10:24 - models.time - INFO -   Activity 'Shopping' bin 'midday': fitted binned KDE from 817 samples (mean=47.9 min, std=51.8 min)
2026-10-03 19:10:24 - models.time - INFO -   Activity 'Shopping' bin 'morning': fitted binned KDE from 293 samples (mean=42.4 min, std=48.1 min)
2026-10-03 19:10:24 - models.time - INFO -   Activity 'Social' bin 'afternoon': fitted binned KDE from 322 samples (mean=117.1 min, std=72.4 min)
2026-10-03 19:10:24 - models.time - INFO -   Activity 'Social' bin 'evening': fitted binned KDE from 150 samples (mean=115.8 min, std=64.9 min)
2026-10-03 19:10:24 - models.time - INFO -   Activity 'Social' bin 'midday': fitted binned KDE from 211 samples (mean=115.0 min, std=73.2 min)
2026-10-03 19:10:24 - models.time - INFO -   Activity 'Social' bin 'morning': fitted binned KDE from 157 samples (mean=90.5 min, std=59.5 min)
2026-10-03 19:10:24 - models.time - INFO -   Activity 'Work' bin 'afternoon': fitted binned KDE from 150 samples (mean=178.3 min, std=159.6 min)
2026-10-03 19:10:24 - models.time - INFO -   Activity 'Work' bin 'evening': fitted binned KDE from 23 samples (mean=88.9 min, std=63.1 min)
2026-10-03 19:10:24 - models.time - INFO -   Activity 'Work' bin 'midday': fitted binned KDE from 255 samples (mean=218.9 min, std=154.9 min)
2026-10-03 19:10:24 - models.time - INFO -   Activity 'Work' bin 'morning': fitted binned KDE from 974 samples (mean=436.4 min, std=151.3 min)
2026-10-03 19:10:24 - models.time - INFO - Fitted 27 arrival-time-binned KDE models
2026-10-03 19:10:24 - __main__ - INFO -   Time models initialized
2026-10-03 19:10:24 - __main__ - INFO -   Building shared POI spatial index...
2026-10-03 19:10:26 - __main__ - INFO -   POI spatial index built: 6 activity types, 61,769 POIs
2026-10-03 19:10:29 - models.chains - INFO - Starting trip chain processing...
2026-10-03 19:10:30 - models.chains - INFO - Successfully processed 893 trip chains
2026-10-03 19:10:30 - models.chains - INFO - Starting trip chain processing...
2026-10-03 19:10:32 - models.chains - INFO - Successfully processed 642 trip chains
2026-10-03 19:10:32 - models.chains - INFO - Starting trip chain processing...
2026-10-03 19:10:33 - models.chains - INFO - Successfully processed 589 trip chains
2026-10-03 19:10:33 - models.chains - INFO - Starting trip chain processing...
2026-10-03 19:10:35 - models.chains - INFO - Successfully processed 297 trip chains
2026-10-03 19:10:35 - models.chains - INFO - Starting trip chain processing...
2026-10-03 19:10:36 - models.chains - INFO - Successfully processed 279 trip chains
2026-10-03 19:10:36 - models.demand_budget - INFO - ======================================================================
2026-10-03 19:10:36 - models.demand_budget - INFO - DEMAND BUDGET (person-first)
2026-10-03 19:10:36 - models.demand_budget - INFO - ======================================================================
2026-10-03 19:10:36 - models.demand_budget - INFO -   worker           persons    3,200,994 | commute 52.5%  other travel 31.6%  no travel 15.9%
2026-10-03 19:10:36 - models.demand_budget - INFO -   student          persons    1,117,607 | commute 0.2%  other travel 83.9%  no travel 16.0%
2026-10-03 19:10:36 - models.demand_budget - INFO -   nonworker_adult  persons    2,217,134 | commute 2.3%  other travel 59.4%  no travel 38.3%
2026-10-03 19:10:36 - models.demand_budget - INFO -   child_0_4        persons      385,722 (no own plan) | age split: ACS 2023 B01001 (cache)
2026-10-03 19:10:36 - models.demand_budget - INFO -   P(commute) of workers: 52.5%
2026-10-03 19:10:36 - models.demand_budget - INFO -   Shopping   unscaled persons    1,984,979 (knob factor 2.000, 160 chain patterns)
2026-10-03 19:10:36 - models.demand_budget - INFO -   School     unscaled persons    1,935,691 (knob factor 2.000, 96 chain patterns)
2026-10-03 19:10:36 - models.demand_budget - INFO -   Social     unscaled persons    1,332,794 (knob factor 2.000, 151 chain patterns)
2026-10-03 19:10:36 - models.demand_budget - INFO -   Dining     unscaled persons      666,748 (knob factor 2.000, 75 chain patterns)
2026-10-03 19:10:36 - models.demand_budget - INFO -   Other      unscaled persons      606,446 (knob factor 2.000, 67 chain patterns)
2026-10-03 19:10:36 - models.demand_budget - INFO -   NOTE: nonworker_adult: 2.3% of days are commute days; work plans come from LODES workers only, so these are not generated
2026-10-03 19:10:36 - models.demand_budget - INFO - ======================================================================
2026-10-03 19:10:36 - __main__ - INFO - ------------------------------------------------------------
2026-10-03 19:10:36 - __main__ - INFO - ------------------------------------------------------------
2026-10-03 19:10:36 - __main__ - INFO - GENERATING WORK PLANS
2026-10-03 19:10:36 - __main__ - INFO - ------------------------------------------------------------
2026-10-03 19:10:36 - models.plan_generator - INFO - ======================================================================
2026-10-03 19:10:36 - models.plan_generator - INFO - INITIALIZING PLAN GENERATOR
2026-10-03 19:10:36 - models.plan_generator - INFO - ======================================================================
2026-10-03 19:10:36 - models.plan_generator - INFO - Loading location data...
2026-10-03 19:10:36 - models.plan_generator - INFO -   Using data directory: /media/volume/Tareek-instance_vol-1/Tareek-work/Tareek/data
2026-10-03 19:10:36 - models.plan_generator - INFO -   Filtering by 3 counties from config
2026-10-03 19:10:37 - models.home_locs_v2 - INFO - Loading home locations for 3 counties from config...
2026-10-03 19:10:39 - models.home_locs_v2 - INFO - Loaded 91,136 home location blocks for 3 counties
2026-10-03 19:10:40 - models.work_locs_v2 - INFO - Loading work locations for 3 counties from config...
2026-10-03 19:10:41 - models.work_locs_v2 - INFO - Loaded 43,550 work location blocks for 3 counties
2026-10-03 19:10:41 - models.plan_generator - INFO -   Loaded 91136 home blocks
2026-10-03 19:10:41 - models.plan_generator - INFO -   Loaded 43550 work blocks
2026-10-03 19:10:41 - models.plan_generator - INFO - Loading survey data...
2026-10-03 19:10:43 - data_sources.survey_manager - INFO - Survey data already exists for all 1 active source(s)
2026-10-03 19:10:43 - data_sources.survey_manager - INFO - Skipping survey source 'tbi' (no job has weight > 0)
2026-10-03 19:10:43 - data_sources.survey_manager - INFO - Initialized survey source: nhts (year=2022)
2026-10-03 19:10:43 - data_sources.survey_manager - INFO - SURVEY ROLES (configured weights; a source that cannot do a job is skipped)
2026-10-03 19:10:43 - data_sources.survey_manager - INFO -   job                   nhts
2026-10-03 19:10:43 - data_sources.survey_manager - INFO -   person_days           1.00
2026-10-03 19:10:43 - data_sources.survey_manager - INFO -   chains                1.00
2026-10-03 19:10:43 - data_sources.survey_manager - INFO -   times                 1.00
2026-10-03 19:10:43 - data_sources.survey_manager - INFO -   modes                 1.00
2026-10-03 19:10:43 - data_sources.survey_manager - INFO -   od                    1.00
2026-10-03 19:10:43 - data_sources.base_survey_trip - INFO - Loading survey data from DuckDB...
2026-10-03 19:10:45 - data_sources.base_survey_trip - INFO - Loaded 30462 records from DuckDB
2026-10-03 19:10:45 - data_sources.survey_manager - INFO - Survey 'nhts': kept 22,851/30,462 weekday trips (dropped 7,611)
2026-10-03 19:10:45 - data_sources.nhts_survey_trip - INFO - NHTS person-days: 16,997 from /media/volume/Tareek-instance_vol-1/Tareek-work/Tareek/data/nhts/csv/perv2pub.csv
2026-10-03 19:10:45 - data_sources.survey_manager - INFO - Survey 'nhts': month window [3, 4, 5, 9, 10, 11] keeps 6,309/12,186 weekday person-days
2026-10-03 19:10:45 - data_sources.survey_manager - INFO - Survey 'nhts': month/person-day filter kept 12,403/22,851 trips
2026-10-03 19:10:45 - data_sources.survey_manager - INFO - Loaded 12403 records for 'nhts'
2026-10-03 19:10:45 - data_sources.survey_manager - INFO - Survey 'nhts': kept 22,851/30,462 weekday trips (dropped 7,611)
2026-10-03 19:10:45 - data_sources.survey_manager - INFO - Survey 'nhts': month/person-day filter kept 12,403/22,851 trips
2026-10-03 19:10:45 - data_sources.base_survey_trip - INFO - Processing persons and trips...
2026-10-03 19:10:49 - data_sources.base_survey_trip - INFO - Processed 4172 persons across 4172 person-days
2026-10-03 19:10:49 - data_sources.survey_manager - INFO - Processed 4172 persons for 'nhts'
2026-10-03 19:10:49 - models.plan_generator - INFO -   Loaded 12403 survey trips
2026-10-03 19:10:49 - models.plan_generator - INFO -   Processed 4172 persons
2026-10-03 19:10:49 - models.plan_generator - INFO -   Detected survey geo level: block_group
2026-10-03 19:10:49 - models.plan_generator - INFO - Initializing statistical models...
2026-10-03 19:10:49 - models.plan_generator - INFO -   Single survey source — using direct models
2026-10-03 19:10:49 - models.chains - INFO - Starting trip chain processing...
2026-10-03 19:10:50 - models.chains - INFO - Successfully processed 4172 trip chains
2026-10-03 19:10:50 - models.chains - INFO - Filtered chains by type 'contains_work': 286/787 chains match
2026-10-03 19:10:50 - models.plan_generator - INFO -   Chain model fitted with 286 patterns (length dist from 787 unfiltered)
2026-10-03 19:10:50 - models.time - INFO - Clock-time KDE bandwidth: 10 min
2026-10-03 19:10:50 - models.time - WARNING - INSUFFICIENT DATA: Only 5 departure samples for ('Dining', 'School') (need >5). No KDE model fitted for this pair.
2026-10-03 19:10:50 - models.time - WARNING - INSUFFICIENT DATA: Only 5 arrival samples for ('Dining', 'School') (need >5). No KDE model fitted for this pair.
2026-10-03 19:10:50 - models.time - INFO - Fitted models for 49 activity pairs
2026-10-03 19:10:50 - models.time - INFO - Mean trip durations: global=20.0min, per-pair=49 pairs
2026-10-03 19:10:50 - models.time - INFO - First-of-day departure KDEs: 18 pairs from 4172 first trips (of 12403 trips)
2026-10-03 19:10:52 - models.time - WARNING - FILTER: Rejected 1136 activity durations from survey (outside per-activity [min_minutes, max_minutes] bounds from config). Kept 7095 valid durations.
2026-10-03 19:10:52 - models.time - INFO - Extracted 7095 activity durations from survey
2026-10-03 19:10:52 - models.time - INFO -   Activity 'Dining': fitted survey KDE from 675 samples (mean=46.7 min, std=41.8 min)
2026-10-03 19:10:52 - models.time - INFO -   Activity 'Home': fitted survey KDE from 929 samples (mean=165.4 min, std=144.1 min)
2026-10-03 19:10:52 - models.time - INFO -   Activity 'Other': fitted survey KDE from 432 samples (mean=73.4 min, std=61.3 min)
2026-10-03 19:10:52 - models.time - INFO -   Activity 'School': fitted survey KDE from 750 samples (mean=344.9 min, std=160.1 min)
2026-10-03 19:10:52 - models.time - INFO -   Activity 'Shopping': fitted survey KDE from 2067 samples (mean=39.9 min, std=44.1 min)
2026-10-03 19:10:52 - models.time - INFO -   Activity 'Social': fitted survey KDE from 840 samples (mean=111.4 min, std=69.8 min)
2026-10-03 19:10:52 - models.time - INFO -   Activity 'Work': fitted survey KDE from 1402 samples (mean=363.5 min, std=188.3 min)
2026-10-03 19:10:52 - models.time - INFO - Fitted 7 survey KDE models for activity types
2026-10-03 19:10:52 - models.time - INFO - Fitted 3 target KDE models for activity types
2026-10-03 19:10:52 - models.time - INFO -   Activity 'Dining' bin 'afternoon': fitted binned KDE from 216 samples (mean=46.9 min, std=42.2 min)
2026-10-03 19:10:52 - models.time - INFO -   Activity 'Dining' bin 'evening': fitted binned KDE from 151 samples (mean=49.5 min, std=45.6 min)
2026-10-03 19:10:52 - models.time - INFO -   Activity 'Dining' bin 'midday': fitted binned KDE from 236 samples (mean=45.3 min, std=39.2 min)
2026-10-03 19:10:52 - models.time - INFO -   Activity 'Dining' bin 'morning': fitted binned KDE from 72 samples (mean=44.8 min, std=39.7 min)
2026-10-03 19:10:52 - models.time - INFO -   Activity 'Home' bin 'afternoon': fitted binned KDE from 363 samples (mean=101.0 min, std=73.5 min)
2026-10-03 19:10:52 - models.time - INFO -   Activity 'Home' bin 'evening': fitted binned KDE from 61 samples (mean=80.4 min, std=68.9 min)
2026-10-03 19:10:52 - models.time - INFO -   Activity 'Home' bin 'midday': fitted binned KDE from 291 samples (mean=172.9 min, std=125.6 min)
2026-10-03 19:10:52 - models.time - INFO -   Activity 'Home' bin 'morning': fitted binned KDE from 214 samples (mean=288.6 min, std=183.9 min)
2026-10-03 19:10:52 - models.time - INFO -   Activity 'Other' bin 'afternoon': fitted binned KDE from 98 samples (mean=70.3 min, std=69.5 min)
2026-10-03 19:10:52 - models.time - INFO -   Activity 'Other' bin 'midday': fitted binned KDE from 197 samples (mean=73.1 min, std=58.9 min)
2026-10-03 19:10:52 - models.time - INFO -   Activity 'Other' bin 'morning': fitted binned KDE from 124 samples (mean=73.9 min, std=57.1 min)
2026-10-03 19:10:52 - models.time - INFO -   Activity 'School' bin 'afternoon': fitted binned KDE from 48 samples (mean=103.6 min, std=90.6 min)
2026-10-03 19:10:52 - models.time - INFO -   Activity 'School' bin 'evening': fitted binned KDE from 47 samples (mean=101.0 min, std=50.4 min)
2026-10-03 19:10:52 - models.time - INFO -   Activity 'School' bin 'midday': fitted binned KDE from 62 samples (mean=158.3 min, std=125.7 min)
2026-10-03 19:10:52 - models.time - INFO -   Activity 'School' bin 'morning': fitted binned KDE from 593 samples (mean=403.3 min, std=115.9 min)
2026-10-03 19:10:52 - models.time - INFO -   Activity 'Shopping' bin 'afternoon': fitted binned KDE from 765 samples (mean=34.0 min, std=34.3 min)
2026-10-03 19:10:52 - models.time - INFO -   Activity 'Shopping' bin 'evening': fitted binned KDE from 192 samples (mean=26.2 min, std=26.4 min)
2026-10-03 19:10:52 - models.time - INFO -   Activity 'Shopping' bin 'midday': fitted binned KDE from 817 samples (mean=47.9 min, std=51.8 min)
2026-10-03 19:10:52 - models.time - INFO -   Activity 'Shopping' bin 'morning': fitted binned KDE from 293 samples (mean=42.4 min, std=48.1 min)
2026-10-03 19:10:52 - models.time - INFO -   Activity 'Social' bin 'afternoon': fitted binned KDE from 322 samples (mean=117.1 min, std=72.4 min)
2026-10-03 19:10:52 - models.time - INFO -   Activity 'Social' bin 'evening': fitted binned KDE from 150 samples (mean=115.8 min, std=64.9 min)
2026-10-03 19:10:52 - models.time - INFO -   Activity 'Social' bin 'midday': fitted binned KDE from 211 samples (mean=115.0 min, std=73.2 min)
2026-10-03 19:10:52 - models.time - INFO -   Activity 'Social' bin 'morning': fitted binned KDE from 157 samples (mean=90.5 min, std=59.5 min)
2026-10-03 19:10:52 - models.time - INFO -   Activity 'Work' bin 'afternoon': fitted binned KDE from 150 samples (mean=178.3 min, std=159.6 min)
2026-10-03 19:10:52 - models.time - INFO -   Activity 'Work' bin 'evening': fitted binned KDE from 23 samples (mean=88.9 min, std=63.1 min)
2026-10-03 19:10:52 - models.time - INFO -   Activity 'Work' bin 'midday': fitted binned KDE from 255 samples (mean=218.9 min, std=154.9 min)
2026-10-03 19:10:52 - models.time - INFO -   Activity 'Work' bin 'morning': fitted binned KDE from 974 samples (mean=436.4 min, std=151.3 min)
2026-10-03 19:10:52 - models.time - INFO - Fitted 27 arrival-time-binned KDE models
2026-10-03 19:10:52 - models.time - INFO - Home typicalDuration: using 720 min (overnight anchor) instead of the measured mid-chain median 125 min — MATSim allows only one value per activity type and the overnight stay dominates the day
2026-10-03 19:10:52 - models.plan_generator - INFO -   Survey typicalDuration for MATSim: Dining=30min, Home=720min, Other=60min, School=420min, Shopping=25min, Social=95min, Work=450min
2026-10-03 19:10:52 - models.time - INFO - Home typicalDuration: using 720 min (overnight anchor) instead of the measured mid-chain median 125 min — MATSim allows only one value per activity type and the overnight stay dominates the day
2026-10-03 19:10:52 - models.plan_generator - INFO -   Survey activity scoring windows for MATSim: Dining=9.0-21.0h/min5m, Other=7.4-20.9h/min5m, School=7.1-18.8h/min60m, Shopping=7.9-19.5h/min5m, Social=7.0-21.5h/min20m, Work=6.0-21.2h/min30m
2026-10-03 19:10:52 - models.plan_generator - INFO - Initializing POI manager...
2026-10-03 19:10:54 - models.poi_manager - INFO - POIManager initialized (Overpass servers: 3 configured)
2026-10-03 19:10:54 - models.poi_manager - INFO -   1. [primary] https://overpass-api.de/api/interpreter
2026-10-03 19:10:54 - models.poi_manager - INFO -   2. [fallback] https://overpass.kumi.systems/api/interpreter
2026-10-03 19:10:54 - models.poi_manager - INFO -   3. [fallback] https://overpass.private.coffee/api/interpreter
2026-10-03 19:10:57 - models.plan_generator - INFO -   POI manager initialized: 124520 POIs loaded
2026-10-03 19:10:57 - models.plan_generator - INFO - Generating OD matrix...
2026-10-03 19:10:57 - models.plan_generator - INFO -   Aggregated to 5044 home block groups
2026-10-03 19:10:57 - models.plan_generator - INFO -   Aggregated to 4994 work block groups
2026-10-03 19:10:58 - data_sources.lodes_od - INFO - ======================================================================
2026-10-03 19:10:58 - data_sources.lodes_od - INFO - LOADING OBSERVED LODES OD FLOWS
2026-10-03 19:10:58 - data_sources.lodes_od - INFO - ======================================================================
2026-10-03 19:10:58 - data_sources.lodes_od - INFO -   Year: 2023 | Version: LODES8 | Job type: JT00 | Segment: S000
2026-10-03 19:10:58 - data_sources.lodes_od - INFO -   Region: 3 counties across 1 state(s): ['IL']
2026-10-03 19:11:06 - data_sources.lodes_od - INFO -   il_main: 5,250,037 rows downloaded
2026-10-03 19:11:07 - data_sources.lodes_od - INFO -   il_aux: 286,018 rows downloaded
2026-10-03 19:11:07 - data_sources.lodes_od - INFO -   Combined: 5,536,055 block-pair rows across all files
2026-10-03 19:11:09 - data_sources.lodes_od - INFO - ----------------------------------------------------------------------
2026-10-03 19:11:09 - data_sources.lodes_od - INFO -   Observed flow classes (after county filter):
2026-10-03 19:11:09 - data_sources.lodes_od - INFO -     I-I internal:     2,853,304
2026-10-03 19:11:09 - data_sources.lodes_od - INFO -     I-E outbound:       264,189  (dropped unless boundary_policy=anchor)
2026-10-03 19:11:09 - data_sources.lodes_od - INFO -     E-I inbound:        802,390  (dropped unless boundary_policy=anchor)
2026-10-03 19:11:09 - data_sources.lodes_od - INFO -     internal_share (resident-side, I-I/(I-I+I-E)): 0.9153
2026-10-03 19:11:09 - data_sources.lodes_od - INFO -     job-side share (I-I/(I-I+E-I)):                0.7805
2026-10-03 19:11:09 - data_sources.lodes_od - INFO -     two-sided share (I-I/all region-touching):     0.7279
2026-10-03 19:11:09 - data_sources.lodes_od - WARNING -   1,066,579 boundary commutes (264,189 I-E + 802,390 E-I) are outside the region's internal matrix — 27.2% of region-touching flow. 264,189 employed residents (8.5%) get no work trip from observed OD.
2026-10-03 19:11:09 - data_sources.lodes_od - INFO -     I-I sourced from aux files: 0 (0.00%)
2026-10-03 19:11:09 - data_sources.lodes_od - INFO - ----------------------------------------------------------------------
2026-10-03 19:11:10 - data_sources.lodes_od - INFO -   Loaded assembled OD matrix from cache: /media/volume/Tareek-instance_vol-1/Tareek-work/Tareek/data/lodes_od_cache/od_matrix_a77d140393bb66f1.parquet
2026-10-03 19:11:10 - data_sources.lodes_od - INFO -   Reconciliation OK: matrix 3,919,883 vs direct aggregation 3,919,883 (2,853,304 I-I + 1,066,579 anchored) (delta +0)
2026-10-03 19:11:10 - utils.od_diagnostics - INFO - OD source: lodes_od
2026-10-03 19:11:10 - models.od_matrix_v3 - INFO - ======================================================================
2026-10-03 19:11:10 - models.od_matrix_v3 - INFO - COMBINING OD MATRICES
2026-10-03 19:11:10 - models.od_matrix_v3 - INFO - ======================================================================
2026-10-03 19:11:10 - models.od_matrix_v3 - INFO - Survey matrix shape: (1, 1)
2026-10-03 19:11:10 - models.od_matrix_v3 - INFO - Local matrix shape: (5044, 4994)
2026-10-03 19:11:10 - models.od_matrix_v3 - INFO - Alpha (survey weight): 0.10
2026-10-03 19:11:10 - models.od_matrix_v3 - INFO - Local weight: 0.90
2026-10-03 19:11:10 - models.od_matrix_v3 - INFO - Aligning survey to local matrix structure...
2026-10-03 19:11:10 - models.od_matrix_v3 - INFO - Combining matrices (alpha blend where survey exists, local only where survey is empty)...
2026-10-03 19:11:11 - models.od_matrix_v3 - INFO - No scaling target specified. Using local matrix total: 3,919,883
2026-10-03 19:11:11 - models.od_matrix_v3 - INFO - Matrix total before scaling: 3,919,883
2026-10-03 19:11:11 - models.od_matrix_v3 - INFO - Scale factor: 1.000000
2026-10-03 19:11:11 - models.od_matrix_v3 - INFO - Applying robust rounding to guarantee target total...
2026-10-03 19:11:11 - models.od_matrix_v3 - INFO - Total after flooring: 3,919,883
2026-10-03 19:11:11 - models.od_matrix_v3 - INFO - Remainder to distribute: 0
2026-10-03 19:11:11 - models.od_matrix_v3 - INFO - ======================================================================
2026-10-03 19:11:11 - models.od_matrix_v3 - INFO - VERIFICATION
2026-10-03 19:11:11 - models.od_matrix_v3 - INFO - ======================================================================
2026-10-03 19:11:11 - models.od_matrix_v3 - INFO - Survey total trips: 10,696,964,320
2026-10-03 19:11:11 - models.od_matrix_v3 - INFO - Local total trips: 3,919,883
2026-10-03 19:11:11 - models.od_matrix_v3 - INFO - Combined total trips (before scaling): 3,919,883
2026-10-03 19:11:11 - models.od_matrix_v3 - INFO - Combined total trips (after scaling & rounding): 3,919,883
2026-10-03 19:11:11 - models.od_matrix_v3 - INFO - Target total: 3,919,883
2026-10-03 19:11:11 - models.od_matrix_v3 - INFO - Difference: 0
2026-10-03 19:11:11 - models.od_matrix_v3 - INFO - Combined matrix shape: (5044, 4994)
2026-10-03 19:11:11 - models.plan_generator - INFO -   Combined OD matrix shape: (5044, 4994)
2026-10-03 19:11:11 - models.plan_generator - INFO -   Total trips in matrix: 3,919,883
2026-10-03 19:11:12 - data_sources.lodes_od - INFO -   Matrix: 5,044 × 4,994, 1,483,336 non-zero pairs (5.9% dense), 3,919,883 trips
2026-10-03 19:11:12 - data_sources.lodes_od - INFO -   Zero-rows: 0 | Zero-cols: 0
2026-10-03 19:11:14 - utils.od_diagnostics - INFO -   Trip length: mean 23.17 km, median 18.33 km, p25 8.89 km, p75 33.9 km
2026-10-03 19:11:14 - utils.od_diagnostics - INFO -   Intrazonal share: 0.72%
2026-10-03 19:11:14 - models.plan_generator - WARNING -   Survey blend ran but changed no cells — the survey's H->W trips do not overlap the base matrix. alpha=0.10 had no practical effect.
2026-10-03 19:11:14 - utils.od_diagnostics - INFO -   vs gravity base: 3,919,883 / 3,200,994 = 1.2246 (+22.46% agents)
2026-10-03 19:11:14 - models.plan_generator - INFO -   Observed I-I gives 2,853,304 trips vs 3,200,994 employed residents (-10.86% agents) — E1
2026-10-03 19:11:24 - models.plan_generator - INFO -   Saved base (pre-blend) OD matrix to: /media/volume/Tareek-instance_vol-1/Tareek-work/Tareek/experiments/chi_s20_w11_nw20_b12_fr018_10iter/base_od_matrix.csv
2026-10-03 19:11:28 - models.plan_generator - INFO -   Saved combined OD matrix to: /media/volume/Tareek-instance_vol-1/Tareek-work/Tareek/experiments/chi_s20_w11_nw20_b12_fr018_10iter/combined_od_matrix.csv
2026-10-03 19:11:28 - utils.od_diagnostics - INFO -   Wrote OD diagnostics to: /media/volume/Tareek-instance_vol-1/Tareek-work/Tareek/experiments/chi_s20_w11_nw20_b12_fr018_10iter/od_matrix_diagnostics.json
2026-10-03 19:11:28 - models.plan_generator - INFO - Initializing GTFS transit availability...
2026-10-03 19:11:29 - models.plan_generator - INFO -   GTFS feeds already in DB, skipping redundant setup
2026-10-03 19:11:29 - models.gtfs_availability - INFO - Building GTFS spatial indices...
2026-10-03 19:11:33 - models.gtfs_availability - INFO -   Built index for bus: 37083 stops (route_types=[3, 11], took 3.57s)
2026-10-03 19:11:33 - models.gtfs_availability - INFO -   Built index for rail: 634 stops (route_types=[0, 1, 2, 12], took 0.12s)
2026-10-03 19:11:33 - models.gtfs_availability - INFO - GTFS spatial indices built: 2 modes, 37717 total stops (took 3.7s)
2026-10-03 19:11:33 - models.plan_generator - INFO -   GTFS availability ready: 2 modes, 37717 stops indexed
2026-10-03 19:11:33 - models.plan_generator - INFO - Initializing mode choice model...
2026-10-03 19:11:33 - models.mode_choice - INFO - Computing mode shares from survey data...
2026-10-03 19:11:33 - models.mode_choice - INFO - Computed mode rates for 8 purposes
2026-10-03 19:11:33 - models.mode_choice - INFO -   Overall mode distribution: car=87.2%, walk=6.3%, school_bus=3.2%, bike=1.2%, bus=0.8%, rail=0.6%, rideshare=0.5%, other=0.3%
2026-10-03 19:11:33 - models.mode_choice - INFO - ModeChoiceModel initialized with 4 modes: ['car', 'bus', 'rail', 'walk']
2026-10-03 19:11:33 - models.plan_generator - INFO - Plan generator initialized successfully!
2026-10-03 19:11:33 - models.plan_generator - INFO - ======================================================================
2026-10-03 19:11:33 - models.plan_generator - INFO - Using provided experiment directory: /media/volume/Tareek-instance_vol-1/Tareek-work/Tareek/experiments/chi_s20_w11_nw20_b12_fr018_10iter
2026-10-03 19:11:33 - models.plan_generator - INFO - All logs will be saved to: /media/volume/Tareek-instance_vol-1/Tareek-work/Tareek/experiments/chi_s20_w11_nw20_b12_fr018_10iter/experiment_20261003_190652.log
2026-10-03 19:11:33 - models.plan_generator - INFO - ======================================================================
2026-10-03 19:11:33 - models.plan_generator - INFO - GENERATING PLANS
2026-10-03 19:11:33 - models.plan_generator - INFO - Target plans: all
2026-10-03 19:11:33 - models.plan_generator - INFO - Scaling factor: 0.2
2026-10-03 19:11:33 - models.plan_generator - INFO - Experiment directory: /media/volume/Tareek-instance_vol-1/Tareek-work/Tareek/experiments/chi_s20_w11_nw20_b12_fr018_10iter
2026-10-03 19:11:33 - models.plan_generator - INFO - ======================================================================
2026-10-03 19:11:33 - models.plan_generator - INFO - P(commute) of workers (survey): 0.525
2026-10-03 19:11:33 - models.plan_generator - INFO - Work scaling multiplier: 1.1
2026-10-03 19:11:33 - models.plan_generator - INFO - Effective work scaling: 0.2 x 0.525 x 1.1 = 0.1156
2026-10-03 19:11:33 - models.plan_generator - INFO - Initial OD pairs: 324906
2026-10-03 19:11:33 - models.plan_generator - INFO - Original total trips: 3,919,883
2026-10-03 19:11:33 - models.plan_generator - INFO - Expected scaled trips: 453,048
2026-10-03 19:11:33 - models.plan_generator - INFO - Actual scaled trips: 452,801
2026-10-03 19:11:33 - models.plan_generator - INFO - Scaling accuracy: 99.9%
2026-10-03 19:11:33 - models.plan_generator - INFO - Using ALL scaled OD pairs (representative sample)
2026-10-03 19:11:33 - models.plan_generator - INFO - Total plans to generate: 452,801
2026-10-03 19:11:33 - models.plan_generator - INFO - Using 60 processes
2026-10-03 19:11:33 - models.plan_generator - INFO - Pre-loading data for multiprocessing...
2026-10-03 19:11:36 - models.poi_manager - INFO - Loaded 61,769 POIs across 6 activity types (county-filtered)
2026-10-03 19:11:36 - models.plan_generator - INFO - Loading POIs from database: found 61769 POIs (county-filtered)
2026-10-03 19:11:36 - models.plan_generator - INFO - Grouped POIs into 6 activity categories:
2026-10-03 19:11:36 - models.plan_generator - INFO -   - Other: 28291 POIs
2026-10-03 19:11:36 - models.plan_generator - INFO -   - Dining: 11167 POIs
2026-10-03 19:11:36 - models.plan_generator - INFO -   - School: 4767 POIs
2026-10-03 19:11:36 - models.plan_generator - INFO -   - Social: 12760 POIs
2026-10-03 19:11:36 - models.plan_generator - INFO -   - Shopping: 4104 POIs
2026-10-03 19:11:36 - models.plan_generator - INFO -   - Escort: 680 POIs
2026-10-03 19:11:36 - models.plan_generator - INFO -   Loaded 61769 POIs across 6 activities
2026-10-03 19:11:36 - models.plan_generator - INFO -   Pre-processed 286 chain patterns
2026-10-03 19:11:36 - models.plan_generator - INFO -   Serialized GTFS stop data for workers: bus=37083 stops, rail=634 stops
2026-10-03 19:11:36 - models.plan_generator - INFO - Split 324906 OD pairs into 61 chunks
2026-10-03 19:11:36 - models.plan_generator - INFO - Workers will log to: /media/volume/Tareek-instance_vol-1/Tareek-work/Tareek/experiments/chi_s20_w11_nw20_b12_fr018_10iter/experiment_20261003_190652.log
2026-10-03 19:11:42 - [ForkPoolWorker-1] models.plan_generator - INFO - Worker ForkPoolWorker-1 started - processing 5415 OD pairs
2026-10-03 19:11:42 - [ForkPoolWorker-1] models.time - INFO - Fitted models for 49 activity pairs
2026-10-03 19:11:42 - [ForkPoolWorker-1] models.time - INFO - Mean trip durations: global=20.0min, per-pair=49 pairs
2026-10-03 19:11:42 - [ForkPoolWorker-2] models.plan_generator - INFO - Worker ForkPoolWorker-2 started - processing 5415 OD pairs
2026-10-03 19:11:43 - [ForkPoolWorker-2] models.time - INFO - Fitted models for 49 activity pairs
2026-10-03 19:11:43 - [ForkPoolWorker-2] models.time - INFO - Mean trip durations: global=20.0min, per-pair=49 pairs
2026-10-03 19:11:43 - [ForkPoolWorker-3] models.plan_generator - INFO - Worker ForkPoolWorker-3 started - processing 5415 OD pairs
2026-10-03 19:11:43 - [ForkPoolWorker-3] models.time - INFO - Fitted models for 49 activity pairs
2026-10-03 19:11:43 - [ForkPoolWorker-3] models.time - INFO - Mean trip durations: global=20.0min, per-pair=49 pairs
2026-10-03 19:11:43 - [ForkPoolWorker-4] models.plan_generator - INFO - Worker ForkPoolWorker-4 started - processing 5415 OD pairs
2026-10-03 19:11:44 - [ForkPoolWorker-4] models.time - INFO - Fitted models for 49 activity pairs
2026-10-03 19:11:44 - [ForkPoolWorker-4] models.time - INFO - Mean trip durations: global=20.0min, per-pair=49 pairs
2026-10-03 19:11:44 - [ForkPoolWorker-5] models.plan_generator - INFO - Worker ForkPoolWorker-5 started - processing 5415 OD pairs
2026-10-03 19:11:44 - [ForkPoolWorker-5] models.time - INFO - Fitted models for 49 activity pairs
2026-10-03 19:11:44 - [ForkPoolWorker-5] models.time - INFO - Mean trip durations: global=20.0min, per-pair=49 pairs
2026-10-03 19:11:45 - [ForkPoolWorker-6] models.plan_generator - INFO - Worker ForkPoolWorker-6 started - processing 5415 OD pairs
2026-10-03 19:11:45 - [ForkPoolWorker-6] models.time - INFO - Fitted models for 49 activity pairs
2026-10-03 19:11:45 - [ForkPoolWorker-6] models.time - INFO - Mean trip durations: global=20.0min, per-pair=49 pairs
2026-10-03 19:11:46 - [ForkPoolWorker-7] models.plan_generator - INFO - Worker ForkPoolWorker-7 started - processing 5415 OD pairs
2026-10-03 19:11:46 - [ForkPoolWorker-7] models.time - INFO - Fitted models for 49 activity pairs
2026-10-03 19:11:46 - [ForkPoolWorker-7] models.time - INFO - Mean trip durations: global=20.0min, per-pair=49 pairs
2026-10-03 19:11:46 - [ForkPoolWorker-8] models.plan_generator - INFO - Worker ForkPoolWorker-8 started - processing 5415 OD pairs
2026-10-03 19:11:46 - [ForkPoolWorker-8] models.time - INFO - Fitted models for 49 activity pairs
2026-10-03 19:11:46 - [ForkPoolWorker-8] models.time - INFO - Mean trip durations: global=20.0min, per-pair=49 pairs
2026-10-03 19:11:47 - [ForkPoolWorker-9] models.plan_generator - INFO - Worker ForkPoolWorker-9 started - processing 5415 OD pairs
2026-10-03 19:11:47 - [ForkPoolWorker-1] models.mode_availability - DEBUG - Registered availability checker for car: UniversalAvailability
2026-10-03 19:11:47 - [ForkPoolWorker-1] models.mode_availability - DEBUG - Registered availability checker for bus: GTFSTransitAvailability
2026-10-03 19:11:47 - [ForkPoolWorker-1] models.mode_availability - DEBUG - Registered availability checker for rail: GTFSTransitAvailability
2026-10-03 19:11:47 - [ForkPoolWorker-1] models.mode_availability - DEBUG - Registered availability checker for walk: DistanceBasedAvailability
2026-10-03 19:11:47 - [ForkPoolWorker-1] models.mode_choice - INFO - Computing mode shares from survey data...
2026-10-03 19:11:47 - [ForkPoolWorker-1] models.mode_choice - DEBUG -   Survey weights (normalized): {'default': 1.0}
2026-10-03 19:11:47 - [ForkPoolWorker-1] models.mode_choice - DEBUG -   Computing rates for purposes: ['Shopping', 'School', 'Dining', 'Work', 'Home', 'Other', 'Social', 'all']
2026-10-03 19:11:47 - [ForkPoolWorker-1] models.mode_choice - DEBUG -   Mode rates for 'Shopping': car=93.6%, walk=5.1%, bike=0.4%, bus=0.4%, rail=0.2%, school_bus=0.2%, rideshare=0.1%
2026-10-03 19:11:47 - [ForkPoolWorker-1] models.mode_choice - DEBUG -   Mode rates for 'School': car=65.5%, school_bus=22.9%, walk=7.7%, bike=2.3%, bus=0.9%, other=0.4%, rail=0.2%, rideshare=0.1%
2026-10-03 19:11:47 - [ForkPoolWorker-1] models.mode_choice - DEBUG -   Mode rates for 'Dining': car=91.1%, walk=6.8%, bike=1.2%, rail=0.3%, other=0.3%, rideshare=0.3%, bus=0.1%
2026-10-03 19:11:47 - [ForkPoolWorker-1] models.mode_choice - DEBUG -   Mode rates for 'Work': car=92.5%, walk=2.3%, rail=1.6%, bus=1.2%, bike=1.0%, school_bus=0.6%, rideshare=0.5%, other=0.2%
2026-10-03 19:11:47 - [ForkPoolWorker-1] models.mode_choice - DEBUG -   Mode rates for 'Home': car=88.1%, walk=5.0%, school_bus=3.8%, bike=1.1%, bus=0.7%, rideshare=0.5%, rail=0.5%, other=0.3%
2026-10-03 19:11:47 - [ForkPoolWorker-1] models.mode_choice - DEBUG -   Mode rates for 'Other': car=88.3%, walk=4.6%, bus=3.1%, rideshare=1.7%, school_bus=1.0%, rail=0.6%, bike=0.6%, other=0.2%
2026-10-03 19:11:47 - [ForkPoolWorker-1] models.mode_choice - DEBUG -   Mode rates for 'Social': car=73.8%, walk=19.5%, bike=3.5%, other=1.0%, rail=0.6%, rideshare=0.6%, bus=0.6%, school_bus=0.4%
2026-10-03 19:11:47 - [ForkPoolWorker-1] models.mode_choice - DEBUG -   Mode rates for 'all': car=87.2%, walk=6.3%, school_bus=3.2%, bike=1.2%, bus=0.8%, rail=0.6%, rideshare=0.5%, other=0.3%
2026-10-03 19:11:47 - [ForkPoolWorker-1] models.mode_choice - INFO - Computed mode rates for 8 purposes
2026-10-03 19:11:47 - [ForkPoolWorker-1] models.mode_choice - INFO -   Overall mode distribution: car=87.2%, walk=6.3%, school_bus=3.2%, bike=1.2%, bus=0.8%, rail=0.6%, rideshare=0.5%, other=0.3%
2026-10-03 19:11:47 - [ForkPoolWorker-1] models.mode_choice - INFO - ModeChoiceModel initialized with 4 modes: ['car', 'bus', 'rail', 'walk']
2026-10-03 19:11:47 - [ForkPoolWorker-9] models.time - INFO - Fitted models for 49 activity pairs
2026-10-03 19:11:47 - [ForkPoolWorker-9] models.time - INFO - Mean trip durations: global=20.0min, per-pair=49 pairs
2026-10-03 19:11:47 - [ForkPoolWorker-2] models.mode_availability - DEBUG - Registered availability checker for car: UniversalAvailability
2026-10-03 19:11:47 - [ForkPoolWorker-2] models.mode_availability - DEBUG - Registered availability checker for bus: GTFSTransitAvailability
2026-10-03 19:11:47 - [ForkPoolWorker-2] models.mode_availability - DEBUG - Registered availability checker for rail: GTFSTransitAvailability
2026-10-03 19:11:47 - [ForkPoolWorker-2] models.mode_availability - DEBUG - Registered availability checker for walk: DistanceBasedAvailability
2026-10-03 19:11:47 - [ForkPoolWorker-2] models.mode_choice - INFO - Computing mode shares from survey data...
2026-10-03 19:11:47 - [ForkPoolWorker-2] models.mode_choice - DEBUG -   Survey weights (normalized): {'default': 1.0}
2026-10-03 19:11:47 - [ForkPoolWorker-2] models.mode_choice - DEBUG -   Computing rates for purposes: ['Shopping', 'School', 'Dining', 'Work', 'Home', 'Other', 'Social', 'all']
2026-10-03 19:11:47 - [ForkPoolWorker-2] models.mode_choice - DEBUG -   Mode rates for 'Shopping': car=93.6%, walk=5.1%, bike=0.4%, bus=0.4%, rail=0.2%, school_bus=0.2%, rideshare=0.1%
2026-10-03 19:11:47 - [ForkPoolWorker-2] models.mode_choice - DEBUG -   Mode rates for 'School': car=65.5%, school_bus=22.9%, walk=7.7%, bike=2.3%, bus=0.9%, other=0.4%, rail=0.2%, rideshare=0.1%
2026-10-03 19:11:47 - [ForkPoolWorker-2] models.mode_choice - DEBUG -   Mode rates for 'Dining': car=91.1%, walk=6.8%, bike=1.2%, rail=0.3%, other=0.3%, rideshare=0.3%, bus=0.1%
2026-10-03 19:11:47 - [ForkPoolWorker-2] models.mode_choice - DEBUG -   Mode rates for 'Work': car=92.5%, walk=2.3%, rail=1.6%, bus=1.2%, bike=1.0%, school_bus=0.6%, rideshare=0.5%, other=0.2%
2026-10-03 19:11:47 - [ForkPoolWorker-2] models.mode_choice - DEBUG -   Mode rates for 'Home': car=88.1%, walk=5.0%, school_bus=3.8%, bike=1.1%, bus=0.7%, rideshare=0.5%, rail=0.5%, other=0.3%
2026-10-03 19:11:47 - [ForkPoolWorker-2] models.mode_choice - DEBUG -   Mode rates for 'Other': car=88.3%, walk=4.6%, bus=3.1%, rideshare=1.7%, school_bus=1.0%, rail=0.6%, bike=0.6%, other=0.2%
2026-10-03 19:11:47 - [ForkPoolWorker-2] models.mode_choice - DEBUG -   Mode rates for 'Social': car=73.8%, walk=19.5%, bike=3.5%, other=1.0%, rail=0.6%, rideshare=0.6%, bus=0.6%, school_bus=0.4%
2026-10-03 19:11:47 - [ForkPoolWorker-2] models.mode_choice - DEBUG -   Mode rates for 'all': car=87.2%, walk=6.3%, school_bus=3.2%, bike=1.2%, bus=0.8%, rail=0.6%, rideshare=0.5%, other=0.3%
2026-10-03 19:11:47 - [ForkPoolWorker-2] models.mode_choice - INFO - Computed mode rates for 8 purposes
2026-10-03 19:11:47 - [ForkPoolWorker-2] models.mode_choice - INFO -   Overall mode distribution: car=87.2%, walk=6.3%, school_bus=3.2%, bike=1.2%, bus=0.8%, rail=0.6%, rideshare=0.5%, other=0.3%
2026-10-03 19:11:47 - [ForkPoolWorker-2] models.mode_choice - INFO - ModeChoiceModel initialized with 4 modes: ['car', 'bus', 'rail', 'walk']
2026-10-03 19:11:48 - [ForkPoolWorker-3] models.mode_availability - DEBUG - Registered availability checker for car: UniversalAvailability
2026-10-03 19:11:48 - [ForkPoolWorker-3] models.mode_availability - DEBUG - Registered availability checker for bus: GTFSTransitAvailability
2026-10-03 19:11:48 - [ForkPoolWorker-3] models.mode_availability - DEBUG - Registered availability checker for rail: GTFSTransitAvailability
2026-10-03 19:11:48 - [ForkPoolWorker-3] models.mode_availability - DEBUG - Registered availability checker for walk: DistanceBasedAvailability
2026-10-03 19:11:48 - [ForkPoolWorker-3] models.mode_choice - INFO - Computing mode shares from survey data...
2026-10-03 19:11:48 - [ForkPoolWorker-3] models.mode_choice - DEBUG -   Survey weights (normalized): {'default': 1.0}
2026-10-03 19:11:48 - [ForkPoolWorker-3] models.mode_choice - DEBUG -   Computing rates for purposes: ['Shopping', 'School', 'Dining', 'Work', 'Home', 'Other', 'Social', 'all']
2026-10-03 19:11:48 - [ForkPoolWorker-3] models.mode_choice - DEBUG -   Mode rates for 'Shopping': car=93.6%, walk=5.1%, bike=0.4%, bus=0.4%, rail=0.2%, school_bus=0.2%, rideshare=0.1%
2026-10-03 19:11:48 - [ForkPoolWorker-3] models.mode_choice - DEBUG -   Mode rates for 'School': car=65.5%, school_bus=22.9%, walk=7.7%, bike=2.3%, bus=0.9%, other=0.4%, rail=0.2%, rideshare=0.1%
2026-10-03 19:11:48 - [ForkPoolWorker-3] models.mode_choice - DEBUG -   Mode rates for 'Dining': car=91.1%, walk=6.8%, bike=1.2%, rail=0.3%, other=0.3%, rideshare=0.3%, bus=0.1%
2026-10-03 19:11:48 - [ForkPoolWorker-3] models.mode_choice - DEBUG -   Mode rates for 'Work': car=92.5%, walk=2.3%, rail=1.6%, bus=1.2%, bike=1.0%, school_bus=0.6%, rideshare=0.5%, other=0.2%
2026-10-03 19:11:48 - [ForkPoolWorker-3] models.mode_choice - DEBUG -   Mode rates for 'Home': car=88.1%, walk=5.0%, school_bus=3.8%, bike=1.1%, bus=0.7%, rideshare=0.5%, rail=0.5%, other=0.3%
2026-10-03 19:11:48 - [ForkPoolWorker-3] models.mode_choice - DEBUG -   Mode rates for 'Other': car=88.3%, walk=4.6%, bus=3.1%, rideshare=1.7%, school_bus=1.0%, rail=0.6%, bike=0.6%, other=0.2%
2026-10-03 19:11:48 - [ForkPoolWorker-3] models.mode_choice - DEBUG -   Mode rates for 'Social': car=73.8%, walk=19.5%, bike=3.5%, other=1.0%, rail=0.6%, rideshare=0.6%, bus=0.6%, school_bus=0.4%
2026-10-03 19:11:48 - [ForkPoolWorker-3] models.mode_choice - DEBUG -   Mode rates for 'all': car=87.2%, walk=6.3%, school_bus=3.2%, bike=1.2%, bus=0.8%, rail=0.6%, rideshare=0.5%, other=0.3%
2026-10-03 19:11:48 - [ForkPoolWorker-3] models.mode_choice - INFO - Computed mode rates for 8 purposes
2026-10-03 19:11:48 - [ForkPoolWorker-3] models.mode_choice - INFO -   Overall mode distribution: car=87.2%, walk=6.3%, school_bus=3.2%, bike=1.2%, bus=0.8%, rail=0.6%, rideshare=0.5%, other=0.3%
2026-10-03 19:11:48 - [ForkPoolWorker-3] models.mode_choice - INFO - ModeChoiceModel initialized with 4 modes: ['car', 'bus', 'rail', 'walk']
2026-10-03 19:11:48 - [ForkPoolWorker-10] models.plan_generator - INFO - Worker ForkPoolWorker-10 started - processing 5415 OD pairs
2026-10-03 19:11:48 - [ForkPoolWorker-10] models.time - INFO - Fitted models for 49 activity pairs
2026-10-03 19:11:48 - [ForkPoolWorker-10] models.time - INFO - Mean trip durations: global=20.0min, per-pair=49 pairs
2026-10-03 19:11:48 - [ForkPoolWorker-4] models.mode_availability - DEBUG - Registered availability checker for car: UniversalAvailability
2026-10-03 19:11:48 - [ForkPoolWorker-4] models.mode_availability - DEBUG - Registered availability checker for bus: GTFSTransitAvailability
2026-10-03 19:11:48 - [ForkPoolWorker-4] models.mode_availability - DEBUG - Registered availability checker for rail: GTFSTransitAvailability
2026-10-03 19:11:48 - [ForkPoolWorker-4] models.mode_availability - DEBUG - Registered availability checker for walk: DistanceBasedAvailability
2026-10-03 19:11:48 - [ForkPoolWorker-4] models.mode_choice - INFO - Computing mode shares from survey data...
2026-10-03 19:11:48 - [ForkPoolWorker-4] models.mode_choice - DEBUG -   Survey weights (normalized): {'default': 1.0}
2026-10-03 19:11:48 - [ForkPoolWorker-4] models.mode_choice - DEBUG -   Computing rates for purposes: ['Shopping', 'School', 'Dining', 'Work', 'Home', 'Other', 'Social', 'all']
2026-10-03 19:11:48 - [ForkPoolWorker-4] models.mode_choice - DEBUG -   Mode rates for 'Shopping': car=93.6%, walk=5.1%, bike=0.4%, bus=0.4%, rail=0.2%, school_bus=0.2%, rideshare=0.1%
2026-10-03 19:11:48 - [ForkPoolWorker-4] models.mode_choice - DEBUG -   Mode rates for 'School': car=65.5%, school_bus=22.9%, walk=7.7%, bike=2.3%, bus=0.9%, other=0.4%, rail=0.2%, rideshare=0.1%
2026-10-03 19:11:48 - [ForkPoolWorker-4] models.mode_choice - DEBUG -   Mode rates for 'Dining': car=91.1%, walk=6.8%, bike=1.2%, rail=0.3%, other=0.3%, rideshare=0.3%, bus=0.1%
2026-10-03 19:11:48 - [ForkPoolWorker-4] models.mode_choice - DEBUG -   Mode rates for 'Work': car=92.5%, walk=2.3%, rail=1.6%, bus=1.2%, bike=1.0%, school_bus=0.6%, rideshare=0.5%, other=0.2%
2026-10-03 19:11:48 - [ForkPoolWorker-4] models.mode_choice - DEBUG -   Mode rates for 'Home': car=88.1%, walk=5.0%, school_bus=3.8%, bike=1.1%, bus=0.7%, rideshare=0.5%, rail=0.5%, other=0.3%
2026-10-03 19:11:48 - [ForkPoolWorker-4] models.mode_choice - DEBUG -   Mode rates for 'Other': car=88.3%, walk=4.6%, bus=3.1%, rideshare=1.7%, school_bus=1.0%, rail=0.6%, bike=0.6%, other=0.2%
2026-10-03 19:11:48 - [ForkPoolWorker-4] models.mode_choice - DEBUG -   Mode rates for 'Social': car=73.8%, walk=19.5%, bike=3.5%, other=1.0%, rail=0.6%, rideshare=0.6%, bus=0.6%, school_bus=0.4%
2026-10-03 19:11:48 - [ForkPoolWorker-11] models.plan_generator - INFO - Worker ForkPoolWorker-11 started - processing 5415 OD pairs
2026-10-03 19:11:48 - [ForkPoolWorker-4] models.mode_choice - DEBUG -   Mode rates for 'all': car=87.2%, walk=6.3%, school_bus=3.2%, bike=1.2%, bus=0.8%, rail=0.6%, rideshare=0.5%, other=0.3%
2026-10-03 19:11:48 - [ForkPoolWorker-4] models.mode_choice - INFO - Computed mode rates for 8 purposes
2026-10-03 19:11:48 - [ForkPoolWorker-4] models.mode_choice - INFO -   Overall mode distribution: car=87.2%, walk=6.3%, school_bus=3.2%, bike=1.2%, bus=0.8%, rail=0.6%, rideshare=0.5%, other=0.3%
2026-10-03 19:11:48 - [ForkPoolWorker-4] models.mode_choice - INFO - ModeChoiceModel initialized with 4 modes: ['car', 'bus', 'rail', 'walk']
2026-10-03 19:11:49 - [ForkPoolWorker-11] models.time - INFO - Fitted models for 49 activity pairs
2026-10-03 19:11:49 - [ForkPoolWorker-11] models.time - INFO - Mean trip durations: global=20.0min, per-pair=49 pairs
2026-10-03 19:11:49 - [ForkPoolWorker-5] models.mode_availability - DEBUG - Registered availability checker for car: UniversalAvailability
2026-10-03 19:11:49 - [ForkPoolWorker-5] models.mode_availability - DEBUG - Registered availability checker for bus: GTFSTransitAvailability
2026-10-03 19:11:49 - [ForkPoolWorker-5] models.mode_availability - DEBUG - Registered availability checker for rail: GTFSTransitAvailability
2026-10-03 19:11:49 - [ForkPoolWorker-5] models.mode_availability - DEBUG - Registered availability checker for walk: DistanceBasedAvailability
2026-10-03 19:11:49 - [ForkPoolWorker-5] models.mode_choice - INFO - Computing mode shares from survey data...
2026-10-03 19:11:49 - [ForkPoolWorker-5] models.mode_choice - DEBUG -   Survey weights (normalized): {'default': 1.0}
2026-10-03 19:11:49 - [ForkPoolWorker-5] models.mode_choice - DEBUG -   Computing rates for purposes: ['Shopping', 'School', 'Dining', 'Work', 'Home', 'Other', 'Social', 'all']
2026-10-03 19:11:49 - [ForkPoolWorker-5] models.mode_choice - DEBUG -   Mode rates for 'Shopping': car=93.6%, walk=5.1%, bike=0.4%, bus=0.4%, rail=0.2%, school_bus=0.2%, rideshare=0.1%
2026-10-03 19:11:49 - [ForkPoolWorker-5] models.mode_choice - DEBUG -   Mode rates for 'School': car=65.5%, school_bus=22.9%, walk=7.7%, bike=2.3%, bus=0.9%, other=0.4%, rail=0.2%, rideshare=0.1%
2026-10-03 19:11:49 - [ForkPoolWorker-5] models.mode_choice - DEBUG -   Mode rates for 'Dining': car=91.1%, walk=6.8%, bike=1.2%, rail=0.3%, other=0.3%, rideshare=0.3%, bus=0.1%
2026-10-03 19:11:49 - [ForkPoolWorker-5] models.mode_choice - DEBUG -   Mode rates for 'Work': car=92.5%, walk=2.3%, rail=1.6%, bus=1.2%, bike=1.0%, school_bus=0.6%, rideshare=0.5%, other=0.2%
2026-10-03 19:11:49 - [ForkPoolWorker-5] models.mode_choice - DEBUG -   Mode rates for 'Home': car=88.1%, walk=5.0%, school_bus=3.8%, bike=1.1%, bus=0.7%, rideshare=0.5%, rail=0.5%, other=0.3%
2026-10-03 19:11:49 - [ForkPoolWorker-5] models.mode_choice - DEBUG -   Mode rates for 'Other': car=88.3%, walk=4.6%, bus=3.1%, rideshare=1.7%, school_bus=1.0%, rail=0.6%, bike=0.6%, other=0.2%
2026-10-03 19:11:49 - [ForkPoolWorker-5] models.mode_choice - DEBUG -   Mode rates for 'Social': car=73.8%, walk=19.5%, bike=3.5%, other=1.0%, rail=0.6%, rideshare=0.6%, bus=0.6%, school_bus=0.4%
2026-10-03 19:11:49 - [ForkPoolWorker-5] models.mode_choice - DEBUG -   Mode rates for 'all': car=87.2%, walk=6.3%, school_bus=3.2%, bike=1.2%, bus=0.8%, rail=0.6%, rideshare=0.5%, other=0.3%
2026-10-03 19:11:49 - [ForkPoolWorker-5] models.mode_choice - INFO - Computed mode rates for 8 purposes
2026-10-03 19:11:49 - [ForkPoolWorker-5] models.mode_choice - INFO -   Overall mode distribution: car=87.2%, walk=6.3%, school_bus=3.2%, bike=1.2%, bus=0.8%, rail=0.6%, rideshare=0.5%, other=0.3%
2026-10-03 19:11:49 - [ForkPoolWorker-5] models.mode_choice - INFO - ModeChoiceModel initialized with 4 modes: ['car', 'bus', 'rail', 'walk']
2026-10-03 19:11:49 - [ForkPoolWorker-12] models.plan_generator - INFO - Worker ForkPoolWorker-12 started - processing 5415 OD pairs
2026-10-03 19:11:49 - [ForkPoolWorker-12] models.time - INFO - Fitted models for 49 activity pairs
2026-10-03 19:11:49 - [ForkPoolWorker-12] models.time - INFO - Mean trip durations: global=20.0min, per-pair=49 pairs
2026-10-03 19:11:50 - [ForkPoolWorker-13] models.plan_generator - INFO - Worker ForkPoolWorker-13 started - processing 5415 OD pairs
2026-10-03 19:11:50 - [ForkPoolWorker-13] models.time - INFO - Fitted models for 49 activity pairs
2026-10-03 19:11:50 - [ForkPoolWorker-13] models.time - INFO - Mean trip durations: global=20.0min, per-pair=49 pairs
2026-10-03 19:11:50 - [ForkPoolWorker-6] models.mode_availability - DEBUG - Registered availability checker for car: UniversalAvailability
2026-10-03 19:11:50 - [ForkPoolWorker-6] models.mode_availability - DEBUG - Registered availability checker for bus: GTFSTransitAvailability
2026-10-03 19:11:50 - [ForkPoolWorker-6] models.mode_availability - DEBUG - Registered availability checker for rail: GTFSTransitAvailability
2026-10-03 19:11:50 - [ForkPoolWorker-6] models.mode_availability - DEBUG - Registered availability checker for walk: DistanceBasedAvailability
2026-10-03 19:11:50 - [ForkPoolWorker-6] models.mode_choice - INFO - Computing mode shares from survey data...
2026-10-03 19:11:50 - [ForkPoolWorker-6] models.mode_choice - DEBUG -   Survey weights (normalized): {'default': 1.0}
2026-10-03 19:11:50 - [ForkPoolWorker-6] models.mode_choice - DEBUG -   Computing rates for purposes: ['Shopping', 'School', 'Dining', 'Work', 'Home', 'Other', 'Social', 'all']
2026-10-03 19:11:50 - [ForkPoolWorker-6] models.mode_choice - DEBUG -   Mode rates for 'Shopping': car=93.6%, walk=5.1%, bike=0.4%, bus=0.4%, rail=0.2%, school_bus=0.2%, rideshare=0.1%
2026-10-03 19:11:50 - [ForkPoolWorker-6] models.mode_choice - DEBUG -   Mode rates for 'School': car=65.5%, school_bus=22.9%, walk=7.7%, bike=2.3%, bus=0.9%, other=0.4%, rail=0.2%, rideshare=0.1%
2026-10-03 19:11:50 - [ForkPoolWorker-6] models.mode_choice - DEBUG -   Mode rates for 'Dining': car=91.1%, walk=6.8%, bike=1.2%, rail=0.3%, other=0.3%, rideshare=0.3%, bus=0.1%
2026-10-03 19:11:50 - [ForkPoolWorker-6] models.mode_choice - DEBUG -   Mode rates for 'Work': car=92.5%, walk=2.3%, rail=1.6%, bus=1.2%, bike=1.0%, school_bus=0.6%, rideshare=0.5%, other=0.2%
2026-10-03 19:11:50 - [ForkPoolWorker-6] models.mode_choice - DEBUG -   Mode rates for 'Home': car=88.1%, walk=5.0%, school_bus=3.8%, bike=1.1%, bus=0.7%, rideshare=0.5%, rail=0.5%, other=0.3%
2026-10-03 19:11:50 - [ForkPoolWorker-6] models.mode_choice - DEBUG -   Mode rates for 'Other': car=88.3%, walk=4.6%, bus=3.1%, rideshare=1.7%, school_bus=1.0%, rail=0.6%, bike=0.6%, other=0.2%
2026-10-03 19:11:50 - [ForkPoolWorker-6] models.mode_choice - DEBUG -   Mode rates for 'Social': car=73.8%, walk=19.5%, bike=3.5%, other=1.0%, rail=0.6%, rideshare=0.6%, bus=0.6%, school_bus=0.4%
2026-10-03 19:11:50 - [ForkPoolWorker-6] models.mode_choice - DEBUG -   Mode rates for 'all': car=87.2%, walk=6.3%, school_bus=3.2%, bike=1.2%, bus=0.8%, rail=0.6%, rideshare=0.5%, other=0.3%
2026-10-03 19:11:50 - [ForkPoolWorker-6] models.mode_choice - INFO - Computed mode rates for 8 purposes
2026-10-03 19:11:50 - [ForkPoolWorker-6] models.mode_choice - INFO -   Overall mode distribution: car=87.2%, walk=6.3%, school_bus=3.2%, bike=1.2%, bus=0.8%, rail=0.6%, rideshare=0.5%, other=0.3%
2026-10-03 19:11:50 - [ForkPoolWorker-6] models.mode_choice - INFO - ModeChoiceModel initialized with 4 modes: ['car', 'bus', 'rail', 'walk']
2026-10-03 19:11:50 - [ForkPoolWorker-7] models.mode_availability - DEBUG - Registered availability checker for car: UniversalAvailability
2026-10-03 19:11:50 - [ForkPoolWorker-7] models.mode_availability - DEBUG - Registered availability checker for bus: GTFSTransitAvailability
2026-10-03 19:11:50 - [ForkPoolWorker-7] models.mode_availability - DEBUG - Registered availability checker for rail: GTFSTransitAvailability
2026-10-03 19:11:50 - [ForkPoolWorker-7] models.mode_availability - DEBUG - Registered availability checker for walk: DistanceBasedAvailability
2026-10-03 19:11:50 - [ForkPoolWorker-7] models.mode_choice - INFO - Computing mode shares from survey data...
2026-10-03 19:11:50 - [ForkPoolWorker-7] models.mode_choice - DEBUG -   Survey weights (normalized): {'default': 1.0}
2026-10-03 19:11:50 - [ForkPoolWorker-7] models.mode_choice - DEBUG -   Computing rates for purposes: ['Shopping', 'School', 'Dining', 'Work', 'Home', 'Other', 'Social', 'all']
2026-10-03 19:11:50 - [ForkPoolWorker-7] models.mode_choice - DEBUG -   Mode rates for 'Shopping': car=93.6%, walk=5.1%, bike=0.4%, bus=0.4%, rail=0.2%, school_bus=0.2%, rideshare=0.1%
2026-10-03 19:11:50 - [ForkPoolWorker-7] models.mode_choice - DEBUG -   Mode rates for 'School': car=65.5%, school_bus=22.9%, walk=7.7%, bike=2.3%, bus=0.9%, other=0.4%, rail=0.2%, rideshare=0.1%
2026-10-03 19:11:50 - [ForkPoolWorker-7] models.mode_choice - DEBUG -   Mode rates for 'Dining': car=91.1%, walk=6.8%, bike=1.2%, rail=0.3%, other=0.3%, rideshare=0.3%, bus=0.1%
2026-10-03 19:11:50 - [ForkPoolWorker-7] models.mode_choice - DEBUG -   Mode rates for 'Work': car=92.5%, walk=2.3%, rail=1.6%, bus=1.2%, bike=1.0%, school_bus=0.6%, rideshare=0.5%, other=0.2%
2026-10-03 19:11:50 - [ForkPoolWorker-7] models.mode_choice - DEBUG -   Mode rates for 'Home': car=88.1%, walk=5.0%, school_bus=3.8%, bike=1.1%, bus=0.7%, rideshare=0.5%, rail=0.5%, other=0.3%
2026-10-03 19:11:50 - [ForkPoolWorker-7] models.mode_choice - DEBUG -   Mode rates for 'Other': car=88.3%, walk=4.6%, bus=3.1%, rideshare=1.7%, school_bus=1.0%, rail=0.6%, bike=0.6%, other=0.2%
2026-10-03 19:11:50 - [ForkPoolWorker-7] models.mode_choice - DEBUG -   Mode rates for 'Social': car=73.8%, walk=19.5%, bike=3.5%, other=1.0%, rail=0.6%, rideshare=0.6%, bus=0.6%, school_bus=0.4%
2026-10-03 19:11:50 - [ForkPoolWorker-7] models.mode_choice - DEBUG -   Mode rates for 'all': car=87.2%, walk=6.3%, school_bus=3.2%, bike=1.2%, bus=0.8%, rail=0.6%, rideshare=0.5%, other=0.3%
2026-10-03 19:11:50 - [ForkPoolWorker-7] models.mode_choice - INFO - Computed mode rates for 8 purposes
2026-10-03 19:11:50 - [ForkPoolWorker-7] models.mode_choice - INFO -   Overall mode distribution: car=87.2%, walk=6.3%, school_bus=3.2%, bike=1.2%, bus=0.8%, rail=0.6%, rideshare=0.5%, other=0.3%
2026-10-03 19:11:50 - [ForkPoolWorker-7] models.mode_choice - INFO - ModeChoiceModel initialized with 4 modes: ['car', 'bus', 'rail', 'walk']
2026-10-03 19:11:51 - [ForkPoolWorker-14] models.plan_generator - INFO - Worker ForkPoolWorker-14 started - processing 5415 OD pairs
2026-10-03 19:11:51 - [ForkPoolWorker-14] models.time - INFO - Fitted models for 49 activity pairs
2026-10-03 19:11:51 - [ForkPoolWorker-14] models.time - INFO - Mean trip durations: global=20.0min, per-pair=49 pairs
2026-10-03 19:11:51 - [ForkPoolWorker-8] models.mode_availability - DEBUG - Registered availability checker for car: UniversalAvailability
2026-10-03 19:11:51 - [ForkPoolWorker-8] models.mode_availability - DEBUG - Registered availability checker for bus: GTFSTransitAvailability
2026-10-03 19:11:51 - [ForkPoolWorker-8] models.mode_availability - DEBUG - Registered availability checker for rail: GTFSTransitAvailability
2026-10-03 19:11:51 - [ForkPoolWorker-8] models.mode_availability - DEBUG - Registered availability checker for walk: DistanceBasedAvailability
2026-10-03 19:11:51 - [ForkPoolWorker-8] models.mode_choice - INFO - Computing mode shares from survey data...
2026-10-03 19:11:51 - [ForkPoolWorker-8] models.mode_choice - DEBUG -   Survey weights (normalized): {'default': 1.0}
2026-10-03 19:11:51 - [ForkPoolWorker-8] models.mode_choice - DEBUG -   Computing rates for purposes: ['Shopping', 'School', 'Dining', 'Work', 'Home', 'Other', 'Social', 'all']
2026-10-03 19:11:51 - [ForkPoolWorker-8] models.mode_choice - DEBUG -   Mode rates for 'Shopping': car=93.6%, walk=5.1%, bike=0.4%, bus=0.4%, rail=0.2%, school_bus=0.2%, rideshare=0.1%
2026-10-03 19:11:51 - [ForkPoolWorker-8] models.mode_choice - DEBUG -   Mode rates for 'School': car=65.5%, school_bus=22.9%, walk=7.7%, bike=2.3%, bus=0.9%, other=0.4%, rail=0.2%, rideshare=0.1%
2026-10-03 19:11:51 - [ForkPoolWorker-8] models.mode_choice - DEBUG -   Mode rates for 'Dining': car=91.1%, walk=6.8%, bike=1.2%, rail=0.3%, other=0.3%, rideshare=0.3%, bus=0.1%
2026-10-03 19:11:51 - [ForkPoolWorker-8] models.mode_choice - DEBUG -   Mode rates for 'Work': car=92.5%, walk=2.3%, rail=1.6%, bus=1.2%, bike=1.0%, school_bus=0.6%, rideshare=0.5%, other=0.2%
2026-10-03 19:11:51 - [ForkPoolWorker-8] models.mode_choice - DEBUG -   Mode rates for 'Home': car=88.1%, walk=5.0%, school_bus=3.8%, bike=1.1%, bus=0.7%, rideshare=0.5%, rail=0.5%, other=0.3%
2026-10-03 19:11:51 - [ForkPoolWorker-8] models.mode_choice - DEBUG -   Mode rates for 'Other': car=88.3%, walk=4.6%, bus=3.1%, rideshare=1.7%, school_bus=1.0%, rail=0.6%, bike=0.6%, other=0.2%
2026-10-03 19:11:51 - [ForkPoolWorker-8] models.mode_choice - DEBUG -   Mode rates for 'Social': car=73.8%, walk=19.5%, bike=3.5%, other=1.0%, rail=0.6%, rideshare=0.6%, bus=0.6%, school_bus=0.4%
2026-10-03 19:11:51 - [ForkPoolWorker-8] models.mode_choice - DEBUG -   Mode rates for 'all': car=87.2%, walk=6.3%, school_bus=3.2%, bike=1.2%, bus=0.8%, rail=0.6%, rideshare=0.5%, other=0.3%
2026-10-03 19:11:51 - [ForkPoolWorker-8] models.mode_choice - INFO - Computed mode rates for 8 purposes
2026-10-03 19:11:51 - [ForkPoolWorker-8] models.mode_choice - INFO -   Overall mode distribution: car=87.2%, walk=6.3%, school_bus=3.2%, bike=1.2%, bus=0.8%, rail=0.6%, rideshare=0.5%, other=0.3%
2026-10-03 19:11:51 - [ForkPoolWorker-8] models.mode_choice - INFO - ModeChoiceModel initialized with 4 modes: ['car', 'bus', 'rail', 'walk']
2026-10-03 19:11:51 - [ForkPoolWorker-15] models.plan_generator - INFO - Worker ForkPoolWorker-15 started - processing 5415 OD pairs
2026-10-03 19:11:51 - [ForkPoolWorker-15] models.time - INFO - Fitted models for 49 activity pairs
2026-10-03 19:11:51 - [ForkPoolWorker-15] models.time - INFO - Mean trip durations: global=20.0min, per-pair=49 pairs
2026-10-03 19:11:52 - [ForkPoolWorker-9] models.mode_availability - DEBUG - Registered availability checker for car: UniversalAvailability
2026-10-03 19:11:52 - [ForkPoolWorker-9] models.mode_availability - DEBUG - Registered availability checker for bus: GTFSTransitAvailability
2026-10-03 19:11:52 - [ForkPoolWorker-9] models.mode_availability - DEBUG - Registered availability checker for rail: GTFSTransitAvailability
2026-10-03 19:11:52 - [ForkPoolWorker-9] models.mode_availability - DEBUG - Registered availability checker for walk: DistanceBasedAvailability
2026-10-03 19:11:52 - [ForkPoolWorker-9] models.mode_choice - INFO - Computing mode shares from survey data...
2026-10-03 19:11:52 - [ForkPoolWorker-9] models.mode_choice - DEBUG -   Survey weights (normalized): {'default': 1.0}
2026-10-03 19:11:52 - [ForkPoolWorker-9] models.mode_choice - DEBUG -   Computing rates for purposes: ['Shopping', 'School', 'Dining', 'Work', 'Home', 'Other', 'Social', 'all']
2026-10-03 19:11:52 - [ForkPoolWorker-9] models.mode_choice - DEBUG -   Mode rates for 'Shopping': car=93.6%, walk=5.1%, bike=0.4%, bus=0.4%, rail=0.2%, school_bus=0.2%, rideshare=0.1%
2026-10-03 19:11:52 - [ForkPoolWorker-9] models.mode_choice - DEBUG -   Mode rates for 'School': car=65.5%, school_bus=22.9%, walk=7.7%, bike=2.3%, bus=0.9%, other=0.4%, rail=0.2%, rideshare=0.1%
2026-10-03 19:11:52 - [ForkPoolWorker-9] models.mode_choice - DEBUG -   Mode rates for 'Dining': car=91.1%, walk=6.8%, bike=1.2%, rail=0.3%, other=0.3%, rideshare=0.3%, bus=0.1%
2026-10-03 19:11:52 - [ForkPoolWorker-9] models.mode_choice - DEBUG -   Mode rates for 'Work': car=92.5%, walk=2.3%, rail=1.6%, bus=1.2%, bike=1.0%, school_bus=0.6%, rideshare=0.5%, other=0.2%
2026-10-03 19:11:52 - [ForkPoolWorker-9] models.mode_choice - DEBUG -   Mode rates for 'Home': car=88.1%, walk=5.0%, school_bus=3.8%, bike=1.1%, bus=0.7%, rideshare=0.5%, rail=0.5%, other=0.3%
2026-10-03 19:11:52 - [ForkPoolWorker-9] models.mode_choice - DEBUG -   Mode rates for 'Other': car=88.3%, walk=4.6%, bus=3.1%, rideshare=1.7%, school_bus=1.0%, rail=0.6%, bike=0.6%, other=0.2%
2026-10-03 19:11:52 - [ForkPoolWorker-9] models.mode_choice - DEBUG -   Mode rates for 'Social': car=73.8%, walk=19.5%, bike=3.5%, other=1.0%, rail=0.6%, rideshare=0.6%, bus=0.6%, school_bus=0.4%
2026-10-03 19:11:52 - [ForkPoolWorker-9] models.mode_choice - DEBUG -   Mode rates for 'all': car=87.2%, walk=6.3%, school_bus=3.2%, bike=1.2%, bus=0.8%, rail=0.6%, rideshare=0.5%, other=0.3%
2026-10-03 19:11:52 - [ForkPoolWorker-9] models.mode_choice - INFO - Computed mode rates for 8 purposes
2026-10-03 19:11:52 - [ForkPoolWorker-9] models.mode_choice - INFO -   Overall mode distribution: car=87.2%, walk=6.3%, school_bus=3.2%, bike=1.2%, bus=0.8%, rail=0.6%, rideshare=0.5%, other=0.3%
2026-10-03 19:11:52 - [ForkPoolWorker-9] models.mode_choice - INFO - ModeChoiceModel initialized with 4 modes: ['car', 'bus', 'rail', 'walk']
2026-10-03 19:11:52 - [ForkPoolWorker-16] models.plan_generator - INFO - Worker ForkPoolWorker-16 started - processing 5415 OD pairs
2026-10-03 19:11:52 - [ForkPoolWorker-16] models.time - INFO - Fitted models for 49 activity pairs
2026-10-03 19:11:52 - [ForkPoolWorker-16] models.time - INFO - Mean trip durations: global=20.0min, per-pair=49 pairs
2026-10-03 19:11:52 - [ForkPoolWorker-17] models.plan_generator - INFO - Worker ForkPoolWorker-17 started - processing 5415 OD pairs
2026-10-03 19:11:53 - [ForkPoolWorker-17] models.time - INFO - Fitted models for 49 activity pairs
2026-10-03 19:11:53 - [ForkPoolWorker-17] models.time - INFO - Mean trip durations: global=20.0min, per-pair=49 pairs
2026-10-03 19:11:53 - [ForkPoolWorker-10] models.mode_availability - DEBUG - Registered availability checker for car: UniversalAvailability
2026-10-03 19:11:53 - [ForkPoolWorker-10] models.mode_availability - DEBUG - Registered availability checker for bus: GTFSTransitAvailability
2026-10-03 19:11:53 - [ForkPoolWorker-10] models.mode_availability - DEBUG - Registered availability checker for rail: GTFSTransitAvailability
2026-10-03 19:11:53 - [ForkPoolWorker-10] models.mode_availability - DEBUG - Registered availability checker for walk: DistanceBasedAvailability
2026-10-03 19:11:53 - [ForkPoolWorker-10] models.mode_choice - INFO - Computing mode shares from survey data...
2026-10-03 19:11:53 - [ForkPoolWorker-10] models.mode_choice - DEBUG -   Survey weights (normalized): {'default': 1.0}
2026-10-03 19:11:53 - [ForkPoolWorker-10] models.mode_choice - DEBUG -   Computing rates for purposes: ['Shopping', 'School', 'Dining', 'Work', 'Home', 'Other', 'Social', 'all']
2026-10-03 19:11:53 - [ForkPoolWorker-10] models.mode_choice - DEBUG -   Mode rates for 'Shopping': car=93.6%, walk=5.1%, bike=0.4%, bus=0.4%, rail=0.2%, school_bus=0.2%, rideshare=0.1%
2026-10-03 19:11:53 - [ForkPoolWorker-10] models.mode_choice - DEBUG -   Mode rates for 'School': car=65.5%, school_bus=22.9%, walk=7.7%, bike=2.3%, bus=0.9%, other=0.4%, rail=0.2%, rideshare=0.1%
2026-10-03 19:11:53 - [ForkPoolWorker-10] models.mode_choice - DEBUG -   Mode rates for 'Dining': car=91.1%, walk=6.8%, bike=1.2%, rail=0.3%, other=0.3%, rideshare=0.3%, bus=0.1%
2026-10-03 19:11:53 - [ForkPoolWorker-10] models.mode_choice - DEBUG -   Mode rates for 'Work': car=92.5%, walk=2.3%, rail=1.6%, bus=1.2%, bike=1.0%, school_bus=0.6%, rideshare=0.5%, other=0.2%
2026-10-03 19:11:53 - [ForkPoolWorker-10] models.mode_choice - DEBUG -   Mode rates for 'Home': car=88.1%, walk=5.0%, school_bus=3.8%, bike=1.1%, bus=0.7%, rideshare=0.5%, rail=0.5%, other=0.3%
2026-10-03 19:11:53 - [ForkPoolWorker-10] models.mode_choice - DEBUG -   Mode rates for 'Other': car=88.3%, walk=4.6%, bus=3.1%, rideshare=1.7%, school_bus=1.0%, rail=0.6%, bike=0.6%, other=0.2%
2026-10-03 19:11:53 - [ForkPoolWorker-10] models.mode_choice - DEBUG -   Mode rates for 'Social': car=73.8%, walk=19.5%, bike=3.5%, other=1.0%, rail=0.6%, rideshare=0.6%, bus=0.6%, school_bus=0.4%
2026-10-03 19:11:53 - [ForkPoolWorker-10] models.mode_choice - DEBUG -   Mode rates for 'all': car=87.2%, walk=6.3%, school_bus=3.2%, bike=1.2%, bus=0.8%, rail=0.6%, rideshare=0.5%, other=0.3%
2026-10-03 19:11:53 - [ForkPoolWorker-10] models.mode_choice - INFO - Computed mode rates for 8 purposes
2026-10-03 19:11:53 - [ForkPoolWorker-10] models.mode_choice - INFO -   Overall mode distribution: car=87.2%, walk=6.3%, school_bus=3.2%, bike=1.2%, bus=0.8%, rail=0.6%, rideshare=0.5%, other=0.3%
2026-10-03 19:11:53 - [ForkPoolWorker-10] models.mode_choice - INFO - ModeChoiceModel initialized with 4 modes: ['car', 'bus', 'rail', 'walk']
2026-10-03 19:11:53 - [ForkPoolWorker-18] models.plan_generator - INFO - Worker ForkPoolWorker-18 started - processing 5415 OD pairs
2026-10-03 19:11:53 - [ForkPoolWorker-11] models.mode_availability - DEBUG - Registered availability checker for car: UniversalAvailability
2026-10-03 19:11:53 - [ForkPoolWorker-11] models.mode_availability - DEBUG - Registered availability checker for bus: GTFSTransitAvailability
2026-10-03 19:11:53 - [ForkPoolWorker-11] models.mode_availability - DEBUG - Registered availability checker for rail: GTFSTransitAvailability
2026-10-03 19:11:53 - [ForkPoolWorker-11] models.mode_availability - DEBUG - Registered availability checker for walk: DistanceBasedAvailability
2026-10-03 19:11:53 - [ForkPoolWorker-11] models.mode_choice - INFO - Computing mode shares from survey data...
2026-10-03 19:11:53 - [ForkPoolWorker-11] models.mode_choice - DEBUG -   Survey weights (normalized): {'default': 1.0}
2026-10-03 19:11:53 - [ForkPoolWorker-11] models.mode_choice - DEBUG -   Computing rates for purposes: ['Shopping', 'School', 'Dining', 'Work', 'Home', 'Other', 'Social', 'all']
2026-10-03 19:11:53 - [ForkPoolWorker-11] models.mode_choice - DEBUG -   Mode rates for 'Shopping': car=93.6%, walk=5.1%, bike=0.4%, bus=0.4%, rail=0.2%, school_bus=0.2%, rideshare=0.1%
2026-10-03 19:11:53 - [ForkPoolWorker-11] models.mode_choice - DEBUG -   Mode rates for 'School': car=65.5%, school_bus=22.9%, walk=7.7%, bike=2.3%, bus=0.9%, other=0.4%, rail=0.2%, rideshare=0.1%
2026-10-03 19:11:53 - [ForkPoolWorker-11] models.mode_choice - DEBUG -   Mode rates for 'Dining': car=91.1%, walk=6.8%, bike=1.2%, rail=0.3%, other=0.3%, rideshare=0.3%, bus=0.1%
2026-10-03 19:11:53 - [ForkPoolWorker-11] models.mode_choice - DEBUG -   Mode rates for 'Work': car=92.5%, walk=2.3%, rail=1.6%, bus=1.2%, bike=1.0%, school_bus=0.6%, rideshare=0.5%, other=0.2%
2026-10-03 19:11:53 - [ForkPoolWorker-11] models.mode_choice - DEBUG -   Mode rates for 'Home': car=88.1%, walk=5.0%, school_bus=3.8%, bike=1.1%, bus=0.7%, rideshare=0.5%, rail=0.5%, other=0.3%
2026-10-03 19:11:53 - [ForkPoolWorker-11] models.mode_choice - DEBUG -   Mode rates for 'Other': car=88.3%, walk=4.6%, bus=3.1%, rideshare=1.7%, school_bus=1.0%, rail=0.6%, bike=0.6%, other=0.2%
2026-10-03 19:11:53 - [ForkPoolWorker-11] models.mode_choice - DEBUG -   Mode rates for 'Social': car=73.8%, walk=19.5%, bike=3.5%, other=1.0%, rail=0.6%, rideshare=0.6%, bus=0.6%, school_bus=0.4%
2026-10-03 19:11:53 - [ForkPoolWorker-11] models.mode_choice - DEBUG -   Mode rates for 'all': car=87.2%, walk=6.3%, school_bus=3.2%, bike=1.2%, bus=0.8%, rail=0.6%, rideshare=0.5%, other=0.3%
2026-10-03 19:11:53 - [ForkPoolWorker-11] models.mode_choice - INFO - Computed mode rates for 8 purposes
2026-10-03 19:11:53 - [ForkPoolWorker-11] models.mode_choice - INFO -   Overall mode distribution: car=87.2%, walk=6.3%, school_bus=3.2%, bike=1.2%, bus=0.8%, rail=0.6%, rideshare=0.5%, other=0.3%
2026-10-03 19:11:53 - [ForkPoolWorker-11] models.mode_choice - INFO - ModeChoiceModel initialized with 4 modes: ['car', 'bus', 'rail', 'walk']
2026-10-03 19:11:53 - [ForkPoolWorker-18] models.time - INFO - Fitted models for 49 activity pairs
2026-10-03 19:11:53 - [ForkPoolWorker-18] models.time - INFO - Mean trip durations: global=20.0min, per-pair=49 pairs
2026-10-03 19:11:54 - [ForkPoolWorker-12] models.mode_availability - DEBUG - Registered availability checker for car: UniversalAvailability
2026-10-03 19:11:54 - [ForkPoolWorker-12] models.mode_availability - DEBUG - Registered availability checker for bus: GTFSTransitAvailability
2026-10-03 19:11:54 - [ForkPoolWorker-12] models.mode_availability - DEBUG - Registered availability checker for rail: GTFSTransitAvailability
2026-10-03 19:11:54 - [ForkPoolWorker-12] models.mode_availability - DEBUG - Registered availability checker for walk: DistanceBasedAvailability
2026-10-03 19:11:54 - [ForkPoolWorker-12] models.mode_choice - INFO - Computing mode shares from survey data...
2026-10-03 19:11:54 - [ForkPoolWorker-12] models.mode_choice - DEBUG -   Survey weights (normalized): {'default': 1.0}
2026-10-03 19:11:54 - [ForkPoolWorker-12] models.mode_choice - DEBUG -   Computing rates for purposes: ['Shopping', 'School', 'Dining', 'Work', 'Home', 'Other', 'Social', 'all']
2026-10-03 19:11:54 - [ForkPoolWorker-12] models.mode_choice - DEBUG -   Mode rates for 'Shopping': car=93.6%, walk=5.1%, bike=0.4%, bus=0.4%, rail=0.2%, school_bus=0.2%, rideshare=0.1%
2026-10-03 19:11:54 - [ForkPoolWorker-12] models.mode_choice - DEBUG -   Mode rates for 'School': car=65.5%, school_bus=22.9%, walk=7.7%, bike=2.3%, bus=0.9%, other=0.4%, rail=0.2%, rideshare=0.1%
2026-10-03 19:11:54 - [ForkPoolWorker-12] models.mode_choice - DEBUG -   Mode rates for 'Dining': car=91.1%, walk=6.8%, bike=1.2%, rail=0.3%, other=0.3%, rideshare=0.3%, bus=0.1%
2026-10-03 19:11:54 - [ForkPoolWorker-12] models.mode_choice - DEBUG -   Mode rates for 'Work': car=92.5%, walk=2.3%, rail=1.6%, bus=1.2%, bike=1.0%, school_bus=0.6%, rideshare=0.5%, other=0.2%
2026-10-03 19:11:54 - [ForkPoolWorker-12] models.mode_choice - DEBUG -   Mode rates for 'Home': car=88.1%, walk=5.0%, school_bus=3.8%, bike=1.1%, bus=0.7%, rideshare=0.5%, rail=0.5%, other=0.3%
2026-10-03 19:11:54 - [ForkPoolWorker-12] models.mode_choice - DEBUG -   Mode rates for 'Other': car=88.3%, walk=4.6%, bus=3.1%, rideshare=1.7%, school_bus=1.0%, rail=0.6%, bike=0.6%, other=0.2%
2026-10-03 19:11:54 - [ForkPoolWorker-12] models.mode_choice - DEBUG -   Mode rates for 'Social': car=73.8%, walk=19.5%, bike=3.5%, other=1.0%, rail=0.6%, rideshare=0.6%, bus=0.6%, school_bus=0.4%
2026-10-03 19:11:54 - [ForkPoolWorker-12] models.mode_choice - DEBUG -   Mode rates for 'all': car=87.2%, walk=6.3%, school_bus=3.2%, bike=1.2%, bus=0.8%, rail=0.6%, rideshare=0.5%, other=0.3%
2026-10-03 19:11:54 - [ForkPoolWorker-12] models.mode_choice - INFO - Computed mode rates for 8 purposes
2026-10-03 19:11:54 - [ForkPoolWorker-12] models.mode_choice - INFO -   Overall mode distribution: car=87.2%, walk=6.3%, school_bus=3.2%, bike=1.2%, bus=0.8%, rail=0.6%, rideshare=0.5%, other=0.3%
2026-10-03 19:11:54 - [ForkPoolWorker-12] models.mode_choice - INFO - ModeChoiceModel initialized with 4 modes: ['car', 'bus', 'rail', 'walk']
2026-10-03 19:11:54 - [ForkPoolWorker-13] models.mode_availability - DEBUG - Registered availability checker for car: UniversalAvailability
2026-10-03 19:11:54 - [ForkPoolWorker-13] models.mode_availability - DEBUG - Registered availability checker for bus: GTFSTransitAvailability
2026-10-03 19:11:54 - [ForkPoolWorker-13] models.mode_availability - DEBUG - Registered availability checker for rail: GTFSTransitAvailability
2026-10-03 19:11:54 - [ForkPoolWorker-13] models.mode_availability - DEBUG - Registered availability checker for walk: DistanceBasedAvailability
2026-10-03 19:11:54 - [ForkPoolWorker-13] models.mode_choice - INFO - Computing mode shares from survey data...
2026-10-03 19:11:54 - [ForkPoolWorker-13] models.mode_choice - DEBUG -   Survey weights (normalized): {'default': 1.0}
2026-10-03 19:11:54 - [ForkPoolWorker-13] models.mode_choice - DEBUG -   Computing rates for purposes: ['Shopping', 'School', 'Dining', 'Work', 'Home', 'Other', 'Social', 'all']
2026-10-03 19:11:54 - [ForkPoolWorker-13] models.mode_choice - DEBUG -   Mode rates for 'Shopping': car=93.6%, walk=5.1%, bike=0.4%, bus=0.4%, rail=0.2%, school_bus=0.2%, rideshare=0.1%
2026-10-03 19:11:54 - [ForkPoolWorker-13] models.mode_choice - DEBUG -   Mode rates for 'School': car=65.5%, school_bus=22.9%, walk=7.7%, bike=2.3%, bus=0.9%, other=0.4%, rail=0.2%, rideshare=0.1%
2026-10-03 19:11:54 - [ForkPoolWorker-13] models.mode_choice - DEBUG -   Mode rates for 'Dining': car=91.1%, walk=6.8%, bike=1.2%, rail=0.3%, other=0.3%, rideshare=0.3%, bus=0.1%
2026-10-03 19:11:54 - [ForkPoolWorker-13] models.mode_choice - DEBUG -   Mode rates for 'Work': car=92.5%, walk=2.3%, rail=1.6%, bus=1.2%, bike=1.0%, school_bus=0.6%, rideshare=0.5%, other=0.2%
2026-10-03 19:11:54 - [ForkPoolWorker-13] models.mode_choice - DEBUG -   Mode rates for 'Home': car=88.1%, walk=5.0%, school_bus=3.8%, bike=1.1%, bus=0.7%, rideshare=0.5%, rail=0.5%, other=0.3%
2026-10-03 19:11:54 - [ForkPoolWorker-13] models.mode_choice - DEBUG -   Mode rates for 'Other': car=88.3%, walk=4.6%, bus=3.1%, rideshare=1.7%, school_bus=1.0%, rail=0.6%, bike=0.6%, other=0.2%
2026-10-03 19:11:54 - [ForkPoolWorker-13] models.mode_choice - DEBUG -   Mode rates for 'Social': car=73.8%, walk=19.5%, bike=3.5%, other=1.0%, rail=0.6%, rideshare=0.6%, bus=0.6%, school_bus=0.4%
2026-10-03 19:11:54 - [ForkPoolWorker-13] models.mode_choice - DEBUG -   Mode rates for 'all': car=87.2%, walk=6.3%, school_bus=3.2%, bike=1.2%, bus=0.8%, rail=0.6%, rideshare=0.5%, other=0.3%
2026-10-03 19:11:54 - [ForkPoolWorker-13] models.mode_choice - INFO - Computed mode rates for 8 purposes
2026-10-03 19:11:54 - [ForkPoolWorker-13] models.mode_choice - INFO -   Overall mode distribution: car=87.2%, walk=6.3%, school_bus=3.2%, bike=1.2%, bus=0.8%, rail=0.6%, rideshare=0.5%, other=0.3%
2026-10-03 19:11:54 - [ForkPoolWorker-13] models.mode_choice - INFO - ModeChoiceModel initialized with 4 modes: ['car', 'bus', 'rail', 'walk']
2026-10-03 19:11:54 - [ForkPoolWorker-19] models.plan_generator - INFO - Worker ForkPoolWorker-19 started - processing 5415 OD pairs
2026-10-03 19:11:55 - [ForkPoolWorker-19] models.time - INFO - Fitted models for 49 activity pairs
2026-10-03 19:11:55 - [ForkPoolWorker-19] models.time - INFO - Mean trip durations: global=20.0min, per-pair=49 pairs
2026-10-03 19:11:55 - [ForkPoolWorker-20] models.plan_generator - INFO - Worker ForkPoolWorker-20 started - processing 5415 OD pairs
2026-10-03 19:11:55 - [ForkPoolWorker-20] models.time - INFO - Fitted models for 49 activity pairs
2026-10-03 19:11:55 - [ForkPoolWorker-20] models.time - INFO - Mean trip durations: global=20.0min, per-pair=49 pairs
2026-10-03 19:11:55 - [ForkPoolWorker-14] models.mode_availability - DEBUG - Registered availability checker for car: UniversalAvailability
2026-10-03 19:11:55 - [ForkPoolWorker-14] models.mode_availability - DEBUG - Registered availability checker for bus: GTFSTransitAvailability
2026-10-03 19:11:55 - [ForkPoolWorker-14] models.mode_availability - DEBUG - Registered availability checker for rail: GTFSTransitAvailability
2026-10-03 19:11:55 - [ForkPoolWorker-14] models.mode_availability - DEBUG - Registered availability checker for walk: DistanceBasedAvailability
2026-10-03 19:11:55 - [ForkPoolWorker-14] models.mode_choice - INFO - Computing mode shares from survey data...
2026-10-03 19:11:55 - [ForkPoolWorker-14] models.mode_choice - DEBUG -   Survey weights (normalized): {'default': 1.0}
2026-10-03 19:11:55 - [ForkPoolWorker-14] models.mode_choice - DEBUG -   Computing rates for purposes: ['Shopping', 'School', 'Dining', 'Work', 'Home', 'Other', 'Social', 'all']
2026-10-03 19:11:55 - [ForkPoolWorker-14] models.mode_choice - DEBUG -   Mode rates for 'Shopping': car=93.6%, walk=5.1%, bike=0.4%, bus=0.4%, rail=0.2%, school_bus=0.2%, rideshare=0.1%
2026-10-03 19:11:55 - [ForkPoolWorker-14] models.mode_choice - DEBUG -   Mode rates for 'School': car=65.5%, school_bus=22.9%, walk=7.7%, bike=2.3%, bus=0.9%, other=0.4%, rail=0.2%, rideshare=0.1%
2026-10-03 19:11:55 - [ForkPoolWorker-14] models.mode_choice - DEBUG -   Mode rates for 'Dining': car=91.1%, walk=6.8%, bike=1.2%, rail=0.3%, other=0.3%, rideshare=0.3%, bus=0.1%
2026-10-03 19:11:55 - [ForkPoolWorker-14] models.mode_choice - DEBUG -   Mode rates for 'Work': car=92.5%, walk=2.3%, rail=1.6%, bus=1.2%, bike=1.0%, school_bus=0.6%, rideshare=0.5%, other=0.2%
2026-10-03 19:11:55 - [ForkPoolWorker-14] models.mode_choice - DEBUG -   Mode rates for 'Home': car=88.1%, walk=5.0%, school_bus=3.8%, bike=1.1%, bus=0.7%, rideshare=0.5%, rail=0.5%, other=0.3%
2026-10-03 19:11:55 - [ForkPoolWorker-14] models.mode_choice - DEBUG -   Mode rates for 'Other': car=88.3%, walk=4.6%, bus=3.1%, rideshare=1.7%, school_bus=1.0%, rail=0.6%, bike=0.6%, other=0.2%
2026-10-03 19:11:55 - [ForkPoolWorker-14] models.mode_choice - DEBUG -   Mode rates for 'Social': car=73.8%, walk=19.5%, bike=3.5%, other=1.0%, rail=0.6%, rideshare=0.6%, bus=0.6%, school_bus=0.4%
2026-10-03 19:11:55 - [ForkPoolWorker-14] models.mode_choice - DEBUG -   Mode rates for 'all': car=87.2%, walk=6.3%, school_bus=3.2%, bike=1.2%, bus=0.8%, rail=0.6%, rideshare=0.5%, other=0.3%
2026-10-03 19:11:55 - [ForkPoolWorker-14] models.mode_choice - INFO - Computed mode rates for 8 purposes
2026-10-03 19:11:55 - [ForkPoolWorker-14] models.mode_choice - INFO -   Overall mode distribution: car=87.2%, walk=6.3%, school_bus=3.2%, bike=1.2%, bus=0.8%, rail=0.6%, rideshare=0.5%, other=0.3%
2026-10-03 19:11:55 - [ForkPoolWorker-14] models.mode_choice - INFO - ModeChoiceModel initialized with 4 modes: ['car', 'bus', 'rail', 'walk']
2026-10-03 19:11:56 - [ForkPoolWorker-21] models.plan_generator - INFO - Worker ForkPoolWorker-21 started - processing 5415 OD pairs
2026-10-03 19:11:56 - [ForkPoolWorker-15] models.mode_availability - DEBUG - Registered availability checker for car: UniversalAvailability
2026-10-03 19:11:56 - [ForkPoolWorker-15] models.mode_availability - DEBUG - Registered availability checker for bus: GTFSTransitAvailability
2026-10-03 19:11:56 - [ForkPoolWorker-15] models.mode_availability - DEBUG - Registered availability checker for rail: GTFSTransitAvailability
2026-10-03 19:11:56 - [ForkPoolWorker-15] models.mode_availability - DEBUG - Registered availability checker for walk: DistanceBasedAvailability
2026-10-03 19:11:56 - [ForkPoolWorker-15] models.mode_choice - INFO - Computing mode shares from survey data...
2026-10-03 19:11:56 - [ForkPoolWorker-15] models.mode_choice - DEBUG -   Survey weights (normalized): {'default': 1.0}
2026-10-03 19:11:56 - [ForkPoolWorker-15] models.mode_choice - DEBUG -   Computing rates for purposes: ['Shopping', 'School', 'Dining', 'Work', 'Home', 'Other', 'Social', 'all']
2026-10-03 19:11:56 - [ForkPoolWorker-15] models.mode_choice - DEBUG -   Mode rates for 'Shopping': car=93.6%, walk=5.1%, bike=0.4%, bus=0.4%, rail=0.2%, school_bus=0.2%, rideshare=0.1%
2026-10-03 19:11:56 - [ForkPoolWorker-15] models.mode_choice - DEBUG -   Mode rates for 'School': car=65.5%, school_bus=22.9%, walk=7.7%, bike=2.3%, bus=0.9%, other=0.4%, rail=0.2%, rideshare=0.1%
2026-10-03 19:11:56 - [ForkPoolWorker-15] models.mode_choice - DEBUG -   Mode rates for 'Dining': car=91.1%, walk=6.8%, bike=1.2%, rail=0.3%, other=0.3%, rideshare=0.3%, bus=0.1%
2026-10-03 19:11:56 - [ForkPoolWorker-15] models.mode_choice - DEBUG -   Mode rates for 'Work': car=92.5%, walk=2.3%, rail=1.6%, bus=1.2%, bike=1.0%, school_bus=0.6%, rideshare=0.5%, other=0.2%
2026-10-03 19:11:56 - [ForkPoolWorker-15] models.mode_choice - DEBUG -   Mode rates for 'Home': car=88.1%, walk=5.0%, school_bus=3.8%, bike=1.1%, bus=0.7%, rideshare=0.5%, rail=0.5%, other=0.3%
2026-10-03 19:11:56 - [ForkPoolWorker-15] models.mode_choice - DEBUG -   Mode rates for 'Other': car=88.3%, walk=4.6%, bus=3.1%, rideshare=1.7%, school_bus=1.0%, rail=0.6%, bike=0.6%, other=0.2%
2026-10-03 19:11:56 - [ForkPoolWorker-15] models.mode_choice - DEBUG -   Mode rates for 'Social': car=73.8%, walk=19.5%, bike=3.5%, other=1.0%, rail=0.6%, rideshare=0.6%, bus=0.6%, school_bus=0.4%
2026-10-03 19:11:56 - [ForkPoolWorker-15] models.mode_choice - DEBUG -   Mode rates for 'all': car=87.2%, walk=6.3%, school_bus=3.2%, bike=1.2%, bus=0.8%, rail=0.6%, rideshare=0.5%, other=0.3%
2026-10-03 19:11:56 - [ForkPoolWorker-15] models.mode_choice - INFO - Computed mode rates for 8 purposes
2026-10-03 19:11:56 - [ForkPoolWorker-15] models.mode_choice - INFO -   Overall mode distribution: car=87.2%, walk=6.3%, school_bus=3.2%, bike=1.2%, bus=0.8%, rail=0.6%, rideshare=0.5%, other=0.3%
2026-10-03 19:11:56 - [ForkPoolWorker-15] models.mode_choice - INFO - ModeChoiceModel initialized with 4 modes: ['car', 'bus', 'rail', 'walk']
2026-10-03 19:11:56 - [ForkPoolWorker-21] models.time - INFO - Fitted models for 49 activity pairs
2026-10-03 19:11:56 - [ForkPoolWorker-21] models.time - INFO - Mean trip durations: global=20.0min, per-pair=49 pairs
2026-10-03 19:11:56 - [ForkPoolWorker-22] models.plan_generator - INFO - Worker ForkPoolWorker-22 started - processing 5415 OD pairs
2026-10-03 19:11:57 - [ForkPoolWorker-22] models.time - INFO - Fitted models for 49 activity pairs
2026-10-03 19:11:57 - [ForkPoolWorker-22] models.time - INFO - Mean trip durations: global=20.0min, per-pair=49 pairs
2026-10-03 19:11:57 - [ForkPoolWorker-16] models.mode_availability - DEBUG - Registered availability checker for car: UniversalAvailability
2026-10-03 19:11:57 - [ForkPoolWorker-16] models.mode_availability - DEBUG - Registered availability checker for bus: GTFSTransitAvailability
2026-10-03 19:11:57 - [ForkPoolWorker-16] models.mode_availability - DEBUG - Registered availability checker for rail: GTFSTransitAvailability
2026-10-03 19:11:57 - [ForkPoolWorker-16] models.mode_availability - DEBUG - Registered availability checker for walk: DistanceBasedAvailability
2026-10-03 19:11:57 - [ForkPoolWorker-16] models.mode_choice - INFO - Computing mode shares from survey data...
2026-10-03 19:11:57 - [ForkPoolWorker-16] models.mode_choice - DEBUG -   Survey weights (normalized): {'default': 1.0}
2026-10-03 19:11:57 - [ForkPoolWorker-16] models.mode_choice - DEBUG -   Computing rates for purposes: ['Shopping', 'School', 'Dining', 'Work', 'Home', 'Other', 'Social', 'all']
2026-10-03 19:11:57 - [ForkPoolWorker-16] models.mode_choice - DEBUG -   Mode rates for 'Shopping': car=93.6%, walk=5.1%, bike=0.4%, bus=0.4%, rail=0.2%, school_bus=0.2%, rideshare=0.1%
2026-10-03 19:11:57 - [ForkPoolWorker-16] models.mode_choice - DEBUG -   Mode rates for 'School': car=65.5%, school_bus=22.9%, walk=7.7%, bike=2.3%, bus=0.9%, other=0.4%, rail=0.2%, rideshare=0.1%
2026-10-03 19:11:57 - [ForkPoolWorker-16] models.mode_choice - DEBUG -   Mode rates for 'Dining': car=91.1%, walk=6.8%, bike=1.2%, rail=0.3%, other=0.3%, rideshare=0.3%, bus=0.1%
2026-10-03 19:11:57 - [ForkPoolWorker-16] models.mode_choice - DEBUG -   Mode rates for 'Work': car=92.5%, walk=2.3%, rail=1.6%, bus=1.2%, bike=1.0%, school_bus=0.6%, rideshare=0.5%, other=0.2%
2026-10-03 19:11:57 - [ForkPoolWorker-16] models.mode_choice - DEBUG -   Mode rates for 'Home': car=88.1%, walk=5.0%, school_bus=3.8%, bike=1.1%, bus=0.7%, rideshare=0.5%, rail=0.5%, other=0.3%
2026-10-03 19:11:57 - [ForkPoolWorker-16] models.mode_choice - DEBUG -   Mode rates for 'Other': car=88.3%, walk=4.6%, bus=3.1%, rideshare=1.7%, school_bus=1.0%, rail=0.6%, bike=0.6%, other=0.2%
2026-10-03 19:11:57 - [ForkPoolWorker-16] models.mode_choice - DEBUG -   Mode rates for 'Social': car=73.8%, walk=19.5%, bike=3.5%, other=1.0%, rail=0.6%, rideshare=0.6%, bus=0.6%, school_bus=0.4%
2026-10-03 19:11:57 - [ForkPoolWorker-16] models.mode_choice - DEBUG -   Mode rates for 'all': car=87.2%, walk=6.3%, school_bus=3.2%, bike=1.2%, bus=0.8%, rail=0.6%, rideshare=0.5%, other=0.3%
2026-10-03 19:11:57 - [ForkPoolWorker-16] models.mode_choice - INFO - Computed mode rates for 8 purposes
2026-10-03 19:11:57 - [ForkPoolWorker-16] models.mode_choice - INFO -   Overall mode distribution: car=87.2%, walk=6.3%, school_bus=3.2%, bike=1.2%, bus=0.8%, rail=0.6%, rideshare=0.5%, other=0.3%
2026-10-03 19:11:57 - [ForkPoolWorker-16] models.mode_choice - INFO - ModeChoiceModel initialized with 4 modes: ['car', 'bus', 'rail', 'walk']
2026-10-03 19:11:57 - [ForkPoolWorker-17] models.mode_availability - DEBUG - Registered availability checker for car: UniversalAvailability
2026-10-03 19:11:57 - [ForkPoolWorker-17] models.mode_availability - DEBUG - Registered availability checker for bus: GTFSTransitAvailability
2026-10-03 19:11:57 - [ForkPoolWorker-17] models.mode_availability - DEBUG - Registered availability checker for rail: GTFSTransitAvailability
2026-10-03 19:11:57 - [ForkPoolWorker-17] models.mode_availability - DEBUG - Registered availability checker for walk: DistanceBasedAvailability
2026-10-03 19:11:57 - [ForkPoolWorker-17] models.mode_choice - INFO - Computing mode shares from survey data...
2026-10-03 19:11:57 - [ForkPoolWorker-17] models.mode_choice - DEBUG -   Survey weights (normalized): {'default': 1.0}
2026-10-03 19:11:57 - [ForkPoolWorker-17] models.mode_choice - DEBUG -   Computing rates for purposes: ['Shopping', 'School', 'Dining', 'Work', 'Home', 'Other', 'Social', 'all']
2026-10-03 19:11:57 - [ForkPoolWorker-17] models.mode_choice - DEBUG -   Mode rates for 'Shopping': car=93.6%, walk=5.1%, bike=0.4%, bus=0.4%, rail=0.2%, school_bus=0.2%, rideshare=0.1%
2026-10-03 19:11:57 - [ForkPoolWorker-17] models.mode_choice - DEBUG -   Mode rates for 'School': car=65.5%, school_bus=22.9%, walk=7.7%, bike=2.3%, bus=0.9%, other=0.4%, rail=0.2%, rideshare=0.1%
2026-10-03 19:11:57 - [ForkPoolWorker-17] models.mode_choice - DEBUG -   Mode rates for 'Dining': car=91.1%, walk=6.8%, bike=1.2%, rail=0.3%, other=0.3%, rideshare=0.3%, bus=0.1%
2026-10-03 19:11:57 - [ForkPoolWorker-17] models.mode_choice - DEBUG -   Mode rates for 'Work': car=92.5%, walk=2.3%, rail=1.6%, bus=1.2%, bike=1.0%, school_bus=0.6%, rideshare=0.5%, other=0.2%
2026-10-03 19:11:57 - [ForkPoolWorker-17] models.mode_choice - DEBUG -   Mode rates for 'Home': car=88.1%, walk=5.0%, school_bus=3.8%, bike=1.1%, bus=0.7%, rideshare=0.5%, rail=0.5%, other=0.3%
2026-10-03 19:11:57 - [ForkPoolWorker-17] models.mode_choice - DEBUG -   Mode rates for 'Other': car=88.3%, walk=4.6%, bus=3.1%, rideshare=1.7%, school_bus=1.0%, rail=0.6%, bike=0.6%, other=0.2%
2026-10-03 19:11:57 - [ForkPoolWorker-17] models.mode_choice - DEBUG -   Mode rates for 'Social': car=73.8%, walk=19.5%, bike=3.5%, other=1.0%, rail=0.6%, rideshare=0.6%, bus=0.6%, school_bus=0.4%
2026-10-03 19:11:57 - [ForkPoolWorker-17] models.mode_choice - DEBUG -   Mode rates for 'all': car=87.2%, walk=6.3%, school_bus=3.2%, bike=1.2%, bus=0.8%, rail=0.6%, rideshare=0.5%, other=0.3%
2026-10-03 19:11:57 - [ForkPoolWorker-17] models.mode_choice - INFO - Computed mode rates for 8 purposes
2026-10-03 19:11:57 - [ForkPoolWorker-17] models.mode_choice - INFO -   Overall mode distribution: car=87.2%, walk=6.3%, school_bus=3.2%, bike=1.2%, bus=0.8%, rail=0.6%, rideshare=0.5%, other=0.3%
2026-10-03 19:11:57 - [ForkPoolWorker-17] models.mode_choice - INFO - ModeChoiceModel initialized with 4 modes: ['car', 'bus', 'rail', 'walk']
2026-10-03 19:11:58 - [ForkPoolWorker-23] models.plan_generator - INFO - Worker ForkPoolWorker-23 started - processing 5415 OD pairs
2026-10-03 19:11:58 - [ForkPoolWorker-18] models.mode_availability - DEBUG - Registered availability checker for car: UniversalAvailability
2026-10-03 19:11:58 - [ForkPoolWorker-18] models.mode_availability - DEBUG - Registered availability checker for bus: GTFSTransitAvailability
2026-10-03 19:11:58 - [ForkPoolWorker-18] models.mode_availability - DEBUG - Registered availability checker for rail: GTFSTransitAvailability
2026-10-03 19:11:58 - [ForkPoolWorker-18] models.mode_availability - DEBUG - Registered availability checker for walk: DistanceBasedAvailability
2026-10-03 19:11:58 - [ForkPoolWorker-18] models.mode_choice - INFO - Computing mode shares from survey data...
2026-10-03 19:11:58 - [ForkPoolWorker-18] models.mode_choice - DEBUG -   Survey weights (normalized): {'default': 1.0}
2026-10-03 19:11:58 - [ForkPoolWorker-18] models.mode_choice - DEBUG -   Computing rates for purposes: ['Shopping', 'School', 'Dining', 'Work', 'Home', 'Other', 'Social', 'all']
2026-10-03 19:11:58 - [ForkPoolWorker-18] models.mode_choice - DEBUG -   Mode rates for 'Shopping': car=93.6%, walk=5.1%, bike=0.4%, bus=0.4%, rail=0.2%, school_bus=0.2%, rideshare=0.1%
2026-10-03 19:11:58 - [ForkPoolWorker-18] models.mode_choice - DEBUG -   Mode rates for 'School': car=65.5%, school_bus=22.9%, walk=7.7%, bike=2.3%, bus=0.9%, other=0.4%, rail=0.2%, rideshare=0.1%
2026-10-03 19:11:58 - [ForkPoolWorker-18] models.mode_choice - DEBUG -   Mode rates for 'Dining': car=91.1%, walk=6.8%, bike=1.2%, rail=0.3%, other=0.3%, rideshare=0.3%, bus=0.1%
2026-10-03 19:11:58 - [ForkPoolWorker-18] models.mode_choice - DEBUG -   Mode rates for 'Work': car=92.5%, walk=2.3%, rail=1.6%, bus=1.2%, bike=1.0%, school_bus=0.6%, rideshare=0.5%, other=0.2%
2026-10-03 19:11:58 - [ForkPoolWorker-18] models.mode_choice - DEBUG -   Mode rates for 'Home': car=88.1%, walk=5.0%, school_bus=3.8%, bike=1.1%, bus=0.7%, rideshare=0.5%, rail=0.5%, other=0.3%
2026-10-03 19:11:58 - [ForkPoolWorker-18] models.mode_choice - DEBUG -   Mode rates for 'Other': car=88.3%, walk=4.6%, bus=3.1%, rideshare=1.7%, school_bus=1.0%, rail=0.6%, bike=0.6%, other=0.2%
2026-10-03 19:11:58 - [ForkPoolWorker-18] models.mode_choice - DEBUG -   Mode rates for 'Social': car=73.8%, walk=19.5%, bike=3.5%, other=1.0%, rail=0.6%, rideshare=0.6%, bus=0.6%, school_bus=0.4%
2026-10-03 19:11:58 - [ForkPoolWorker-18] models.mode_choice - DEBUG -   Mode rates for 'all': car=87.2%, walk=6.3%, school_bus=3.2%, bike=1.2%, bus=0.8%, rail=0.6%, rideshare=0.5%, other=0.3%
2026-10-03 19:11:58 - [ForkPoolWorker-18] models.mode_choice - INFO - Computed mode rates for 8 purposes
2026-10-03 19:11:58 - [ForkPoolWorker-18] models.mode_choice - INFO -   Overall mode distribution: car=87.2%, walk=6.3%, school_bus=3.2%, bike=1.2%, bus=0.8%, rail=0.6%, rideshare=0.5%, other=0.3%
2026-10-03 19:11:58 - [ForkPoolWorker-18] models.mode_choice - INFO - ModeChoiceModel initialized with 4 modes: ['car', 'bus', 'rail', 'walk']
2026-10-03 19:11:58 - [ForkPoolWorker-23] models.time - INFO - Fitted models for 49 activity pairs
2026-10-03 19:11:58 - [ForkPoolWorker-23] models.time - INFO - Mean trip durations: global=20.0min, per-pair=49 pairs
2026-10-03 19:11:58 - [ForkPoolWorker-24] models.plan_generator - INFO - Worker ForkPoolWorker-24 started - processing 5415 OD pairs
2026-10-03 19:11:59 - [ForkPoolWorker-24] models.time - INFO - Fitted models for 49 activity pairs
2026-10-03 19:11:59 - [ForkPoolWorker-24] models.time - INFO - Mean trip durations: global=20.0min, per-pair=49 pairs
2026-10-03 19:11:59 - [ForkPoolWorker-25] models.plan_generator - INFO - Worker ForkPoolWorker-25 started - processing 5415 OD pairs
2026-10-03 19:11:59 - [ForkPoolWorker-19] models.mode_availability - DEBUG - Registered availability checker for car: UniversalAvailability
2026-10-03 19:11:59 - [ForkPoolWorker-19] models.mode_availability - DEBUG - Registered availability checker for bus: GTFSTransitAvailability
2026-10-03 19:11:59 - [ForkPoolWorker-19] models.mode_availability - DEBUG - Registered availability checker for rail: GTFSTransitAvailability
2026-10-03 19:11:59 - [ForkPoolWorker-19] models.mode_availability - DEBUG - Registered availability checker for walk: DistanceBasedAvailability
2026-10-03 19:11:59 - [ForkPoolWorker-19] models.mode_choice - INFO - Computing mode shares from survey data...
2026-10-03 19:11:59 - [ForkPoolWorker-19] models.mode_choice - DEBUG -   Survey weights (normalized): {'default': 1.0}
2026-10-03 19:11:59 - [ForkPoolWorker-19] models.mode_choice - DEBUG -   Computing rates for purposes: ['Shopping', 'School', 'Dining', 'Work', 'Home', 'Other', 'Social', 'all']
2026-10-03 19:11:59 - [ForkPoolWorker-19] models.mode_choice - DEBUG -   Mode rates for 'Shopping': car=93.6%, walk=5.1%, bike=0.4%, bus=0.4%, rail=0.2%, school_bus=0.2%, rideshare=0.1%
2026-10-03 19:11:59 - [ForkPoolWorker-19] models.mode_choice - DEBUG -   Mode rates for 'School': car=65.5%, school_bus=22.9%, walk=7.7%, bike=2.3%, bus=0.9%, other=0.4%, rail=0.2%, rideshare=0.1%
2026-10-03 19:11:59 - [ForkPoolWorker-19] models.mode_choice - DEBUG -   Mode rates for 'Dining': car=91.1%, walk=6.8%, bike=1.2%, rail=0.3%, other=0.3%, rideshare=0.3%, bus=0.1%
2026-10-03 19:11:59 - [ForkPoolWorker-19] models.mode_choice - DEBUG -   Mode rates for 'Work': car=92.5%, walk=2.3%, rail=1.6%, bus=1.2%, bike=1.0%, school_bus=0.6%, rideshare=0.5%, other=0.2%
2026-10-03 19:11:59 - [ForkPoolWorker-19] models.mode_choice - DEBUG -   Mode rates for 'Home': car=88.1%, walk=5.0%, school_bus=3.8%, bike=1.1%, bus=0.7%, rideshare=0.5%, rail=0.5%, other=0.3%
2026-10-03 19:11:59 - [ForkPoolWorker-19] models.mode_choice - DEBUG -   Mode rates for 'Other': car=88.3%, walk=4.6%, bus=3.1%, rideshare=1.7%, school_bus=1.0%, rail=0.6%, bike=0.6%, other=0.2%
2026-10-03 19:11:59 - [ForkPoolWorker-19] models.mode_choice - DEBUG -   Mode rates for 'Social': car=73.8%, walk=19.5%, bike=3.5%, other=1.0%, rail=0.6%, rideshare=0.6%, bus=0.6%, school_bus=0.4%
2026-10-03 19:11:59 - [ForkPoolWorker-19] models.mode_choice - DEBUG -   Mode rates for 'all': car=87.2%, walk=6.3%, school_bus=3.2%, bike=1.2%, bus=0.8%, rail=0.6%, rideshare=0.5%, other=0.3%
2026-10-03 19:11:59 - [ForkPoolWorker-19] models.mode_choice - INFO - Computed mode rates for 8 purposes
2026-10-03 19:11:59 - [ForkPoolWorker-19] models.mode_choice - INFO -   Overall mode distribution: car=87.2%, walk=6.3%, school_bus=3.2%, bike=1.2%, bus=0.8%, rail=0.6%, rideshare=0.5%, other=0.3%
2026-10-03 19:11:59 - [ForkPoolWorker-19] models.mode_choice - INFO - ModeChoiceModel initialized with 4 modes: ['car', 'bus', 'rail', 'walk']
2026-10-03 19:11:59 - [ForkPoolWorker-25] models.time - INFO - Fitted models for 49 activity pairs
2026-10-03 19:11:59 - [ForkPoolWorker-25] models.time - INFO - Mean trip durations: global=20.0min, per-pair=49 pairs
2026-10-03 19:12:00 - [ForkPoolWorker-26] models.plan_generator - INFO - Worker ForkPoolWorker-26 started - processing 5415 OD pairs
2026-10-03 19:12:00 - [ForkPoolWorker-26] models.time - INFO - Fitted models for 49 activity pairs
2026-10-03 19:12:00 - [ForkPoolWorker-26] models.time - INFO - Mean trip durations: global=20.0min, per-pair=49 pairs
2026-10-03 19:12:00 - [ForkPoolWorker-20] models.mode_availability - DEBUG - Registered availability checker for car: UniversalAvailability
2026-10-03 19:12:00 - [ForkPoolWorker-20] models.mode_availability - DEBUG - Registered availability checker for bus: GTFSTransitAvailability
2026-10-03 19:12:00 - [ForkPoolWorker-20] models.mode_availability - DEBUG - Registered availability checker for rail: GTFSTransitAvailability
2026-10-03 19:12:00 - [ForkPoolWorker-20] models.mode_availability - DEBUG - Registered availability checker for walk: DistanceBasedAvailability
2026-10-03 19:12:00 - [ForkPoolWorker-20] models.mode_choice - INFO - Computing mode shares from survey data...
2026-10-03 19:12:00 - [ForkPoolWorker-20] models.mode_choice - DEBUG -   Survey weights (normalized): {'default': 1.0}
2026-10-03 19:12:00 - [ForkPoolWorker-20] models.mode_choice - DEBUG -   Computing rates for purposes: ['Shopping', 'School', 'Dining', 'Work', 'Home', 'Other', 'Social', 'all']
2026-10-03 19:12:00 - [ForkPoolWorker-20] models.mode_choice - DEBUG -   Mode rates for 'Shopping': car=93.6%, walk=5.1%, bike=0.4%, bus=0.4%, rail=0.2%, school_bus=0.2%, rideshare=0.1%
2026-10-03 19:12:00 - [ForkPoolWorker-20] models.mode_choice - DEBUG -   Mode rates for 'School': car=65.5%, school_bus=22.9%, walk=7.7%, bike=2.3%, bus=0.9%, other=0.4%, rail=0.2%, rideshare=0.1%
2026-10-03 19:12:00 - [ForkPoolWorker-20] models.mode_choice - DEBUG -   Mode rates for 'Dining': car=91.1%, walk=6.8%, bike=1.2%, rail=0.3%, other=0.3%, rideshare=0.3%, bus=0.1%
2026-10-03 19:12:00 - [ForkPoolWorker-20] models.mode_choice - DEBUG -   Mode rates for 'Work': car=92.5%, walk=2.3%, rail=1.6%, bus=1.2%, bike=1.0%, school_bus=0.6%, rideshare=0.5%, other=0.2%
2026-10-03 19:12:00 - [ForkPoolWorker-20] models.mode_choice - DEBUG -   Mode rates for 'Home': car=88.1%, walk=5.0%, school_bus=3.8%, bike=1.1%, bus=0.7%, rideshare=0.5%, rail=0.5%, other=0.3%
2026-10-03 19:12:00 - [ForkPoolWorker-20] models.mode_choice - DEBUG -   Mode rates for 'Other': car=88.3%, walk=4.6%, bus=3.1%, rideshare=1.7%, school_bus=1.0%, rail=0.6%, bike=0.6%, other=0.2%
2026-10-03 19:12:00 - [ForkPoolWorker-20] models.mode_choice - DEBUG -   Mode rates for 'Social': car=73.8%, walk=19.5%, bike=3.5%, other=1.0%, rail=0.6%, rideshare=0.6%, bus=0.6%, school_bus=0.4%
2026-10-03 19:12:00 - [ForkPoolWorker-20] models.mode_choice - DEBUG -   Mode rates for 'all': car=87.2%, walk=6.3%, school_bus=3.2%, bike=1.2%, bus=0.8%, rail=0.6%, rideshare=0.5%, other=0.3%
2026-10-03 19:12:00 - [ForkPoolWorker-20] models.mode_choice - INFO - Computed mode rates for 8 purposes
2026-10-03 19:12:00 - [ForkPoolWorker-20] models.mode_choice - INFO -   Overall mode distribution: car=87.2%, walk=6.3%, school_bus=3.2%, bike=1.2%, bus=0.8%, rail=0.6%, rideshare=0.5%, other=0.3%
2026-10-03 19:12:00 - [ForkPoolWorker-20] models.mode_choice - INFO - ModeChoiceModel initialized with 4 modes: ['car', 'bus', 'rail', 'walk']
2026-10-03 19:12:00 - [ForkPoolWorker-21] models.mode_availability - DEBUG - Registered availability checker for car: UniversalAvailability
2026-10-03 19:12:00 - [ForkPoolWorker-21] models.mode_availability - DEBUG - Registered availability checker for bus: GTFSTransitAvailability
2026-10-03 19:12:00 - [ForkPoolWorker-21] models.mode_availability - DEBUG - Registered availability checker for rail: GTFSTransitAvailability
2026-10-03 19:12:00 - [ForkPoolWorker-21] models.mode_availability - DEBUG - Registered availability checker for walk: DistanceBasedAvailability
2026-10-03 19:12:00 - [ForkPoolWorker-21] models.mode_choice - INFO - Computing mode shares from survey data...
2026-10-03 19:12:00 - [ForkPoolWorker-21] models.mode_choice - DEBUG -   Survey weights (normalized): {'default': 1.0}
2026-10-03 19:12:00 - [ForkPoolWorker-21] models.mode_choice - DEBUG -   Computing rates for purposes: ['Shopping', 'School', 'Dining', 'Work', 'Home', 'Other', 'Social', 'all']
2026-10-03 19:12:00 - [ForkPoolWorker-21] models.mode_choice - DEBUG -   Mode rates for 'Shopping': car=93.6%, walk=5.1%, bike=0.4%, bus=0.4%, rail=0.2%, school_bus=0.2%, rideshare=0.1%
2026-10-03 19:12:00 - [ForkPoolWorker-21] models.mode_choice - DEBUG -   Mode rates for 'School': car=65.5%, school_bus=22.9%, walk=7.7%, bike=2.3%, bus=0.9%, other=0.4%, rail=0.2%, rideshare=0.1%
2026-10-03 19:12:00 - [ForkPoolWorker-21] models.mode_choice - DEBUG -   Mode rates for 'Dining': car=91.1%, walk=6.8%, bike=1.2%, rail=0.3%, other=0.3%, rideshare=0.3%, bus=0.1%
2026-10-03 19:12:00 - [ForkPoolWorker-21] models.mode_choice - DEBUG -   Mode rates for 'Work': car=92.5%, walk=2.3%, rail=1.6%, bus=1.2%, bike=1.0%, school_bus=0.6%, rideshare=0.5%, other=0.2%
2026-10-03 19:12:00 - [ForkPoolWorker-21] models.mode_choice - DEBUG -   Mode rates for 'Home': car=88.1%, walk=5.0%, school_bus=3.8%, bike=1.1%, bus=0.7%, rideshare=0.5%, rail=0.5%, other=0.3%
2026-10-03 19:12:00 - [ForkPoolWorker-21] models.mode_choice - DEBUG -   Mode rates for 'Other': car=88.3%, walk=4.6%, bus=3.1%, rideshare=1.7%, school_bus=1.0%, rail=0.6%, bike=0.6%, other=0.2%
2026-10-03 19:12:00 - [ForkPoolWorker-21] models.mode_choice - DEBUG -   Mode rates for 'Social': car=73.8%, walk=19.5%, bike=3.5%, other=1.0%, rail=0.6%, rideshare=0.6%, bus=0.6%, school_bus=0.4%
2026-10-03 19:12:00 - [ForkPoolWorker-21] models.mode_choice - DEBUG -   Mode rates for 'all': car=87.2%, walk=6.3%, school_bus=3.2%, bike=1.2%, bus=0.8%, rail=0.6%, rideshare=0.5%, other=0.3%
2026-10-03 19:12:00 - [ForkPoolWorker-21] models.mode_choice - INFO - Computed mode rates for 8 purposes
2026-10-03 19:12:00 - [ForkPoolWorker-21] models.mode_choice - INFO -   Overall mode distribution: car=87.2%, walk=6.3%, school_bus=3.2%, bike=1.2%, bus=0.8%, rail=0.6%, rideshare=0.5%, other=0.3%
2026-10-03 19:12:00 - [ForkPoolWorker-21] models.mode_choice - INFO - ModeChoiceModel initialized with 4 modes: ['car', 'bus', 'rail', 'walk']
2026-10-03 19:12:01 - [ForkPoolWorker-27] models.plan_generator - INFO - Worker ForkPoolWorker-27 started - processing 5415 OD pairs
2026-10-03 19:12:01 - [ForkPoolWorker-27] models.time - INFO - Fitted models for 49 activity pairs
2026-10-03 19:12:01 - [ForkPoolWorker-27] models.time - INFO - Mean trip durations: global=20.0min, per-pair=49 pairs
2026-10-03 19:12:01 - [ForkPoolWorker-28] models.plan_generator - INFO - Worker ForkPoolWorker-28 started - processing 5415 OD pairs
2026-10-03 19:12:01 - [ForkPoolWorker-22] models.mode_availability - DEBUG - Registered availability checker for car: UniversalAvailability
2026-10-03 19:12:01 - [ForkPoolWorker-22] models.mode_availability - DEBUG - Registered availability checker for bus: GTFSTransitAvailability
2026-10-03 19:12:01 - [ForkPoolWorker-22] models.mode_availability - DEBUG - Registered availability checker for rail: GTFSTransitAvailability
2026-10-03 19:12:01 - [ForkPoolWorker-22] models.mode_availability - DEBUG - Registered availability checker for walk: DistanceBasedAvailability
2026-10-03 19:12:01 - [ForkPoolWorker-22] models.mode_choice - INFO - Computing mode shares from survey data...
2026-10-03 19:12:01 - [ForkPoolWorker-22] models.mode_choice - DEBUG -   Survey weights (normalized): {'default': 1.0}
2026-10-03 19:12:01 - [ForkPoolWorker-22] models.mode_choice - DEBUG -   Computing rates for purposes: ['Shopping', 'School', 'Dining', 'Work', 'Home', 'Other', 'Social', 'all']
2026-10-03 19:12:01 - [ForkPoolWorker-22] models.mode_choice - DEBUG -   Mode rates for 'Shopping': car=93.6%, walk=5.1%, bike=0.4%, bus=0.4%, rail=0.2%, school_bus=0.2%, rideshare=0.1%
2026-10-03 19:12:01 - [ForkPoolWorker-22] models.mode_choice - DEBUG -   Mode rates for 'School': car=65.5%, school_bus=22.9%, walk=7.7%, bike=2.3%, bus=0.9%, other=0.4%, rail=0.2%, rideshare=0.1%
2026-10-03 19:12:01 - [ForkPoolWorker-22] models.mode_choice - DEBUG -   Mode rates for 'Dining': car=91.1%, walk=6.8%, bike=1.2%, rail=0.3%, other=0.3%, rideshare=0.3%, bus=0.1%
2026-10-03 19:12:01 - [ForkPoolWorker-22] models.mode_choice - DEBUG -   Mode rates for 'Work': car=92.5%, walk=2.3%, rail=1.6%, bus=1.2%, bike=1.0%, school_bus=0.6%, rideshare=0.5%, other=0.2%
2026-10-03 19:12:01 - [ForkPoolWorker-22] models.mode_choice - DEBUG -   Mode rates for 'Home': car=88.1%, walk=5.0%, school_bus=3.8%, bike=1.1%, bus=0.7%, rideshare=0.5%, rail=0.5%, other=0.3%
2026-10-03 19:12:01 - [ForkPoolWorker-22] models.mode_choice - DEBUG -   Mode rates for 'Other': car=88.3%, walk=4.6%, bus=3.1%, rideshare=1.7%, school_bus=1.0%, rail=0.6%, bike=0.6%, other=0.2%
2026-10-03 19:12:01 - [ForkPoolWorker-22] models.mode_choice - DEBUG -   Mode rates for 'Social': car=73.8%, walk=19.5%, bike=3.5%, other=1.0%, rail=0.6%, rideshare=0.6%, bus=0.6%, school_bus=0.4%
2026-10-03 19:12:01 - [ForkPoolWorker-22] models.mode_choice - DEBUG -   Mode rates for 'all': car=87.2%, walk=6.3%, school_bus=3.2%, bike=1.2%, bus=0.8%, rail=0.6%, rideshare=0.5%, other=0.3%
2026-10-03 19:12:01 - [ForkPoolWorker-22] models.mode_choice - INFO - Computed mode rates for 8 purposes
2026-10-03 19:12:01 - [ForkPoolWorker-22] models.mode_choice - INFO -   Overall mode distribution: car=87.2%, walk=6.3%, school_bus=3.2%, bike=1.2%, bus=0.8%, rail=0.6%, rideshare=0.5%, other=0.3%
2026-10-03 19:12:01 - [ForkPoolWorker-22] models.mode_choice - INFO - ModeChoiceModel initialized with 4 modes: ['car', 'bus', 'rail', 'walk']
2026-10-03 19:12:01 - [ForkPoolWorker-28] models.time - INFO - Fitted models for 49 activity pairs
2026-10-03 19:12:01 - [ForkPoolWorker-28] models.time - INFO - Mean trip durations: global=20.0min, per-pair=49 pairs
2026-10-03 19:12:02 - [ForkPoolWorker-29] models.plan_generator - INFO - Worker ForkPoolWorker-29 started - processing 5415 OD pairs
2026-10-03 19:12:02 - [ForkPoolWorker-29] models.time - INFO - Fitted models for 49 activity pairs
2026-10-03 19:12:02 - [ForkPoolWorker-29] models.time - INFO - Mean trip durations: global=20.0min, per-pair=49 pairs
2026-10-03 19:12:02 - [ForkPoolWorker-30] models.plan_generator - INFO - Worker ForkPoolWorker-30 started - processing 5415 OD pairs
2026-10-03 19:12:03 - [ForkPoolWorker-23] models.mode_availability - DEBUG - Registered availability checker for car: UniversalAvailability
2026-10-03 19:12:03 - [ForkPoolWorker-23] models.mode_availability - DEBUG - Registered availability checker for bus: GTFSTransitAvailability
2026-10-03 19:12:03 - [ForkPoolWorker-23] models.mode_availability - DEBUG - Registered availability checker for rail: GTFSTransitAvailability
2026-10-03 19:12:03 - [ForkPoolWorker-23] models.mode_availability - DEBUG - Registered availability checker for walk: DistanceBasedAvailability
2026-10-03 19:12:03 - [ForkPoolWorker-23] models.mode_choice - INFO - Computing mode shares from survey data...
2026-10-03 19:12:03 - [ForkPoolWorker-23] models.mode_choice - DEBUG -   Survey weights (normalized): {'default': 1.0}
2026-10-03 19:12:03 - [ForkPoolWorker-23] models.mode_choice - DEBUG -   Computing rates for purposes: ['Shopping', 'School', 'Dining', 'Work', 'Home', 'Other', 'Social', 'all']
2026-10-03 19:12:03 - [ForkPoolWorker-23] models.mode_choice - DEBUG -   Mode rates for 'Shopping': car=93.6%, walk=5.1%, bike=0.4%, bus=0.4%, rail=0.2%, school_bus=0.2%, rideshare=0.1%
2026-10-03 19:12:03 - [ForkPoolWorker-23] models.mode_choice - DEBUG -   Mode rates for 'School': car=65.5%, school_bus=22.9%, walk=7.7%, bike=2.3%, bus=0.9%, other=0.4%, rail=0.2%, rideshare=0.1%
2026-10-03 19:12:03 - [ForkPoolWorker-23] models.mode_choice - DEBUG -   Mode rates for 'Dining': car=91.1%, walk=6.8%, bike=1.2%, rail=0.3%, other=0.3%, rideshare=0.3%, bus=0.1%
2026-10-03 19:12:03 - [ForkPoolWorker-23] models.mode_choice - DEBUG -   Mode rates for 'Work': car=92.5%, walk=2.3%, rail=1.6%, bus=1.2%, bike=1.0%, school_bus=0.6%, rideshare=0.5%, other=0.2%
2026-10-03 19:12:03 - [ForkPoolWorker-23] models.mode_choice - DEBUG -   Mode rates for 'Home': car=88.1%, walk=5.0%, school_bus=3.8%, bike=1.1%, bus=0.7%, rideshare=0.5%, rail=0.5%, other=0.3%
2026-10-03 19:12:03 - [ForkPoolWorker-23] models.mode_choice - DEBUG -   Mode rates for 'Other': car=88.3%, walk=4.6%, bus=3.1%, rideshare=1.7%, school_bus=1.0%, rail=0.6%, bike=0.6%, other=0.2%
2026-10-03 19:12:03 - [ForkPoolWorker-23] models.mode_choice - DEBUG -   Mode rates for 'Social': car=73.8%, walk=19.5%, bike=3.5%, other=1.0%, rail=0.6%, rideshare=0.6%, bus=0.6%, school_bus=0.4%
2026-10-03 19:12:03 - [ForkPoolWorker-23] models.mode_choice - DEBUG -   Mode rates for 'all': car=87.2%, walk=6.3%, school_bus=3.2%, bike=1.2%, bus=0.8%, rail=0.6%, rideshare=0.5%, other=0.3%
2026-10-03 19:12:03 - [ForkPoolWorker-23] models.mode_choice - INFO - Computed mode rates for 8 purposes
2026-10-03 19:12:03 - [ForkPoolWorker-23] models.mode_choice - INFO -   Overall mode distribution: car=87.2%, walk=6.3%, school_bus=3.2%, bike=1.2%, bus=0.8%, rail=0.6%, rideshare=0.5%, other=0.3%
2026-10-03 19:12:03 - [ForkPoolWorker-23] models.mode_choice - INFO - ModeChoiceModel initialized with 4 modes: ['car', 'bus', 'rail', 'walk']
2026-10-03 19:12:03 - [ForkPoolWorker-30] models.time - INFO - Fitted models for 49 activity pairs
2026-10-03 19:12:03 - [ForkPoolWorker-30] models.time - INFO - Mean trip durations: global=20.0min, per-pair=49 pairs
2026-10-03 19:12:03 - [ForkPoolWorker-24] models.mode_availability - DEBUG - Registered availability checker for car: UniversalAvailability
2026-10-03 19:12:03 - [ForkPoolWorker-24] models.mode_availability - DEBUG - Registered availability checker for bus: GTFSTransitAvailability
2026-10-03 19:12:03 - [ForkPoolWorker-24] models.mode_availability - DEBUG - Registered availability checker for rail: GTFSTransitAvailability
2026-10-03 19:12:03 - [ForkPoolWorker-24] models.mode_availability - DEBUG - Registered availability checker for walk: DistanceBasedAvailability
2026-10-03 19:12:03 - [ForkPoolWorker-24] models.mode_choice - INFO - Computing mode shares from survey data...
2026-10-03 19:12:03 - [ForkPoolWorker-24] models.mode_choice - DEBUG -   Survey weights (normalized): {'default': 1.0}
2026-10-03 19:12:03 - [ForkPoolWorker-24] models.mode_choice - DEBUG -   Computing rates for purposes: ['Shopping', 'School', 'Dining', 'Work', 'Home', 'Other', 'Social', 'all']
2026-10-03 19:12:03 - [ForkPoolWorker-24] models.mode_choice - DEBUG -   Mode rates for 'Shopping': car=93.6%, walk=5.1%, bike=0.4%, bus=0.4%, rail=0.2%, school_bus=0.2%, rideshare=0.1%
2026-10-03 19:12:03 - [ForkPoolWorker-24] models.mode_choice - DEBUG -   Mode rates for 'School': car=65.5%, school_bus=22.9%, walk=7.7%, bike=2.3%, bus=0.9%, other=0.4%, rail=0.2%, rideshare=0.1%
2026-10-03 19:12:03 - [ForkPoolWorker-24] models.mode_choice - DEBUG -   Mode rates for 'Dining': car=91.1%, walk=6.8%, bike=1.2%, rail=0.3%, other=0.3%, rideshare=0.3%, bus=0.1%
2026-10-03 19:12:03 - [ForkPoolWorker-24] models.mode_choice - DEBUG -   Mode rates for 'Work': car=92.5%, walk=2.3%, rail=1.6%, bus=1.2%, bike=1.0%, school_bus=0.6%, rideshare=0.5%, other=0.2%
2026-10-03 19:12:03 - [ForkPoolWorker-24] models.mode_choice - DEBUG -   Mode rates for 'Home': car=88.1%, walk=5.0%, school_bus=3.8%, bike=1.1%, bus=0.7%, rideshare=0.5%, rail=0.5%, other=0.3%
2026-10-03 19:12:03 - [ForkPoolWorker-24] models.mode_choice - DEBUG -   Mode rates for 'Other': car=88.3%, walk=4.6%, bus=3.1%, rideshare=1.7%, school_bus=1.0%, rail=0.6%, bike=0.6%, other=0.2%
2026-10-03 19:12:03 - [ForkPoolWorker-24] models.mode_choice - DEBUG -   Mode rates for 'Social': car=73.8%, walk=19.5%, bike=3.5%, other=1.0%, rail=0.6%, rideshare=0.6%, bus=0.6%, school_bus=0.4%
2026-10-03 19:12:03 - [ForkPoolWorker-24] models.mode_choice - DEBUG -   Mode rates for 'all': car=87.2%, walk=6.3%, school_bus=3.2%, bike=1.2%, bus=0.8%, rail=0.6%, rideshare=0.5%, other=0.3%
2026-10-03 19:12:03 - [ForkPoolWorker-24] models.mode_choice - INFO - Computed mode rates for 8 purposes
2026-10-03 19:12:03 - [ForkPoolWorker-24] models.mode_choice - INFO -   Overall mode distribution: car=87.2%, walk=6.3%, school_bus=3.2%, bike=1.2%, bus=0.8%, rail=0.6%, rideshare=0.5%, other=0.3%
2026-10-03 19:12:03 - [ForkPoolWorker-24] models.mode_choice - INFO - ModeChoiceModel initialized with 4 modes: ['car', 'bus', 'rail', 'walk']
2026-10-03 19:12:04 - [ForkPoolWorker-31] models.plan_generator - INFO - Worker ForkPoolWorker-31 started - processing 5415 OD pairs
2026-10-03 19:12:04 - [ForkPoolWorker-31] models.time - INFO - Fitted models for 49 activity pairs
2026-10-03 19:12:04 - [ForkPoolWorker-31] models.time - INFO - Mean trip durations: global=20.0min, per-pair=49 pairs
2026-10-03 19:12:04 - [ForkPoolWorker-25] models.mode_availability - DEBUG - Registered availability checker for car: UniversalAvailability
2026-10-03 19:12:04 - [ForkPoolWorker-25] models.mode_availability - DEBUG - Registered availability checker for bus: GTFSTransitAvailability
2026-10-03 19:12:04 - [ForkPoolWorker-25] models.mode_availability - DEBUG - Registered availability checker for rail: GTFSTransitAvailability
2026-10-03 19:12:04 - [ForkPoolWorker-25] models.mode_availability - DEBUG - Registered availability checker for walk: DistanceBasedAvailability
2026-10-03 19:12:04 - [ForkPoolWorker-25] models.mode_choice - INFO - Computing mode shares from survey data...
2026-10-03 19:12:04 - [ForkPoolWorker-25] models.mode_choice - DEBUG -   Survey weights (normalized): {'default': 1.0}
2026-10-03 19:12:04 - [ForkPoolWorker-25] models.mode_choice - DEBUG -   Computing rates for purposes: ['Shopping', 'School', 'Dining', 'Work', 'Home', 'Other', 'Social', 'all']
2026-10-03 19:12:04 - [ForkPoolWorker-25] models.mode_choice - DEBUG -   Mode rates for 'Shopping': car=93.6%, walk=5.1%, bike=0.4%, bus=0.4%, rail=0.2%, school_bus=0.2%, rideshare=0.1%
2026-10-03 19:12:04 - [ForkPoolWorker-25] models.mode_choice - DEBUG -   Mode rates for 'School': car=65.5%, school_bus=22.9%, walk=7.7%, bike=2.3%, bus=0.9%, other=0.4%, rail=0.2%, rideshare=0.1%
2026-10-03 19:12:04 - [ForkPoolWorker-25] models.mode_choice - DEBUG -   Mode rates for 'Dining': car=91.1%, walk=6.8%, bike=1.2%, rail=0.3%, other=0.3%, rideshare=0.3%, bus=0.1%
2026-10-03 19:12:04 - [ForkPoolWorker-25] models.mode_choice - DEBUG -   Mode rates for 'Work': car=92.5%, walk=2.3%, rail=1.6%, bus=1.2%, bike=1.0%, school_bus=0.6%, rideshare=0.5%, other=0.2%
2026-10-03 19:12:04 - [ForkPoolWorker-25] models.mode_choice - DEBUG -   Mode rates for 'Home': car=88.1%, walk=5.0%, school_bus=3.8%, bike=1.1%, bus=0.7%, rideshare=0.5%, rail=0.5%, other=0.3%
2026-10-03 19:12:04 - [ForkPoolWorker-25] models.mode_choice - DEBUG -   Mode rates for 'Other': car=88.3%, walk=4.6%, bus=3.1%, rideshare=1.7%, school_bus=1.0%, rail=0.6%, bike=0.6%, other=0.2%
2026-10-03 19:12:04 - [ForkPoolWorker-25] models.mode_choice - DEBUG -   Mode rates for 'Social': car=73.8%, walk=19.5%, bike=3.5%, other=1.0%, rail=0.6%, rideshare=0.6%, bus=0.6%, school_bus=0.4%
2026-10-03 19:12:04 - [ForkPoolWorker-25] models.mode_choice - DEBUG -   Mode rates for 'all': car=87.2%, walk=6.3%, school_bus=3.2%, bike=1.2%, bus=0.8%, rail=0.6%, rideshare=0.5%, other=0.3%
2026-10-03 19:12:04 - [ForkPoolWorker-25] models.mode_choice - INFO - Computed mode rates for 8 purposes
2026-10-03 19:12:04 - [ForkPoolWorker-25] models.mode_choice - INFO -   Overall mode distribution: car=87.2%, walk=6.3%, school_bus=3.2%, bike=1.2%, bus=0.8%, rail=0.6%, rideshare=0.5%, other=0.3%
2026-10-03 19:12:04 - [ForkPoolWorker-25] models.mode_choice - INFO - ModeChoiceModel initialized with 4 modes: ['car', 'bus', 'rail', 'walk']
2026-10-03 19:12:04 - [ForkPoolWorker-32] models.plan_generator - INFO - Worker ForkPoolWorker-32 started - processing 5415 OD pairs
2026-10-03 19:12:04 - [ForkPoolWorker-32] models.time - INFO - Fitted models for 49 activity pairs
2026-10-03 19:12:04 - [ForkPoolWorker-32] models.time - INFO - Mean trip durations: global=20.0min, per-pair=49 pairs
2026-10-03 19:12:04 - [ForkPoolWorker-26] models.mode_availability - DEBUG - Registered availability checker for car: UniversalAvailability
2026-10-03 19:12:04 - [ForkPoolWorker-26] models.mode_availability - DEBUG - Registered availability checker for bus: GTFSTransitAvailability
2026-10-03 19:12:04 - [ForkPoolWorker-26] models.mode_availability - DEBUG - Registered availability checker for rail: GTFSTransitAvailability
2026-10-03 19:12:04 - [ForkPoolWorker-26] models.mode_availability - DEBUG - Registered availability checker for walk: DistanceBasedAvailability
2026-10-03 19:12:04 - [ForkPoolWorker-26] models.mode_choice - INFO - Computing mode shares from survey data...
2026-10-03 19:12:04 - [ForkPoolWorker-26] models.mode_choice - DEBUG -   Survey weights (normalized): {'default': 1.0}
2026-10-03 19:12:04 - [ForkPoolWorker-26] models.mode_choice - DEBUG -   Computing rates for purposes: ['Shopping', 'School', 'Dining', 'Work', 'Home', 'Other', 'Social', 'all']
2026-10-03 19:12:04 - [ForkPoolWorker-26] models.mode_choice - DEBUG -   Mode rates for 'Shopping': car=93.6%, walk=5.1%, bike=0.4%, bus=0.4%, rail=0.2%, school_bus=0.2%, rideshare=0.1%
2026-10-03 19:12:04 - [ForkPoolWorker-26] models.mode_choice - DEBUG -   Mode rates for 'School': car=65.5%, school_bus=22.9%, walk=7.7%, bike=2.3%, bus=0.9%, other=0.4%, rail=0.2%, rideshare=0.1%
2026-10-03 19:12:04 - [ForkPoolWorker-26] models.mode_choice - DEBUG -   Mode rates for 'Dining': car=91.1%, walk=6.8%, bike=1.2%, rail=0.3%, other=0.3%, rideshare=0.3%, bus=0.1%
2026-10-03 19:12:04 - [ForkPoolWorker-26] models.mode_choice - DEBUG -   Mode rates for 'Work': car=92.5%, walk=2.3%, rail=1.6%, bus=1.2%, bike=1.0%, school_bus=0.6%, rideshare=0.5%, other=0.2%
2026-10-03 19:12:04 - [ForkPoolWorker-26] models.mode_choice - DEBUG -   Mode rates for 'Home': car=88.1%, walk=5.0%, school_bus=3.8%, bike=1.1%, bus=0.7%, rideshare=0.5%, rail=0.5%, other=0.3%
2026-10-03 19:12:04 - [ForkPoolWorker-26] models.mode_choice - DEBUG -   Mode rates for 'Other': car=88.3%, walk=4.6%, bus=3.1%, rideshare=1.7%, school_bus=1.0%, rail=0.6%, bike=0.6%, other=0.2%
2026-10-03 19:12:04 - [ForkPoolWorker-26] models.mode_choice - DEBUG -   Mode rates for 'Social': car=73.8%, walk=19.5%, bike=3.5%, other=1.0%, rail=0.6%, rideshare=0.6%, bus=0.6%, school_bus=0.4%
2026-10-03 19:12:04 - [ForkPoolWorker-26] models.mode_choice - DEBUG -   Mode rates for 'all': car=87.2%, walk=6.3%, school_bus=3.2%, bike=1.2%, bus=0.8%, rail=0.6%, rideshare=0.5%, other=0.3%
2026-10-03 19:12:04 - [ForkPoolWorker-26] models.mode_choice - INFO - Computed mode rates for 8 purposes
2026-10-03 19:12:04 - [ForkPoolWorker-26] models.mode_choice - INFO -   Overall mode distribution: car=87.2%, walk=6.3%, school_bus=3.2%, bike=1.2%, bus=0.8%, rail=0.6%, rideshare=0.5%, other=0.3%
2026-10-03 19:12:04 - [ForkPoolWorker-26] models.mode_choice - INFO - ModeChoiceModel initialized with 4 modes: ['car', 'bus', 'rail', 'walk']
2026-10-03 19:12:05 - [ForkPoolWorker-33] models.plan_generator - INFO - Worker ForkPoolWorker-33 started - processing 5415 OD pairs
2026-10-03 19:12:05 - [ForkPoolWorker-33] models.time - INFO - Fitted models for 49 activity pairs
2026-10-03 19:12:05 - [ForkPoolWorker-33] models.time - INFO - Mean trip durations: global=20.0min, per-pair=49 pairs
2026-10-03 19:12:05 - [ForkPoolWorker-34] models.plan_generator - INFO - Worker ForkPoolWorker-34 started - processing 5415 OD pairs
2026-10-03 19:12:06 - [ForkPoolWorker-27] models.mode_availability - DEBUG - Registered availability checker for car: UniversalAvailability
2026-10-03 19:12:06 - [ForkPoolWorker-27] models.mode_availability - DEBUG - Registered availability checker for bus: GTFSTransitAvailability
2026-10-03 19:12:06 - [ForkPoolWorker-27] models.mode_availability - DEBUG - Registered availability checker for rail: GTFSTransitAvailability
2026-10-03 19:12:06 - [ForkPoolWorker-27] models.mode_availability - DEBUG - Registered availability checker for walk: DistanceBasedAvailability
2026-10-03 19:12:06 - [ForkPoolWorker-27] models.mode_choice - INFO - Computing mode shares from survey data...
2026-10-03 19:12:06 - [ForkPoolWorker-27] models.mode_choice - DEBUG -   Survey weights (normalized): {'default': 1.0}
2026-10-03 19:12:06 - [ForkPoolWorker-27] models.mode_choice - DEBUG -   Computing rates for purposes: ['Shopping', 'School', 'Dining', 'Work', 'Home', 'Other', 'Social', 'all']
2026-10-03 19:12:06 - [ForkPoolWorker-27] models.mode_choice - DEBUG -   Mode rates for 'Shopping': car=93.6%, walk=5.1%, bike=0.4%, bus=0.4%, rail=0.2%, school_bus=0.2%, rideshare=0.1%
2026-10-03 19:12:06 - [ForkPoolWorker-27] models.mode_choice - DEBUG -   Mode rates for 'School': car=65.5%, school_bus=22.9%, walk=7.7%, bike=2.3%, bus=0.9%, other=0.4%, rail=0.2%, rideshare=0.1%
2026-10-03 19:12:06 - [ForkPoolWorker-27] models.mode_choice - DEBUG -   Mode rates for 'Dining': car=91.1%, walk=6.8%, bike=1.2%, rail=0.3%, other=0.3%, rideshare=0.3%, bus=0.1%
2026-10-03 19:12:06 - [ForkPoolWorker-27] models.mode_choice - DEBUG -   Mode rates for 'Work': car=92.5%, walk=2.3%, rail=1.6%, bus=1.2%, bike=1.0%, school_bus=0.6%, rideshare=0.5%, other=0.2%
2026-10-03 19:12:06 - [ForkPoolWorker-27] models.mode_choice - DEBUG -   Mode rates for 'Home': car=88.1%, walk=5.0%, school_bus=3.8%, bike=1.1%, bus=0.7%, rideshare=0.5%, rail=0.5%, other=0.3%
2026-10-03 19:12:06 - [ForkPoolWorker-27] models.mode_choice - DEBUG -   Mode rates for 'Other': car=88.3%, walk=4.6%, bus=3.1%, rideshare=1.7%, school_bus=1.0%, rail=0.6%, bike=0.6%, other=0.2%
2026-10-03 19:12:06 - [ForkPoolWorker-27] models.mode_choice - DEBUG -   Mode rates for 'Social': car=73.8%, walk=19.5%, bike=3.5%, other=1.0%, rail=0.6%, rideshare=0.6%, bus=0.6%, school_bus=0.4%
2026-10-03 19:12:06 - [ForkPoolWorker-27] models.mode_choice - DEBUG -   Mode rates for 'all': car=87.2%, walk=6.3%, school_bus=3.2%, bike=1.2%, bus=0.8%, rail=0.6%, rideshare=0.5%, other=0.3%
2026-10-03 19:12:06 - [ForkPoolWorker-27] models.mode_choice - INFO - Computed mode rates for 8 purposes
2026-10-03 19:12:06 - [ForkPoolWorker-27] models.mode_choice - INFO -   Overall mode distribution: car=87.2%, walk=6.3%, school_bus=3.2%, bike=1.2%, bus=0.8%, rail=0.6%, rideshare=0.5%, other=0.3%
2026-10-03 19:12:06 - [ForkPoolWorker-27] models.mode_choice - INFO - ModeChoiceModel initialized with 4 modes: ['car', 'bus', 'rail', 'walk']
2026-10-03 19:12:06 - [ForkPoolWorker-34] models.time - INFO - Fitted models for 49 activity pairs
2026-10-03 19:12:06 - [ForkPoolWorker-34] models.time - INFO - Mean trip durations: global=20.0min, per-pair=49 pairs
2026-10-03 19:12:06 - [ForkPoolWorker-35] models.plan_generator - INFO - Worker ForkPoolWorker-35 started - processing 5415 OD pairs
2026-10-03 19:12:06 - [ForkPoolWorker-28] models.mode_availability - DEBUG - Registered availability checker for car: UniversalAvailability
2026-10-03 19:12:06 - [ForkPoolWorker-28] models.mode_availability - DEBUG - Registered availability checker for bus: GTFSTransitAvailability
2026-10-03 19:12:06 - [ForkPoolWorker-28] models.mode_availability - DEBUG - Registered availability checker for rail: GTFSTransitAvailability
2026-10-03 19:12:06 - [ForkPoolWorker-28] models.mode_availability - DEBUG - Registered availability checker for walk: DistanceBasedAvailability
2026-10-03 19:12:06 - [ForkPoolWorker-28] models.mode_choice - INFO - Computing mode shares from survey data...
2026-10-03 19:12:06 - [ForkPoolWorker-28] models.mode_choice - DEBUG -   Survey weights (normalized): {'default': 1.0}
2026-10-03 19:12:06 - [ForkPoolWorker-28] models.mode_choice - DEBUG -   Computing rates for purposes: ['Shopping', 'School', 'Dining', 'Work', 'Home', 'Other', 'Social', 'all']
2026-10-03 19:12:06 - [ForkPoolWorker-28] models.mode_choice - DEBUG -   Mode rates for 'Shopping': car=93.6%, walk=5.1%, bike=0.4%, bus=0.4%, rail=0.2%, school_bus=0.2%, rideshare=0.1%
2026-10-03 19:12:06 - [ForkPoolWorker-28] models.mode_choice - DEBUG -   Mode rates for 'School': car=65.5%, school_bus=22.9%, walk=7.7%, bike=2.3%, bus=0.9%, other=0.4%, rail=0.2%, rideshare=0.1%
2026-10-03 19:12:06 - [ForkPoolWorker-28] models.mode_choice - DEBUG -   Mode rates for 'Dining': car=91.1%, walk=6.8%, bike=1.2%, rail=0.3%, other=0.3%, rideshare=0.3%, bus=0.1%
2026-10-03 19:12:06 - [ForkPoolWorker-28] models.mode_choice - DEBUG -   Mode rates for 'Work': car=92.5%, walk=2.3%, rail=1.6%, bus=1.2%, bike=1.0%, school_bus=0.6%, rideshare=0.5%, other=0.2%
2026-10-03 19:12:06 - [ForkPoolWorker-28] models.mode_choice - DEBUG -   Mode rates for 'Home': car=88.1%, walk=5.0%, school_bus=3.8%, bike=1.1%, bus=0.7%, rideshare=0.5%, rail=0.5%, other=0.3%
2026-10-03 19:12:06 - [ForkPoolWorker-28] models.mode_choice - DEBUG -   Mode rates for 'Other': car=88.3%, walk=4.6%, bus=3.1%, rideshare=1.7%, school_bus=1.0%, rail=0.6%, bike=0.6%, other=0.2%
2026-10-03 19:12:06 - [ForkPoolWorker-28] models.mode_choice - DEBUG -   Mode rates for 'Social': car=73.8%, walk=19.5%, bike=3.5%, other=1.0%, rail=0.6%, rideshare=0.6%, bus=0.6%, school_bus=0.4%
2026-10-03 19:12:06 - [ForkPoolWorker-28] models.mode_choice - DEBUG -   Mode rates for 'all': car=87.2%, walk=6.3%, school_bus=3.2%, bike=1.2%, bus=0.8%, rail=0.6%, rideshare=0.5%, other=0.3%
2026-10-03 19:12:06 - [ForkPoolWorker-28] models.mode_choice - INFO - Computed mode rates for 8 purposes
2026-10-03 19:12:06 - [ForkPoolWorker-28] models.mode_choice - INFO -   Overall mode distribution: car=87.2%, walk=6.3%, school_bus=3.2%, bike=1.2%, bus=0.8%, rail=0.6%, rideshare=0.5%, other=0.3%
2026-10-03 19:12:06 - [ForkPoolWorker-28] models.mode_choice - INFO - ModeChoiceModel initialized with 4 modes: ['car', 'bus', 'rail', 'walk']
2026-10-03 19:12:06 - [ForkPoolWorker-35] models.time - INFO - Fitted models for 49 activity pairs
2026-10-03 19:12:06 - [ForkPoolWorker-35] models.time - INFO - Mean trip durations: global=20.0min, per-pair=49 pairs
2026-10-03 19:12:07 - [ForkPoolWorker-29] models.mode_availability - DEBUG - Registered availability checker for car: UniversalAvailability
2026-10-03 19:12:07 - [ForkPoolWorker-29] models.mode_availability - DEBUG - Registered availability checker for bus: GTFSTransitAvailability
2026-10-03 19:12:07 - [ForkPoolWorker-29] models.mode_availability - DEBUG - Registered availability checker for rail: GTFSTransitAvailability
2026-10-03 19:12:07 - [ForkPoolWorker-29] models.mode_availability - DEBUG - Registered availability checker for walk: DistanceBasedAvailability
2026-10-03 19:12:07 - [ForkPoolWorker-29] models.mode_choice - INFO - Computing mode shares from survey data...
2026-10-03 19:12:07 - [ForkPoolWorker-29] models.mode_choice - DEBUG -   Survey weights (normalized): {'default': 1.0}
2026-10-03 19:12:07 - [ForkPoolWorker-29] models.mode_choice - DEBUG -   Computing rates for purposes: ['Shopping', 'School', 'Dining', 'Work', 'Home', 'Other', 'Social', 'all']
2026-10-03 19:12:07 - [ForkPoolWorker-29] models.mode_choice - DEBUG -   Mode rates for 'Shopping': car=93.6%, walk=5.1%, bike=0.4%, bus=0.4%, rail=0.2%, school_bus=0.2%, rideshare=0.1%
2026-10-03 19:12:07 - [ForkPoolWorker-29] models.mode_choice - DEBUG -   Mode rates for 'School': car=65.5%, school_bus=22.9%, walk=7.7%, bike=2.3%, bus=0.9%, other=0.4%, rail=0.2%, rideshare=0.1%
2026-10-03 19:12:07 - [ForkPoolWorker-29] models.mode_choice - DEBUG -   Mode rates for 'Dining': car=91.1%, walk=6.8%, bike=1.2%, rail=0.3%, other=0.3%, rideshare=0.3%, bus=0.1%
2026-10-03 19:12:07 - [ForkPoolWorker-29] models.mode_choice - DEBUG -   Mode rates for 'Work': car=92.5%, walk=2.3%, rail=1.6%, bus=1.2%, bike=1.0%, school_bus=0.6%, rideshare=0.5%, other=0.2%
2026-10-03 19:12:07 - [ForkPoolWorker-29] models.mode_choice - DEBUG -   Mode rates for 'Home': car=88.1%, walk=5.0%, school_bus=3.8%, bike=1.1%, bus=0.7%, rideshare=0.5%, rail=0.5%, other=0.3%
2026-10-03 19:12:07 - [ForkPoolWorker-29] models.mode_choice - DEBUG -   Mode rates for 'Other': car=88.3%, walk=4.6%, bus=3.1%, rideshare=1.7%, school_bus=1.0%, rail=0.6%, bike=0.6%, other=0.2%
2026-10-03 19:12:07 - [ForkPoolWorker-29] models.mode_choice - DEBUG -   Mode rates for 'Social': car=73.8%, walk=19.5%, bike=3.5%, other=1.0%, rail=0.6%, rideshare=0.6%, bus=0.6%, school_bus=0.4%
2026-10-03 19:12:07 - [ForkPoolWorker-29] models.mode_choice - DEBUG -   Mode rates for 'all': car=87.2%, walk=6.3%, school_bus=3.2%, bike=1.2%, bus=0.8%, rail=0.6%, rideshare=0.5%, other=0.3%
2026-10-03 19:12:07 - [ForkPoolWorker-29] models.mode_choice - INFO - Computed mode rates for 8 purposes
2026-10-03 19:12:07 - [ForkPoolWorker-29] models.mode_choice - INFO -   Overall mode distribution: car=87.2%, walk=6.3%, school_bus=3.2%, bike=1.2%, bus=0.8%, rail=0.6%, rideshare=0.5%, other=0.3%
2026-10-03 19:12:07 - [ForkPoolWorker-29] models.mode_choice - INFO - ModeChoiceModel initialized with 4 modes: ['car', 'bus', 'rail', 'walk']
2026-10-03 19:12:07 - [ForkPoolWorker-36] models.plan_generator - INFO - Worker ForkPoolWorker-36 started - processing 5415 OD pairs
2026-10-03 19:12:07 - [ForkPoolWorker-30] models.mode_availability - DEBUG - Registered availability checker for car: UniversalAvailability
2026-10-03 19:12:07 - [ForkPoolWorker-30] models.mode_availability - DEBUG - Registered availability checker for bus: GTFSTransitAvailability
2026-10-03 19:12:07 - [ForkPoolWorker-30] models.mode_availability - DEBUG - Registered availability checker for rail: GTFSTransitAvailability
2026-10-03 19:12:07 - [ForkPoolWorker-30] models.mode_availability - DEBUG - Registered availability checker for walk: DistanceBasedAvailability
2026-10-03 19:12:07 - [ForkPoolWorker-30] models.mode_choice - INFO - Computing mode shares from survey data...
2026-10-03 19:12:07 - [ForkPoolWorker-30] models.mode_choice - DEBUG -   Survey weights (normalized): {'default': 1.0}
2026-10-03 19:12:07 - [ForkPoolWorker-30] models.mode_choice - DEBUG -   Computing rates for purposes: ['Shopping', 'School', 'Dining', 'Work', 'Home', 'Other', 'Social', 'all']
2026-10-03 19:12:07 - [ForkPoolWorker-30] models.mode_choice - DEBUG -   Mode rates for 'Shopping': car=93.6%, walk=5.1%, bike=0.4%, bus=0.4%, rail=0.2%, school_bus=0.2%, rideshare=0.1%
2026-10-03 19:12:07 - [ForkPoolWorker-30] models.mode_choice - DEBUG -   Mode rates for 'School': car=65.5%, school_bus=22.9%, walk=7.7%, bike=2.3%, bus=0.9%, other=0.4%, rail=0.2%, rideshare=0.1%
2026-10-03 19:12:07 - [ForkPoolWorker-30] models.mode_choice - DEBUG -   Mode rates for 'Dining': car=91.1%, walk=6.8%, bike=1.2%, rail=0.3%, other=0.3%, rideshare=0.3%, bus=0.1%
2026-10-03 19:12:07 - [ForkPoolWorker-30] models.mode_choice - DEBUG -   Mode rates for 'Work': car=92.5%, walk=2.3%, rail=1.6%, bus=1.2%, bike=1.0%, school_bus=0.6%, rideshare=0.5%, other=0.2%
2026-10-03 19:12:07 - [ForkPoolWorker-30] models.mode_choice - DEBUG -   Mode rates for 'Home': car=88.1%, walk=5.0%, school_bus=3.8%, bike=1.1%, bus=0.7%, rideshare=0.5%, rail=0.5%, other=0.3%
2026-10-03 19:12:07 - [ForkPoolWorker-30] models.mode_choice - DEBUG -   Mode rates for 'Other': car=88.3%, walk=4.6%, bus=3.1%, rideshare=1.7%, school_bus=1.0%, rail=0.6%, bike=0.6%, other=0.2%
2026-10-03 19:12:07 - [ForkPoolWorker-30] models.mode_choice - DEBUG -   Mode rates for 'Social': car=73.8%, walk=19.5%, bike=3.5%, other=1.0%, rail=0.6%, rideshare=0.6%, bus=0.6%, school_bus=0.4%
2026-10-03 19:12:07 - [ForkPoolWorker-30] models.mode_choice - DEBUG -   Mode rates for 'all': car=87.2%, walk=6.3%, school_bus=3.2%, bike=1.2%, bus=0.8%, rail=0.6%, rideshare=0.5%, other=0.3%
2026-10-03 19:12:07 - [ForkPoolWorker-30] models.mode_choice - INFO - Computed mode rates for 8 purposes
2026-10-03 19:12:07 - [ForkPoolWorker-30] models.mode_choice - INFO -   Overall mode distribution: car=87.2%, walk=6.3%, school_bus=3.2%, bike=1.2%, bus=0.8%, rail=0.6%, rideshare=0.5%, other=0.3%
2026-10-03 19:12:07 - [ForkPoolWorker-30] models.mode_choice - INFO - ModeChoiceModel initialized with 4 modes: ['car', 'bus', 'rail', 'walk']
2026-10-03 19:12:07 - [ForkPoolWorker-36] models.time - INFO - Fitted models for 49 activity pairs
2026-10-03 19:12:07 - [ForkPoolWorker-36] models.time - INFO - Mean trip durations: global=20.0min, per-pair=49 pairs
2026-10-03 19:12:08 - [ForkPoolWorker-37] models.plan_generator - INFO - Worker ForkPoolWorker-37 started - processing 5415 OD pairs
2026-10-03 19:12:08 - [ForkPoolWorker-37] models.time - INFO - Fitted models for 49 activity pairs
2026-10-03 19:12:08 - [ForkPoolWorker-37] models.time - INFO - Mean trip durations: global=20.0min, per-pair=49 pairs
2026-10-03 19:12:08 - [ForkPoolWorker-38] models.plan_generator - INFO - Worker ForkPoolWorker-38 started - processing 5415 OD pairs
2026-10-03 19:12:08 - [ForkPoolWorker-31] models.mode_availability - DEBUG - Registered availability checker for car: UniversalAvailability
2026-10-03 19:12:08 - [ForkPoolWorker-31] models.mode_availability - DEBUG - Registered availability checker for bus: GTFSTransitAvailability
2026-10-03 19:12:08 - [ForkPoolWorker-31] models.mode_availability - DEBUG - Registered availability checker for rail: GTFSTransitAvailability
2026-10-03 19:12:08 - [ForkPoolWorker-31] models.mode_availability - DEBUG - Registered availability checker for walk: DistanceBasedAvailability
2026-10-03 19:12:08 - [ForkPoolWorker-31] models.mode_choice - INFO - Computing mode shares from survey data...
2026-10-03 19:12:08 - [ForkPoolWorker-31] models.mode_choice - DEBUG -   Survey weights (normalized): {'default': 1.0}
2026-10-03 19:12:08 - [ForkPoolWorker-31] models.mode_choice - DEBUG -   Computing rates for purposes: ['Shopping', 'School', 'Dining', 'Work', 'Home', 'Other', 'Social', 'all']
2026-10-03 19:12:08 - [ForkPoolWorker-31] models.mode_choice - DEBUG -   Mode rates for 'Shopping': car=93.6%, walk=5.1%, bike=0.4%, bus=0.4%, rail=0.2%, school_bus=0.2%, rideshare=0.1%
2026-10-03 19:12:08 - [ForkPoolWorker-31] models.mode_choice - DEBUG -   Mode rates for 'School': car=65.5%, school_bus=22.9%, walk=7.7%, bike=2.3%, bus=0.9%, other=0.4%, rail=0.2%, rideshare=0.1%
2026-10-03 19:12:08 - [ForkPoolWorker-31] models.mode_choice - DEBUG -   Mode rates for 'Dining': car=91.1%, walk=6.8%, bike=1.2%, rail=0.3%, other=0.3%, rideshare=0.3%, bus=0.1%
2026-10-03 19:12:08 - [ForkPoolWorker-31] models.mode_choice - DEBUG -   Mode rates for 'Work': car=92.5%, walk=2.3%, rail=1.6%, bus=1.2%, bike=1.0%, school_bus=0.6%, rideshare=0.5%, other=0.2%
2026-10-03 19:12:08 - [ForkPoolWorker-31] models.mode_choice - DEBUG -   Mode rates for 'Home': car=88.1%, walk=5.0%, school_bus=3.8%, bike=1.1%, bus=0.7%, rideshare=0.5%, rail=0.5%, other=0.3%
2026-10-03 19:12:08 - [ForkPoolWorker-31] models.mode_choice - DEBUG -   Mode rates for 'Other': car=88.3%, walk=4.6%, bus=3.1%, rideshare=1.7%, school_bus=1.0%, rail=0.6%, bike=0.6%, other=0.2%
2026-10-03 19:12:08 - [ForkPoolWorker-31] models.mode_choice - DEBUG -   Mode rates for 'Social': car=73.8%, walk=19.5%, bike=3.5%, other=1.0%, rail=0.6%, rideshare=0.6%, bus=0.6%, school_bus=0.4%
2026-10-03 19:12:08 - [ForkPoolWorker-31] models.mode_choice - DEBUG -   Mode rates for 'all': car=87.2%, walk=6.3%, school_bus=3.2%, bike=1.2%, bus=0.8%, rail=0.6%, rideshare=0.5%, other=0.3%
2026-10-03 19:12:08 - [ForkPoolWorker-31] models.mode_choice - INFO - Computed mode rates for 8 purposes
2026-10-03 19:12:08 - [ForkPoolWorker-31] models.mode_choice - INFO -   Overall mode distribution: car=87.2%, walk=6.3%, school_bus=3.2%, bike=1.2%, bus=0.8%, rail=0.6%, rideshare=0.5%, other=0.3%
2026-10-03 19:12:08 - [ForkPoolWorker-31] models.mode_choice - INFO - ModeChoiceModel initialized with 4 modes: ['car', 'bus', 'rail', 'walk']
2026-10-03 19:12:09 - [ForkPoolWorker-38] models.time - INFO - Fitted models for 49 activity pairs
2026-10-03 19:12:09 - [ForkPoolWorker-38] models.time - INFO - Mean trip durations: global=20.0min, per-pair=49 pairs
2026-10-03 19:12:09 - [ForkPoolWorker-32] models.mode_availability - DEBUG - Registered availability checker for car: UniversalAvailability
2026-10-03 19:12:09 - [ForkPoolWorker-32] models.mode_availability - DEBUG - Registered availability checker for bus: GTFSTransitAvailability
2026-10-03 19:12:09 - [ForkPoolWorker-32] models.mode_availability - DEBUG - Registered availability checker for rail: GTFSTransitAvailability
2026-10-03 19:12:09 - [ForkPoolWorker-32] models.mode_availability - DEBUG - Registered availability checker for walk: DistanceBasedAvailability
2026-10-03 19:12:09 - [ForkPoolWorker-32] models.mode_choice - INFO - Computing mode shares from survey data...
2026-10-03 19:12:09 - [ForkPoolWorker-32] models.mode_choice - DEBUG -   Survey weights (normalized): {'default': 1.0}
2026-10-03 19:12:09 - [ForkPoolWorker-32] models.mode_choice - DEBUG -   Computing rates for purposes: ['Shopping', 'School', 'Dining', 'Work', 'Home', 'Other', 'Social', 'all']
2026-10-03 19:12:09 - [ForkPoolWorker-32] models.mode_choice - DEBUG -   Mode rates for 'Shopping': car=93.6%, walk=5.1%, bike=0.4%, bus=0.4%, rail=0.2%, school_bus=0.2%, rideshare=0.1%
2026-10-03 19:12:09 - [ForkPoolWorker-32] models.mode_choice - DEBUG -   Mode rates for 'School': car=65.5%, school_bus=22.9%, walk=7.7%, bike=2.3%, bus=0.9%, other=0.4%, rail=0.2%, rideshare=0.1%
2026-10-03 19:12:09 - [ForkPoolWorker-32] models.mode_choice - DEBUG -   Mode rates for 'Dining': car=91.1%, walk=6.8%, bike=1.2%, rail=0.3%, other=0.3%, rideshare=0.3%, bus=0.1%
2026-10-03 19:12:09 - [ForkPoolWorker-32] models.mode_choice - DEBUG -   Mode rates for 'Work': car=92.5%, walk=2.3%, rail=1.6%, bus=1.2%, bike=1.0%, school_bus=0.6%, rideshare=0.5%, other=0.2%
2026-10-03 19:12:09 - [ForkPoolWorker-32] models.mode_choice - DEBUG -   Mode rates for 'Home': car=88.1%, walk=5.0%, school_bus=3.8%, bike=1.1%, bus=0.7%, rideshare=0.5%, rail=0.5%, other=0.3%
2026-10-03 19:12:09 - [ForkPoolWorker-32] models.mode_choice - DEBUG -   Mode rates for 'Other': car=88.3%, walk=4.6%, bus=3.1%, rideshare=1.7%, school_bus=1.0%, rail=0.6%, bike=0.6%, other=0.2%
2026-10-03 19:12:09 - [ForkPoolWorker-32] models.mode_choice - DEBUG -   Mode rates for 'Social': car=73.8%, walk=19.5%, bike=3.5%, other=1.0%, rail=0.6%, rideshare=0.6%, bus=0.6%, school_bus=0.4%
2026-10-03 19:12:09 - [ForkPoolWorker-32] models.mode_choice - DEBUG -   Mode rates for 'all': car=87.2%, walk=6.3%, school_bus=3.2%, bike=1.2%, bus=0.8%, rail=0.6%, rideshare=0.5%, other=0.3%
2026-10-03 19:12:09 - [ForkPoolWorker-32] models.mode_choice - INFO - Computed mode rates for 8 purposes
2026-10-03 19:12:09 - [ForkPoolWorker-32] models.mode_choice - INFO -   Overall mode distribution: car=87.2%, walk=6.3%, school_bus=3.2%, bike=1.2%, bus=0.8%, rail=0.6%, rideshare=0.5%, other=0.3%
2026-10-03 19:12:09 - [ForkPoolWorker-32] models.mode_choice - INFO - ModeChoiceModel initialized with 4 modes: ['car', 'bus', 'rail', 'walk']
2026-10-03 19:12:09 - [ForkPoolWorker-39] models.plan_generator - INFO - Worker ForkPoolWorker-39 started - processing 5415 OD pairs
2026-10-03 19:12:09 - [ForkPoolWorker-39] models.time - INFO - Fitted models for 49 activity pairs
2026-10-03 19:12:09 - [ForkPoolWorker-39] models.time - INFO - Mean trip durations: global=20.0min, per-pair=49 pairs
2026-10-03 19:12:10 - [ForkPoolWorker-33] models.mode_availability - DEBUG - Registered availability checker for car: UniversalAvailability
2026-10-03 19:12:10 - [ForkPoolWorker-33] models.mode_availability - DEBUG - Registered availability checker for bus: GTFSTransitAvailability
2026-10-03 19:12:10 - [ForkPoolWorker-33] models.mode_availability - DEBUG - Registered availability checker for rail: GTFSTransitAvailability
2026-10-03 19:12:10 - [ForkPoolWorker-33] models.mode_availability - DEBUG - Registered availability checker for walk: DistanceBasedAvailability
2026-10-03 19:12:10 - [ForkPoolWorker-33] models.mode_choice - INFO - Computing mode shares from survey data...
2026-10-03 19:12:10 - [ForkPoolWorker-33] models.mode_choice - DEBUG -   Survey weights (normalized): {'default': 1.0}
2026-10-03 19:12:10 - [ForkPoolWorker-33] models.mode_choice - DEBUG -   Computing rates for purposes: ['Shopping', 'School', 'Dining', 'Work', 'Home', 'Other', 'Social', 'all']
2026-10-03 19:12:10 - [ForkPoolWorker-33] models.mode_choice - DEBUG -   Mode rates for 'Shopping': car=93.6%, walk=5.1%, bike=0.4%, bus=0.4%, rail=0.2%, school_bus=0.2%, rideshare=0.1%
2026-10-03 19:12:10 - [ForkPoolWorker-33] models.mode_choice - DEBUG -   Mode rates for 'School': car=65.5%, school_bus=22.9%, walk=7.7%, bike=2.3%, bus=0.9%, other=0.4%, rail=0.2%, rideshare=0.1%
2026-10-03 19:12:10 - [ForkPoolWorker-33] models.mode_choice - DEBUG -   Mode rates for 'Dining': car=91.1%, walk=6.8%, bike=1.2%, rail=0.3%, other=0.3%, rideshare=0.3%, bus=0.1%
2026-10-03 19:12:10 - [ForkPoolWorker-33] models.mode_choice - DEBUG -   Mode rates for 'Work': car=92.5%, walk=2.3%, rail=1.6%, bus=1.2%, bike=1.0%, school_bus=0.6%, rideshare=0.5%, other=0.2%
2026-10-03 19:12:10 - [ForkPoolWorker-33] models.mode_choice - DEBUG -   Mode rates for 'Home': car=88.1%, walk=5.0%, school_bus=3.8%, bike=1.1%, bus=0.7%, rideshare=0.5%, rail=0.5%, other=0.3%
2026-10-03 19:12:10 - [ForkPoolWorker-33] models.mode_choice - DEBUG -   Mode rates for 'Other': car=88.3%, walk=4.6%, bus=3.1%, rideshare=1.7%, school_bus=1.0%, rail=0.6%, bike=0.6%, other=0.2%
2026-10-03 19:12:10 - [ForkPoolWorker-33] models.mode_choice - DEBUG -   Mode rates for 'Social': car=73.8%, walk=19.5%, bike=3.5%, other=1.0%, rail=0.6%, rideshare=0.6%, bus=0.6%, school_bus=0.4%
2026-10-03 19:12:10 - [ForkPoolWorker-33] models.mode_choice - DEBUG -   Mode rates for 'all': car=87.2%, walk=6.3%, school_bus=3.2%, bike=1.2%, bus=0.8%, rail=0.6%, rideshare=0.5%, other=0.3%
2026-10-03 19:12:10 - [ForkPoolWorker-33] models.mode_choice - INFO - Computed mode rates for 8 purposes
2026-10-03 19:12:10 - [ForkPoolWorker-33] models.mode_choice - INFO -   Overall mode distribution: car=87.2%, walk=6.3%, school_bus=3.2%, bike=1.2%, bus=0.8%, rail=0.6%, rideshare=0.5%, other=0.3%
2026-10-03 19:12:10 - [ForkPoolWorker-33] models.mode_choice - INFO - ModeChoiceModel initialized with 4 modes: ['car', 'bus', 'rail', 'walk']
2026-10-03 19:12:10 - [ForkPoolWorker-40] models.plan_generator - INFO - Worker ForkPoolWorker-40 started - processing 5415 OD pairs
2026-10-03 19:12:10 - [ForkPoolWorker-40] models.time - INFO - Fitted models for 49 activity pairs
2026-10-03 19:12:10 - [ForkPoolWorker-40] models.time - INFO - Mean trip durations: global=20.0min, per-pair=49 pairs
2026-10-03 19:12:10 - [ForkPoolWorker-34] models.mode_availability - DEBUG - Registered availability checker for car: UniversalAvailability
2026-10-03 19:12:10 - [ForkPoolWorker-34] models.mode_availability - DEBUG - Registered availability checker for bus: GTFSTransitAvailability
2026-10-03 19:12:10 - [ForkPoolWorker-34] models.mode_availability - DEBUG - Registered availability checker for rail: GTFSTransitAvailability
2026-10-03 19:12:10 - [ForkPoolWorker-34] models.mode_availability - DEBUG - Registered availability checker for walk: DistanceBasedAvailability
2026-10-03 19:12:10 - [ForkPoolWorker-34] models.mode_choice - INFO - Computing mode shares from survey data...
2026-10-03 19:12:10 - [ForkPoolWorker-34] models.mode_choice - DEBUG -   Survey weights (normalized): {'default': 1.0}
2026-10-03 19:12:10 - [ForkPoolWorker-34] models.mode_choice - DEBUG -   Computing rates for purposes: ['Shopping', 'School', 'Dining', 'Work', 'Home', 'Other', 'Social', 'all']
2026-10-03 19:12:10 - [ForkPoolWorker-34] models.mode_choice - DEBUG -   Mode rates for 'Shopping': car=93.6%, walk=5.1%, bike=0.4%, bus=0.4%, rail=0.2%, school_bus=0.2%, rideshare=0.1%
2026-10-03 19:12:10 - [ForkPoolWorker-34] models.mode_choice - DEBUG -   Mode rates for 'School': car=65.5%, school_bus=22.9%, walk=7.7%, bike=2.3%, bus=0.9%, other=0.4%, rail=0.2%, rideshare=0.1%
2026-10-03 19:12:10 - [ForkPoolWorker-34] models.mode_choice - DEBUG -   Mode rates for 'Dining': car=91.1%, walk=6.8%, bike=1.2%, rail=0.3%, other=0.3%, rideshare=0.3%, bus=0.1%
2026-10-03 19:12:10 - [ForkPoolWorker-34] models.mode_choice - DEBUG -   Mode rates for 'Work': car=92.5%, walk=2.3%, rail=1.6%, bus=1.2%, bike=1.0%, school_bus=0.6%, rideshare=0.5%, other=0.2%
2026-10-03 19:12:10 - [ForkPoolWorker-34] models.mode_choice - DEBUG -   Mode rates for 'Home': car=88.1%, walk=5.0%, school_bus=3.8%, bike=1.1%, bus=0.7%, rideshare=0.5%, rail=0.5%, other=0.3%
2026-10-03 19:12:10 - [ForkPoolWorker-34] models.mode_choice - DEBUG -   Mode rates for 'Other': car=88.3%, walk=4.6%, bus=3.1%, rideshare=1.7%, school_bus=1.0%, rail=0.6%, bike=0.6%, other=0.2%
2026-10-03 19:12:10 - [ForkPoolWorker-34] models.mode_choice - DEBUG -   Mode rates for 'Social': car=73.8%, walk=19.5%, bike=3.5%, other=1.0%, rail=0.6%, rideshare=0.6%, bus=0.6%, school_bus=0.4%
2026-10-03 19:12:10 - [ForkPoolWorker-34] models.mode_choice - DEBUG -   Mode rates for 'all': car=87.2%, walk=6.3%, school_bus=3.2%, bike=1.2%, bus=0.8%, rail=0.6%, rideshare=0.5%, other=0.3%
2026-10-03 19:12:10 - [ForkPoolWorker-34] models.mode_choice - INFO - Computed mode rates for 8 purposes
2026-10-03 19:12:10 - [ForkPoolWorker-34] models.mode_choice - INFO -   Overall mode distribution: car=87.2%, walk=6.3%, school_bus=3.2%, bike=1.2%, bus=0.8%, rail=0.6%, rideshare=0.5%, other=0.3%
2026-10-03 19:12:10 - [ForkPoolWorker-34] models.mode_choice - INFO - ModeChoiceModel initialized with 4 modes: ['car', 'bus', 'rail', 'walk']
2026-10-03 19:12:11 - [ForkPoolWorker-41] models.plan_generator - INFO - Worker ForkPoolWorker-41 started - processing 5415 OD pairs
2026-10-03 19:12:11 - [ForkPoolWorker-35] models.mode_availability - DEBUG - Registered availability checker for car: UniversalAvailability
2026-10-03 19:12:11 - [ForkPoolWorker-35] models.mode_availability - DEBUG - Registered availability checker for bus: GTFSTransitAvailability
2026-10-03 19:12:11 - [ForkPoolWorker-35] models.mode_availability - DEBUG - Registered availability checker for rail: GTFSTransitAvailability
2026-10-03 19:12:11 - [ForkPoolWorker-35] models.mode_availability - DEBUG - Registered availability checker for walk: DistanceBasedAvailability
2026-10-03 19:12:11 - [ForkPoolWorker-35] models.mode_choice - INFO - Computing mode shares from survey data...
2026-10-03 19:12:11 - [ForkPoolWorker-35] models.mode_choice - DEBUG -   Survey weights (normalized): {'default': 1.0}
2026-10-03 19:12:11 - [ForkPoolWorker-35] models.mode_choice - DEBUG -   Computing rates for purposes: ['Shopping', 'School', 'Dining', 'Work', 'Home', 'Other', 'Social', 'all']
2026-10-03 19:12:11 - [ForkPoolWorker-35] models.mode_choice - DEBUG -   Mode rates for 'Shopping': car=93.6%, walk=5.1%, bike=0.4%, bus=0.4%, rail=0.2%, school_bus=0.2%, rideshare=0.1%
2026-10-03 19:12:11 - [ForkPoolWorker-35] models.mode_choice - DEBUG -   Mode rates for 'School': car=65.5%, school_bus=22.9%, walk=7.7%, bike=2.3%, bus=0.9%, other=0.4%, rail=0.2%, rideshare=0.1%
2026-10-03 19:12:11 - [ForkPoolWorker-35] models.mode_choice - DEBUG -   Mode rates for 'Dining': car=91.1%, walk=6.8%, bike=1.2%, rail=0.3%, other=0.3%, rideshare=0.3%, bus=0.1%
2026-10-03 19:12:11 - [ForkPoolWorker-35] models.mode_choice - DEBUG -   Mode rates for 'Work': car=92.5%, walk=2.3%, rail=1.6%, bus=1.2%, bike=1.0%, school_bus=0.6%, rideshare=0.5%, other=0.2%
2026-10-03 19:12:11 - [ForkPoolWorker-35] models.mode_choice - DEBUG -   Mode rates for 'Home': car=88.1%, walk=5.0%, school_bus=3.8%, bike=1.1%, bus=0.7%, rideshare=0.5%, rail=0.5%, other=0.3%
2026-10-03 19:12:11 - [ForkPoolWorker-35] models.mode_choice - DEBUG -   Mode rates for 'Other': car=88.3%, walk=4.6%, bus=3.1%, rideshare=1.7%, school_bus=1.0%, rail=0.6%, bike=0.6%, other=0.2%
2026-10-03 19:12:11 - [ForkPoolWorker-35] models.mode_choice - DEBUG -   Mode rates for 'Social': car=73.8%, walk=19.5%, bike=3.5%, other=1.0%, rail=0.6%, rideshare=0.6%, bus=0.6%, school_bus=0.4%
2026-10-03 19:12:11 - [ForkPoolWorker-35] models.mode_choice - DEBUG -   Mode rates for 'all': car=87.2%, walk=6.3%, school_bus=3.2%, bike=1.2%, bus=0.8%, rail=0.6%, rideshare=0.5%, other=0.3%
2026-10-03 19:12:11 - [ForkPoolWorker-35] models.mode_choice - INFO - Computed mode rates for 8 purposes
2026-10-03 19:12:11 - [ForkPoolWorker-35] models.mode_choice - INFO -   Overall mode distribution: car=87.2%, walk=6.3%, school_bus=3.2%, bike=1.2%, bus=0.8%, rail=0.6%, rideshare=0.5%, other=0.3%
2026-10-03 19:12:11 - [ForkPoolWorker-35] models.mode_choice - INFO - ModeChoiceModel initialized with 4 modes: ['car', 'bus', 'rail', 'walk']
2026-10-03 19:12:11 - [ForkPoolWorker-41] models.time - INFO - Fitted models for 49 activity pairs
2026-10-03 19:12:11 - [ForkPoolWorker-41] models.time - INFO - Mean trip durations: global=20.0min, per-pair=49 pairs
2026-10-03 19:12:11 - [ForkPoolWorker-42] models.plan_generator - INFO - Worker ForkPoolWorker-42 started - processing 5415 OD pairs
2026-10-03 19:12:12 - [ForkPoolWorker-42] models.time - INFO - Fitted models for 49 activity pairs
2026-10-03 19:12:12 - [ForkPoolWorker-42] models.time - INFO - Mean trip durations: global=20.0min, per-pair=49 pairs
2026-10-03 19:12:12 - [ForkPoolWorker-43] models.plan_generator - INFO - Worker ForkPoolWorker-43 started - processing 5415 OD pairs
2026-10-03 19:12:12 - [ForkPoolWorker-36] models.mode_availability - DEBUG - Registered availability checker for car: UniversalAvailability
2026-10-03 19:12:12 - [ForkPoolWorker-36] models.mode_availability - DEBUG - Registered availability checker for bus: GTFSTransitAvailability
2026-10-03 19:12:12 - [ForkPoolWorker-36] models.mode_availability - DEBUG - Registered availability checker for rail: GTFSTransitAvailability
2026-10-03 19:12:12 - [ForkPoolWorker-36] models.mode_availability - DEBUG - Registered availability checker for walk: DistanceBasedAvailability
2026-10-03 19:12:12 - [ForkPoolWorker-36] models.mode_choice - INFO - Computing mode shares from survey data...
2026-10-03 19:12:12 - [ForkPoolWorker-36] models.mode_choice - DEBUG -   Survey weights (normalized): {'default': 1.0}
2026-10-03 19:12:12 - [ForkPoolWorker-36] models.mode_choice - DEBUG -   Computing rates for purposes: ['Shopping', 'School', 'Dining', 'Work', 'Home', 'Other', 'Social', 'all']
2026-10-03 19:12:12 - [ForkPoolWorker-36] models.mode_choice - DEBUG -   Mode rates for 'Shopping': car=93.6%, walk=5.1%, bike=0.4%, bus=0.4%, rail=0.2%, school_bus=0.2%, rideshare=0.1%
2026-10-03 19:12:12 - [ForkPoolWorker-36] models.mode_choice - DEBUG -   Mode rates for 'School': car=65.5%, school_bus=22.9%, walk=7.7%, bike=2.3%, bus=0.9%, other=0.4%, rail=0.2%, rideshare=0.1%
2026-10-03 19:12:12 - [ForkPoolWorker-36] models.mode_choice - DEBUG -   Mode rates for 'Dining': car=91.1%, walk=6.8%, bike=1.2%, rail=0.3%, other=0.3%, rideshare=0.3%, bus=0.1%
2026-10-03 19:12:12 - [ForkPoolWorker-36] models.mode_choice - DEBUG -   Mode rates for 'Work': car=92.5%, walk=2.3%, rail=1.6%, bus=1.2%, bike=1.0%, school_bus=0.6%, rideshare=0.5%, other=0.2%
2026-10-03 19:12:12 - [ForkPoolWorker-36] models.mode_choice - DEBUG -   Mode rates for 'Home': car=88.1%, walk=5.0%, school_bus=3.8%, bike=1.1%, bus=0.7%, rideshare=0.5%, rail=0.5%, other=0.3%
2026-10-03 19:12:12 - [ForkPoolWorker-36] models.mode_choice - DEBUG -   Mode rates for 'Other': car=88.3%, walk=4.6%, bus=3.1%, rideshare=1.7%, school_bus=1.0%, rail=0.6%, bike=0.6%, other=0.2%
2026-10-03 19:12:12 - [ForkPoolWorker-36] models.mode_choice - DEBUG -   Mode rates for 'Social': car=73.8%, walk=19.5%, bike=3.5%, other=1.0%, rail=0.6%, rideshare=0.6%, bus=0.6%, school_bus=0.4%
2026-10-03 19:12:12 - [ForkPoolWorker-36] models.mode_choice - DEBUG -   Mode rates for 'all': car=87.2%, walk=6.3%, school_bus=3.2%, bike=1.2%, bus=0.8%, rail=0.6%, rideshare=0.5%, other=0.3%
2026-10-03 19:12:12 - [ForkPoolWorker-36] models.mode_choice - INFO - Computed mode rates for 8 purposes
2026-10-03 19:12:12 - [ForkPoolWorker-36] models.mode_choice - INFO -   Overall mode distribution: car=87.2%, walk=6.3%, school_bus=3.2%, bike=1.2%, bus=0.8%, rail=0.6%, rideshare=0.5%, other=0.3%
2026-10-03 19:12:12 - [ForkPoolWorker-36] models.mode_choice - INFO - ModeChoiceModel initialized with 4 modes: ['car', 'bus', 'rail', 'walk']
2026-10-03 19:12:12 - [ForkPoolWorker-43] models.time - INFO - Fitted models for 49 activity pairs
2026-10-03 19:12:12 - [ForkPoolWorker-43] models.time - INFO - Mean trip durations: global=20.0min, per-pair=49 pairs
2026-10-03 19:12:13 - [ForkPoolWorker-37] models.mode_availability - DEBUG - Registered availability checker for car: UniversalAvailability
2026-10-03 19:12:13 - [ForkPoolWorker-37] models.mode_availability - DEBUG - Registered availability checker for bus: GTFSTransitAvailability
2026-10-03 19:12:13 - [ForkPoolWorker-37] models.mode_availability - DEBUG - Registered availability checker for rail: GTFSTransitAvailability
2026-10-03 19:12:13 - [ForkPoolWorker-37] models.mode_availability - DEBUG - Registered availability checker for walk: DistanceBasedAvailability
2026-10-03 19:12:13 - [ForkPoolWorker-37] models.mode_choice - INFO - Computing mode shares from survey data...
2026-10-03 19:12:13 - [ForkPoolWorker-37] models.mode_choice - DEBUG -   Survey weights (normalized): {'default': 1.0}
2026-10-03 19:12:13 - [ForkPoolWorker-37] models.mode_choice - DEBUG -   Computing rates for purposes: ['Shopping', 'School', 'Dining', 'Work', 'Home', 'Other', 'Social', 'all']
2026-10-03 19:12:13 - [ForkPoolWorker-37] models.mode_choice - DEBUG -   Mode rates for 'Shopping': car=93.6%, walk=5.1%, bike=0.4%, bus=0.4%, rail=0.2%, school_bus=0.2%, rideshare=0.1%
2026-10-03 19:12:13 - [ForkPoolWorker-37] models.mode_choice - DEBUG -   Mode rates for 'School': car=65.5%, school_bus=22.9%, walk=7.7%, bike=2.3%, bus=0.9%, other=0.4%, rail=0.2%, rideshare=0.1%
2026-10-03 19:12:13 - [ForkPoolWorker-37] models.mode_choice - DEBUG -   Mode rates for 'Dining': car=91.1%, walk=6.8%, bike=1.2%, rail=0.3%, other=0.3%, rideshare=0.3%, bus=0.1%
2026-10-03 19:12:13 - [ForkPoolWorker-37] models.mode_choice - DEBUG -   Mode rates for 'Work': car=92.5%, walk=2.3%, rail=1.6%, bus=1.2%, bike=1.0%, school_bus=0.6%, rideshare=0.5%, other=0.2%
2026-10-03 19:12:13 - [ForkPoolWorker-37] models.mode_choice - DEBUG -   Mode rates for 'Home': car=88.1%, walk=5.0%, school_bus=3.8%, bike=1.1%, bus=0.7%, rideshare=0.5%, rail=0.5%, other=0.3%
2026-10-03 19:12:13 - [ForkPoolWorker-37] models.mode_choice - DEBUG -   Mode rates for 'Other': car=88.3%, walk=4.6%, bus=3.1%, rideshare=1.7%, school_bus=1.0%, rail=0.6%, bike=0.6%, other=0.2%
2026-10-03 19:12:13 - [ForkPoolWorker-37] models.mode_choice - DEBUG -   Mode rates for 'Social': car=73.8%, walk=19.5%, bike=3.5%, other=1.0%, rail=0.6%, rideshare=0.6%, bus=0.6%, school_bus=0.4%
2026-10-03 19:12:13 - [ForkPoolWorker-37] models.mode_choice - DEBUG -   Mode rates for 'all': car=87.2%, walk=6.3%, school_bus=3.2%, bike=1.2%, bus=0.8%, rail=0.6%, rideshare=0.5%, other=0.3%
2026-10-03 19:12:13 - [ForkPoolWorker-37] models.mode_choice - INFO - Computed mode rates for 8 purposes
2026-10-03 19:12:13 - [ForkPoolWorker-37] models.mode_choice - INFO -   Overall mode distribution: car=87.2%, walk=6.3%, school_bus=3.2%, bike=1.2%, bus=0.8%, rail=0.6%, rideshare=0.5%, other=0.3%
2026-10-03 19:12:13 - [ForkPoolWorker-37] models.mode_choice - INFO - ModeChoiceModel initialized with 4 modes: ['car', 'bus', 'rail', 'walk']
2026-10-03 19:12:13 - [ForkPoolWorker-44] models.plan_generator - INFO - Worker ForkPoolWorker-44 started - processing 5415 OD pairs
2026-10-03 19:12:13 - [ForkPoolWorker-38] models.mode_availability - DEBUG - Registered availability checker for car: UniversalAvailability
2026-10-03 19:12:13 - [ForkPoolWorker-38] models.mode_availability - DEBUG - Registered availability checker for bus: GTFSTransitAvailability
2026-10-03 19:12:13 - [ForkPoolWorker-38] models.mode_availability - DEBUG - Registered availability checker for rail: GTFSTransitAvailability
2026-10-03 19:12:13 - [ForkPoolWorker-38] models.mode_availability - DEBUG - Registered availability checker for walk: DistanceBasedAvailability
2026-10-03 19:12:13 - [ForkPoolWorker-38] models.mode_choice - INFO - Computing mode shares from survey data...
2026-10-03 19:12:13 - [ForkPoolWorker-38] models.mode_choice - DEBUG -   Survey weights (normalized): {'default': 1.0}
2026-10-03 19:12:13 - [ForkPoolWorker-38] models.mode_choice - DEBUG -   Computing rates for purposes: ['Shopping', 'School', 'Dining', 'Work', 'Home', 'Other', 'Social', 'all']
2026-10-03 19:12:13 - [ForkPoolWorker-38] models.mode_choice - DEBUG -   Mode rates for 'Shopping': car=93.6%, walk=5.1%, bike=0.4%, bus=0.4%, rail=0.2%, school_bus=0.2%, rideshare=0.1%
2026-10-03 19:12:13 - [ForkPoolWorker-38] models.mode_choice - DEBUG -   Mode rates for 'School': car=65.5%, school_bus=22.9%, walk=7.7%, bike=2.3%, bus=0.9%, other=0.4%, rail=0.2%, rideshare=0.1%
2026-10-03 19:12:13 - [ForkPoolWorker-38] models.mode_choice - DEBUG -   Mode rates for 'Dining': car=91.1%, walk=6.8%, bike=1.2%, rail=0.3%, other=0.3%, rideshare=0.3%, bus=0.1%
2026-10-03 19:12:13 - [ForkPoolWorker-38] models.mode_choice - DEBUG -   Mode rates for 'Work': car=92.5%, walk=2.3%, rail=1.6%, bus=1.2%, bike=1.0%, school_bus=0.6%, rideshare=0.5%, other=0.2%
2026-10-03 19:12:13 - [ForkPoolWorker-38] models.mode_choice - DEBUG -   Mode rates for 'Home': car=88.1%, walk=5.0%, school_bus=3.8%, bike=1.1%, bus=0.7%, rideshare=0.5%, rail=0.5%, other=0.3%
2026-10-03 19:12:13 - [ForkPoolWorker-38] models.mode_choice - DEBUG -   Mode rates for 'Other': car=88.3%, walk=4.6%, bus=3.1%, rideshare=1.7%, school_bus=1.0%, rail=0.6%, bike=0.6%, other=0.2%
2026-10-03 19:12:13 - [ForkPoolWorker-38] models.mode_choice - DEBUG -   Mode rates for 'Social': car=73.8%, walk=19.5%, bike=3.5%, other=1.0%, rail=0.6%, rideshare=0.6%, bus=0.6%, school_bus=0.4%
2026-10-03 19:12:13 - [ForkPoolWorker-38] models.mode_choice - DEBUG -   Mode rates for 'all': car=87.2%, walk=6.3%, school_bus=3.2%, bike=1.2%, bus=0.8%, rail=0.6%, rideshare=0.5%, other=0.3%
2026-10-03 19:12:13 - [ForkPoolWorker-38] models.mode_choice - INFO - Computed mode rates for 8 purposes
2026-10-03 19:12:13 - [ForkPoolWorker-38] models.mode_choice - INFO -   Overall mode distribution: car=87.2%, walk=6.3%, school_bus=3.2%, bike=1.2%, bus=0.8%, rail=0.6%, rideshare=0.5%, other=0.3%
2026-10-03 19:12:13 - [ForkPoolWorker-38] models.mode_choice - INFO - ModeChoiceModel initialized with 4 modes: ['car', 'bus', 'rail', 'walk']
2026-10-03 19:12:13 - [ForkPoolWorker-44] models.time - INFO - Fitted models for 49 activity pairs
2026-10-03 19:12:13 - [ForkPoolWorker-44] models.time - INFO - Mean trip durations: global=20.0min, per-pair=49 pairs
2026-10-03 19:12:14 - [ForkPoolWorker-45] models.plan_generator - INFO - Worker ForkPoolWorker-45 started - processing 5415 OD pairs
2026-10-03 19:12:14 - [ForkPoolWorker-39] models.mode_availability - DEBUG - Registered availability checker for car: UniversalAvailability
2026-10-03 19:12:14 - [ForkPoolWorker-39] models.mode_availability - DEBUG - Registered availability checker for bus: GTFSTransitAvailability
2026-10-03 19:12:14 - [ForkPoolWorker-39] models.mode_availability - DEBUG - Registered availability checker for rail: GTFSTransitAvailability
2026-10-03 19:12:14 - [ForkPoolWorker-39] models.mode_availability - DEBUG - Registered availability checker for walk: DistanceBasedAvailability
2026-10-03 19:12:14 - [ForkPoolWorker-39] models.mode_choice - INFO - Computing mode shares from survey data...
2026-10-03 19:12:14 - [ForkPoolWorker-39] models.mode_choice - DEBUG -   Survey weights (normalized): {'default': 1.0}
2026-10-03 19:12:14 - [ForkPoolWorker-39] models.mode_choice - DEBUG -   Computing rates for purposes: ['Shopping', 'School', 'Dining', 'Work', 'Home', 'Other', 'Social', 'all']
2026-10-03 19:12:14 - [ForkPoolWorker-39] models.mode_choice - DEBUG -   Mode rates for 'Shopping': car=93.6%, walk=5.1%, bike=0.4%, bus=0.4%, rail=0.2%, school_bus=0.2%, rideshare=0.1%
2026-10-03 19:12:14 - [ForkPoolWorker-39] models.mode_choice - DEBUG -   Mode rates for 'School': car=65.5%, school_bus=22.9%, walk=7.7%, bike=2.3%, bus=0.9%, other=0.4%, rail=0.2%, rideshare=0.1%
2026-10-03 19:12:14 - [ForkPoolWorker-39] models.mode_choice - DEBUG -   Mode rates for 'Dining': car=91.1%, walk=6.8%, bike=1.2%, rail=0.3%, other=0.3%, rideshare=0.3%, bus=0.1%
2026-10-03 19:12:14 - [ForkPoolWorker-39] models.mode_choice - DEBUG -   Mode rates for 'Work': car=92.5%, walk=2.3%, rail=1.6%, bus=1.2%, bike=1.0%, school_bus=0.6%, rideshare=0.5%, other=0.2%
2026-10-03 19:12:14 - [ForkPoolWorker-39] models.mode_choice - DEBUG -   Mode rates for 'Home': car=88.1%, walk=5.0%, school_bus=3.8%, bike=1.1%, bus=0.7%, rideshare=0.5%, rail=0.5%, other=0.3%
2026-10-03 19:12:14 - [ForkPoolWorker-39] models.mode_choice - DEBUG -   Mode rates for 'Other': car=88.3%, walk=4.6%, bus=3.1%, rideshare=1.7%, school_bus=1.0%, rail=0.6%, bike=0.6%, other=0.2%
2026-10-03 19:12:14 - [ForkPoolWorker-39] models.mode_choice - DEBUG -   Mode rates for 'Social': car=73.8%, walk=19.5%, bike=3.5%, other=1.0%, rail=0.6%, rideshare=0.6%, bus=0.6%, school_bus=0.4%
2026-10-03 19:12:14 - [ForkPoolWorker-39] models.mode_choice - DEBUG -   Mode rates for 'all': car=87.2%, walk=6.3%, school_bus=3.2%, bike=1.2%, bus=0.8%, rail=0.6%, rideshare=0.5%, other=0.3%
2026-10-03 19:12:14 - [ForkPoolWorker-39] models.mode_choice - INFO - Computed mode rates for 8 purposes
2026-10-03 19:12:14 - [ForkPoolWorker-39] models.mode_choice - INFO -   Overall mode distribution: car=87.2%, walk=6.3%, school_bus=3.2%, bike=1.2%, bus=0.8%, rail=0.6%, rideshare=0.5%, other=0.3%
2026-10-03 19:12:14 - [ForkPoolWorker-39] models.mode_choice - INFO - ModeChoiceModel initialized with 4 modes: ['car', 'bus', 'rail', 'walk']
2026-10-03 19:12:14 - [ForkPoolWorker-45] models.time - INFO - Fitted models for 49 activity pairs
2026-10-03 19:12:14 - [ForkPoolWorker-45] models.time - INFO - Mean trip durations: global=20.0min, per-pair=49 pairs
2026-10-03 19:12:15 - [ForkPoolWorker-46] models.plan_generator - INFO - Worker ForkPoolWorker-46 started - processing 5415 OD pairs
2026-10-03 19:12:15 - [ForkPoolWorker-46] models.time - INFO - Fitted models for 49 activity pairs
2026-10-03 19:12:15 - [ForkPoolWorker-46] models.time - INFO - Mean trip durations: global=20.0min, per-pair=49 pairs
2026-10-03 19:12:15 - [ForkPoolWorker-40] models.mode_availability - DEBUG - Registered availability checker for car: UniversalAvailability
2026-10-03 19:12:15 - [ForkPoolWorker-40] models.mode_availability - DEBUG - Registered availability checker for bus: GTFSTransitAvailability
2026-10-03 19:12:15 - [ForkPoolWorker-40] models.mode_availability - DEBUG - Registered availability checker for rail: GTFSTransitAvailability
2026-10-03 19:12:15 - [ForkPoolWorker-40] models.mode_availability - DEBUG - Registered availability checker for walk: DistanceBasedAvailability
2026-10-03 19:12:15 - [ForkPoolWorker-40] models.mode_choice - INFO - Computing mode shares from survey data...
2026-10-03 19:12:15 - [ForkPoolWorker-40] models.mode_choice - DEBUG -   Survey weights (normalized): {'default': 1.0}
2026-10-03 19:12:15 - [ForkPoolWorker-40] models.mode_choice - DEBUG -   Computing rates for purposes: ['Shopping', 'School', 'Dining', 'Work', 'Home', 'Other', 'Social', 'all']
2026-10-03 19:12:15 - [ForkPoolWorker-40] models.mode_choice - DEBUG -   Mode rates for 'Shopping': car=93.6%, walk=5.1%, bike=0.4%, bus=0.4%, rail=0.2%, school_bus=0.2%, rideshare=0.1%
2026-10-03 19:12:15 - [ForkPoolWorker-40] models.mode_choice - DEBUG -   Mode rates for 'School': car=65.5%, school_bus=22.9%, walk=7.7%, bike=2.3%, bus=0.9%, other=0.4%, rail=0.2%, rideshare=0.1%
2026-10-03 19:12:15 - [ForkPoolWorker-40] models.mode_choice - DEBUG -   Mode rates for 'Dining': car=91.1%, walk=6.8%, bike=1.2%, rail=0.3%, other=0.3%, rideshare=0.3%, bus=0.1%
2026-10-03 19:12:15 - [ForkPoolWorker-40] models.mode_choice - DEBUG -   Mode rates for 'Work': car=92.5%, walk=2.3%, rail=1.6%, bus=1.2%, bike=1.0%, school_bus=0.6%, rideshare=0.5%, other=0.2%
2026-10-03 19:12:15 - [ForkPoolWorker-40] models.mode_choice - DEBUG -   Mode rates for 'Home': car=88.1%, walk=5.0%, school_bus=3.8%, bike=1.1%, bus=0.7%, rideshare=0.5%, rail=0.5%, other=0.3%
2026-10-03 19:12:15 - [ForkPoolWorker-40] models.mode_choice - DEBUG -   Mode rates for 'Other': car=88.3%, walk=4.6%, bus=3.1%, rideshare=1.7%, school_bus=1.0%, rail=0.6%, bike=0.6%, other=0.2%
2026-10-03 19:12:15 - [ForkPoolWorker-40] models.mode_choice - DEBUG -   Mode rates for 'Social': car=73.8%, walk=19.5%, bike=3.5%, other=1.0%, rail=0.6%, rideshare=0.6%, bus=0.6%, school_bus=0.4%
2026-10-03 19:12:15 - [ForkPoolWorker-40] models.mode_choice - DEBUG -   Mode rates for 'all': car=87.2%, walk=6.3%, school_bus=3.2%, bike=1.2%, bus=0.8%, rail=0.6%, rideshare=0.5%, other=0.3%
2026-10-03 19:12:15 - [ForkPoolWorker-40] models.mode_choice - INFO - Computed mode rates for 8 purposes
2026-10-03 19:12:15 - [ForkPoolWorker-40] models.mode_choice - INFO -   Overall mode distribution: car=87.2%, walk=6.3%, school_bus=3.2%, bike=1.2%, bus=0.8%, rail=0.6%, rideshare=0.5%, other=0.3%
2026-10-03 19:12:15 - [ForkPoolWorker-40] models.mode_choice - INFO - ModeChoiceModel initialized with 4 modes: ['car', 'bus', 'rail', 'walk']
2026-10-03 19:12:15 - [ForkPoolWorker-47] models.plan_generator - INFO - Worker ForkPoolWorker-47 started - processing 5415 OD pairs
2026-10-03 19:12:15 - [ForkPoolWorker-41] models.mode_availability - DEBUG - Registered availability checker for car: UniversalAvailability
2026-10-03 19:12:15 - [ForkPoolWorker-41] models.mode_availability - DEBUG - Registered availability checker for bus: GTFSTransitAvailability
2026-10-03 19:12:15 - [ForkPoolWorker-41] models.mode_availability - DEBUG - Registered availability checker for rail: GTFSTransitAvailability
2026-10-03 19:12:15 - [ForkPoolWorker-41] models.mode_availability - DEBUG - Registered availability checker for walk: DistanceBasedAvailability
2026-10-03 19:12:15 - [ForkPoolWorker-41] models.mode_choice - INFO - Computing mode shares from survey data...
2026-10-03 19:12:15 - [ForkPoolWorker-41] models.mode_choice - DEBUG -   Survey weights (normalized): {'default': 1.0}
2026-10-03 19:12:15 - [ForkPoolWorker-41] models.mode_choice - DEBUG -   Computing rates for purposes: ['Shopping', 'School', 'Dining', 'Work', 'Home', 'Other', 'Social', 'all']
2026-10-03 19:12:15 - [ForkPoolWorker-41] models.mode_choice - DEBUG -   Mode rates for 'Shopping': car=93.6%, walk=5.1%, bike=0.4%, bus=0.4%, rail=0.2%, school_bus=0.2%, rideshare=0.1%
2026-10-03 19:12:15 - [ForkPoolWorker-41] models.mode_choice - DEBUG -   Mode rates for 'School': car=65.5%, school_bus=22.9%, walk=7.7%, bike=2.3%, bus=0.9%, other=0.4%, rail=0.2%, rideshare=0.1%
2026-10-03 19:12:15 - [ForkPoolWorker-41] models.mode_choice - DEBUG -   Mode rates for 'Dining': car=91.1%, walk=6.8%, bike=1.2%, rail=0.3%, other=0.3%, rideshare=0.3%, bus=0.1%
2026-10-03 19:12:15 - [ForkPoolWorker-41] models.mode_choice - DEBUG -   Mode rates for 'Work': car=92.5%, walk=2.3%, rail=1.6%, bus=1.2%, bike=1.0%, school_bus=0.6%, rideshare=0.5%, other=0.2%
2026-10-03 19:12:15 - [ForkPoolWorker-41] models.mode_choice - DEBUG -   Mode rates for 'Home': car=88.1%, walk=5.0%, school_bus=3.8%, bike=1.1%, bus=0.7%, rideshare=0.5%, rail=0.5%, other=0.3%
2026-10-03 19:12:15 - [ForkPoolWorker-41] models.mode_choice - DEBUG -   Mode rates for 'Other': car=88.3%, walk=4.6%, bus=3.1%, rideshare=1.7%, school_bus=1.0%, rail=0.6%, bike=0.6%, other=0.2%
2026-10-03 19:12:15 - [ForkPoolWorker-41] models.mode_choice - DEBUG -   Mode rates for 'Social': car=73.8%, walk=19.5%, bike=3.5%, other=1.0%, rail=0.6%, rideshare=0.6%, bus=0.6%, school_bus=0.4%
2026-10-03 19:12:15 - [ForkPoolWorker-41] models.mode_choice - DEBUG -   Mode rates for 'all': car=87.2%, walk=6.3%, school_bus=3.2%, bike=1.2%, bus=0.8%, rail=0.6%, rideshare=0.5%, other=0.3%
2026-10-03 19:12:15 - [ForkPoolWorker-41] models.mode_choice - INFO - Computed mode rates for 8 purposes
2026-10-03 19:12:15 - [ForkPoolWorker-41] models.mode_choice - INFO -   Overall mode distribution: car=87.2%, walk=6.3%, school_bus=3.2%, bike=1.2%, bus=0.8%, rail=0.6%, rideshare=0.5%, other=0.3%
2026-10-03 19:12:15 - [ForkPoolWorker-41] models.mode_choice - INFO - ModeChoiceModel initialized with 4 modes: ['car', 'bus', 'rail', 'walk']
2026-10-03 19:12:16 - [ForkPoolWorker-47] models.time - INFO - Fitted models for 49 activity pairs
2026-10-03 19:12:16 - [ForkPoolWorker-47] models.time - INFO - Mean trip durations: global=20.0min, per-pair=49 pairs
2026-10-03 19:12:16 - [ForkPoolWorker-42] models.mode_availability - DEBUG - Registered availability checker for car: UniversalAvailability
2026-10-03 19:12:16 - [ForkPoolWorker-42] models.mode_availability - DEBUG - Registered availability checker for bus: GTFSTransitAvailability
2026-10-03 19:12:16 - [ForkPoolWorker-42] models.mode_availability - DEBUG - Registered availability checker for rail: GTFSTransitAvailability
2026-10-03 19:12:16 - [ForkPoolWorker-42] models.mode_availability - DEBUG - Registered availability checker for walk: DistanceBasedAvailability
2026-10-03 19:12:16 - [ForkPoolWorker-42] models.mode_choice - INFO - Computing mode shares from survey data...
2026-10-03 19:12:16 - [ForkPoolWorker-42] models.mode_choice - DEBUG -   Survey weights (normalized): {'default': 1.0}
2026-10-03 19:12:16 - [ForkPoolWorker-42] models.mode_choice - DEBUG -   Computing rates for purposes: ['Shopping', 'School', 'Dining', 'Work', 'Home', 'Other', 'Social', 'all']
2026-10-03 19:12:16 - [ForkPoolWorker-42] models.mode_choice - DEBUG -   Mode rates for 'Shopping': car=93.6%, walk=5.1%, bike=0.4%, bus=0.4%, rail=0.2%, school_bus=0.2%, rideshare=0.1%
2026-10-03 19:12:16 - [ForkPoolWorker-42] models.mode_choice - DEBUG -   Mode rates for 'School': car=65.5%, school_bus=22.9%, walk=7.7%, bike=2.3%, bus=0.9%, other=0.4%, rail=0.2%, rideshare=0.1%
2026-10-03 19:12:16 - [ForkPoolWorker-42] models.mode_choice - DEBUG -   Mode rates for 'Dining': car=91.1%, walk=6.8%, bike=1.2%, rail=0.3%, other=0.3%, rideshare=0.3%, bus=0.1%
2026-10-03 19:12:16 - [ForkPoolWorker-42] models.mode_choice - DEBUG -   Mode rates for 'Work': car=92.5%, walk=2.3%, rail=1.6%, bus=1.2%, bike=1.0%, school_bus=0.6%, rideshare=0.5%, other=0.2%
2026-10-03 19:12:16 - [ForkPoolWorker-42] models.mode_choice - DEBUG -   Mode rates for 'Home': car=88.1%, walk=5.0%, school_bus=3.8%, bike=1.1%, bus=0.7%, rideshare=0.5%, rail=0.5%, other=0.3%
2026-10-03 19:12:16 - [ForkPoolWorker-42] models.mode_choice - DEBUG -   Mode rates for 'Other': car=88.3%, walk=4.6%, bus=3.1%, rideshare=1.7%, school_bus=1.0%, rail=0.6%, bike=0.6%, other=0.2%
2026-10-03 19:12:16 - [ForkPoolWorker-42] models.mode_choice - DEBUG -   Mode rates for 'Social': car=73.8%, walk=19.5%, bike=3.5%, other=1.0%, rail=0.6%, rideshare=0.6%, bus=0.6%, school_bus=0.4%
2026-10-03 19:12:16 - [ForkPoolWorker-42] models.mode_choice - DEBUG -   Mode rates for 'all': car=87.2%, walk=6.3%, school_bus=3.2%, bike=1.2%, bus=0.8%, rail=0.6%, rideshare=0.5%, other=0.3%
2026-10-03 19:12:16 - [ForkPoolWorker-42] models.mode_choice - INFO - Computed mode rates for 8 purposes
2026-10-03 19:12:16 - [ForkPoolWorker-42] models.mode_choice - INFO -   Overall mode distribution: car=87.2%, walk=6.3%, school_bus=3.2%, bike=1.2%, bus=0.8%, rail=0.6%, rideshare=0.5%, other=0.3%
2026-10-03 19:12:16 - [ForkPoolWorker-42] models.mode_choice - INFO - ModeChoiceModel initialized with 4 modes: ['car', 'bus', 'rail', 'walk']
2026-10-03 19:12:17 - [ForkPoolWorker-48] models.plan_generator - INFO - Worker ForkPoolWorker-48 started - processing 5415 OD pairs
2026-10-03 19:12:17 - [ForkPoolWorker-48] models.time - INFO - Fitted models for 49 activity pairs
2026-10-03 19:12:17 - [ForkPoolWorker-48] models.time - INFO - Mean trip durations: global=20.0min, per-pair=49 pairs
2026-10-03 19:12:17 - [ForkPoolWorker-43] models.mode_availability - DEBUG - Registered availability checker for car: UniversalAvailability
2026-10-03 19:12:17 - [ForkPoolWorker-43] models.mode_availability - DEBUG - Registered availability checker for bus: GTFSTransitAvailability
2026-10-03 19:12:17 - [ForkPoolWorker-43] models.mode_availability - DEBUG - Registered availability checker for rail: GTFSTransitAvailability
2026-10-03 19:12:17 - [ForkPoolWorker-43] models.mode_availability - DEBUG - Registered availability checker for walk: DistanceBasedAvailability
2026-10-03 19:12:17 - [ForkPoolWorker-43] models.mode_choice - INFO - Computing mode shares from survey data...
2026-10-03 19:12:17 - [ForkPoolWorker-43] models.mode_choice - DEBUG -   Survey weights (normalized): {'default': 1.0}
2026-10-03 19:12:17 - [ForkPoolWorker-43] models.mode_choice - DEBUG -   Computing rates for purposes: ['Shopping', 'School', 'Dining', 'Work', 'Home', 'Other', 'Social', 'all']
2026-10-03 19:12:17 - [ForkPoolWorker-43] models.mode_choice - DEBUG -   Mode rates for 'Shopping': car=93.6%, walk=5.1%, bike=0.4%, bus=0.4%, rail=0.2%, school_bus=0.2%, rideshare=0.1%
2026-10-03 19:12:17 - [ForkPoolWorker-43] models.mode_choice - DEBUG -   Mode rates for 'School': car=65.5%, school_bus=22.9%, walk=7.7%, bike=2.3%, bus=0.9%, other=0.4%, rail=0.2%, rideshare=0.1%
2026-10-03 19:12:17 - [ForkPoolWorker-43] models.mode_choice - DEBUG -   Mode rates for 'Dining': car=91.1%, walk=6.8%, bike=1.2%, rail=0.3%, other=0.3%, rideshare=0.3%, bus=0.1%
2026-10-03 19:12:17 - [ForkPoolWorker-43] models.mode_choice - DEBUG -   Mode rates for 'Work': car=92.5%, walk=2.3%, rail=1.6%, bus=1.2%, bike=1.0%, school_bus=0.6%, rideshare=0.5%, other=0.2%
2026-10-03 19:12:17 - [ForkPoolWorker-43] models.mode_choice - DEBUG -   Mode rates for 'Home': car=88.1%, walk=5.0%, school_bus=3.8%, bike=1.1%, bus=0.7%, rideshare=0.5%, rail=0.5%, other=0.3%
2026-10-03 19:12:17 - [ForkPoolWorker-43] models.mode_choice - DEBUG -   Mode rates for 'Other': car=88.3%, walk=4.6%, bus=3.1%, rideshare=1.7%, school_bus=1.0%, rail=0.6%, bike=0.6%, other=0.2%
2026-10-03 19:12:17 - [ForkPoolWorker-43] models.mode_choice - DEBUG -   Mode rates for 'Social': car=73.8%, walk=19.5%, bike=3.5%, other=1.0%, rail=0.6%, rideshare=0.6%, bus=0.6%, school_bus=0.4%
2026-10-03 19:12:17 - [ForkPoolWorker-43] models.mode_choice - DEBUG -   Mode rates for 'all': car=87.2%, walk=6.3%, school_bus=3.2%, bike=1.2%, bus=0.8%, rail=0.6%, rideshare=0.5%, other=0.3%
2026-10-03 19:12:17 - [ForkPoolWorker-43] models.mode_choice - INFO - Computed mode rates for 8 purposes
2026-10-03 19:12:17 - [ForkPoolWorker-43] models.mode_choice - INFO -   Overall mode distribution: car=87.2%, walk=6.3%, school_bus=3.2%, bike=1.2%, bus=0.8%, rail=0.6%, rideshare=0.5%, other=0.3%
2026-10-03 19:12:17 - [ForkPoolWorker-43] models.mode_choice - INFO - ModeChoiceModel initialized with 4 modes: ['car', 'bus', 'rail', 'walk']
2026-10-03 19:12:17 - [ForkPoolWorker-49] models.plan_generator - INFO - Worker ForkPoolWorker-49 started - processing 5415 OD pairs
2026-10-03 19:12:17 - [ForkPoolWorker-49] models.time - INFO - Fitted models for 49 activity pairs
2026-10-03 19:12:17 - [ForkPoolWorker-49] models.time - INFO - Mean trip durations: global=20.0min, per-pair=49 pairs
2026-10-03 19:12:18 - [ForkPoolWorker-50] models.plan_generator - INFO - Worker ForkPoolWorker-50 started - processing 5415 OD pairs
2026-10-03 19:12:18 - [ForkPoolWorker-44] models.mode_availability - DEBUG - Registered availability checker for car: UniversalAvailability
2026-10-03 19:12:18 - [ForkPoolWorker-44] models.mode_availability - DEBUG - Registered availability checker for bus: GTFSTransitAvailability
2026-10-03 19:12:18 - [ForkPoolWorker-44] models.mode_availability - DEBUG - Registered availability checker for rail: GTFSTransitAvailability
2026-10-03 19:12:18 - [ForkPoolWorker-44] models.mode_availability - DEBUG - Registered availability checker for walk: DistanceBasedAvailability
2026-10-03 19:12:18 - [ForkPoolWorker-44] models.mode_choice - INFO - Computing mode shares from survey data...
2026-10-03 19:12:18 - [ForkPoolWorker-44] models.mode_choice - DEBUG -   Survey weights (normalized): {'default': 1.0}
2026-10-03 19:12:18 - [ForkPoolWorker-44] models.mode_choice - DEBUG -   Computing rates for purposes: ['Shopping', 'School', 'Dining', 'Work', 'Home', 'Other', 'Social', 'all']
2026-10-03 19:12:18 - [ForkPoolWorker-44] models.mode_choice - DEBUG -   Mode rates for 'Shopping': car=93.6%, walk=5.1%, bike=0.4%, bus=0.4%, rail=0.2%, school_bus=0.2%, rideshare=0.1%
2026-10-03 19:12:18 - [ForkPoolWorker-44] models.mode_choice - DEBUG -   Mode rates for 'School': car=65.5%, school_bus=22.9%, walk=7.7%, bike=2.3%, bus=0.9%, other=0.4%, rail=0.2%, rideshare=0.1%
2026-10-03 19:12:18 - [ForkPoolWorker-44] models.mode_choice - DEBUG -   Mode rates for 'Dining': car=91.1%, walk=6.8%, bike=1.2%, rail=0.3%, other=0.3%, rideshare=0.3%, bus=0.1%
2026-10-03 19:12:18 - [ForkPoolWorker-44] models.mode_choice - DEBUG -   Mode rates for 'Work': car=92.5%, walk=2.3%, rail=1.6%, bus=1.2%, bike=1.0%, school_bus=0.6%, rideshare=0.5%, other=0.2%
2026-10-03 19:12:18 - [ForkPoolWorker-44] models.mode_choice - DEBUG -   Mode rates for 'Home': car=88.1%, walk=5.0%, school_bus=3.8%, bike=1.1%, bus=0.7%, rideshare=0.5%, rail=0.5%, other=0.3%
2026-10-03 19:12:18 - [ForkPoolWorker-44] models.mode_choice - DEBUG -   Mode rates for 'Other': car=88.3%, walk=4.6%, bus=3.1%, rideshare=1.7%, school_bus=1.0%, rail=0.6%, bike=0.6%, other=0.2%
2026-10-03 19:12:18 - [ForkPoolWorker-44] models.mode_choice - DEBUG -   Mode rates for 'Social': car=73.8%, walk=19.5%, bike=3.5%, other=1.0%, rail=0.6%, rideshare=0.6%, bus=0.6%, school_bus=0.4%
2026-10-03 19:12:18 - [ForkPoolWorker-44] models.mode_choice - DEBUG -   Mode rates for 'all': car=87.2%, walk=6.3%, school_bus=3.2%, bike=1.2%, bus=0.8%, rail=0.6%, rideshare=0.5%, other=0.3%
2026-10-03 19:12:18 - [ForkPoolWorker-44] models.mode_choice - INFO - Computed mode rates for 8 purposes
2026-10-03 19:12:18 - [ForkPoolWorker-44] models.mode_choice - INFO -   Overall mode distribution: car=87.2%, walk=6.3%, school_bus=3.2%, bike=1.2%, bus=0.8%, rail=0.6%, rideshare=0.5%, other=0.3%
2026-10-03 19:12:18 - [ForkPoolWorker-44] models.mode_choice - INFO - ModeChoiceModel initialized with 4 modes: ['car', 'bus', 'rail', 'walk']
2026-10-03 19:12:18 - [ForkPoolWorker-50] models.time - INFO - Fitted models for 49 activity pairs
2026-10-03 19:12:18 - [ForkPoolWorker-50] models.time - INFO - Mean trip durations: global=20.0min, per-pair=49 pairs
2026-10-03 19:12:19 - [ForkPoolWorker-51] models.plan_generator - INFO - Worker ForkPoolWorker-51 started - processing 5415 OD pairs
2026-10-03 19:12:19 - [ForkPoolWorker-45] models.mode_availability - DEBUG - Registered availability checker for car: UniversalAvailability
2026-10-03 19:12:19 - [ForkPoolWorker-45] models.mode_availability - DEBUG - Registered availability checker for bus: GTFSTransitAvailability
2026-10-03 19:12:19 - [ForkPoolWorker-45] models.mode_availability - DEBUG - Registered availability checker for rail: GTFSTransitAvailability
2026-10-03 19:12:19 - [ForkPoolWorker-45] models.mode_availability - DEBUG - Registered availability checker for walk: DistanceBasedAvailability
2026-10-03 19:12:19 - [ForkPoolWorker-45] models.mode_choice - INFO - Computing mode shares from survey data...
2026-10-03 19:12:19 - [ForkPoolWorker-45] models.mode_choice - DEBUG -   Survey weights (normalized): {'default': 1.0}
2026-10-03 19:12:19 - [ForkPoolWorker-45] models.mode_choice - DEBUG -   Computing rates for purposes: ['Shopping', 'School', 'Dining', 'Work', 'Home', 'Other', 'Social', 'all']
2026-10-03 19:12:19 - [ForkPoolWorker-45] models.mode_choice - DEBUG -   Mode rates for 'Shopping': car=93.6%, walk=5.1%, bike=0.4%, bus=0.4%, rail=0.2%, school_bus=0.2%, rideshare=0.1%
2026-10-03 19:12:19 - [ForkPoolWorker-45] models.mode_choice - DEBUG -   Mode rates for 'School': car=65.5%, school_bus=22.9%, walk=7.7%, bike=2.3%, bus=0.9%, other=0.4%, rail=0.2%, rideshare=0.1%
2026-10-03 19:12:19 - [ForkPoolWorker-45] models.mode_choice - DEBUG -   Mode rates for 'Dining': car=91.1%, walk=6.8%, bike=1.2%, rail=0.3%, other=0.3%, rideshare=0.3%, bus=0.1%
2026-10-03 19:12:19 - [ForkPoolWorker-45] models.mode_choice - DEBUG -   Mode rates for 'Work': car=92.5%, walk=2.3%, rail=1.6%, bus=1.2%, bike=1.0%, school_bus=0.6%, rideshare=0.5%, other=0.2%
2026-10-03 19:12:19 - [ForkPoolWorker-45] models.mode_choice - DEBUG -   Mode rates for 'Home': car=88.1%, walk=5.0%, school_bus=3.8%, bike=1.1%, bus=0.7%, rideshare=0.5%, rail=0.5%, other=0.3%
2026-10-03 19:12:19 - [ForkPoolWorker-45] models.mode_choice - DEBUG -   Mode rates for 'Other': car=88.3%, walk=4.6%, bus=3.1%, rideshare=1.7%, school_bus=1.0%, rail=0.6%, bike=0.6%, other=0.2%
2026-10-03 19:12:19 - [ForkPoolWorker-45] models.mode_choice - DEBUG -   Mode rates for 'Social': car=73.8%, walk=19.5%, bike=3.5%, other=1.0%, rail=0.6%, rideshare=0.6%, bus=0.6%, school_bus=0.4%
2026-10-03 19:12:19 - [ForkPoolWorker-45] models.mode_choice - DEBUG -   Mode rates for 'all': car=87.2%, walk=6.3%, school_bus=3.2%, bike=1.2%, bus=0.8%, rail=0.6%, rideshare=0.5%, other=0.3%
2026-10-03 19:12:19 - [ForkPoolWorker-45] models.mode_choice - INFO - Computed mode rates for 8 purposes
2026-10-03 19:12:19 - [ForkPoolWorker-45] models.mode_choice - INFO -   Overall mode distribution: car=87.2%, walk=6.3%, school_bus=3.2%, bike=1.2%, bus=0.8%, rail=0.6%, rideshare=0.5%, other=0.3%
2026-10-03 19:12:19 - [ForkPoolWorker-45] models.mode_choice - INFO - ModeChoiceModel initialized with 4 modes: ['car', 'bus', 'rail', 'walk']
2026-10-03 19:12:19 - [ForkPoolWorker-51] models.time - INFO - Fitted models for 49 activity pairs
2026-10-03 19:12:19 - [ForkPoolWorker-51] models.time - INFO - Mean trip durations: global=20.0min, per-pair=49 pairs
2026-10-03 19:12:20 - [ForkPoolWorker-46] models.mode_availability - DEBUG - Registered availability checker for car: UniversalAvailability
2026-10-03 19:12:20 - [ForkPoolWorker-46] models.mode_availability - DEBUG - Registered availability checker for bus: GTFSTransitAvailability
2026-10-03 19:12:20 - [ForkPoolWorker-46] models.mode_availability - DEBUG - Registered availability checker for rail: GTFSTransitAvailability
2026-10-03 19:12:20 - [ForkPoolWorker-46] models.mode_availability - DEBUG - Registered availability checker for walk: DistanceBasedAvailability
2026-10-03 19:12:20 - [ForkPoolWorker-46] models.mode_choice - INFO - Computing mode shares from survey data...
2026-10-03 19:12:20 - [ForkPoolWorker-46] models.mode_choice - DEBUG -   Survey weights (normalized): {'default': 1.0}
2026-10-03 19:12:20 - [ForkPoolWorker-46] models.mode_choice - DEBUG -   Computing rates for purposes: ['Shopping', 'School', 'Dining', 'Work', 'Home', 'Other', 'Social', 'all']
2026-10-03 19:12:20 - [ForkPoolWorker-46] models.mode_choice - DEBUG -   Mode rates for 'Shopping': car=93.6%, walk=5.1%, bike=0.4%, bus=0.4%, rail=0.2%, school_bus=0.2%, rideshare=0.1%
2026-10-03 19:12:20 - [ForkPoolWorker-46] models.mode_choice - DEBUG -   Mode rates for 'School': car=65.5%, school_bus=22.9%, walk=7.7%, bike=2.3%, bus=0.9%, other=0.4%, rail=0.2%, rideshare=0.1%
2026-10-03 19:12:20 - [ForkPoolWorker-46] models.mode_choice - DEBUG -   Mode rates for 'Dining': car=91.1%, walk=6.8%, bike=1.2%, rail=0.3%, other=0.3%, rideshare=0.3%, bus=0.1%
2026-10-03 19:12:20 - [ForkPoolWorker-46] models.mode_choice - DEBUG -   Mode rates for 'Work': car=92.5%, walk=2.3%, rail=1.6%, bus=1.2%, bike=1.0%, school_bus=0.6%, rideshare=0.5%, other=0.2%
2026-10-03 19:12:20 - [ForkPoolWorker-46] models.mode_choice - DEBUG -   Mode rates for 'Home': car=88.1%, walk=5.0%, school_bus=3.8%, bike=1.1%, bus=0.7%, rideshare=0.5%, rail=0.5%, other=0.3%
2026-10-03 19:12:20 - [ForkPoolWorker-46] models.mode_choice - DEBUG -   Mode rates for 'Other': car=88.3%, walk=4.6%, bus=3.1%, rideshare=1.7%, school_bus=1.0%, rail=0.6%, bike=0.6%, other=0.2%
2026-10-03 19:12:20 - [ForkPoolWorker-46] models.mode_choice - DEBUG -   Mode rates for 'Social': car=73.8%, walk=19.5%, bike=3.5%, other=1.0%, rail=0.6%, rideshare=0.6%, bus=0.6%, school_bus=0.4%
2026-10-03 19:12:20 - [ForkPoolWorker-46] models.mode_choice - DEBUG -   Mode rates for 'all': car=87.2%, walk=6.3%, school_bus=3.2%, bike=1.2%, bus=0.8%, rail=0.6%, rideshare=0.5%, other=0.3%
2026-10-03 19:12:20 - [ForkPoolWorker-46] models.mode_choice - INFO - Computed mode rates for 8 purposes
2026-10-03 19:12:20 - [ForkPoolWorker-46] models.mode_choice - INFO -   Overall mode distribution: car=87.2%, walk=6.3%, school_bus=3.2%, bike=1.2%, bus=0.8%, rail=0.6%, rideshare=0.5%, other=0.3%
2026-10-03 19:12:20 - [ForkPoolWorker-46] models.mode_choice - INFO - ModeChoiceModel initialized with 4 modes: ['car', 'bus', 'rail', 'walk']
2026-10-03 19:12:20 - [ForkPoolWorker-47] models.mode_availability - DEBUG - Registered availability checker for car: UniversalAvailability
2026-10-03 19:12:20 - [ForkPoolWorker-47] models.mode_availability - DEBUG - Registered availability checker for bus: GTFSTransitAvailability
2026-10-03 19:12:20 - [ForkPoolWorker-47] models.mode_availability - DEBUG - Registered availability checker for rail: GTFSTransitAvailability
2026-10-03 19:12:20 - [ForkPoolWorker-47] models.mode_availability - DEBUG - Registered availability checker for walk: DistanceBasedAvailability
2026-10-03 19:12:20 - [ForkPoolWorker-47] models.mode_choice - INFO - Computing mode shares from survey data...
2026-10-03 19:12:20 - [ForkPoolWorker-47] models.mode_choice - DEBUG -   Survey weights (normalized): {'default': 1.0}
2026-10-03 19:12:20 - [ForkPoolWorker-47] models.mode_choice - DEBUG -   Computing rates for purposes: ['Shopping', 'School', 'Dining', 'Work', 'Home', 'Other', 'Social', 'all']
2026-10-03 19:12:20 - [ForkPoolWorker-47] models.mode_choice - DEBUG -   Mode rates for 'Shopping': car=93.6%, walk=5.1%, bike=0.4%, bus=0.4%, rail=0.2%, school_bus=0.2%, rideshare=0.1%
2026-10-03 19:12:20 - [ForkPoolWorker-47] models.mode_choice - DEBUG -   Mode rates for 'School': car=65.5%, school_bus=22.9%, walk=7.7%, bike=2.3%, bus=0.9%, other=0.4%, rail=0.2%, rideshare=0.1%
2026-10-03 19:12:20 - [ForkPoolWorker-47] models.mode_choice - DEBUG -   Mode rates for 'Dining': car=91.1%, walk=6.8%, bike=1.2%, rail=0.3%, other=0.3%, rideshare=0.3%, bus=0.1%
2026-10-03 19:12:20 - [ForkPoolWorker-47] models.mode_choice - DEBUG -   Mode rates for 'Work': car=92.5%, walk=2.3%, rail=1.6%, bus=1.2%, bike=1.0%, school_bus=0.6%, rideshare=0.5%, other=0.2%
2026-10-03 19:12:20 - [ForkPoolWorker-47] models.mode_choice - DEBUG -   Mode rates for 'Home': car=88.1%, walk=5.0%, school_bus=3.8%, bike=1.1%, bus=0.7%, rideshare=0.5%, rail=0.5%, other=0.3%
2026-10-03 19:12:20 - [ForkPoolWorker-47] models.mode_choice - DEBUG -   Mode rates for 'Other': car=88.3%, walk=4.6%, bus=3.1%, rideshare=1.7%, school_bus=1.0%, rail=0.6%, bike=0.6%, other=0.2%
2026-10-03 19:12:20 - [ForkPoolWorker-47] models.mode_choice - DEBUG -   Mode rates for 'Social': car=73.8%, walk=19.5%, bike=3.5%, other=1.0%, rail=0.6%, rideshare=0.6%, bus=0.6%, school_bus=0.4%
2026-10-03 19:12:20 - [ForkPoolWorker-47] models.mode_choice - DEBUG -   Mode rates for 'all': car=87.2%, walk=6.3%, school_bus=3.2%, bike=1.2%, bus=0.8%, rail=0.6%, rideshare=0.5%, other=0.3%
2026-10-03 19:12:20 - [ForkPoolWorker-47] models.mode_choice - INFO - Computed mode rates for 8 purposes
2026-10-03 19:12:20 - [ForkPoolWorker-47] models.mode_choice - INFO -   Overall mode distribution: car=87.2%, walk=6.3%, school_bus=3.2%, bike=1.2%, bus=0.8%, rail=0.6%, rideshare=0.5%, other=0.3%
2026-10-03 19:12:20 - [ForkPoolWorker-47] models.mode_choice - INFO - ModeChoiceModel initialized with 4 modes: ['car', 'bus', 'rail', 'walk']
2026-10-03 19:12:20 - [ForkPoolWorker-52] models.plan_generator - INFO - Worker ForkPoolWorker-52 started - processing 5415 OD pairs
2026-10-03 19:12:21 - [ForkPoolWorker-52] models.time - INFO - Fitted models for 49 activity pairs
2026-10-03 19:12:21 - [ForkPoolWorker-52] models.time - INFO - Mean trip durations: global=20.0min, per-pair=49 pairs
2026-10-03 19:12:21 - [ForkPoolWorker-53] models.plan_generator - INFO - Worker ForkPoolWorker-53 started - processing 5415 OD pairs
2026-10-03 19:12:21 - [ForkPoolWorker-48] models.mode_availability - DEBUG - Registered availability checker for car: UniversalAvailability
2026-10-03 19:12:21 - [ForkPoolWorker-48] models.mode_availability - DEBUG - Registered availability checker for bus: GTFSTransitAvailability
2026-10-03 19:12:21 - [ForkPoolWorker-48] models.mode_availability - DEBUG - Registered availability checker for rail: GTFSTransitAvailability
2026-10-03 19:12:21 - [ForkPoolWorker-48] models.mode_availability - DEBUG - Registered availability checker for walk: DistanceBasedAvailability
2026-10-03 19:12:21 - [ForkPoolWorker-48] models.mode_choice - INFO - Computing mode shares from survey data...
2026-10-03 19:12:21 - [ForkPoolWorker-48] models.mode_choice - DEBUG -   Survey weights (normalized): {'default': 1.0}
2026-10-03 19:12:21 - [ForkPoolWorker-48] models.mode_choice - DEBUG -   Computing rates for purposes: ['Shopping', 'School', 'Dining', 'Work', 'Home', 'Other', 'Social', 'all']
2026-10-03 19:12:21 - [ForkPoolWorker-48] models.mode_choice - DEBUG -   Mode rates for 'Shopping': car=93.6%, walk=5.1%, bike=0.4%, bus=0.4%, rail=0.2%, school_bus=0.2%, rideshare=0.1%
2026-10-03 19:12:21 - [ForkPoolWorker-48] models.mode_choice - DEBUG -   Mode rates for 'School': car=65.5%, school_bus=22.9%, walk=7.7%, bike=2.3%, bus=0.9%, other=0.4%, rail=0.2%, rideshare=0.1%
2026-10-03 19:12:21 - [ForkPoolWorker-48] models.mode_choice - DEBUG -   Mode rates for 'Dining': car=91.1%, walk=6.8%, bike=1.2%, rail=0.3%, other=0.3%, rideshare=0.3%, bus=0.1%
2026-10-03 19:12:21 - [ForkPoolWorker-48] models.mode_choice - DEBUG -   Mode rates for 'Work': car=92.5%, walk=2.3%, rail=1.6%, bus=1.2%, bike=1.0%, school_bus=0.6%, rideshare=0.5%, other=0.2%
2026-10-03 19:12:21 - [ForkPoolWorker-48] models.mode_choice - DEBUG -   Mode rates for 'Home': car=88.1%, walk=5.0%, school_bus=3.8%, bike=1.1%, bus=0.7%, rideshare=0.5%, rail=0.5%, other=0.3%
2026-10-03 19:12:21 - [ForkPoolWorker-48] models.mode_choice - DEBUG -   Mode rates for 'Other': car=88.3%, walk=4.6%, bus=3.1%, rideshare=1.7%, school_bus=1.0%, rail=0.6%, bike=0.6%, other=0.2%
2026-10-03 19:12:21 - [ForkPoolWorker-48] models.mode_choice - DEBUG -   Mode rates for 'Social': car=73.8%, walk=19.5%, bike=3.5%, other=1.0%, rail=0.6%, rideshare=0.6%, bus=0.6%, school_bus=0.4%
2026-10-03 19:12:21 - [ForkPoolWorker-48] models.mode_choice - DEBUG -   Mode rates for 'all': car=87.2%, walk=6.3%, school_bus=3.2%, bike=1.2%, bus=0.8%, rail=0.6%, rideshare=0.5%, other=0.3%
2026-10-03 19:12:21 - [ForkPoolWorker-48] models.mode_choice - INFO - Computed mode rates for 8 purposes
2026-10-03 19:12:21 - [ForkPoolWorker-48] models.mode_choice - INFO -   Overall mode distribution: car=87.2%, walk=6.3%, school_bus=3.2%, bike=1.2%, bus=0.8%, rail=0.6%, rideshare=0.5%, other=0.3%
2026-10-03 19:12:21 - [ForkPoolWorker-48] models.mode_choice - INFO - ModeChoiceModel initialized with 4 modes: ['car', 'bus', 'rail', 'walk']
2026-10-03 19:12:21 - [ForkPoolWorker-53] models.time - INFO - Fitted models for 49 activity pairs
2026-10-03 19:12:21 - [ForkPoolWorker-53] models.time - INFO - Mean trip durations: global=20.0min, per-pair=49 pairs
2026-10-03 19:12:22 - [ForkPoolWorker-49] models.mode_availability - DEBUG - Registered availability checker for car: UniversalAvailability
2026-10-03 19:12:22 - [ForkPoolWorker-49] models.mode_availability - DEBUG - Registered availability checker for bus: GTFSTransitAvailability
2026-10-03 19:12:22 - [ForkPoolWorker-49] models.mode_availability - DEBUG - Registered availability checker for rail: GTFSTransitAvailability
2026-10-03 19:12:22 - [ForkPoolWorker-49] models.mode_availability - DEBUG - Registered availability checker for walk: DistanceBasedAvailability
2026-10-03 19:12:22 - [ForkPoolWorker-49] models.mode_choice - INFO - Computing mode shares from survey data...
2026-10-03 19:12:22 - [ForkPoolWorker-49] models.mode_choice - DEBUG -   Survey weights (normalized): {'default': 1.0}
2026-10-03 19:12:22 - [ForkPoolWorker-49] models.mode_choice - DEBUG -   Computing rates for purposes: ['Shopping', 'School', 'Dining', 'Work', 'Home', 'Other', 'Social', 'all']
2026-10-03 19:12:22 - [ForkPoolWorker-49] models.mode_choice - DEBUG -   Mode rates for 'Shopping': car=93.6%, walk=5.1%, bike=0.4%, bus=0.4%, rail=0.2%, school_bus=0.2%, rideshare=0.1%
2026-10-03 19:12:22 - [ForkPoolWorker-49] models.mode_choice - DEBUG -   Mode rates for 'School': car=65.5%, school_bus=22.9%, walk=7.7%, bike=2.3%, bus=0.9%, other=0.4%, rail=0.2%, rideshare=0.1%
2026-10-03 19:12:22 - [ForkPoolWorker-49] models.mode_choice - DEBUG -   Mode rates for 'Dining': car=91.1%, walk=6.8%, bike=1.2%, rail=0.3%, other=0.3%, rideshare=0.3%, bus=0.1%
2026-10-03 19:12:22 - [ForkPoolWorker-49] models.mode_choice - DEBUG -   Mode rates for 'Work': car=92.5%, walk=2.3%, rail=1.6%, bus=1.2%, bike=1.0%, school_bus=0.6%, rideshare=0.5%, other=0.2%
2026-10-03 19:12:22 - [ForkPoolWorker-49] models.mode_choice - DEBUG -   Mode rates for 'Home': car=88.1%, walk=5.0%, school_bus=3.8%, bike=1.1%, bus=0.7%, rideshare=0.5%, rail=0.5%, other=0.3%
2026-10-03 19:12:22 - [ForkPoolWorker-49] models.mode_choice - DEBUG -   Mode rates for 'Other': car=88.3%, walk=4.6%, bus=3.1%, rideshare=1.7%, school_bus=1.0%, rail=0.6%, bike=0.6%, other=0.2%
2026-10-03 19:12:22 - [ForkPoolWorker-49] models.mode_choice - DEBUG -   Mode rates for 'Social': car=73.8%, walk=19.5%, bike=3.5%, other=1.0%, rail=0.6%, rideshare=0.6%, bus=0.6%, school_bus=0.4%
2026-10-03 19:12:22 - [ForkPoolWorker-49] models.mode_choice - DEBUG -   Mode rates for 'all': car=87.2%, walk=6.3%, school_bus=3.2%, bike=1.2%, bus=0.8%, rail=0.6%, rideshare=0.5%, other=0.3%
2026-10-03 19:12:22 - [ForkPoolWorker-49] models.mode_choice - INFO - Computed mode rates for 8 purposes
2026-10-03 19:12:22 - [ForkPoolWorker-49] models.mode_choice - INFO -   Overall mode distribution: car=87.2%, walk=6.3%, school_bus=3.2%, bike=1.2%, bus=0.8%, rail=0.6%, rideshare=0.5%, other=0.3%
2026-10-03 19:12:22 - [ForkPoolWorker-49] models.mode_choice - INFO - ModeChoiceModel initialized with 4 modes: ['car', 'bus', 'rail', 'walk']
2026-10-03 19:12:22 - [ForkPoolWorker-54] models.plan_generator - INFO - Worker ForkPoolWorker-54 started - processing 5415 OD pairs
2026-10-03 19:12:22 - [ForkPoolWorker-54] models.time - INFO - Fitted models for 49 activity pairs
2026-10-03 19:12:22 - [ForkPoolWorker-54] models.time - INFO - Mean trip durations: global=20.0min, per-pair=49 pairs
2026-10-03 19:12:23 - [ForkPoolWorker-50] models.mode_availability - DEBUG - Registered availability checker for car: UniversalAvailability
2026-10-03 19:12:23 - [ForkPoolWorker-50] models.mode_availability - DEBUG - Registered availability checker for bus: GTFSTransitAvailability
2026-10-03 19:12:23 - [ForkPoolWorker-50] models.mode_availability - DEBUG - Registered availability checker for rail: GTFSTransitAvailability
2026-10-03 19:12:23 - [ForkPoolWorker-50] models.mode_availability - DEBUG - Registered availability checker for walk: DistanceBasedAvailability
2026-10-03 19:12:23 - [ForkPoolWorker-50] models.mode_choice - INFO - Computing mode shares from survey data...
2026-10-03 19:12:23 - [ForkPoolWorker-50] models.mode_choice - DEBUG -   Survey weights (normalized): {'default': 1.0}
2026-10-03 19:12:23 - [ForkPoolWorker-50] models.mode_choice - DEBUG -   Computing rates for purposes: ['Shopping', 'School', 'Dining', 'Work', 'Home', 'Other', 'Social', 'all']
2026-10-03 19:12:23 - [ForkPoolWorker-50] models.mode_choice - DEBUG -   Mode rates for 'Shopping': car=93.6%, walk=5.1%, bike=0.4%, bus=0.4%, rail=0.2%, school_bus=0.2%, rideshare=0.1%
2026-10-03 19:12:23 - [ForkPoolWorker-50] models.mode_choice - DEBUG -   Mode rates for 'School': car=65.5%, school_bus=22.9%, walk=7.7%, bike=2.3%, bus=0.9%, other=0.4%, rail=0.2%, rideshare=0.1%
2026-10-03 19:12:23 - [ForkPoolWorker-50] models.mode_choice - DEBUG -   Mode rates for 'Dining': car=91.1%, walk=6.8%, bike=1.2%, rail=0.3%, other=0.3%, rideshare=0.3%, bus=0.1%
2026-10-03 19:12:23 - [ForkPoolWorker-50] models.mode_choice - DEBUG -   Mode rates for 'Work': car=92.5%, walk=2.3%, rail=1.6%, bus=1.2%, bike=1.0%, school_bus=0.6%, rideshare=0.5%, other=0.2%
2026-10-03 19:12:23 - [ForkPoolWorker-50] models.mode_choice - DEBUG -   Mode rates for 'Home': car=88.1%, walk=5.0%, school_bus=3.8%, bike=1.1%, bus=0.7%, rideshare=0.5%, rail=0.5%, other=0.3%
2026-10-03 19:12:23 - [ForkPoolWorker-50] models.mode_choice - DEBUG -   Mode rates for 'Other': car=88.3%, walk=4.6%, bus=3.1%, rideshare=1.7%, school_bus=1.0%, rail=0.6%, bike=0.6%, other=0.2%
2026-10-03 19:12:23 - [ForkPoolWorker-50] models.mode_choice - DEBUG -   Mode rates for 'Social': car=73.8%, walk=19.5%, bike=3.5%, other=1.0%, rail=0.6%, rideshare=0.6%, bus=0.6%, school_bus=0.4%
2026-10-03 19:12:23 - [ForkPoolWorker-50] models.mode_choice - DEBUG -   Mode rates for 'all': car=87.2%, walk=6.3%, school_bus=3.2%, bike=1.2%, bus=0.8%, rail=0.6%, rideshare=0.5%, other=0.3%
2026-10-03 19:12:23 - [ForkPoolWorker-50] models.mode_choice - INFO - Computed mode rates for 8 purposes
2026-10-03 19:12:23 - [ForkPoolWorker-50] models.mode_choice - INFO -   Overall mode distribution: car=87.2%, walk=6.3%, school_bus=3.2%, bike=1.2%, bus=0.8%, rail=0.6%, rideshare=0.5%, other=0.3%
2026-10-03 19:12:23 - [ForkPoolWorker-50] models.mode_choice - INFO - ModeChoiceModel initialized with 4 modes: ['car', 'bus', 'rail', 'walk']
2026-10-03 19:12:23 - [ForkPoolWorker-55] models.plan_generator - INFO - Worker ForkPoolWorker-55 started - processing 5415 OD pairs
2026-10-03 19:12:23 - [ForkPoolWorker-55] models.time - INFO - Fitted models for 49 activity pairs
2026-10-03 19:12:23 - [ForkPoolWorker-55] models.time - INFO - Mean trip durations: global=20.0min, per-pair=49 pairs
2026-10-03 19:12:24 - [ForkPoolWorker-51] models.mode_availability - DEBUG - Registered availability checker for car: UniversalAvailability
2026-10-03 19:12:24 - [ForkPoolWorker-51] models.mode_availability - DEBUG - Registered availability checker for bus: GTFSTransitAvailability
2026-10-03 19:12:24 - [ForkPoolWorker-51] models.mode_availability - DEBUG - Registered availability checker for rail: GTFSTransitAvailability
2026-10-03 19:12:24 - [ForkPoolWorker-51] models.mode_availability - DEBUG - Registered availability checker for walk: DistanceBasedAvailability
2026-10-03 19:12:24 - [ForkPoolWorker-51] models.mode_choice - INFO - Computing mode shares from survey data...
2026-10-03 19:12:24 - [ForkPoolWorker-51] models.mode_choice - DEBUG -   Survey weights (normalized): {'default': 1.0}
2026-10-03 19:12:24 - [ForkPoolWorker-51] models.mode_choice - DEBUG -   Computing rates for purposes: ['Shopping', 'School', 'Dining', 'Work', 'Home', 'Other', 'Social', 'all']
2026-10-03 19:12:24 - [ForkPoolWorker-51] models.mode_choice - DEBUG -   Mode rates for 'Shopping': car=93.6%, walk=5.1%, bike=0.4%, bus=0.4%, rail=0.2%, school_bus=0.2%, rideshare=0.1%
2026-10-03 19:12:24 - [ForkPoolWorker-51] models.mode_choice - DEBUG -   Mode rates for 'School': car=65.5%, school_bus=22.9%, walk=7.7%, bike=2.3%, bus=0.9%, other=0.4%, rail=0.2%, rideshare=0.1%
2026-10-03 19:12:24 - [ForkPoolWorker-51] models.mode_choice - DEBUG -   Mode rates for 'Dining': car=91.1%, walk=6.8%, bike=1.2%, rail=0.3%, other=0.3%, rideshare=0.3%, bus=0.1%
2026-10-03 19:12:24 - [ForkPoolWorker-51] models.mode_choice - DEBUG -   Mode rates for 'Work': car=92.5%, walk=2.3%, rail=1.6%, bus=1.2%, bike=1.0%, school_bus=0.6%, rideshare=0.5%, other=0.2%
2026-10-03 19:12:24 - [ForkPoolWorker-51] models.mode_choice - DEBUG -   Mode rates for 'Home': car=88.1%, walk=5.0%, school_bus=3.8%, bike=1.1%, bus=0.7%, rideshare=0.5%, rail=0.5%, other=0.3%
2026-10-03 19:12:24 - [ForkPoolWorker-51] models.mode_choice - DEBUG -   Mode rates for 'Other': car=88.3%, walk=4.6%, bus=3.1%, rideshare=1.7%, school_bus=1.0%, rail=0.6%, bike=0.6%, other=0.2%
2026-10-03 19:12:24 - [ForkPoolWorker-51] models.mode_choice - DEBUG -   Mode rates for 'Social': car=73.8%, walk=19.5%, bike=3.5%, other=1.0%, rail=0.6%, rideshare=0.6%, bus=0.6%, school_bus=0.4%
2026-10-03 19:12:24 - [ForkPoolWorker-51] models.mode_choice - DEBUG -   Mode rates for 'all': car=87.2%, walk=6.3%, school_bus=3.2%, bike=1.2%, bus=0.8%, rail=0.6%, rideshare=0.5%, other=0.3%
2026-10-03 19:12:24 - [ForkPoolWorker-51] models.mode_choice - INFO - Computed mode rates for 8 purposes
2026-10-03 19:12:24 - [ForkPoolWorker-51] models.mode_choice - INFO -   Overall mode distribution: car=87.2%, walk=6.3%, school_bus=3.2%, bike=1.2%, bus=0.8%, rail=0.6%, rideshare=0.5%, other=0.3%
2026-10-03 19:12:24 - [ForkPoolWorker-51] models.mode_choice - INFO - ModeChoiceModel initialized with 4 modes: ['car', 'bus', 'rail', 'walk']
2026-10-03 19:12:25 - [ForkPoolWorker-56] models.plan_generator - INFO - Worker ForkPoolWorker-56 started - processing 5415 OD pairs
2026-10-03 19:12:25 - [ForkPoolWorker-56] models.time - INFO - Fitted models for 49 activity pairs
2026-10-03 19:12:25 - [ForkPoolWorker-56] models.time - INFO - Mean trip durations: global=20.0min, per-pair=49 pairs
2026-10-03 19:12:25 - [ForkPoolWorker-52] models.mode_availability - DEBUG - Registered availability checker for car: UniversalAvailability
2026-10-03 19:12:25 - [ForkPoolWorker-52] models.mode_availability - DEBUG - Registered availability checker for bus: GTFSTransitAvailability
2026-10-03 19:12:25 - [ForkPoolWorker-52] models.mode_availability - DEBUG - Registered availability checker for rail: GTFSTransitAvailability
2026-10-03 19:12:25 - [ForkPoolWorker-52] models.mode_availability - DEBUG - Registered availability checker for walk: DistanceBasedAvailability
2026-10-03 19:12:25 - [ForkPoolWorker-52] models.mode_choice - INFO - Computing mode shares from survey data...
2026-10-03 19:12:25 - [ForkPoolWorker-52] models.mode_choice - DEBUG -   Survey weights (normalized): {'default': 1.0}
2026-10-03 19:12:25 - [ForkPoolWorker-52] models.mode_choice - DEBUG -   Computing rates for purposes: ['Shopping', 'School', 'Dining', 'Work', 'Home', 'Other', 'Social', 'all']
2026-10-03 19:12:25 - [ForkPoolWorker-52] models.mode_choice - DEBUG -   Mode rates for 'Shopping': car=93.6%, walk=5.1%, bike=0.4%, bus=0.4%, rail=0.2%, school_bus=0.2%, rideshare=0.1%
2026-10-03 19:12:25 - [ForkPoolWorker-52] models.mode_choice - DEBUG -   Mode rates for 'School': car=65.5%, school_bus=22.9%, walk=7.7%, bike=2.3%, bus=0.9%, other=0.4%, rail=0.2%, rideshare=0.1%
2026-10-03 19:12:25 - [ForkPoolWorker-52] models.mode_choice - DEBUG -   Mode rates for 'Dining': car=91.1%, walk=6.8%, bike=1.2%, rail=0.3%, other=0.3%, rideshare=0.3%, bus=0.1%
2026-10-03 19:12:25 - [ForkPoolWorker-52] models.mode_choice - DEBUG -   Mode rates for 'Work': car=92.5%, walk=2.3%, rail=1.6%, bus=1.2%, bike=1.0%, school_bus=0.6%, rideshare=0.5%, other=0.2%
2026-10-03 19:12:25 - [ForkPoolWorker-52] models.mode_choice - DEBUG -   Mode rates for 'Home': car=88.1%, walk=5.0%, school_bus=3.8%, bike=1.1%, bus=0.7%, rideshare=0.5%, rail=0.5%, other=0.3%
2026-10-03 19:12:25 - [ForkPoolWorker-52] models.mode_choice - DEBUG -   Mode rates for 'Other': car=88.3%, walk=4.6%, bus=3.1%, rideshare=1.7%, school_bus=1.0%, rail=0.6%, bike=0.6%, other=0.2%
2026-10-03 19:12:25 - [ForkPoolWorker-52] models.mode_choice - DEBUG -   Mode rates for 'Social': car=73.8%, walk=19.5%, bike=3.5%, other=1.0%, rail=0.6%, rideshare=0.6%, bus=0.6%, school_bus=0.4%
2026-10-03 19:12:25 - [ForkPoolWorker-52] models.mode_choice - DEBUG -   Mode rates for 'all': car=87.2%, walk=6.3%, school_bus=3.2%, bike=1.2%, bus=0.8%, rail=0.6%, rideshare=0.5%, other=0.3%
2026-10-03 19:12:25 - [ForkPoolWorker-52] models.mode_choice - INFO - Computed mode rates for 8 purposes
2026-10-03 19:12:25 - [ForkPoolWorker-52] models.mode_choice - INFO -   Overall mode distribution: car=87.2%, walk=6.3%, school_bus=3.2%, bike=1.2%, bus=0.8%, rail=0.6%, rideshare=0.5%, other=0.3%
2026-10-03 19:12:25 - [ForkPoolWorker-52] models.mode_choice - INFO - ModeChoiceModel initialized with 4 modes: ['car', 'bus', 'rail', 'walk']
2026-10-03 19:12:26 - [ForkPoolWorker-57] models.plan_generator - INFO - Worker ForkPoolWorker-57 started - processing 5415 OD pairs
2026-10-03 19:12:26 - [ForkPoolWorker-57] models.time - INFO - Fitted models for 49 activity pairs
2026-10-03 19:12:26 - [ForkPoolWorker-57] models.time - INFO - Mean trip durations: global=20.0min, per-pair=49 pairs
2026-10-03 19:12:26 - [ForkPoolWorker-53] models.mode_availability - DEBUG - Registered availability checker for car: UniversalAvailability
2026-10-03 19:12:26 - [ForkPoolWorker-53] models.mode_availability - DEBUG - Registered availability checker for bus: GTFSTransitAvailability
2026-10-03 19:12:26 - [ForkPoolWorker-53] models.mode_availability - DEBUG - Registered availability checker for rail: GTFSTransitAvailability
2026-10-03 19:12:26 - [ForkPoolWorker-53] models.mode_availability - DEBUG - Registered availability checker for walk: DistanceBasedAvailability
2026-10-03 19:12:26 - [ForkPoolWorker-53] models.mode_choice - INFO - Computing mode shares from survey data...
2026-10-03 19:12:26 - [ForkPoolWorker-53] models.mode_choice - DEBUG -   Survey weights (normalized): {'default': 1.0}
2026-10-03 19:12:26 - [ForkPoolWorker-53] models.mode_choice - DEBUG -   Computing rates for purposes: ['Shopping', 'School', 'Dining', 'Work', 'Home', 'Other', 'Social', 'all']
2026-10-03 19:12:26 - [ForkPoolWorker-53] models.mode_choice - DEBUG -   Mode rates for 'Shopping': car=93.6%, walk=5.1%, bike=0.4%, bus=0.4%, rail=0.2%, school_bus=0.2%, rideshare=0.1%
2026-10-03 19:12:26 - [ForkPoolWorker-53] models.mode_choice - DEBUG -   Mode rates for 'School': car=65.5%, school_bus=22.9%, walk=7.7%, bike=2.3%, bus=0.9%, other=0.4%, rail=0.2%, rideshare=0.1%
2026-10-03 19:12:26 - [ForkPoolWorker-53] models.mode_choice - DEBUG -   Mode rates for 'Dining': car=91.1%, walk=6.8%, bike=1.2%, rail=0.3%, other=0.3%, rideshare=0.3%, bus=0.1%
2026-10-03 19:12:26 - [ForkPoolWorker-53] models.mode_choice - DEBUG -   Mode rates for 'Work': car=92.5%, walk=2.3%, rail=1.6%, bus=1.2%, bike=1.0%, school_bus=0.6%, rideshare=0.5%, other=0.2%
2026-10-03 19:12:26 - [ForkPoolWorker-53] models.mode_choice - DEBUG -   Mode rates for 'Home': car=88.1%, walk=5.0%, school_bus=3.8%, bike=1.1%, bus=0.7%, rideshare=0.5%, rail=0.5%, other=0.3%
2026-10-03 19:12:26 - [ForkPoolWorker-53] models.mode_choice - DEBUG -   Mode rates for 'Other': car=88.3%, walk=4.6%, bus=3.1%, rideshare=1.7%, school_bus=1.0%, rail=0.6%, bike=0.6%, other=0.2%
2026-10-03 19:12:26 - [ForkPoolWorker-53] models.mode_choice - DEBUG -   Mode rates for 'Social': car=73.8%, walk=19.5%, bike=3.5%, other=1.0%, rail=0.6%, rideshare=0.6%, bus=0.6%, school_bus=0.4%
2026-10-03 19:12:26 - [ForkPoolWorker-53] models.mode_choice - DEBUG -   Mode rates for 'all': car=87.2%, walk=6.3%, school_bus=3.2%, bike=1.2%, bus=0.8%, rail=0.6%, rideshare=0.5%, other=0.3%
2026-10-03 19:12:26 - [ForkPoolWorker-53] models.mode_choice - INFO - Computed mode rates for 8 purposes
2026-10-03 19:12:26 - [ForkPoolWorker-53] models.mode_choice - INFO -   Overall mode distribution: car=87.2%, walk=6.3%, school_bus=3.2%, bike=1.2%, bus=0.8%, rail=0.6%, rideshare=0.5%, other=0.3%
2026-10-03 19:12:26 - [ForkPoolWorker-53] models.mode_choice - INFO - ModeChoiceModel initialized with 4 modes: ['car', 'bus', 'rail', 'walk']
2026-10-03 19:12:27 - [ForkPoolWorker-58] models.plan_generator - INFO - Worker ForkPoolWorker-58 started - processing 5415 OD pairs
2026-10-03 19:12:27 - [ForkPoolWorker-58] models.time - INFO - Fitted models for 49 activity pairs
2026-10-03 19:12:27 - [ForkPoolWorker-58] models.time - INFO - Mean trip durations: global=20.0min, per-pair=49 pairs
2026-10-03 19:12:27 - [ForkPoolWorker-54] models.mode_availability - DEBUG - Registered availability checker for car: UniversalAvailability
2026-10-03 19:12:27 - [ForkPoolWorker-54] models.mode_availability - DEBUG - Registered availability checker for bus: GTFSTransitAvailability
2026-10-03 19:12:27 - [ForkPoolWorker-54] models.mode_availability - DEBUG - Registered availability checker for rail: GTFSTransitAvailability
2026-10-03 19:12:27 - [ForkPoolWorker-54] models.mode_availability - DEBUG - Registered availability checker for walk: DistanceBasedAvailability
2026-10-03 19:12:27 - [ForkPoolWorker-54] models.mode_choice - INFO - Computing mode shares from survey data...
2026-10-03 19:12:27 - [ForkPoolWorker-54] models.mode_choice - DEBUG -   Survey weights (normalized): {'default': 1.0}
2026-10-03 19:12:27 - [ForkPoolWorker-54] models.mode_choice - DEBUG -   Computing rates for purposes: ['Shopping', 'School', 'Dining', 'Work', 'Home', 'Other', 'Social', 'all']
2026-10-03 19:12:27 - [ForkPoolWorker-54] models.mode_choice - DEBUG -   Mode rates for 'Shopping': car=93.6%, walk=5.1%, bike=0.4%, bus=0.4%, rail=0.2%, school_bus=0.2%, rideshare=0.1%
2026-10-03 19:12:27 - [ForkPoolWorker-54] models.mode_choice - DEBUG -   Mode rates for 'School': car=65.5%, school_bus=22.9%, walk=7.7%, bike=2.3%, bus=0.9%, other=0.4%, rail=0.2%, rideshare=0.1%
2026-10-03 19:12:27 - [ForkPoolWorker-54] models.mode_choice - DEBUG -   Mode rates for 'Dining': car=91.1%, walk=6.8%, bike=1.2%, rail=0.3%, other=0.3%, rideshare=0.3%, bus=0.1%
2026-10-03 19:12:27 - [ForkPoolWorker-54] models.mode_choice - DEBUG -   Mode rates for 'Work': car=92.5%, walk=2.3%, rail=1.6%, bus=1.2%, bike=1.0%, school_bus=0.6%, rideshare=0.5%, other=0.2%
2026-10-03 19:12:27 - [ForkPoolWorker-54] models.mode_choice - DEBUG -   Mode rates for 'Home': car=88.1%, walk=5.0%, school_bus=3.8%, bike=1.1%, bus=0.7%, rideshare=0.5%, rail=0.5%, other=0.3%
2026-10-03 19:12:27 - [ForkPoolWorker-54] models.mode_choice - DEBUG -   Mode rates for 'Other': car=88.3%, walk=4.6%, bus=3.1%, rideshare=1.7%, school_bus=1.0%, rail=0.6%, bike=0.6%, other=0.2%
2026-10-03 19:12:27 - [ForkPoolWorker-54] models.mode_choice - DEBUG -   Mode rates for 'Social': car=73.8%, walk=19.5%, bike=3.5%, other=1.0%, rail=0.6%, rideshare=0.6%, bus=0.6%, school_bus=0.4%
2026-10-03 19:12:27 - [ForkPoolWorker-54] models.mode_choice - DEBUG -   Mode rates for 'all': car=87.2%, walk=6.3%, school_bus=3.2%, bike=1.2%, bus=0.8%, rail=0.6%, rideshare=0.5%, other=0.3%
2026-10-03 19:12:27 - [ForkPoolWorker-54] models.mode_choice - INFO - Computed mode rates for 8 purposes
2026-10-03 19:12:27 - [ForkPoolWorker-54] models.mode_choice - INFO -   Overall mode distribution: car=87.2%, walk=6.3%, school_bus=3.2%, bike=1.2%, bus=0.8%, rail=0.6%, rideshare=0.5%, other=0.3%
2026-10-03 19:12:27 - [ForkPoolWorker-54] models.mode_choice - INFO - ModeChoiceModel initialized with 4 modes: ['car', 'bus', 'rail', 'walk']
2026-10-03 19:12:27 - [ForkPoolWorker-59] models.plan_generator - INFO - Worker ForkPoolWorker-59 started - processing 5415 OD pairs
2026-10-03 19:12:27 - [ForkPoolWorker-59] models.time - INFO - Fitted models for 49 activity pairs
2026-10-03 19:12:27 - [ForkPoolWorker-59] models.time - INFO - Mean trip durations: global=20.0min, per-pair=49 pairs
2026-10-03 19:12:28 - [ForkPoolWorker-55] models.mode_availability - DEBUG - Registered availability checker for car: UniversalAvailability
2026-10-03 19:12:28 - [ForkPoolWorker-55] models.mode_availability - DEBUG - Registered availability checker for bus: GTFSTransitAvailability
2026-10-03 19:12:28 - [ForkPoolWorker-55] models.mode_availability - DEBUG - Registered availability checker for rail: GTFSTransitAvailability
2026-10-03 19:12:28 - [ForkPoolWorker-55] models.mode_availability - DEBUG - Registered availability checker for walk: DistanceBasedAvailability
2026-10-03 19:12:28 - [ForkPoolWorker-55] models.mode_choice - INFO - Computing mode shares from survey data...
2026-10-03 19:12:28 - [ForkPoolWorker-55] models.mode_choice - DEBUG -   Survey weights (normalized): {'default': 1.0}
2026-10-03 19:12:28 - [ForkPoolWorker-55] models.mode_choice - DEBUG -   Computing rates for purposes: ['Shopping', 'School', 'Dining', 'Work', 'Home', 'Other', 'Social', 'all']
2026-10-03 19:12:28 - [ForkPoolWorker-55] models.mode_choice - DEBUG -   Mode rates for 'Shopping': car=93.6%, walk=5.1%, bike=0.4%, bus=0.4%, rail=0.2%, school_bus=0.2%, rideshare=0.1%
2026-10-03 19:12:28 - [ForkPoolWorker-55] models.mode_choice - DEBUG -   Mode rates for 'School': car=65.5%, school_bus=22.9%, walk=7.7%, bike=2.3%, bus=0.9%, other=0.4%, rail=0.2%, rideshare=0.1%
2026-10-03 19:12:28 - [ForkPoolWorker-55] models.mode_choice - DEBUG -   Mode rates for 'Dining': car=91.1%, walk=6.8%, bike=1.2%, rail=0.3%, other=0.3%, rideshare=0.3%, bus=0.1%
2026-10-03 19:12:28 - [ForkPoolWorker-55] models.mode_choice - DEBUG -   Mode rates for 'Work': car=92.5%, walk=2.3%, rail=1.6%, bus=1.2%, bike=1.0%, school_bus=0.6%, rideshare=0.5%, other=0.2%
2026-10-03 19:12:28 - [ForkPoolWorker-55] models.mode_choice - DEBUG -   Mode rates for 'Home': car=88.1%, walk=5.0%, school_bus=3.8%, bike=1.1%, bus=0.7%, rideshare=0.5%, rail=0.5%, other=0.3%
2026-10-03 19:12:28 - [ForkPoolWorker-55] models.mode_choice - DEBUG -   Mode rates for 'Other': car=88.3%, walk=4.6%, bus=3.1%, rideshare=1.7%, school_bus=1.0%, rail=0.6%, bike=0.6%, other=0.2%
2026-10-03 19:12:28 - [ForkPoolWorker-55] models.mode_choice - DEBUG -   Mode rates for 'Social': car=73.8%, walk=19.5%, bike=3.5%, other=1.0%, rail=0.6%, rideshare=0.6%, bus=0.6%, school_bus=0.4%
2026-10-03 19:12:28 - [ForkPoolWorker-55] models.mode_choice - DEBUG -   Mode rates for 'all': car=87.2%, walk=6.3%, school_bus=3.2%, bike=1.2%, bus=0.8%, rail=0.6%, rideshare=0.5%, other=0.3%
2026-10-03 19:12:28 - [ForkPoolWorker-55] models.mode_choice - INFO - Computed mode rates for 8 purposes
2026-10-03 19:12:28 - [ForkPoolWorker-55] models.mode_choice - INFO -   Overall mode distribution: car=87.2%, walk=6.3%, school_bus=3.2%, bike=1.2%, bus=0.8%, rail=0.6%, rideshare=0.5%, other=0.3%
2026-10-03 19:12:28 - [ForkPoolWorker-55] models.mode_choice - INFO - ModeChoiceModel initialized with 4 modes: ['car', 'bus', 'rail', 'walk']
2026-10-03 19:12:28 - [ForkPoolWorker-60] models.plan_generator - INFO - Worker ForkPoolWorker-60 started - processing 5415 OD pairs
2026-10-03 19:12:28 - [ForkPoolWorker-60] models.time - INFO - Fitted models for 49 activity pairs
2026-10-03 19:12:28 - [ForkPoolWorker-60] models.time - INFO - Mean trip durations: global=20.0min, per-pair=49 pairs
2026-10-03 19:12:30 - [ForkPoolWorker-56] models.mode_availability - DEBUG - Registered availability checker for car: UniversalAvailability
2026-10-03 19:12:30 - [ForkPoolWorker-56] models.mode_availability - DEBUG - Registered availability checker for bus: GTFSTransitAvailability
2026-10-03 19:12:30 - [ForkPoolWorker-56] models.mode_availability - DEBUG - Registered availability checker for rail: GTFSTransitAvailability
2026-10-03 19:12:30 - [ForkPoolWorker-56] models.mode_availability - DEBUG - Registered availability checker for walk: DistanceBasedAvailability
2026-10-03 19:12:30 - [ForkPoolWorker-56] models.mode_choice - INFO - Computing mode shares from survey data...
2026-10-03 19:12:30 - [ForkPoolWorker-56] models.mode_choice - DEBUG -   Survey weights (normalized): {'default': 1.0}
2026-10-03 19:12:30 - [ForkPoolWorker-56] models.mode_choice - DEBUG -   Computing rates for purposes: ['Shopping', 'School', 'Dining', 'Work', 'Home', 'Other', 'Social', 'all']
2026-10-03 19:12:30 - [ForkPoolWorker-56] models.mode_choice - DEBUG -   Mode rates for 'Shopping': car=93.6%, walk=5.1%, bike=0.4%, bus=0.4%, rail=0.2%, school_bus=0.2%, rideshare=0.1%
2026-10-03 19:12:30 - [ForkPoolWorker-56] models.mode_choice - DEBUG -   Mode rates for 'School': car=65.5%, school_bus=22.9%, walk=7.7%, bike=2.3%, bus=0.9%, other=0.4%, rail=0.2%, rideshare=0.1%
2026-10-03 19:12:30 - [ForkPoolWorker-56] models.mode_choice - DEBUG -   Mode rates for 'Dining': car=91.1%, walk=6.8%, bike=1.2%, rail=0.3%, other=0.3%, rideshare=0.3%, bus=0.1%
2026-10-03 19:12:30 - [ForkPoolWorker-56] models.mode_choice - DEBUG -   Mode rates for 'Work': car=92.5%, walk=2.3%, rail=1.6%, bus=1.2%, bike=1.0%, school_bus=0.6%, rideshare=0.5%, other=0.2%
2026-10-03 19:12:30 - [ForkPoolWorker-56] models.mode_choice - DEBUG -   Mode rates for 'Home': car=88.1%, walk=5.0%, school_bus=3.8%, bike=1.1%, bus=0.7%, rideshare=0.5%, rail=0.5%, other=0.3%
2026-10-03 19:12:30 - [ForkPoolWorker-56] models.mode_choice - DEBUG -   Mode rates for 'Other': car=88.3%, walk=4.6%, bus=3.1%, rideshare=1.7%, school_bus=1.0%, rail=0.6%, bike=0.6%, other=0.2%
2026-10-03 19:12:30 - [ForkPoolWorker-56] models.mode_choice - DEBUG -   Mode rates for 'Social': car=73.8%, walk=19.5%, bike=3.5%, other=1.0%, rail=0.6%, rideshare=0.6%, bus=0.6%, school_bus=0.4%
2026-10-03 19:12:30 - [ForkPoolWorker-56] models.mode_choice - DEBUG -   Mode rates for 'all': car=87.2%, walk=6.3%, school_bus=3.2%, bike=1.2%, bus=0.8%, rail=0.6%, rideshare=0.5%, other=0.3%
2026-10-03 19:12:30 - [ForkPoolWorker-56] models.mode_choice - INFO - Computed mode rates for 8 purposes
2026-10-03 19:12:30 - [ForkPoolWorker-56] models.mode_choice - INFO -   Overall mode distribution: car=87.2%, walk=6.3%, school_bus=3.2%, bike=1.2%, bus=0.8%, rail=0.6%, rideshare=0.5%, other=0.3%
2026-10-03 19:12:30 - [ForkPoolWorker-56] models.mode_choice - INFO - ModeChoiceModel initialized with 4 modes: ['car', 'bus', 'rail', 'walk']
2026-10-03 19:12:30 - [ForkPoolWorker-57] models.mode_availability - DEBUG - Registered availability checker for car: UniversalAvailability
2026-10-03 19:12:30 - [ForkPoolWorker-57] models.mode_availability - DEBUG - Registered availability checker for bus: GTFSTransitAvailability
2026-10-03 19:12:30 - [ForkPoolWorker-57] models.mode_availability - DEBUG - Registered availability checker for rail: GTFSTransitAvailability
2026-10-03 19:12:30 - [ForkPoolWorker-57] models.mode_availability - DEBUG - Registered availability checker for walk: DistanceBasedAvailability
2026-10-03 19:12:30 - [ForkPoolWorker-57] models.mode_choice - INFO - Computing mode shares from survey data...
2026-10-03 19:12:30 - [ForkPoolWorker-57] models.mode_choice - DEBUG -   Survey weights (normalized): {'default': 1.0}
2026-10-03 19:12:30 - [ForkPoolWorker-57] models.mode_choice - DEBUG -   Computing rates for purposes: ['Shopping', 'School', 'Dining', 'Work', 'Home', 'Other', 'Social', 'all']
2026-10-03 19:12:30 - [ForkPoolWorker-57] models.mode_choice - DEBUG -   Mode rates for 'Shopping': car=93.6%, walk=5.1%, bike=0.4%, bus=0.4%, rail=0.2%, school_bus=0.2%, rideshare=0.1%
2026-10-03 19:12:30 - [ForkPoolWorker-57] models.mode_choice - DEBUG -   Mode rates for 'School': car=65.5%, school_bus=22.9%, walk=7.7%, bike=2.3%, bus=0.9%, other=0.4%, rail=0.2%, rideshare=0.1%
2026-10-03 19:12:30 - [ForkPoolWorker-57] models.mode_choice - DEBUG -   Mode rates for 'Dining': car=91.1%, walk=6.8%, bike=1.2%, rail=0.3%, other=0.3%, rideshare=0.3%, bus=0.1%
2026-10-03 19:12:30 - [ForkPoolWorker-57] models.mode_choice - DEBUG -   Mode rates for 'Work': car=92.5%, walk=2.3%, rail=1.6%, bus=1.2%, bike=1.0%, school_bus=0.6%, rideshare=0.5%, other=0.2%
2026-10-03 19:12:30 - [ForkPoolWorker-57] models.mode_choice - DEBUG -   Mode rates for 'Home': car=88.1%, walk=5.0%, school_bus=3.8%, bike=1.1%, bus=0.7%, rideshare=0.5%, rail=0.5%, other=0.3%
2026-10-03 19:12:30 - [ForkPoolWorker-57] models.mode_choice - DEBUG -   Mode rates for 'Other': car=88.3%, walk=4.6%, bus=3.1%, rideshare=1.7%, school_bus=1.0%, rail=0.6%, bike=0.6%, other=0.2%
2026-10-03 19:12:30 - [ForkPoolWorker-57] models.mode_choice - DEBUG -   Mode rates for 'Social': car=73.8%, walk=19.5%, bike=3.5%, other=1.0%, rail=0.6%, rideshare=0.6%, bus=0.6%, school_bus=0.4%
2026-10-03 19:12:30 - [ForkPoolWorker-57] models.mode_choice - DEBUG -   Mode rates for 'all': car=87.2%, walk=6.3%, school_bus=3.2%, bike=1.2%, bus=0.8%, rail=0.6%, rideshare=0.5%, other=0.3%
2026-10-03 19:12:30 - [ForkPoolWorker-57] models.mode_choice - INFO - Computed mode rates for 8 purposes
2026-10-03 19:12:30 - [ForkPoolWorker-57] models.mode_choice - INFO -   Overall mode distribution: car=87.2%, walk=6.3%, school_bus=3.2%, bike=1.2%, bus=0.8%, rail=0.6%, rideshare=0.5%, other=0.3%
2026-10-03 19:12:30 - [ForkPoolWorker-57] models.mode_choice - INFO - ModeChoiceModel initialized with 4 modes: ['car', 'bus', 'rail', 'walk']
2026-10-03 19:12:32 - [ForkPoolWorker-58] models.mode_availability - DEBUG - Registered availability checker for car: UniversalAvailability
2026-10-03 19:12:32 - [ForkPoolWorker-58] models.mode_availability - DEBUG - Registered availability checker for bus: GTFSTransitAvailability
2026-10-03 19:12:32 - [ForkPoolWorker-58] models.mode_availability - DEBUG - Registered availability checker for rail: GTFSTransitAvailability
2026-10-03 19:12:32 - [ForkPoolWorker-58] models.mode_availability - DEBUG - Registered availability checker for walk: DistanceBasedAvailability
2026-10-03 19:12:32 - [ForkPoolWorker-58] models.mode_choice - INFO - Computing mode shares from survey data...
2026-10-03 19:12:32 - [ForkPoolWorker-58] models.mode_choice - DEBUG -   Survey weights (normalized): {'default': 1.0}
2026-10-03 19:12:32 - [ForkPoolWorker-58] models.mode_choice - DEBUG -   Computing rates for purposes: ['Shopping', 'School', 'Dining', 'Work', 'Home', 'Other', 'Social', 'all']
2026-10-03 19:12:32 - [ForkPoolWorker-58] models.mode_choice - DEBUG -   Mode rates for 'Shopping': car=93.6%, walk=5.1%, bike=0.4%, bus=0.4%, rail=0.2%, school_bus=0.2%, rideshare=0.1%
2026-10-03 19:12:32 - [ForkPoolWorker-58] models.mode_choice - DEBUG -   Mode rates for 'School': car=65.5%, school_bus=22.9%, walk=7.7%, bike=2.3%, bus=0.9%, other=0.4%, rail=0.2%, rideshare=0.1%
2026-10-03 19:12:32 - [ForkPoolWorker-58] models.mode_choice - DEBUG -   Mode rates for 'Dining': car=91.1%, walk=6.8%, bike=1.2%, rail=0.3%, other=0.3%, rideshare=0.3%, bus=0.1%
2026-10-03 19:12:32 - [ForkPoolWorker-58] models.mode_choice - DEBUG -   Mode rates for 'Work': car=92.5%, walk=2.3%, rail=1.6%, bus=1.2%, bike=1.0%, school_bus=0.6%, rideshare=0.5%, other=0.2%
2026-10-03 19:12:32 - [ForkPoolWorker-58] models.mode_choice - DEBUG -   Mode rates for 'Home': car=88.1%, walk=5.0%, school_bus=3.8%, bike=1.1%, bus=0.7%, rideshare=0.5%, rail=0.5%, other=0.3%
2026-10-03 19:12:32 - [ForkPoolWorker-58] models.mode_choice - DEBUG -   Mode rates for 'Other': car=88.3%, walk=4.6%, bus=3.1%, rideshare=1.7%, school_bus=1.0%, rail=0.6%, bike=0.6%, other=0.2%
2026-10-03 19:12:32 - [ForkPoolWorker-58] models.mode_choice - DEBUG -   Mode rates for 'Social': car=73.8%, walk=19.5%, bike=3.5%, other=1.0%, rail=0.6%, rideshare=0.6%, bus=0.6%, school_bus=0.4%
2026-10-03 19:12:32 - [ForkPoolWorker-58] models.mode_choice - DEBUG -   Mode rates for 'all': car=87.2%, walk=6.3%, school_bus=3.2%, bike=1.2%, bus=0.8%, rail=0.6%, rideshare=0.5%, other=0.3%
2026-10-03 19:12:32 - [ForkPoolWorker-58] models.mode_choice - INFO - Computed mode rates for 8 purposes
2026-10-03 19:12:32 - [ForkPoolWorker-58] models.mode_choice - INFO -   Overall mode distribution: car=87.2%, walk=6.3%, school_bus=3.2%, bike=1.2%, bus=0.8%, rail=0.6%, rideshare=0.5%, other=0.3%
2026-10-03 19:12:32 - [ForkPoolWorker-58] models.mode_choice - INFO - ModeChoiceModel initialized with 4 modes: ['car', 'bus', 'rail', 'walk']
2026-10-03 19:12:32 - [ForkPoolWorker-59] models.mode_availability - DEBUG - Registered availability checker for car: UniversalAvailability
2026-10-03 19:12:32 - [ForkPoolWorker-59] models.mode_availability - DEBUG - Registered availability checker for bus: GTFSTransitAvailability
2026-10-03 19:12:32 - [ForkPoolWorker-59] models.mode_availability - DEBUG - Registered availability checker for rail: GTFSTransitAvailability
2026-10-03 19:12:32 - [ForkPoolWorker-59] models.mode_availability - DEBUG - Registered availability checker for walk: DistanceBasedAvailability
2026-10-03 19:12:32 - [ForkPoolWorker-59] models.mode_choice - INFO - Computing mode shares from survey data...
2026-10-03 19:12:32 - [ForkPoolWorker-59] models.mode_choice - DEBUG -   Survey weights (normalized): {'default': 1.0}
2026-10-03 19:12:32 - [ForkPoolWorker-59] models.mode_choice - DEBUG -   Computing rates for purposes: ['Shopping', 'School', 'Dining', 'Work', 'Home', 'Other', 'Social', 'all']
2026-10-03 19:12:32 - [ForkPoolWorker-59] models.mode_choice - DEBUG -   Mode rates for 'Shopping': car=93.6%, walk=5.1%, bike=0.4%, bus=0.4%, rail=0.2%, school_bus=0.2%, rideshare=0.1%
2026-10-03 19:12:32 - [ForkPoolWorker-59] models.mode_choice - DEBUG -   Mode rates for 'School': car=65.5%, school_bus=22.9%, walk=7.7%, bike=2.3%, bus=0.9%, other=0.4%, rail=0.2%, rideshare=0.1%
2026-10-03 19:12:32 - [ForkPoolWorker-59] models.mode_choice - DEBUG -   Mode rates for 'Dining': car=91.1%, walk=6.8%, bike=1.2%, rail=0.3%, other=0.3%, rideshare=0.3%, bus=0.1%
2026-10-03 19:12:32 - [ForkPoolWorker-59] models.mode_choice - DEBUG -   Mode rates for 'Work': car=92.5%, walk=2.3%, rail=1.6%, bus=1.2%, bike=1.0%, school_bus=0.6%, rideshare=0.5%, other=0.2%
2026-10-03 19:12:32 - [ForkPoolWorker-59] models.mode_choice - DEBUG -   Mode rates for 'Home': car=88.1%, walk=5.0%, school_bus=3.8%, bike=1.1%, bus=0.7%, rideshare=0.5%, rail=0.5%, other=0.3%
2026-10-03 19:12:32 - [ForkPoolWorker-59] models.mode_choice - DEBUG -   Mode rates for 'Other': car=88.3%, walk=4.6%, bus=3.1%, rideshare=1.7%, school_bus=1.0%, rail=0.6%, bike=0.6%, other=0.2%
2026-10-03 19:12:32 - [ForkPoolWorker-59] models.mode_choice - DEBUG -   Mode rates for 'Social': car=73.8%, walk=19.5%, bike=3.5%, other=1.0%, rail=0.6%, rideshare=0.6%, bus=0.6%, school_bus=0.4%
2026-10-03 19:12:32 - [ForkPoolWorker-59] models.mode_choice - DEBUG -   Mode rates for 'all': car=87.2%, walk=6.3%, school_bus=3.2%, bike=1.2%, bus=0.8%, rail=0.6%, rideshare=0.5%, other=0.3%
2026-10-03 19:12:32 - [ForkPoolWorker-59] models.mode_choice - INFO - Computed mode rates for 8 purposes
2026-10-03 19:12:32 - [ForkPoolWorker-59] models.mode_choice - INFO -   Overall mode distribution: car=87.2%, walk=6.3%, school_bus=3.2%, bike=1.2%, bus=0.8%, rail=0.6%, rideshare=0.5%, other=0.3%
2026-10-03 19:12:32 - [ForkPoolWorker-59] models.mode_choice - INFO - ModeChoiceModel initialized with 4 modes: ['car', 'bus', 'rail', 'walk']
2026-10-03 19:12:33 - [ForkPoolWorker-60] models.mode_availability - DEBUG - Registered availability checker for car: UniversalAvailability
2026-10-03 19:12:33 - [ForkPoolWorker-60] models.mode_availability - DEBUG - Registered availability checker for bus: GTFSTransitAvailability
2026-10-03 19:12:33 - [ForkPoolWorker-60] models.mode_availability - DEBUG - Registered availability checker for rail: GTFSTransitAvailability
2026-10-03 19:12:33 - [ForkPoolWorker-60] models.mode_availability - DEBUG - Registered availability checker for walk: DistanceBasedAvailability
2026-10-03 19:12:33 - [ForkPoolWorker-60] models.mode_choice - INFO - Computing mode shares from survey data...
2026-10-03 19:12:33 - [ForkPoolWorker-60] models.mode_choice - DEBUG -   Survey weights (normalized): {'default': 1.0}
2026-10-03 19:12:33 - [ForkPoolWorker-60] models.mode_choice - DEBUG -   Computing rates for purposes: ['Shopping', 'School', 'Dining', 'Work', 'Home', 'Other', 'Social', 'all']
2026-10-03 19:12:33 - [ForkPoolWorker-60] models.mode_choice - DEBUG -   Mode rates for 'Shopping': car=93.6%, walk=5.1%, bike=0.4%, bus=0.4%, rail=0.2%, school_bus=0.2%, rideshare=0.1%
2026-10-03 19:12:33 - [ForkPoolWorker-60] models.mode_choice - DEBUG -   Mode rates for 'School': car=65.5%, school_bus=22.9%, walk=7.7%, bike=2.3%, bus=0.9%, other=0.4%, rail=0.2%, rideshare=0.1%
2026-10-03 19:12:33 - [ForkPoolWorker-60] models.mode_choice - DEBUG -   Mode rates for 'Dining': car=91.1%, walk=6.8%, bike=1.2%, rail=0.3%, other=0.3%, rideshare=0.3%, bus=0.1%
2026-10-03 19:12:33 - [ForkPoolWorker-60] models.mode_choice - DEBUG -   Mode rates for 'Work': car=92.5%, walk=2.3%, rail=1.6%, bus=1.2%, bike=1.0%, school_bus=0.6%, rideshare=0.5%, other=0.2%
2026-10-03 19:12:33 - [ForkPoolWorker-60] models.mode_choice - DEBUG -   Mode rates for 'Home': car=88.1%, walk=5.0%, school_bus=3.8%, bike=1.1%, bus=0.7%, rideshare=0.5%, rail=0.5%, other=0.3%
2026-10-03 19:12:33 - [ForkPoolWorker-60] models.mode_choice - DEBUG -   Mode rates for 'Other': car=88.3%, walk=4.6%, bus=3.1%, rideshare=1.7%, school_bus=1.0%, rail=0.6%, bike=0.6%, other=0.2%
2026-10-03 19:12:33 - [ForkPoolWorker-60] models.mode_choice - DEBUG -   Mode rates for 'Social': car=73.8%, walk=19.5%, bike=3.5%, other=1.0%, rail=0.6%, rideshare=0.6%, bus=0.6%, school_bus=0.4%
2026-10-03 19:12:33 - [ForkPoolWorker-60] models.mode_choice - DEBUG -   Mode rates for 'all': car=87.2%, walk=6.3%, school_bus=3.2%, bike=1.2%, bus=0.8%, rail=0.6%, rideshare=0.5%, other=0.3%
2026-10-03 19:12:33 - [ForkPoolWorker-60] models.mode_choice - INFO - Computed mode rates for 8 purposes
2026-10-03 19:12:33 - [ForkPoolWorker-60] models.mode_choice - INFO -   Overall mode distribution: car=87.2%, walk=6.3%, school_bus=3.2%, bike=1.2%, bus=0.8%, rail=0.6%, rideshare=0.5%, other=0.3%
2026-10-03 19:12:33 - [ForkPoolWorker-60] models.mode_choice - INFO - ModeChoiceModel initialized with 4 modes: ['car', 'bus', 'rail', 'walk']
2026-10-03 19:13:10 - [ForkPoolWorker-7] models.plan_generator - INFO - Worker ForkPoolWorker-7 completed: generated 6229 plans
2026-10-03 19:13:11 - [ForkPoolWorker-7] models.plan_generator - INFO - Worker ForkPoolWorker-7 started - processing 6 OD pairs
2026-10-03 19:13:11 - [ForkPoolWorker-7] models.time - INFO - Fitted models for 49 activity pairs
2026-10-03 19:13:11 - [ForkPoolWorker-7] models.time - INFO - Mean trip durations: global=20.0min, per-pair=49 pairs
2026-10-03 19:13:12 - [ForkPoolWorker-21] models.plan_generator - INFO - Worker ForkPoolWorker-21 completed: generated 5814 plans
2026-10-03 19:13:13 - [ForkPoolWorker-8] models.plan_generator - INFO - Worker ForkPoolWorker-8 completed: generated 6002 plans
2026-10-03 19:13:13 - [ForkPoolWorker-6] models.plan_generator - INFO - Worker ForkPoolWorker-6 completed: generated 6273 plans
2026-10-03 19:13:13 - [ForkPoolWorker-10] models.plan_generator - INFO - Worker ForkPoolWorker-10 completed: generated 6870 plans
2026-10-03 19:13:13 - [ForkPoolWorker-1] models.plan_generator - INFO - Worker ForkPoolWorker-1 completed: generated 6088 plans
2026-10-03 19:13:14 - [ForkPoolWorker-4] models.plan_generator - INFO - Worker ForkPoolWorker-4 completed: generated 7712 plans
2026-10-03 19:13:14 - [ForkPoolWorker-18] models.plan_generator - INFO - Worker ForkPoolWorker-18 completed: generated 6952 plans
2026-10-03 19:13:14 - [ForkPoolWorker-17] models.plan_generator - INFO - Worker ForkPoolWorker-17 completed: generated 6187 plans
2026-10-03 19:13:14 - [ForkPoolWorker-9] models.plan_generator - INFO - Worker ForkPoolWorker-9 completed: generated 6331 plans
2026-10-03 19:13:15 - [ForkPoolWorker-16] models.plan_generator - INFO - Worker ForkPoolWorker-16 completed: generated 6149 plans
2026-10-03 19:13:15 - [ForkPoolWorker-3] models.plan_generator - INFO - Worker ForkPoolWorker-3 completed: generated 7046 plans
2026-10-03 19:13:16 - [ForkPoolWorker-7] models.mode_availability - DEBUG - Registered availability checker for car: UniversalAvailability
2026-10-03 19:13:16 - [ForkPoolWorker-7] models.mode_availability - DEBUG - Registered availability checker for bus: GTFSTransitAvailability
2026-10-03 19:13:16 - [ForkPoolWorker-7] models.mode_availability - DEBUG - Registered availability checker for rail: GTFSTransitAvailability
2026-10-03 19:13:16 - [ForkPoolWorker-7] models.mode_availability - DEBUG - Registered availability checker for walk: DistanceBasedAvailability
2026-10-03 19:13:16 - [ForkPoolWorker-7] models.mode_choice - INFO - Computing mode shares from survey data...
2026-10-03 19:13:16 - [ForkPoolWorker-7] models.mode_choice - DEBUG -   Survey weights (normalized): {'default': 1.0}
2026-10-03 19:13:16 - [ForkPoolWorker-7] models.mode_choice - DEBUG -   Computing rates for purposes: ['Shopping', 'School', 'Dining', 'Work', 'Home', 'Other', 'Social', 'all']
2026-10-03 19:13:16 - [ForkPoolWorker-7] models.mode_choice - DEBUG -   Mode rates for 'Shopping': car=93.6%, walk=5.1%, bike=0.4%, bus=0.4%, rail=0.2%, school_bus=0.2%, rideshare=0.1%
2026-10-03 19:13:16 - [ForkPoolWorker-7] models.mode_choice - DEBUG -   Mode rates for 'School': car=65.5%, school_bus=22.9%, walk=7.7%, bike=2.3%, bus=0.9%, other=0.4%, rail=0.2%, rideshare=0.1%
2026-10-03 19:13:16 - [ForkPoolWorker-7] models.mode_choice - DEBUG -   Mode rates for 'Dining': car=91.1%, walk=6.8%, bike=1.2%, rail=0.3%, other=0.3%, rideshare=0.3%, bus=0.1%
2026-10-03 19:13:16 - [ForkPoolWorker-7] models.mode_choice - DEBUG -   Mode rates for 'Work': car=92.5%, walk=2.3%, rail=1.6%, bus=1.2%, bike=1.0%, school_bus=0.6%, rideshare=0.5%, other=0.2%
2026-10-03 19:13:16 - [ForkPoolWorker-7] models.mode_choice - DEBUG -   Mode rates for 'Home': car=88.1%, walk=5.0%, school_bus=3.8%, bike=1.1%, bus=0.7%, rideshare=0.5%, rail=0.5%, other=0.3%
2026-10-03 19:13:16 - [ForkPoolWorker-7] models.mode_choice - DEBUG -   Mode rates for 'Other': car=88.3%, walk=4.6%, bus=3.1%, rideshare=1.7%, school_bus=1.0%, rail=0.6%, bike=0.6%, other=0.2%
2026-10-03 19:13:16 - [ForkPoolWorker-7] models.mode_choice - DEBUG -   Mode rates for 'Social': car=73.8%, walk=19.5%, bike=3.5%, other=1.0%, rail=0.6%, rideshare=0.6%, bus=0.6%, school_bus=0.4%
2026-10-03 19:13:16 - [ForkPoolWorker-7] models.mode_choice - DEBUG -   Mode rates for 'all': car=87.2%, walk=6.3%, school_bus=3.2%, bike=1.2%, bus=0.8%, rail=0.6%, rideshare=0.5%, other=0.3%
2026-10-03 19:13:16 - [ForkPoolWorker-7] models.mode_choice - INFO - Computed mode rates for 8 purposes
2026-10-03 19:13:16 - [ForkPoolWorker-7] models.mode_choice - INFO -   Overall mode distribution: car=87.2%, walk=6.3%, school_bus=3.2%, bike=1.2%, bus=0.8%, rail=0.6%, rideshare=0.5%, other=0.3%
2026-10-03 19:13:16 - [ForkPoolWorker-7] models.mode_choice - INFO - ModeChoiceModel initialized with 4 modes: ['car', 'bus', 'rail', 'walk']
2026-10-03 19:13:16 - [ForkPoolWorker-20] models.plan_generator - INFO - Worker ForkPoolWorker-20 completed: generated 6009 plans
2026-10-03 19:13:16 - [ForkPoolWorker-7] models.plan_generator - INFO - Worker ForkPoolWorker-7 completed: generated 10 plans
2026-10-03 19:13:16 - [ForkPoolWorker-13] models.plan_generator - INFO - Worker ForkPoolWorker-13 completed: generated 6830 plans
2026-10-03 19:13:16 - [ForkPoolWorker-12] models.plan_generator - INFO - Worker ForkPoolWorker-12 completed: generated 7261 plans
2026-10-03 19:13:16 - [ForkPoolWorker-2] models.plan_generator - INFO - Worker ForkPoolWorker-2 completed: generated 6590 plans
2026-10-03 19:13:16 - [ForkPoolWorker-22] models.plan_generator - INFO - Worker ForkPoolWorker-22 completed: generated 6023 plans
2026-10-03 19:13:17 - [ForkPoolWorker-14] models.plan_generator - INFO - Worker ForkPoolWorker-14 completed: generated 6779 plans
2026-10-03 19:13:18 - [ForkPoolWorker-15] models.plan_generator - INFO - Worker ForkPoolWorker-15 completed: generated 6341 plans
2026-10-03 19:13:18 - [ForkPoolWorker-25] models.plan_generator - INFO - Worker ForkPoolWorker-25 completed: generated 6141 plans
2026-10-03 19:13:19 - [ForkPoolWorker-19] models.plan_generator - INFO - Worker ForkPoolWorker-19 completed: generated 6323 plans
2026-10-03 19:13:19 - [ForkPoolWorker-23] models.plan_generator - INFO - Worker ForkPoolWorker-23 completed: generated 6840 plans
2026-10-03 19:13:20 - [ForkPoolWorker-11] models.plan_generator - INFO - Worker ForkPoolWorker-11 completed: generated 6392 plans
2026-10-03 19:13:21 - [ForkPoolWorker-5] models.plan_generator - INFO - Worker ForkPoolWorker-5 completed: generated 8019 plans
2026-10-03 19:13:22 - [ForkPoolWorker-24] models.plan_generator - INFO - Worker ForkPoolWorker-24 completed: generated 6494 plans
2026-10-03 19:13:24 - [ForkPoolWorker-35] models.plan_generator - INFO - Worker ForkPoolWorker-35 completed: generated 6069 plans
2026-10-03 19:13:24 - [ForkPoolWorker-26] models.plan_generator - INFO - Worker ForkPoolWorker-26 completed: generated 5763 plans
2026-10-03 19:13:24 - [ForkPoolWorker-30] models.plan_generator - INFO - Worker ForkPoolWorker-30 completed: generated 6054 plans
2026-10-03 19:13:25 - [ForkPoolWorker-33] models.plan_generator - INFO - Worker ForkPoolWorker-33 completed: generated 5876 plans
2026-10-03 19:13:26 - [ForkPoolWorker-27] models.plan_generator - INFO - Worker ForkPoolWorker-27 completed: generated 5860 plans
2026-10-03 19:13:27 - [ForkPoolWorker-31] models.plan_generator - INFO - Worker ForkPoolWorker-31 completed: generated 5655 plans
2026-10-03 19:13:27 - [ForkPoolWorker-32] models.plan_generator - INFO - Worker ForkPoolWorker-32 completed: generated 5818 plans
2026-10-03 19:13:27 - [ForkPoolWorker-28] models.plan_generator - INFO - Worker ForkPoolWorker-28 completed: generated 5918 plans
2026-10-03 19:13:28 - [ForkPoolWorker-34] models.plan_generator - INFO - Worker ForkPoolWorker-34 completed: generated 6018 plans
2026-10-03 19:13:28 - [ForkPoolWorker-29] models.plan_generator - INFO - Worker ForkPoolWorker-29 completed: generated 5886 plans
2026-10-03 19:13:31 - [ForkPoolWorker-39] models.plan_generator - INFO - Worker ForkPoolWorker-39 completed: generated 6332 plans
2026-10-03 19:13:32 - [ForkPoolWorker-38] models.plan_generator - INFO - Worker ForkPoolWorker-38 completed: generated 7338 plans
2026-10-03 19:13:32 - [ForkPoolWorker-45] models.plan_generator - INFO - Worker ForkPoolWorker-45 completed: generated 6134 plans
2026-10-03 19:13:34 - [ForkPoolWorker-36] models.plan_generator - INFO - Worker ForkPoolWorker-36 completed: generated 6113 plans
2026-10-03 19:13:34 - [ForkPoolWorker-40] models.plan_generator - INFO - Worker ForkPoolWorker-40 completed: generated 9057 plans
2026-10-03 19:13:35 - [ForkPoolWorker-46] models.plan_generator - INFO - Worker ForkPoolWorker-46 completed: generated 6695 plans
2026-10-03 19:13:36 - [ForkPoolWorker-49] models.plan_generator - INFO - Worker ForkPoolWorker-49 completed: generated 6038 plans
2026-10-03 19:13:36 - [ForkPoolWorker-44] models.plan_generator - INFO - Worker ForkPoolWorker-44 completed: generated 7135 plans
2026-10-03 19:13:37 - [ForkPoolWorker-50] models.plan_generator - INFO - Worker ForkPoolWorker-50 completed: generated 6078 plans
2026-10-03 19:13:37 - [ForkPoolWorker-43] models.plan_generator - INFO - Worker ForkPoolWorker-43 completed: generated 7105 plans
2026-10-03 19:13:38 - [ForkPoolWorker-51] models.plan_generator - INFO - Worker ForkPoolWorker-51 completed: generated 6320 plans
2026-10-03 19:13:39 - [ForkPoolWorker-41] models.plan_generator - INFO - Worker ForkPoolWorker-41 completed: generated 10717 plans
2026-10-03 19:13:40 - [ForkPoolWorker-48] models.plan_generator - INFO - Worker ForkPoolWorker-48 completed: generated 6579 plans
2026-10-03 19:13:42 - [ForkPoolWorker-55] models.plan_generator - INFO - Worker ForkPoolWorker-55 completed: generated 8560 plans
2026-10-03 19:13:46 - [ForkPoolWorker-52] models.plan_generator - INFO - Worker ForkPoolWorker-52 completed: generated 6831 plans
2026-10-03 19:13:46 - [ForkPoolWorker-42] models.plan_generator - INFO - Worker ForkPoolWorker-42 completed: generated 11542 plans
2026-10-03 19:13:46 - [ForkPoolWorker-54] models.plan_generator - INFO - Worker ForkPoolWorker-54 completed: generated 9023 plans
2026-10-03 19:13:47 - [ForkPoolWorker-59] models.plan_generator - INFO - Worker ForkPoolWorker-59 completed: generated 9025 plans
2026-10-03 19:13:47 - [ForkPoolWorker-57] models.plan_generator - INFO - Worker ForkPoolWorker-57 completed: generated 6149 plans
2026-10-03 19:13:48 - [ForkPoolWorker-56] models.plan_generator - INFO - Worker ForkPoolWorker-56 completed: generated 6449 plans
2026-10-03 19:13:52 - [ForkPoolWorker-60] models.plan_generator - INFO - Worker ForkPoolWorker-60 completed: generated 6283 plans
2026-10-03 19:13:54 - [ForkPoolWorker-47] models.plan_generator - INFO - Worker ForkPoolWorker-47 completed: generated 20484 plans
2026-10-03 19:13:55 - [ForkPoolWorker-53] models.plan_generator - INFO - Worker ForkPoolWorker-53 completed: generated 15972 plans
2026-10-03 19:13:56 - [ForkPoolWorker-58] models.plan_generator - INFO - Worker ForkPoolWorker-58 completed: generated 12092 plans
2026-10-03 19:14:00 - [ForkPoolWorker-37] models.plan_generator - INFO - Worker ForkPoolWorker-37 completed: generated 26128 plans
2026-10-03 19:14:03 - models.plan_generator - INFO - ======================================================================
2026-10-03 19:14:03 - models.plan_generator - INFO - GENERATION COMPLETE
2026-10-03 19:14:03 - models.plan_generator - INFO -   Plans requested: 452,801
2026-10-03 19:14:03 - models.plan_generator - INFO -   Plans generated: 452,801
2026-10-03 19:14:03 - models.plan_generator - INFO -   Failed plans: 0
2026-10-03 19:14:03 - models.plan_generator - INFO -   Success rate: 100.00%
2026-10-03 19:14:03 - models.plan_generator - INFO -   Chain retries: 19,886 / 472,687 attempts
2026-10-03 19:14:03 - models.plan_generator - INFO -     Too short: 0
2026-10-03 19:14:03 - models.plan_generator - INFO -     Bad structure (not Home-...-Home): 0
2026-10-03 19:14:03 - models.plan_generator - INFO -     Missing Work: 0
2026-10-03 19:14:03 - models.plan_generator - INFO -     Too many Work: 19,886
2026-10-03 19:14:03 - models.plan_generator - INFO -   POI retries: 572
2026-10-03 19:14:03 - models.plan_generator - INFO -   Time retries: 0
2026-10-03 19:14:03 - models.plan_generator - INFO -   Schedules built: 498,341
2026-10-03 19:14:03 - models.plan_generator - INFO -     Trimmed to fit 24h: 961 (0.19%)
2026-10-03 19:14:03 - models.plan_generator - INFO -     Dropped, over budget: 0 (0.00%)
2026-10-03 19:14:03 - models.plan_generator - INFO -     Resampled, over budget (over_budget=resample): 45,540
2026-10-03 19:14:03 - models.plan_generator - INFO -     Excess per trimmed schedule: mean 479.1 min, max 1612.1 min
2026-10-03 19:14:03 - models.plan_generator - INFO -     Minutes actually removed: 448,512 total, mean 466.7 min
2026-10-03 19:14:03 - models.plan_generator - INFO -   Experiment directory: /media/volume/Tareek-instance_vol-1/Tareek-work/Tareek/experiments/chi_s20_w11_nw20_b12_fr018_10iter
2026-10-03 19:14:03 - models.plan_generator - INFO -   Full logs saved to: /media/volume/Tareek-instance_vol-1/Tareek-work/Tareek/experiments/chi_s20_w11_nw20_b12_fr018_10iter/experiment_20261003_190652.log
2026-10-03 19:14:03 - models.plan_generator - INFO - ======================================================================
2026-10-03 19:14:03 - models.mode_choice - INFO - ==================================================
2026-10-03 19:14:03 - models.mode_choice - INFO - MODE CHOICE STATISTICS
2026-10-03 19:14:03 - models.mode_choice - INFO - ==================================================
2026-10-03 19:14:03 - models.mode_choice - INFO -   Total mode choices: 1270417
2026-10-03 19:14:03 - models.mode_choice - INFO -   Fallback mode used: 0 times
2026-10-03 19:14:03 - models.mode_choice - INFO -   Chain retries: 0
2026-10-03 19:14:03 - models.mode_choice - INFO -   Mode distribution in generated plans:
2026-10-03 19:14:03 - models.mode_choice - INFO -     car: 84.8%
2026-10-03 19:14:03 - models.mode_choice - INFO -     walk: 7.9%
2026-10-03 19:14:03 - models.mode_choice - INFO -     bus: 4.3%
2026-10-03 19:14:03 - models.mode_choice - INFO -     rail: 2.9%
2026-10-03 19:14:03 - models.mode_choice - INFO - ==================================================
2026-10-03 19:14:03 - models.plan_generator - INFO - Plan generation complete!
2026-10-03 19:14:03 - models.plan_generator - INFO -   Generated: 452,801 plans (100.00% success rate)
2026-10-03 19:14:03 - models.plan_generator - INFO -   Failed: 0 plans
2026-10-03 19:14:03 - models.plan_generator - INFO -   Experiment directory: /media/volume/Tareek-instance_vol-1/Tareek-work/Tareek/experiments/chi_s20_w11_nw20_b12_fr018_10iter
2026-10-03 19:14:03 - models.plan_generator - INFO -   Detailed logs: /media/volume/Tareek-instance_vol-1/Tareek-work/Tareek/experiments/chi_s20_w11_nw20_b12_fr018_10iter/experiment_20261003_190652.log
2026-10-03 19:14:03 - __main__ - INFO - Generated 452,801 work plans
2026-10-03 19:14:03 - __main__ - INFO - 
2026-10-03 19:14:03 - models.plan_generator - INFO -   Serialized GTFS stop data for workers: bus=37083 stops, rail=634 stops
2026-10-03 19:14:03 - __main__ - INFO - Sharing GTFS stop data with non-work generators
2026-10-03 19:14:03 - __main__ - INFO - Population stats: 6,921,456 total (3,200,994 employees, 3,720,462 non-employees)
2026-10-03 19:14:03 - __main__ - INFO - ------------------------------------------------------------
2026-10-03 19:14:03 - __main__ - INFO - GENERATING SHOPPING PLANS
2026-10-03 19:14:03 - __main__ - INFO - ------------------------------------------------------------
2026-10-03 19:14:03 - models.plan_generator_nonwork - INFO - Initialized NonWorkPlanGenerator for Shopping
2026-10-03 19:14:03 - utils.coordinates - INFO - Initialized coordinate converter: EPSG:4326 <-> EPSG:26916
2026-10-03 19:14:03 - models.plan_generator_nonwork - INFO -   Coordinate system: WGS84 -> EPSG:26916
2026-10-03 19:14:03 - models.plan_generator_nonwork - INFO - Using pre-loaded shared data...
2026-10-03 19:14:03 - models.plan_generator_nonwork - INFO -   Using 91,136 home blocks (pre-loaded)
2026-10-03 19:14:03 - models.plan_generator_nonwork - INFO -   Using 61,769 POIs (pre-loaded)
2026-10-03 19:14:03 - models.plan_generator_nonwork - INFO -   Using 12,403 survey trips (pre-loaded)
2026-10-03 19:14:03 - models.plan_generator_nonwork - INFO -   Using 4,172 persons (pre-loaded)
2026-10-03 19:14:03 - models.plan_generator_nonwork - INFO -   Using 787 trip chains (pre-loaded)
2026-10-03 19:14:03 - models.plan_generator_nonwork - INFO -   Using 61,769 POI-to-block mappings (pre-computed)
2026-10-03 19:14:03 - models.plan_generator_nonwork - INFO -   Using shared trip duration model (pre-initialized)
2026-10-03 19:14:03 - models.plan_generator_nonwork - INFO -   Using shared activity duration model (pre-initialized)
2026-10-03 19:14:03 - models.plan_generator_nonwork - INFO -   Using shared POI spatial index (pre-built)
2026-10-03 19:14:03 - models.plan_generator_nonwork - INFO - Initializing time models...
2026-10-03 19:14:03 - models.plan_generator_nonwork - INFO -   Using shared trip duration model
2026-10-03 19:14:03 - models.plan_generator_nonwork - INFO -   Using shared activity duration model
2026-10-03 19:14:03 - models.plan_generator_nonwork - INFO -   Time models initialized
2026-10-03 19:14:03 - models.plan_generator_nonwork - INFO -   Average trip duration: 20.4 minutes
2026-10-03 19:14:03 - models.plan_generator_nonwork - INFO - Initializing POI components...
2026-10-03 19:14:03 - models.plan_generator_nonwork - INFO -   Using shared POI spatial index: 6 activity types, 61,769 POIs
2026-10-03 19:14:03 - models.plan_generator_nonwork - INFO -   POI weighting enabled: True
2026-10-03 19:14:03 - models.plan_generator_nonwork - INFO - Initializing chain model...
2026-10-03 19:14:03 - models.plan_generator_nonwork - INFO -   Shopping: budget chain model, 160 main-purpose patterns
2026-10-03 19:14:03 - models.plan_generator_nonwork - INFO - Initializing GTFS transit availability...
2026-10-03 19:14:03 - models.plan_generator_nonwork - INFO -   GTFS availability rebuilt from shared data: bus=37083 stops, rail=634 stops
2026-10-03 19:14:03 - models.plan_generator_nonwork - INFO - Initializing mode choice model...
2026-10-03 19:14:03 - models.mode_choice - INFO - Computing mode shares from survey data...
2026-10-03 19:14:03 - models.mode_choice - INFO - Computed mode rates for 8 purposes
2026-10-03 19:14:03 - models.mode_choice - INFO -   Overall mode distribution: car=87.2%, walk=6.3%, school_bus=3.2%, bike=1.2%, bus=0.8%, rail=0.6%, rideshare=0.5%, other=0.3%
2026-10-03 19:14:03 - models.mode_choice - INFO - ModeChoiceModel initialized with 4 modes: ['car', 'bus', 'rail', 'walk']
2026-10-03 19:14:03 - models.plan_generator_nonwork - INFO - Creating Shopping OD matrix...
2026-10-03 19:14:03 - models.plan_generator_nonwork - INFO -   Using pre-computed POI-to-block mapping
2026-10-03 19:14:03 - models.od_matrix_nonwork - INFO - ======================================================================
2026-10-03 19:14:03 - models.od_matrix_nonwork - INFO - CREATING NON-WORK OD MATRIX - SHOPPING
2026-10-03 19:14:03 - models.od_matrix_nonwork - INFO - ======================================================================
2026-10-03 19:14:03 - models.od_matrix_nonwork - INFO - Configuration:
2026-10-03 19:14:03 - models.od_matrix_nonwork - INFO -   Beta (distance decay): 1.3
2026-10-03 19:14:03 - models.od_matrix_nonwork - INFO -   Alpha (survey weight): 0.1
2026-10-03 19:14:03 - models.od_matrix_nonwork - INFO -   Distance mode: cosine_km
2026-10-03 19:14:06 - models.od_matrix_nonwork - INFO - Calculating POI density for Shopping...
2026-10-03 19:14:06 - models.od_matrix_nonwork - INFO -   Total POIs to process: 61,769
2026-10-03 19:14:06 - models.od_matrix_nonwork - INFO -   Filtered to 4,104 Shopping POIs
2026-10-03 19:14:06 - models.od_matrix_nonwork - INFO -   Using pre-computed POI-to-block mapping (fast path)
2026-10-03 19:14:06 - models.od_matrix_nonwork - INFO -   POI assignment complete:
2026-10-03 19:14:06 - models.od_matrix_nonwork - INFO -     Blocks with POIs: 2,686
2026-10-03 19:14:06 - models.od_matrix_nonwork - INFO -     Total POIs assigned: 4,104
2026-10-03 19:14:06 - models.od_matrix_nonwork - INFO -     Avg POIs per block (non-zero): 1.5
2026-10-03 19:14:06 - models.od_matrix_nonwork - INFO - Creating survey OD matrix for Shopping...
2026-10-03 19:14:06 - models.od_matrix_nonwork - INFO -   Filtered to 2,684 trips (from 12,403 total)
2026-10-03 19:14:06 - models.od_matrix_nonwork - INFO -   Survey OD matrix created: (1, 1)
2026-10-03 19:14:06 - models.od_matrix_nonwork - INFO -   Total trips in survey matrix: 2,684
2026-10-03 19:14:06 - models.od_matrix_nonwork - INFO - ======================================================================
2026-10-03 19:14:06 - models.od_matrix_nonwork - INFO - SINGLY-CONSTRAINED GRAVITY MODEL - SHOPPING
2026-10-03 19:14:06 - models.od_matrix_nonwork - INFO - ======================================================================
2026-10-03 19:14:06 - models.od_matrix_nonwork - INFO - Origins from the demand budget ('nw_origin_Shopping' per home block)
2026-10-03 19:14:06 - models.od_matrix_nonwork - INFO -   Pre-aggregated 91,136 blocks -> 5,044 block_groups (home)
2026-10-03 19:14:06 - models.od_matrix_nonwork - INFO -   Pre-aggregated POI blocks -> 1,726 block_groups with POIs
2026-10-03 19:14:06 - models.od_matrix_nonwork - INFO - Number of home block_groups: 5044
2026-10-03 19:14:06 - models.od_matrix_nonwork - INFO - Number of destination block_groups (with POIs): 1726
2026-10-03 19:14:06 - models.od_matrix_nonwork - INFO - Distance decay beta: 1.3
2026-10-03 19:14:06 - models.od_matrix_nonwork - INFO - Total non-employees (base): 3,720,462
2026-10-03 19:14:06 - models.od_matrix_nonwork - INFO - Total travelers (demand budget): 1,984,979
2026-10-03 19:14:06 - models.od_matrix_nonwork - INFO - Total POIs (destination): 4,104
2026-10-03 19:14:06 - models.od_matrix_nonwork - INFO - Extracting coordinates...
2026-10-03 19:14:06 - models.od_matrix_nonwork - INFO - Calculating distances and friction factors (mode: cosine_km)...
2026-10-03 19:14:06 - models.od_matrix_v3 - INFO -   Intrazonal distance set from zone area on 1,726 diagonal cells (factor 0.5): median 0 m -> 177 m
2026-10-03 19:14:07 - models.od_matrix_nonwork - INFO -   Distances in km: median 27.79, min 0.050, max 122.4
2026-10-03 19:14:07 - models.od_matrix_nonwork - INFO - Initial gravity model total trips: 1,984,979
2026-10-03 19:14:07 - models.od_matrix_nonwork - INFO - 
Running IPF iterations (max 50)...
2026-10-03 19:14:07 - models.od_matrix_nonwork - INFO -   Iteration 1: Max relative difference = 4.24e-16
2026-10-03 19:14:07 - models.od_matrix_nonwork - INFO - Converged after 1 iterations
2026-10-03 19:14:07 - models.od_matrix_nonwork - INFO - ======================================================================
2026-10-03 19:14:07 - models.od_matrix_nonwork - INFO - VERIFICATION
2026-10-03 19:14:07 - models.od_matrix_nonwork - INFO - ======================================================================
2026-10-03 19:14:07 - models.od_matrix_nonwork - INFO - Origin total: 1,984,979 | Matrix row sum: 1,984,979
2026-10-03 19:14:07 - models.od_matrix_nonwork - INFO - Max row constraint error: 4.55e-13
2026-10-03 19:14:07 - models.od_matrix_nonwork - INFO - Total trips in gravity model: 1,984,979
2026-10-03 19:14:07 - models.od_matrix_nonwork - INFO - 
2026-10-03 19:14:07 - models.od_matrix_nonwork - INFO -   Gravity model (block-group level): (5044, 1726)
2026-10-03 19:14:07 - models.od_matrix_nonwork - INFO -   Survey matrix: (1, 1)
2026-10-03 19:14:07 - models.od_matrix_nonwork - INFO - 
Combining survey and gravity models...
2026-10-03 19:14:07 - models.od_matrix_v3 - INFO - ======================================================================
2026-10-03 19:14:07 - models.od_matrix_v3 - INFO - COMBINING OD MATRICES
2026-10-03 19:14:07 - models.od_matrix_v3 - INFO - ======================================================================
2026-10-03 19:14:07 - models.od_matrix_v3 - INFO - Survey matrix shape: (1, 1)
2026-10-03 19:14:07 - models.od_matrix_v3 - INFO - Local matrix shape: (5044, 1726)
2026-10-03 19:14:07 - models.od_matrix_v3 - INFO - Alpha (survey weight): 0.10
2026-10-03 19:14:07 - models.od_matrix_v3 - INFO - Local weight: 0.90
2026-10-03 19:14:07 - models.od_matrix_v3 - INFO - Aligning survey to local matrix structure...
2026-10-03 19:14:07 - models.od_matrix_v3 - INFO - Combining matrices (alpha blend where survey exists, local only where survey is empty)...
2026-10-03 19:14:07 - models.od_matrix_v3 - INFO - No scaling target specified. Using local matrix total: 1,984,979
2026-10-03 19:14:07 - models.od_matrix_v3 - INFO - Matrix total before scaling: 1,984,979
2026-10-03 19:14:07 - models.od_matrix_v3 - INFO - Scale factor: 1.000000
2026-10-03 19:14:07 - models.od_matrix_v3 - INFO - Applying robust rounding to guarantee target total...
2026-10-03 19:14:07 - models.od_matrix_v3 - INFO - Total after flooring: 771,560
2026-10-03 19:14:07 - models.od_matrix_v3 - INFO - Remainder to distribute: 1,213,419
2026-10-03 19:14:08 - models.od_matrix_v3 - INFO - ======================================================================
2026-10-03 19:14:08 - models.od_matrix_v3 - INFO - VERIFICATION
2026-10-03 19:14:08 - models.od_matrix_v3 - INFO - ======================================================================
2026-10-03 19:14:08 - models.od_matrix_v3 - INFO - Survey total trips: 2,684
2026-10-03 19:14:08 - models.od_matrix_v3 - INFO - Local total trips: 1,984,979
2026-10-03 19:14:08 - models.od_matrix_v3 - INFO - Combined total trips (before scaling): 1,984,979
2026-10-03 19:14:08 - models.od_matrix_v3 - INFO - Combined total trips (after scaling & rounding): 1,984,979
2026-10-03 19:14:08 - models.od_matrix_v3 - INFO - Target total: 1,984,979
2026-10-03 19:14:08 - models.od_matrix_v3 - INFO - Difference: 0
2026-10-03 19:14:08 - models.od_matrix_v3 - INFO - Combined matrix shape: (5044, 1726)
2026-10-03 19:14:08 - models.od_matrix_nonwork - INFO - ======================================================================
2026-10-03 19:14:08 - models.od_matrix_nonwork - INFO - NONWORK OD MATRIX CREATION COMPLETE - SHOPPING
2026-10-03 19:14:08 - models.od_matrix_nonwork - INFO - ======================================================================
2026-10-03 19:14:08 - models.plan_generator_nonwork - INFO -   OD matrix shape: (5044, 1726)
2026-10-03 19:14:08 - models.plan_generator_nonwork - INFO -   Unscaled total trips: 1,984,979
2026-10-03 19:14:08 - models.plan_generator_nonwork - INFO -   Scaling factor: 0.2
2026-10-03 19:14:08 - models.plan_generator_nonwork - INFO -   Scaled total trips: 396,841
2026-10-03 19:14:08 - models.plan_generator_nonwork - INFO - NonWorkPlanGenerator initialization complete
2026-10-03 19:14:08 - models.plan_generator_nonwork - INFO - ============================================================
2026-10-03 19:14:08 - models.plan_generator_nonwork - INFO - SHOPPING PLAN GENERATION
2026-10-03 19:14:08 - models.plan_generator_nonwork - INFO - ============================================================
2026-10-03 19:14:08 - models.plan_generator_nonwork - INFO -   Population base (non-employees in region): 3,720,462
2026-10-03 19:14:08 - models.plan_generator_nonwork - INFO -   Unscaled Shopping trips: 1,984,979
2026-10-03 19:14:08 - models.plan_generator_nonwork - INFO -   Scaling factor: 0.2
2026-10-03 19:14:08 - models.plan_generator_nonwork - INFO -   Scaled Shopping trips: 396,841
2026-10-03 19:14:08 - models.plan_generator_nonwork - INFO -   Expected scaled trips: 396,996
2026-10-03 19:14:08 - models.plan_generator_nonwork - INFO -   Scaling accuracy: 100.0%
2026-10-03 19:14:08 - models.plan_generator_nonwork - INFO - 
2026-10-03 19:14:08 - models.plan_generator_nonwork - INFO - Generating all Shopping plans using multiprocessing...
2026-10-03 19:14:09 - models.plan_generator_nonwork - INFO -   Using all 396,841 trips from scaled OD matrix
2026-10-03 19:14:09 - models.plan_generator_nonwork - INFO - Using 60 processes for Shopping plan generation
2026-10-03 19:14:09 - models.plan_generator_nonwork - INFO - Pre-loading data for Shopping multiprocessing...
2026-10-03 19:14:09 - models.plan_generator_nonwork - INFO -   Serialized GTFS stop data for workers: bus=37083 stops, rail=634 stops
2026-10-03 19:14:09 - models.plan_generator_nonwork - INFO -   Prepared shared data with 91,136 home blocks
2026-10-03 19:14:09 - models.plan_generator_nonwork - INFO -   POI categories: 6
2026-10-03 19:14:09 - models.plan_generator_nonwork - INFO -   Chain patterns: 160
2026-10-03 19:14:09 - models.plan_generator_nonwork - INFO - Split 341525 OD pairs into 61 chunks
2026-10-03 19:28:39 - models.plan_generator_nonwork - INFO - 
2026-10-03 19:28:39 - models.plan_generator_nonwork - INFO - Shopping GENERATION COMPLETE
2026-10-03 19:28:39 - models.plan_generator_nonwork - INFO -   Plans generated: 396,841
2026-10-03 19:28:39 - models.plan_generator_nonwork - INFO -   Failed plans: 0
2026-10-03 19:28:39 - models.plan_generator_nonwork - INFO -   Chain retries: 20,003 / 416,846 attempts
2026-10-03 19:28:39 - models.plan_generator_nonwork - INFO -     Too short: 20,003
2026-10-03 19:28:39 - models.plan_generator_nonwork - INFO -     Bad structure (not Home-...-Home): 0
2026-10-03 19:28:39 - models.plan_generator_nonwork - INFO -     Missing purpose: 0
2026-10-03 19:28:39 - models.plan_generator_nonwork - INFO -     Contains Work: 0
2026-10-03 19:28:39 - models.plan_generator_nonwork - INFO -   POI retries: 203
2026-10-03 19:28:39 - models.plan_generator_nonwork - INFO -   Time retries: 2
2026-10-03 19:28:39 - models.plan_generator_nonwork - INFO -   Schedules built: 411,407
2026-10-03 19:28:39 - models.plan_generator_nonwork - INFO -     Trimmed to fit 24h: 177 (0.04%)
2026-10-03 19:28:39 - models.plan_generator_nonwork - INFO -     Dropped, over budget: 2 (0.00%)
2026-10-03 19:28:39 - models.plan_generator_nonwork - INFO -     Resampled, over budget (over_budget=resample): 14,564
2026-10-03 19:28:39 - models.plan_generator_nonwork - INFO -     Excess per trimmed schedule: mean 357.9 min, max 1369.3 min
2026-10-03 19:28:39 - models.plan_generator_nonwork - INFO -     Minutes actually removed: 62,135 total, mean 351.0 min
2026-10-03 19:28:39 - models.plan_generator_nonwork - INFO - ============================================================
2026-10-03 19:28:39 - models.mode_choice - INFO - ==================================================
2026-10-03 19:28:39 - models.mode_choice - INFO - MODE CHOICE STATISTICS
2026-10-03 19:28:39 - models.mode_choice - INFO - ==================================================
2026-10-03 19:28:39 - models.mode_choice - INFO -   Total mode choices: 1201218
2026-10-03 19:28:39 - models.mode_choice - INFO -   Fallback mode used: 0 times
2026-10-03 19:28:39 - models.mode_choice - INFO -   Chain retries: 0
2026-10-03 19:28:39 - models.mode_choice - INFO -   Mode distribution in generated plans:
2026-10-03 19:28:39 - models.mode_choice - INFO -     car: 89.3%
2026-10-03 19:28:39 - models.mode_choice - INFO -     bus: 6.0%
2026-10-03 19:28:39 - models.mode_choice - INFO -     rail: 3.4%
2026-10-03 19:28:39 - models.mode_choice - INFO -     walk: 1.3%
2026-10-03 19:28:39 - models.mode_choice - INFO - ==================================================
2026-10-03 19:28:39 - __main__ - INFO - Generated 396,841 Shopping plans
2026-10-03 19:28:39 - __main__ - INFO - 
2026-10-03 19:28:39 - __main__ - INFO - ------------------------------------------------------------
2026-10-03 19:28:39 - __main__ - INFO - GENERATING SCHOOL PLANS
2026-10-03 19:28:39 - __main__ - INFO - ------------------------------------------------------------
2026-10-03 19:28:39 - models.plan_generator_nonwork - INFO - Initialized NonWorkPlanGenerator for School
2026-10-03 19:28:39 - utils.coordinates - INFO - Initialized coordinate converter: EPSG:4326 <-> EPSG:26916
2026-10-03 19:28:39 - models.plan_generator_nonwork - INFO -   Coordinate system: WGS84 -> EPSG:26916
2026-10-03 19:28:39 - models.plan_generator_nonwork - INFO - Using pre-loaded shared data...
2026-10-03 19:28:39 - models.plan_generator_nonwork - INFO -   Using 91,136 home blocks (pre-loaded)
2026-10-03 19:28:39 - models.plan_generator_nonwork - INFO -   Using 61,769 POIs (pre-loaded)
2026-10-03 19:28:39 - models.plan_generator_nonwork - INFO -   Using 12,403 survey trips (pre-loaded)
2026-10-03 19:28:39 - models.plan_generator_nonwork - INFO -   Using 4,172 persons (pre-loaded)
2026-10-03 19:28:39 - models.plan_generator_nonwork - INFO -   Using 787 trip chains (pre-loaded)
2026-10-03 19:28:39 - models.plan_generator_nonwork - INFO -   Using 61,769 POI-to-block mappings (pre-computed)
2026-10-03 19:28:39 - models.plan_generator_nonwork - INFO -   Using shared trip duration model (pre-initialized)
2026-10-03 19:28:39 - models.plan_generator_nonwork - INFO -   Using shared activity duration model (pre-initialized)
2026-10-03 19:28:39 - models.plan_generator_nonwork - INFO -   Using shared POI spatial index (pre-built)
2026-10-03 19:28:39 - models.plan_generator_nonwork - INFO - Initializing time models...
2026-10-03 19:28:39 - models.plan_generator_nonwork - INFO -   Using shared trip duration model
2026-10-03 19:28:39 - models.plan_generator_nonwork - INFO -   Using shared activity duration model
2026-10-03 19:28:39 - models.plan_generator_nonwork - INFO -   Time models initialized
2026-10-03 19:28:39 - models.plan_generator_nonwork - INFO -   Average trip duration: 20.4 minutes
2026-10-03 19:28:39 - models.plan_generator_nonwork - INFO - Initializing POI components...
2026-10-03 19:28:39 - models.plan_generator_nonwork - INFO -   Using shared POI spatial index: 6 activity types, 61,769 POIs
2026-10-03 19:28:39 - models.plan_generator_nonwork - INFO -   POI weighting enabled: True
2026-10-03 19:28:39 - models.plan_generator_nonwork - INFO - Initializing chain model...
2026-10-03 19:28:39 - models.plan_generator_nonwork - INFO -   School: budget chain model, 96 main-purpose patterns
2026-10-03 19:28:39 - models.plan_generator_nonwork - INFO - Initializing GTFS transit availability...
2026-10-03 19:28:40 - models.plan_generator_nonwork - INFO -   GTFS availability rebuilt from shared data: bus=37083 stops, rail=634 stops
2026-10-03 19:28:40 - models.plan_generator_nonwork - INFO - Initializing mode choice model...
2026-10-03 19:28:40 - models.mode_choice - INFO - Computing mode shares from survey data...
2026-10-03 19:28:40 - models.mode_choice - INFO - Computed mode rates for 8 purposes
2026-10-03 19:28:40 - models.mode_choice - INFO -   Overall mode distribution: car=87.2%, walk=6.3%, school_bus=3.2%, bike=1.2%, bus=0.8%, rail=0.6%, rideshare=0.5%, other=0.3%
2026-10-03 19:28:40 - models.mode_choice - INFO - ModeChoiceModel initialized with 4 modes: ['car', 'bus', 'rail', 'walk']
2026-10-03 19:28:40 - models.plan_generator_nonwork - INFO - Creating School OD matrix...
2026-10-03 19:28:40 - models.plan_generator_nonwork - INFO -   Using pre-computed POI-to-block mapping
2026-10-03 19:28:40 - models.od_matrix_nonwork - INFO - ======================================================================
2026-10-03 19:28:40 - models.od_matrix_nonwork - INFO - CREATING NON-WORK OD MATRIX - SCHOOL
2026-10-03 19:28:40 - models.od_matrix_nonwork - INFO - ======================================================================
2026-10-03 19:28:40 - models.od_matrix_nonwork - INFO - Configuration:
2026-10-03 19:28:40 - models.od_matrix_nonwork - INFO -   Beta (distance decay): 2.0
2026-10-03 19:28:40 - models.od_matrix_nonwork - INFO -   Alpha (survey weight): 0.15
2026-10-03 19:28:40 - models.od_matrix_nonwork - INFO -   Distance mode: cosine_km
2026-10-03 19:28:46 - models.od_matrix_nonwork - INFO - Calculating POI density for School...
2026-10-03 19:28:46 - models.od_matrix_nonwork - INFO -   Total POIs to process: 61,769
2026-10-03 19:28:46 - models.od_matrix_nonwork - INFO -   Filtered to 4,767 School POIs
2026-10-03 19:28:46 - models.od_matrix_nonwork - INFO -   Using pre-computed POI-to-block mapping (fast path)
2026-10-03 19:28:46 - models.od_matrix_nonwork - INFO -   POI assignment complete:
2026-10-03 19:28:46 - models.od_matrix_nonwork - INFO -     Blocks with POIs: 3,016
2026-10-03 19:28:46 - models.od_matrix_nonwork - INFO -     Total POIs assigned: 4,767
2026-10-03 19:28:46 - models.od_matrix_nonwork - INFO -     Avg POIs per block (non-zero): 1.6
2026-10-03 19:28:46 - models.od_matrix_nonwork - INFO - Creating survey OD matrix for School...
2026-10-03 19:28:46 - models.od_matrix_nonwork - INFO -   Filtered to 821 trips (from 12,403 total)
2026-10-03 19:28:46 - models.od_matrix_nonwork - INFO -   Survey OD matrix created: (1, 1)
2026-10-03 19:28:46 - models.od_matrix_nonwork - INFO -   Total trips in survey matrix: 821
2026-10-03 19:28:46 - models.od_matrix_nonwork - INFO - ======================================================================
2026-10-03 19:28:46 - models.od_matrix_nonwork - INFO - SINGLY-CONSTRAINED GRAVITY MODEL - SCHOOL
2026-10-03 19:28:46 - models.od_matrix_nonwork - INFO - ======================================================================
2026-10-03 19:28:46 - models.od_matrix_nonwork - INFO - Origins from the demand budget ('nw_origin_School' per home block)
2026-10-03 19:28:46 - models.od_matrix_nonwork - INFO -   Pre-aggregated 91,136 blocks -> 5,044 block_groups (home)
2026-10-03 19:28:46 - models.od_matrix_nonwork - INFO -   Pre-aggregated POI blocks -> 2,155 block_groups with POIs
2026-10-03 19:28:46 - models.od_matrix_nonwork - INFO - Number of home block_groups: 5044
2026-10-03 19:28:46 - models.od_matrix_nonwork - INFO - Number of destination block_groups (with POIs): 2155
2026-10-03 19:28:46 - models.od_matrix_nonwork - INFO - Distance decay beta: 2.0
2026-10-03 19:28:46 - models.od_matrix_nonwork - INFO - Total non-employees (base): 3,720,462
2026-10-03 19:28:46 - models.od_matrix_nonwork - INFO - Total travelers (demand budget): 1,935,691
2026-10-03 19:28:46 - models.od_matrix_nonwork - INFO - Total POIs (destination): 4,767
2026-10-03 19:28:46 - models.od_matrix_nonwork - INFO - Extracting coordinates...
2026-10-03 19:28:46 - models.od_matrix_nonwork - INFO - Calculating distances and friction factors (mode: cosine_km)...
2026-10-03 19:28:46 - models.od_matrix_v3 - INFO -   Intrazonal distance set from zone area on 2,155 diagonal cells (factor 0.5): median 0 m -> 178 m
2026-10-03 19:28:46 - models.od_matrix_nonwork - INFO -   Distances in km: median 27.90, min 0.050, max 122.4
2026-10-03 19:28:46 - models.od_matrix_nonwork - INFO - Initial gravity model total trips: 1,935,691
2026-10-03 19:28:46 - models.od_matrix_nonwork - INFO - 
Running IPF iterations (max 50)...
2026-10-03 19:28:46 - models.od_matrix_nonwork - INFO -   Iteration 1: Max relative difference = 5.17e-16
2026-10-03 19:28:46 - models.od_matrix_nonwork - INFO - Converged after 1 iterations
2026-10-03 19:28:46 - models.od_matrix_nonwork - INFO - ======================================================================
2026-10-03 19:28:46 - models.od_matrix_nonwork - INFO - VERIFICATION
2026-10-03 19:28:46 - models.od_matrix_nonwork - INFO - ======================================================================
2026-10-03 19:28:46 - models.od_matrix_nonwork - INFO - Origin total: 1,935,691 | Matrix row sum: 1,935,691
2026-10-03 19:28:46 - models.od_matrix_nonwork - INFO - Max row constraint error: 4.55e-13
2026-10-03 19:28:46 - models.od_matrix_nonwork - INFO - Total trips in gravity model: 1,935,691
2026-10-03 19:28:46 - models.od_matrix_nonwork - INFO - 
2026-10-03 19:28:46 - models.od_matrix_nonwork - INFO -   Gravity model (block-group level): (5044, 2155)
2026-10-03 19:28:46 - models.od_matrix_nonwork - INFO -   Survey matrix: (1, 1)
2026-10-03 19:28:46 - models.od_matrix_nonwork - INFO - 
Combining survey and gravity models...
2026-10-03 19:28:46 - models.od_matrix_v3 - INFO - ======================================================================
2026-10-03 19:28:46 - models.od_matrix_v3 - INFO - COMBINING OD MATRICES
2026-10-03 19:28:46 - models.od_matrix_v3 - INFO - ======================================================================
2026-10-03 19:28:46 - models.od_matrix_v3 - INFO - Survey matrix shape: (1, 1)
2026-10-03 19:28:46 - models.od_matrix_v3 - INFO - Local matrix shape: (5044, 2155)
2026-10-03 19:28:46 - models.od_matrix_v3 - INFO - Alpha (survey weight): 0.15
2026-10-03 19:28:46 - models.od_matrix_v3 - INFO - Local weight: 0.85
2026-10-03 19:28:46 - models.od_matrix_v3 - INFO - Aligning survey to local matrix structure...
2026-10-03 19:28:46 - models.od_matrix_v3 - INFO - Combining matrices (alpha blend where survey exists, local only where survey is empty)...
2026-10-03 19:28:47 - models.od_matrix_v3 - INFO - No scaling target specified. Using local matrix total: 1,935,691
2026-10-03 19:28:47 - models.od_matrix_v3 - INFO - Matrix total before scaling: 1,935,691
2026-10-03 19:28:47 - models.od_matrix_v3 - INFO - Scale factor: 1.000000
2026-10-03 19:28:47 - models.od_matrix_v3 - INFO - Applying robust rounding to guarantee target total...
2026-10-03 19:28:47 - models.od_matrix_v3 - INFO - Total after flooring: 1,317,169
2026-10-03 19:28:47 - models.od_matrix_v3 - INFO - Remainder to distribute: 618,522
2026-10-03 19:28:48 - models.od_matrix_v3 - INFO - ======================================================================
2026-10-03 19:28:48 - models.od_matrix_v3 - INFO - VERIFICATION
2026-10-03 19:28:48 - models.od_matrix_v3 - INFO - ======================================================================
2026-10-03 19:28:48 - models.od_matrix_v3 - INFO - Survey total trips: 821
2026-10-03 19:28:48 - models.od_matrix_v3 - INFO - Local total trips: 1,935,691
2026-10-03 19:28:48 - models.od_matrix_v3 - INFO - Combined total trips (before scaling): 1,935,691
2026-10-03 19:28:48 - models.od_matrix_v3 - INFO - Combined total trips (after scaling & rounding): 1,935,691
2026-10-03 19:28:48 - models.od_matrix_v3 - INFO - Target total: 1,935,691
2026-10-03 19:28:48 - models.od_matrix_v3 - INFO - Difference: 0
2026-10-03 19:28:48 - models.od_matrix_v3 - INFO - Combined matrix shape: (5044, 2155)
2026-10-03 19:28:48 - models.od_matrix_nonwork - INFO - ======================================================================
2026-10-03 19:28:48 - models.od_matrix_nonwork - INFO - NONWORK OD MATRIX CREATION COMPLETE - SCHOOL
2026-10-03 19:28:48 - models.od_matrix_nonwork - INFO - ======================================================================
2026-10-03 19:28:48 - models.plan_generator_nonwork - INFO -   OD matrix shape: (5044, 2155)
2026-10-03 19:28:48 - models.plan_generator_nonwork - INFO -   Unscaled total trips: 1,935,691
2026-10-03 19:28:48 - models.plan_generator_nonwork - INFO -   Scaling factor: 0.2
2026-10-03 19:28:49 - models.plan_generator_nonwork - INFO -   Scaled total trips: 386,859
2026-10-03 19:28:49 - models.plan_generator_nonwork - INFO - NonWorkPlanGenerator initialization complete
2026-10-03 19:28:49 - models.plan_generator_nonwork - INFO - ============================================================
2026-10-03 19:28:49 - models.plan_generator_nonwork - INFO - SCHOOL PLAN GENERATION
2026-10-03 19:28:49 - models.plan_generator_nonwork - INFO - ============================================================
2026-10-03 19:28:49 - models.plan_generator_nonwork - INFO -   Population base (non-employees in region): 3,720,462
2026-10-03 19:28:49 - models.plan_generator_nonwork - INFO -   Unscaled School trips: 1,935,691
2026-10-03 19:28:49 - models.plan_generator_nonwork - INFO -   Scaling factor: 0.2
2026-10-03 19:28:49 - models.plan_generator_nonwork - INFO -   Scaled School trips: 386,859
2026-10-03 19:28:49 - models.plan_generator_nonwork - INFO -   Expected scaled trips: 387,138
2026-10-03 19:28:49 - models.plan_generator_nonwork - INFO -   Scaling accuracy: 99.9%
2026-10-03 19:28:49 - models.plan_generator_nonwork - INFO - 
2026-10-03 19:28:49 - models.plan_generator_nonwork - INFO - Generating all School plans using multiprocessing...
2026-10-03 19:28:49 - models.plan_generator_nonwork - INFO -   Using all 386,859 trips from scaled OD matrix
2026-10-03 19:28:49 - models.plan_generator_nonwork - INFO - Using 60 processes for School plan generation
2026-10-03 19:28:49 - models.plan_generator_nonwork - INFO - Pre-loading data for School multiprocessing...
2026-10-03 19:28:49 - models.plan_generator_nonwork - INFO -   Serialized GTFS stop data for workers: bus=37083 stops, rail=634 stops
2026-10-03 19:28:49 - models.plan_generator_nonwork - INFO -   Prepared shared data with 91,136 home blocks
2026-10-03 19:28:49 - models.plan_generator_nonwork - INFO -   POI categories: 6
2026-10-03 19:28:49 - models.plan_generator_nonwork - INFO -   Chain patterns: 96
2026-10-03 19:28:49 - models.plan_generator_nonwork - INFO - Split 198410 OD pairs into 61 chunks
2026-10-03 19:41:28 - models.plan_generator_nonwork - INFO - 
2026-10-03 19:41:28 - models.plan_generator_nonwork - INFO - School GENERATION COMPLETE
2026-10-03 19:41:28 - models.plan_generator_nonwork - INFO -   Plans generated: 386,859
2026-10-03 19:41:28 - models.plan_generator_nonwork - INFO -   Failed plans: 0
2026-10-03 19:41:28 - models.plan_generator_nonwork - INFO -   Chain retries: 2,905 / 389,764 attempts
2026-10-03 19:41:28 - models.plan_generator_nonwork - INFO -     Too short: 2,905
2026-10-03 19:41:28 - models.plan_generator_nonwork - INFO -     Bad structure (not Home-...-Home): 0
2026-10-03 19:41:28 - models.plan_generator_nonwork - INFO -     Missing purpose: 0
2026-10-03 19:41:28 - models.plan_generator_nonwork - INFO -     Contains Work: 0
2026-10-03 19:41:28 - models.plan_generator_nonwork - INFO -   POI retries: 95
2026-10-03 19:41:28 - models.plan_generator_nonwork - INFO -   Time retries: 0
2026-10-03 19:41:28 - models.plan_generator_nonwork - INFO -   Schedules built: 399,128
2026-10-03 19:41:28 - models.plan_generator_nonwork - INFO -     Trimmed to fit 24h: 191 (0.05%)
2026-10-03 19:41:28 - models.plan_generator_nonwork - INFO -     Dropped, over budget: 0 (0.00%)
2026-10-03 19:41:28 - models.plan_generator_nonwork - INFO -     Resampled, over budget (over_budget=resample): 12,269
2026-10-03 19:41:28 - models.plan_generator_nonwork - INFO -     Excess per trimmed schedule: mean 379.4 min, max 1224.6 min
2026-10-03 19:41:28 - models.plan_generator_nonwork - INFO -     Minutes actually removed: 69,929 total, mean 366.1 min
2026-10-03 19:41:28 - models.plan_generator_nonwork - INFO - ============================================================
2026-10-03 19:41:28 - models.mode_choice - INFO - ==================================================
2026-10-03 19:41:28 - models.mode_choice - INFO - MODE CHOICE STATISTICS
2026-10-03 19:41:28 - models.mode_choice - INFO - ==================================================
2026-10-03 19:41:28 - models.mode_choice - INFO -   Total mode choices: 980876
2026-10-03 19:41:28 - models.mode_choice - INFO -   Fallback mode used: 0 times
2026-10-03 19:41:28 - models.mode_choice - INFO -   Chain retries: 0
2026-10-03 19:41:28 - models.mode_choice - INFO -   Mode distribution in generated plans:
2026-10-03 19:41:28 - models.mode_choice - INFO -     car: 86.1%
2026-10-03 19:41:28 - models.mode_choice - INFO -     bus: 7.7%
2026-10-03 19:41:28 - models.mode_choice - INFO -     rail: 5.0%
2026-10-03 19:41:28 - models.mode_choice - INFO -     walk: 1.3%
2026-10-03 19:41:28 - models.mode_choice - INFO - ==================================================
2026-10-03 19:41:28 - __main__ - INFO - Generated 386,859 School plans
2026-10-03 19:41:28 - __main__ - INFO - 
2026-10-03 19:41:28 - __main__ - INFO - ------------------------------------------------------------
2026-10-03 19:41:28 - __main__ - INFO - GENERATING SOCIAL PLANS
2026-10-03 19:41:28 - __main__ - INFO - ------------------------------------------------------------
2026-10-03 19:41:28 - models.plan_generator_nonwork - INFO - Initialized NonWorkPlanGenerator for Social
2026-10-03 19:41:28 - utils.coordinates - INFO - Initialized coordinate converter: EPSG:4326 <-> EPSG:26916
2026-10-03 19:41:28 - models.plan_generator_nonwork - INFO -   Coordinate system: WGS84 -> EPSG:26916
2026-10-03 19:41:28 - models.plan_generator_nonwork - INFO - Using pre-loaded shared data...
2026-10-03 19:41:28 - models.plan_generator_nonwork - INFO -   Using 91,136 home blocks (pre-loaded)
2026-10-03 19:41:28 - models.plan_generator_nonwork - INFO -   Using 61,769 POIs (pre-loaded)
2026-10-03 19:41:28 - models.plan_generator_nonwork - INFO -   Using 12,403 survey trips (pre-loaded)
2026-10-03 19:41:28 - models.plan_generator_nonwork - INFO -   Using 4,172 persons (pre-loaded)
2026-10-03 19:41:28 - models.plan_generator_nonwork - INFO -   Using 787 trip chains (pre-loaded)
2026-10-03 19:41:28 - models.plan_generator_nonwork - INFO -   Using 61,769 POI-to-block mappings (pre-computed)
2026-10-03 19:41:28 - models.plan_generator_nonwork - INFO -   Using shared trip duration model (pre-initialized)
2026-10-03 19:41:28 - models.plan_generator_nonwork - INFO -   Using shared activity duration model (pre-initialized)
2026-10-03 19:41:28 - models.plan_generator_nonwork - INFO -   Using shared POI spatial index (pre-built)
2026-10-03 19:41:28 - models.plan_generator_nonwork - INFO - Initializing time models...
2026-10-03 19:41:28 - models.plan_generator_nonwork - INFO -   Using shared trip duration model
2026-10-03 19:41:28 - models.plan_generator_nonwork - INFO -   Using shared activity duration model
2026-10-03 19:41:28 - models.plan_generator_nonwork - INFO -   Time models initialized
2026-10-03 19:41:28 - models.plan_generator_nonwork - INFO -   Average trip duration: 20.4 minutes
2026-10-03 19:41:28 - models.plan_generator_nonwork - INFO - Initializing POI components...
2026-10-03 19:41:28 - models.plan_generator_nonwork - INFO -   Using shared POI spatial index: 6 activity types, 61,769 POIs
2026-10-03 19:41:28 - models.plan_generator_nonwork - INFO -   POI weighting enabled: True
2026-10-03 19:41:28 - models.plan_generator_nonwork - INFO - Initializing chain model...
2026-10-03 19:41:28 - models.plan_generator_nonwork - INFO -   Social: budget chain model, 151 main-purpose patterns
2026-10-03 19:41:28 - models.plan_generator_nonwork - INFO - Initializing GTFS transit availability...
2026-10-03 19:41:28 - models.plan_generator_nonwork - INFO -   GTFS availability rebuilt from shared data: bus=37083 stops, rail=634 stops
2026-10-03 19:41:28 - models.plan_generator_nonwork - INFO - Initializing mode choice model...
2026-10-03 19:41:28 - models.mode_choice - INFO - Computing mode shares from survey data...
2026-10-03 19:41:28 - models.mode_choice - INFO - Computed mode rates for 8 purposes
2026-10-03 19:41:28 - models.mode_choice - INFO -   Overall mode distribution: car=87.2%, walk=6.3%, school_bus=3.2%, bike=1.2%, bus=0.8%, rail=0.6%, rideshare=0.5%, other=0.3%
2026-10-03 19:41:28 - models.mode_choice - INFO - ModeChoiceModel initialized with 4 modes: ['car', 'bus', 'rail', 'walk']
2026-10-03 19:41:28 - models.plan_generator_nonwork - INFO - Creating Social OD matrix...
2026-10-03 19:41:28 - models.plan_generator_nonwork - INFO -   Using pre-computed POI-to-block mapping
2026-10-03 19:41:28 - models.od_matrix_nonwork - INFO - ======================================================================
2026-10-03 19:41:28 - models.od_matrix_nonwork - INFO - CREATING NON-WORK OD MATRIX - SOCIAL
2026-10-03 19:41:28 - models.od_matrix_nonwork - INFO - ======================================================================
2026-10-03 19:41:28 - models.od_matrix_nonwork - INFO - Configuration:
2026-10-03 19:41:28 - models.od_matrix_nonwork - INFO -   Beta (distance decay): 1.2
2026-10-03 19:41:28 - models.od_matrix_nonwork - INFO -   Alpha (survey weight): 0.1
2026-10-03 19:41:28 - models.od_matrix_nonwork - INFO -   Distance mode: cosine_km
2026-10-03 19:41:29 - models.od_matrix_nonwork - INFO - Calculating POI density for Social...
2026-10-03 19:41:29 - models.od_matrix_nonwork - INFO -   Total POIs to process: 61,769
2026-10-03 19:41:29 - models.od_matrix_nonwork - INFO -   Filtered to 12,760 Social POIs
2026-10-03 19:41:29 - models.od_matrix_nonwork - INFO -   Using pre-computed POI-to-block mapping (fast path)
2026-10-03 19:41:29 - models.od_matrix_nonwork - INFO -   POI assignment complete:
2026-10-03 19:41:29 - models.od_matrix_nonwork - INFO -     Blocks with POIs: 8,096
2026-10-03 19:41:29 - models.od_matrix_nonwork - INFO -     Total POIs assigned: 12,760
2026-10-03 19:41:29 - models.od_matrix_nonwork - INFO -     Avg POIs per block (non-zero): 1.6
2026-10-03 19:41:29 - models.od_matrix_nonwork - INFO - Creating survey OD matrix for Social...
2026-10-03 19:41:29 - models.od_matrix_nonwork - INFO -   Filtered to 1,155 trips (from 12,403 total)
2026-10-03 19:41:29 - models.od_matrix_nonwork - INFO -   Survey OD matrix created: (1, 1)
2026-10-03 19:41:29 - models.od_matrix_nonwork - INFO -   Total trips in survey matrix: 1,155
2026-10-03 19:41:29 - models.od_matrix_nonwork - INFO - ======================================================================
2026-10-03 19:41:29 - models.od_matrix_nonwork - INFO - SINGLY-CONSTRAINED GRAVITY MODEL - SOCIAL
2026-10-03 19:41:29 - models.od_matrix_nonwork - INFO - ======================================================================
2026-10-03 19:41:29 - models.od_matrix_nonwork - INFO - Origins from the demand budget ('nw_origin_Social' per home block)
2026-10-03 19:41:29 - models.od_matrix_nonwork - INFO -   Pre-aggregated 91,136 blocks -> 5,044 block_groups (home)
2026-10-03 19:41:29 - models.od_matrix_nonwork - INFO -   Pre-aggregated POI blocks -> 3,420 block_groups with POIs
2026-10-03 19:41:29 - models.od_matrix_nonwork - INFO - Number of home block_groups: 5044
2026-10-03 19:41:29 - models.od_matrix_nonwork - INFO - Number of destination block_groups (with POIs): 3420
2026-10-03 19:41:29 - models.od_matrix_nonwork - INFO - Distance decay beta: 1.2
2026-10-03 19:41:29 - models.od_matrix_nonwork - INFO - Total non-employees (base): 3,720,462
2026-10-03 19:41:29 - models.od_matrix_nonwork - INFO - Total travelers (demand budget): 1,332,794
2026-10-03 19:41:29 - models.od_matrix_nonwork - INFO - Total POIs (destination): 12,760
2026-10-03 19:41:29 - models.od_matrix_nonwork - INFO - Extracting coordinates...
2026-10-03 19:41:29 - models.od_matrix_nonwork - INFO - Calculating distances and friction factors (mode: cosine_km)...
2026-10-03 19:41:29 - models.od_matrix_v3 - INFO -   Intrazonal distance set from zone area on 3,420 diagonal cells (factor 0.5): median 0 m -> 190 m
2026-10-03 19:41:29 - models.od_matrix_nonwork - INFO -   Distances in km: median 29.01, min 0.050, max 121.9
2026-10-03 19:41:30 - models.od_matrix_nonwork - INFO - Initial gravity model total trips: 1,332,794
2026-10-03 19:41:30 - models.od_matrix_nonwork - INFO - 
Running IPF iterations (max 50)...
2026-10-03 19:41:30 - models.od_matrix_nonwork - INFO -   Iteration 1: Max relative difference = 4.42e-16
2026-10-03 19:41:30 - models.od_matrix_nonwork - INFO - Converged after 1 iterations
2026-10-03 19:41:30 - models.od_matrix_nonwork - INFO - ======================================================================
2026-10-03 19:41:30 - models.od_matrix_nonwork - INFO - VERIFICATION
2026-10-03 19:41:30 - models.od_matrix_nonwork - INFO - ======================================================================
2026-10-03 19:41:30 - models.od_matrix_nonwork - INFO - Origin total: 1,332,794 | Matrix row sum: 1,332,794
2026-10-03 19:41:30 - models.od_matrix_nonwork - INFO - Max row constraint error: 2.27e-13
2026-10-03 19:41:30 - models.od_matrix_nonwork - INFO - Total trips in gravity model: 1,332,794
2026-10-03 19:41:30 - models.od_matrix_nonwork - INFO - 
2026-10-03 19:41:30 - models.od_matrix_nonwork - INFO -   Gravity model (block-group level): (5044, 3420)
2026-10-03 19:41:30 - models.od_matrix_nonwork - INFO -   Survey matrix: (1, 1)
2026-10-03 19:41:30 - models.od_matrix_nonwork - INFO - 
Combining survey and gravity models...
2026-10-03 19:41:30 - models.od_matrix_v3 - INFO - ======================================================================
2026-10-03 19:41:30 - models.od_matrix_v3 - INFO - COMBINING OD MATRICES
2026-10-03 19:41:30 - models.od_matrix_v3 - INFO - ======================================================================
2026-10-03 19:41:30 - models.od_matrix_v3 - INFO - Survey matrix shape: (1, 1)
2026-10-03 19:41:30 - models.od_matrix_v3 - INFO - Local matrix shape: (5044, 3420)
2026-10-03 19:41:30 - models.od_matrix_v3 - INFO - Alpha (survey weight): 0.10
2026-10-03 19:41:30 - models.od_matrix_v3 - INFO - Local weight: 0.90
2026-10-03 19:41:30 - models.od_matrix_v3 - INFO - Aligning survey to local matrix structure...
2026-10-03 19:41:30 - models.od_matrix_v3 - INFO - Combining matrices (alpha blend where survey exists, local only where survey is empty)...
2026-10-03 19:41:31 - models.od_matrix_v3 - INFO - No scaling target specified. Using local matrix total: 1,332,794
2026-10-03 19:41:31 - models.od_matrix_v3 - INFO - Matrix total before scaling: 1,332,794
2026-10-03 19:41:31 - models.od_matrix_v3 - INFO - Scale factor: 1.000000
2026-10-03 19:41:31 - models.od_matrix_v3 - INFO - Applying robust rounding to guarantee target total...
2026-10-03 19:41:31 - models.od_matrix_v3 - INFO - Total after flooring: 244,857
2026-10-03 19:41:31 - models.od_matrix_v3 - INFO - Remainder to distribute: 1,087,937
2026-10-03 19:41:33 - models.od_matrix_v3 - INFO - ======================================================================
2026-10-03 19:41:33 - models.od_matrix_v3 - INFO - VERIFICATION
2026-10-03 19:41:33 - models.od_matrix_v3 - INFO - ======================================================================
2026-10-03 19:41:33 - models.od_matrix_v3 - INFO - Survey total trips: 1,155
2026-10-03 19:41:33 - models.od_matrix_v3 - INFO - Local total trips: 1,332,794
2026-10-03 19:41:33 - models.od_matrix_v3 - INFO - Combined total trips (before scaling): 1,332,794
2026-10-03 19:41:33 - models.od_matrix_v3 - INFO - Combined total trips (after scaling & rounding): 1,332,794
2026-10-03 19:41:33 - models.od_matrix_v3 - INFO - Target total: 1,332,794
2026-10-03 19:41:33 - models.od_matrix_v3 - INFO - Difference: 0
2026-10-03 19:41:33 - models.od_matrix_v3 - INFO - Combined matrix shape: (5044, 3420)
2026-10-03 19:41:33 - models.od_matrix_nonwork - INFO - ======================================================================
2026-10-03 19:41:33 - models.od_matrix_nonwork - INFO - NONWORK OD MATRIX CREATION COMPLETE - SOCIAL
2026-10-03 19:41:33 - models.od_matrix_nonwork - INFO - ======================================================================
2026-10-03 19:41:33 - models.plan_generator_nonwork - INFO -   OD matrix shape: (5044, 3420)
2026-10-03 19:41:33 - models.plan_generator_nonwork - INFO -   Unscaled total trips: 1,332,794
2026-10-03 19:41:33 - models.plan_generator_nonwork - INFO -   Scaling factor: 0.2
2026-10-03 19:41:33 - models.plan_generator_nonwork - INFO -   Scaled total trips: 266,884
2026-10-03 19:41:33 - models.plan_generator_nonwork - INFO - NonWorkPlanGenerator initialization complete
2026-10-03 19:41:33 - models.plan_generator_nonwork - INFO - ============================================================
2026-10-03 19:41:33 - models.plan_generator_nonwork - INFO - SOCIAL PLAN GENERATION
2026-10-03 19:41:33 - models.plan_generator_nonwork - INFO - ============================================================
2026-10-03 19:41:33 - models.plan_generator_nonwork - INFO -   Population base (non-employees in region): 3,720,462
2026-10-03 19:41:33 - models.plan_generator_nonwork - INFO -   Unscaled Social trips: 1,332,794
2026-10-03 19:41:33 - models.plan_generator_nonwork - INFO -   Scaling factor: 0.2
2026-10-03 19:41:33 - models.plan_generator_nonwork - INFO -   Scaled Social trips: 266,884
2026-10-03 19:41:33 - models.plan_generator_nonwork - INFO -   Expected scaled trips: 266,559
2026-10-03 19:41:33 - models.plan_generator_nonwork - INFO -   Scaling accuracy: 100.1%
2026-10-03 19:41:33 - models.plan_generator_nonwork - INFO - 
2026-10-03 19:41:33 - models.plan_generator_nonwork - INFO - Generating all Social plans using multiprocessing...
2026-10-03 19:41:34 - models.plan_generator_nonwork - INFO -   Using all 266,884 trips from scaled OD matrix
2026-10-03 19:41:34 - models.plan_generator_nonwork - INFO - Using 60 processes for Social plan generation
2026-10-03 19:41:34 - models.plan_generator_nonwork - INFO - Pre-loading data for Social multiprocessing...
2026-10-03 19:41:34 - models.plan_generator_nonwork - INFO -   Serialized GTFS stop data for workers: bus=37083 stops, rail=634 stops
2026-10-03 19:41:34 - models.plan_generator_nonwork - INFO -   Prepared shared data with 91,136 home blocks
2026-10-03 19:41:34 - models.plan_generator_nonwork - INFO -   POI categories: 6
2026-10-03 19:41:34 - models.plan_generator_nonwork - INFO -   Chain patterns: 151
2026-10-03 19:41:34 - models.plan_generator_nonwork - INFO - Split 253889 OD pairs into 61 chunks
2026-10-03 19:50:52 - models.plan_generator_nonwork - INFO - 
2026-10-03 19:50:52 - models.plan_generator_nonwork - INFO - Social GENERATION COMPLETE
2026-10-03 19:50:52 - models.plan_generator_nonwork - INFO -   Plans generated: 266,884
2026-10-03 19:50:52 - models.plan_generator_nonwork - INFO -   Failed plans: 0
2026-10-03 19:50:52 - models.plan_generator_nonwork - INFO -   Chain retries: 59,444 / 326,329 attempts
2026-10-03 19:50:52 - models.plan_generator_nonwork - INFO -     Too short: 59,444
2026-10-03 19:50:52 - models.plan_generator_nonwork - INFO -     Bad structure (not Home-...-Home): 0
2026-10-03 19:50:52 - models.plan_generator_nonwork - INFO -     Missing purpose: 0
2026-10-03 19:50:52 - models.plan_generator_nonwork - INFO -     Contains Work: 0
2026-10-03 19:50:52 - models.plan_generator_nonwork - INFO -   POI retries: 393
2026-10-03 19:50:52 - models.plan_generator_nonwork - INFO -   Time retries: 1
2026-10-03 19:50:52 - models.plan_generator_nonwork - INFO -   Schedules built: 316,544
2026-10-03 19:50:52 - models.plan_generator_nonwork - INFO -     Trimmed to fit 24h: 1,561 (0.49%)
2026-10-03 19:50:52 - models.plan_generator_nonwork - INFO -     Dropped, over budget: 1 (0.00%)
2026-10-03 19:50:52 - models.plan_generator_nonwork - INFO -     Resampled, over budget (over_budget=resample): 49,659
2026-10-03 19:50:52 - models.plan_generator_nonwork - INFO -     Excess per trimmed schedule: mean 441.9 min, max 2021.8 min
2026-10-03 19:50:52 - models.plan_generator_nonwork - INFO -     Minutes actually removed: 666,807 total, mean 427.2 min
2026-10-03 19:50:52 - models.plan_generator_nonwork - INFO - ============================================================
2026-10-03 19:50:52 - models.mode_choice - INFO - ==================================================
2026-10-03 19:50:52 - models.mode_choice - INFO - MODE CHOICE STATISTICS
2026-10-03 19:50:52 - models.mode_choice - INFO - ==================================================
2026-10-03 19:50:52 - models.mode_choice - INFO -   Total mode choices: 883916
2026-10-03 19:50:52 - models.mode_choice - INFO -   Fallback mode used: 0 times
2026-10-03 19:50:52 - models.mode_choice - INFO -   Chain retries: 0
2026-10-03 19:50:52 - models.mode_choice - INFO -   Mode distribution in generated plans:
2026-10-03 19:50:52 - models.mode_choice - INFO -     car: 89.8%
2026-10-03 19:50:52 - models.mode_choice - INFO -     bus: 5.6%
2026-10-03 19:50:52 - models.mode_choice - INFO -     rail: 3.5%
2026-10-03 19:50:52 - models.mode_choice - INFO -     walk: 1.0%
2026-10-03 19:50:52 - models.mode_choice - INFO - ==================================================
2026-10-03 19:50:52 - __main__ - INFO - Generated 266,884 Social plans
2026-10-03 19:50:52 - __main__ - INFO - 
2026-10-03 19:50:52 - __main__ - INFO - ------------------------------------------------------------
2026-10-03 19:50:52 - __main__ - INFO - GENERATING DINING PLANS
2026-10-03 19:50:52 - __main__ - INFO - ------------------------------------------------------------
2026-10-03 19:50:52 - models.plan_generator_nonwork - INFO - Initialized NonWorkPlanGenerator for Dining
2026-10-03 19:50:52 - utils.coordinates - INFO - Initialized coordinate converter: EPSG:4326 <-> EPSG:26916
2026-10-03 19:50:52 - models.plan_generator_nonwork - INFO -   Coordinate system: WGS84 -> EPSG:26916
2026-10-03 19:50:52 - models.plan_generator_nonwork - INFO - Using pre-loaded shared data...
2026-10-03 19:50:52 - models.plan_generator_nonwork - INFO -   Using 91,136 home blocks (pre-loaded)
2026-10-03 19:50:52 - models.plan_generator_nonwork - INFO -   Using 61,769 POIs (pre-loaded)
2026-10-03 19:50:52 - models.plan_generator_nonwork - INFO -   Using 12,403 survey trips (pre-loaded)
2026-10-03 19:50:52 - models.plan_generator_nonwork - INFO -   Using 4,172 persons (pre-loaded)
2026-10-03 19:50:52 - models.plan_generator_nonwork - INFO -   Using 787 trip chains (pre-loaded)
2026-10-03 19:50:52 - models.plan_generator_nonwork - INFO -   Using 61,769 POI-to-block mappings (pre-computed)
2026-10-03 19:50:52 - models.plan_generator_nonwork - INFO -   Using shared trip duration model (pre-initialized)
2026-10-03 19:50:52 - models.plan_generator_nonwork - INFO -   Using shared activity duration model (pre-initialized)
2026-10-03 19:50:52 - models.plan_generator_nonwork - INFO -   Using shared POI spatial index (pre-built)
2026-10-03 19:50:52 - models.plan_generator_nonwork - INFO - Initializing time models...
2026-10-03 19:50:52 - models.plan_generator_nonwork - INFO -   Using shared trip duration model
2026-10-03 19:50:52 - models.plan_generator_nonwork - INFO -   Using shared activity duration model
2026-10-03 19:50:52 - models.plan_generator_nonwork - INFO -   Time models initialized
2026-10-03 19:50:52 - models.plan_generator_nonwork - INFO -   Average trip duration: 20.4 minutes
2026-10-03 19:50:52 - models.plan_generator_nonwork - INFO - Initializing POI components...
2026-10-03 19:50:52 - models.plan_generator_nonwork - INFO -   Using shared POI spatial index: 6 activity types, 61,769 POIs
2026-10-03 19:50:52 - models.plan_generator_nonwork - INFO -   POI weighting enabled: True
2026-10-03 19:50:52 - models.plan_generator_nonwork - INFO - Initializing chain model...
2026-10-03 19:50:52 - models.plan_generator_nonwork - INFO -   Dining: budget chain model, 75 main-purpose patterns
2026-10-03 19:50:52 - models.plan_generator_nonwork - INFO - Initializing GTFS transit availability...
2026-10-03 19:50:53 - models.plan_generator_nonwork - INFO -   GTFS availability rebuilt from shared data: bus=37083 stops, rail=634 stops
2026-10-03 19:50:53 - models.plan_generator_nonwork - INFO - Initializing mode choice model...
2026-10-03 19:50:53 - models.mode_choice - INFO - Computing mode shares from survey data...
2026-10-03 19:50:53 - models.mode_choice - INFO - Computed mode rates for 8 purposes
2026-10-03 19:50:53 - models.mode_choice - INFO -   Overall mode distribution: car=87.2%, walk=6.3%, school_bus=3.2%, bike=1.2%, bus=0.8%, rail=0.6%, rideshare=0.5%, other=0.3%
2026-10-03 19:50:53 - models.mode_choice - INFO - ModeChoiceModel initialized with 4 modes: ['car', 'bus', 'rail', 'walk']
2026-10-03 19:50:53 - models.plan_generator_nonwork - INFO - Creating Dining OD matrix...
2026-10-03 19:50:53 - models.plan_generator_nonwork - INFO -   Using pre-computed POI-to-block mapping
2026-10-03 19:50:53 - models.od_matrix_nonwork - INFO - ======================================================================
2026-10-03 19:50:53 - models.od_matrix_nonwork - INFO - CREATING NON-WORK OD MATRIX - DINING
2026-10-03 19:50:53 - models.od_matrix_nonwork - INFO - ======================================================================
2026-10-03 19:50:53 - models.od_matrix_nonwork - INFO - Configuration:
2026-10-03 19:50:53 - models.od_matrix_nonwork - INFO -   Beta (distance decay): 1.2
2026-10-03 19:50:53 - models.od_matrix_nonwork - INFO -   Alpha (survey weight): 0.1
2026-10-03 19:50:53 - models.od_matrix_nonwork - INFO -   Distance mode: cosine_km
2026-10-03 19:50:53 - models.od_matrix_nonwork - INFO - Calculating POI density for Dining...
2026-10-03 19:50:53 - models.od_matrix_nonwork - INFO -   Total POIs to process: 61,769
2026-10-03 19:50:53 - models.od_matrix_nonwork - INFO -   Filtered to 11,167 Dining POIs
2026-10-03 19:50:53 - models.od_matrix_nonwork - INFO -   Using pre-computed POI-to-block mapping (fast path)
2026-10-03 19:50:53 - models.od_matrix_nonwork - INFO -   POI assignment complete:
2026-10-03 19:50:53 - models.od_matrix_nonwork - INFO -     Blocks with POIs: 5,297
2026-10-03 19:50:53 - models.od_matrix_nonwork - INFO -     Total POIs assigned: 11,167
2026-10-03 19:50:53 - models.od_matrix_nonwork - INFO -     Avg POIs per block (non-zero): 2.1
2026-10-03 19:50:53 - models.od_matrix_nonwork - INFO - Creating survey OD matrix for Dining...
2026-10-03 19:50:53 - models.od_matrix_nonwork - INFO -   Filtered to 776 trips (from 12,403 total)
2026-10-03 19:50:53 - models.od_matrix_nonwork - INFO -   Survey OD matrix created: (1, 1)
2026-10-03 19:50:53 - models.od_matrix_nonwork - INFO -   Total trips in survey matrix: 776
2026-10-03 19:50:53 - models.od_matrix_nonwork - INFO - ======================================================================
2026-10-03 19:50:53 - models.od_matrix_nonwork - INFO - SINGLY-CONSTRAINED GRAVITY MODEL - DINING
2026-10-03 19:50:53 - models.od_matrix_nonwork - INFO - ======================================================================
2026-10-03 19:50:53 - models.od_matrix_nonwork - INFO - Origins from the demand budget ('nw_origin_Dining' per home block)
2026-10-03 19:50:53 - models.od_matrix_nonwork - INFO -   Pre-aggregated 91,136 blocks -> 5,044 block_groups (home)
2026-10-03 19:50:53 - models.od_matrix_nonwork - INFO -   Pre-aggregated POI blocks -> 2,529 block_groups with POIs
2026-10-03 19:50:53 - models.od_matrix_nonwork - INFO - Number of home block_groups: 5044
2026-10-03 19:50:53 - models.od_matrix_nonwork - INFO - Number of destination block_groups (with POIs): 2529
2026-10-03 19:50:53 - models.od_matrix_nonwork - INFO - Distance decay beta: 1.2
2026-10-03 19:50:53 - models.od_matrix_nonwork - INFO - Total non-employees (base): 3,720,462
2026-10-03 19:50:53 - models.od_matrix_nonwork - INFO - Total travelers (demand budget): 666,748
2026-10-03 19:50:53 - models.od_matrix_nonwork - INFO - Total POIs (destination): 11,167
2026-10-03 19:50:53 - models.od_matrix_nonwork - INFO - Extracting coordinates...
2026-10-03 19:50:53 - models.od_matrix_nonwork - INFO - Calculating distances and friction factors (mode: cosine_km)...
2026-10-03 19:50:54 - models.od_matrix_v3 - INFO -   Intrazonal distance set from zone area on 2,529 diagonal cells (factor 0.5): median 0 m -> 160 m
2026-10-03 19:50:54 - models.od_matrix_nonwork - INFO -   Distances in km: median 26.93, min 0.050, max 122.4
2026-10-03 19:50:54 - models.od_matrix_nonwork - INFO - Initial gravity model total trips: 666,748
2026-10-03 19:50:54 - models.od_matrix_nonwork - INFO - 
Running IPF iterations (max 50)...
2026-10-03 19:50:54 - models.od_matrix_nonwork - INFO -   Iteration 1: Max relative difference = 4.66e-16
2026-10-03 19:50:54 - models.od_matrix_nonwork - INFO - Converged after 1 iterations
2026-10-03 19:50:54 - models.od_matrix_nonwork - INFO - ======================================================================
2026-10-03 19:50:54 - models.od_matrix_nonwork - INFO - VERIFICATION
2026-10-03 19:50:54 - models.od_matrix_nonwork - INFO - ======================================================================
2026-10-03 19:50:54 - models.od_matrix_nonwork - INFO - Origin total: 666,748 | Matrix row sum: 666,748
2026-10-03 19:50:54 - models.od_matrix_nonwork - INFO - Max row constraint error: 1.14e-13
2026-10-03 19:50:54 - models.od_matrix_nonwork - INFO - Total trips in gravity model: 666,748
2026-10-03 19:50:54 - models.od_matrix_nonwork - INFO - 
2026-10-03 19:50:54 - models.od_matrix_nonwork - INFO -   Gravity model (block-group level): (5044, 2529)
2026-10-03 19:50:54 - models.od_matrix_nonwork - INFO -   Survey matrix: (1, 1)
2026-10-03 19:50:54 - models.od_matrix_nonwork - INFO - 
Combining survey and gravity models...
2026-10-03 19:50:54 - models.od_matrix_v3 - INFO - ======================================================================
2026-10-03 19:50:54 - models.od_matrix_v3 - INFO - COMBINING OD MATRICES
2026-10-03 19:50:54 - models.od_matrix_v3 - INFO - ======================================================================
2026-10-03 19:50:54 - models.od_matrix_v3 - INFO - Survey matrix shape: (1, 1)
2026-10-03 19:50:54 - models.od_matrix_v3 - INFO - Local matrix shape: (5044, 2529)
2026-10-03 19:50:54 - models.od_matrix_v3 - INFO - Alpha (survey weight): 0.10
2026-10-03 19:50:54 - models.od_matrix_v3 - INFO - Local weight: 0.90
2026-10-03 19:50:54 - models.od_matrix_v3 - INFO - Aligning survey to local matrix structure...
2026-10-03 19:50:54 - models.od_matrix_v3 - INFO - Combining matrices (alpha blend where survey exists, local only where survey is empty)...
2026-10-03 19:50:55 - models.od_matrix_v3 - INFO - No scaling target specified. Using local matrix total: 666,747
2026-10-03 19:50:55 - models.od_matrix_v3 - INFO - Matrix total before scaling: 666,748
2026-10-03 19:50:55 - models.od_matrix_v3 - INFO - Scale factor: 0.999999
2026-10-03 19:50:55 - models.od_matrix_v3 - INFO - Applying robust rounding to guarantee target total...
2026-10-03 19:50:55 - models.od_matrix_v3 - INFO - Total after flooring: 101,065
2026-10-03 19:50:55 - models.od_matrix_v3 - INFO - Remainder to distribute: 565,682
2026-10-03 19:50:56 - models.od_matrix_v3 - INFO - ======================================================================
2026-10-03 19:50:56 - models.od_matrix_v3 - INFO - VERIFICATION
2026-10-03 19:50:56 - models.od_matrix_v3 - INFO - ======================================================================
2026-10-03 19:50:56 - models.od_matrix_v3 - INFO - Survey total trips: 776
2026-10-03 19:50:56 - models.od_matrix_v3 - INFO - Local total trips: 666,748
2026-10-03 19:50:56 - models.od_matrix_v3 - INFO - Combined total trips (before scaling): 666,748
2026-10-03 19:50:56 - models.od_matrix_v3 - INFO - Combined total trips (after scaling & rounding): 666,747
2026-10-03 19:50:56 - models.od_matrix_v3 - INFO - Target total: 666,747
2026-10-03 19:50:56 - models.od_matrix_v3 - INFO - Difference: 0
2026-10-03 19:50:56 - models.od_matrix_v3 - INFO - Combined matrix shape: (5044, 2529)
2026-10-03 19:50:56 - models.od_matrix_nonwork - INFO - ======================================================================
2026-10-03 19:50:56 - models.od_matrix_nonwork - INFO - NONWORK OD MATRIX CREATION COMPLETE - DINING
2026-10-03 19:50:56 - models.od_matrix_nonwork - INFO - ======================================================================
2026-10-03 19:50:56 - models.plan_generator_nonwork - INFO -   OD matrix shape: (5044, 2529)
2026-10-03 19:50:56 - models.plan_generator_nonwork - INFO -   Unscaled total trips: 666,747
2026-10-03 19:50:56 - models.plan_generator_nonwork - INFO -   Scaling factor: 0.2
2026-10-03 19:50:57 - models.plan_generator_nonwork - INFO -   Scaled total trips: 133,593
2026-10-03 19:50:57 - models.plan_generator_nonwork - INFO - NonWorkPlanGenerator initialization complete
2026-10-03 19:50:57 - models.plan_generator_nonwork - INFO - ============================================================
2026-10-03 19:50:57 - models.plan_generator_nonwork - INFO - DINING PLAN GENERATION
2026-10-03 19:50:57 - models.plan_generator_nonwork - INFO - ============================================================
2026-10-03 19:50:57 - models.plan_generator_nonwork - INFO -   Population base (non-employees in region): 3,720,462
2026-10-03 19:50:57 - models.plan_generator_nonwork - INFO -   Unscaled Dining trips: 666,747
2026-10-03 19:50:57 - models.plan_generator_nonwork - INFO -   Scaling factor: 0.2
2026-10-03 19:50:57 - models.plan_generator_nonwork - INFO -   Scaled Dining trips: 133,593
2026-10-03 19:50:57 - models.plan_generator_nonwork - INFO -   Expected scaled trips: 133,349
2026-10-03 19:50:57 - models.plan_generator_nonwork - INFO -   Scaling accuracy: 100.2%
2026-10-03 19:50:57 - models.plan_generator_nonwork - INFO - 
2026-10-03 19:50:57 - models.plan_generator_nonwork - INFO - Generating all Dining plans using multiprocessing...
2026-10-03 19:50:57 - models.plan_generator_nonwork - INFO -   Using all 133,593 trips from scaled OD matrix
2026-10-03 19:50:57 - models.plan_generator_nonwork - INFO - Using 60 processes for Dining plan generation
2026-10-03 19:50:57 - models.plan_generator_nonwork - INFO - Pre-loading data for Dining multiprocessing...
2026-10-03 19:50:57 - models.plan_generator_nonwork - INFO -   Serialized GTFS stop data for workers: bus=37083 stops, rail=634 stops
2026-10-03 19:50:57 - models.plan_generator_nonwork - INFO -   Prepared shared data with 91,136 home blocks
2026-10-03 19:50:57 - models.plan_generator_nonwork - INFO -   POI categories: 6
2026-10-03 19:50:57 - models.plan_generator_nonwork - INFO -   Chain patterns: 75
2026-10-03 19:50:57 - models.plan_generator_nonwork - INFO - Split 129041 OD pairs into 61 chunks
2026-10-03 19:58:09 - models.plan_generator_nonwork - INFO - 
2026-10-03 19:58:09 - models.plan_generator_nonwork - INFO - Dining GENERATION COMPLETE
2026-10-03 19:58:09 - models.plan_generator_nonwork - INFO -   Plans generated: 133,593
2026-10-03 19:58:09 - models.plan_generator_nonwork - INFO -   Failed plans: 0
2026-10-03 19:58:09 - models.plan_generator_nonwork - INFO -   Chain retries: 2,899 / 136,492 attempts
2026-10-03 19:58:09 - models.plan_generator_nonwork - INFO -     Too short: 2,899
2026-10-03 19:58:09 - models.plan_generator_nonwork - INFO -     Bad structure (not Home-...-Home): 0
2026-10-03 19:58:09 - models.plan_generator_nonwork - INFO -     Missing purpose: 0
2026-10-03 19:58:09 - models.plan_generator_nonwork - INFO -     Contains Work: 0
2026-10-03 19:58:09 - models.plan_generator_nonwork - INFO -   POI retries: 113
2026-10-03 19:58:09 - models.plan_generator_nonwork - INFO -   Time retries: 0
2026-10-03 19:58:09 - models.plan_generator_nonwork - INFO -   Schedules built: 139,335
2026-10-03 19:58:09 - models.plan_generator_nonwork - INFO -     Trimmed to fit 24h: 31 (0.02%)
2026-10-03 19:58:09 - models.plan_generator_nonwork - INFO -     Dropped, over budget: 0 (0.00%)
2026-10-03 19:58:09 - models.plan_generator_nonwork - INFO -     Resampled, over budget (over_budget=resample): 5,742
2026-10-03 19:58:09 - models.plan_generator_nonwork - INFO -     Excess per trimmed schedule: mean 259.6 min, max 853.4 min
2026-10-03 19:58:09 - models.plan_generator_nonwork - INFO -     Minutes actually removed: 7,915 total, mean 255.3 min
2026-10-03 19:58:09 - models.plan_generator_nonwork - INFO - ============================================================
2026-10-03 19:58:09 - models.mode_choice - INFO - ==================================================
2026-10-03 19:58:09 - models.mode_choice - INFO - MODE CHOICE STATISTICS
2026-10-03 19:58:09 - models.mode_choice - INFO - ==================================================
2026-10-03 19:58:09 - models.mode_choice - INFO -   Total mode choices: 390333
2026-10-03 19:58:09 - models.mode_choice - INFO -   Fallback mode used: 0 times
2026-10-03 19:58:09 - models.mode_choice - INFO -   Chain retries: 0
2026-10-03 19:58:09 - models.mode_choice - INFO -   Mode distribution in generated plans:
2026-10-03 19:58:09 - models.mode_choice - INFO -     car: 88.9%
2026-10-03 19:58:09 - models.mode_choice - INFO -     bus: 6.2%
2026-10-03 19:58:09 - models.mode_choice - INFO -     rail: 4.1%
2026-10-03 19:58:09 - models.mode_choice - INFO -     walk: 0.8%
2026-10-03 19:58:09 - models.mode_choice - INFO - ==================================================
2026-10-03 19:58:09 - __main__ - INFO - Generated 133,593 Dining plans
2026-10-03 19:58:09 - __main__ - INFO - 
2026-10-03 19:58:09 - __main__ - INFO - ------------------------------------------------------------
2026-10-03 19:58:09 - __main__ - INFO - GENERATING OTHER PLANS
2026-10-03 19:58:09 - __main__ - INFO - ------------------------------------------------------------
2026-10-03 19:58:09 - models.plan_generator_nonwork - INFO - Initialized NonWorkPlanGenerator for Other
2026-10-03 19:58:09 - utils.coordinates - INFO - Initialized coordinate converter: EPSG:4326 <-> EPSG:26916
2026-10-03 19:58:09 - models.plan_generator_nonwork - INFO -   Coordinate system: WGS84 -> EPSG:26916
2026-10-03 19:58:09 - models.plan_generator_nonwork - INFO - Using pre-loaded shared data...
2026-10-03 19:58:09 - models.plan_generator_nonwork - INFO -   Using 91,136 home blocks (pre-loaded)
2026-10-03 19:58:09 - models.plan_generator_nonwork - INFO -   Using 61,769 POIs (pre-loaded)
2026-10-03 19:58:09 - models.plan_generator_nonwork - INFO -   Using 12,403 survey trips (pre-loaded)
2026-10-03 19:58:09 - models.plan_generator_nonwork - INFO -   Using 4,172 persons (pre-loaded)
2026-10-03 19:58:09 - models.plan_generator_nonwork - INFO -   Using 787 trip chains (pre-loaded)
2026-10-03 19:58:09 - models.plan_generator_nonwork - INFO -   Using 61,769 POI-to-block mappings (pre-computed)
2026-10-03 19:58:09 - models.plan_generator_nonwork - INFO -   Using shared trip duration model (pre-initialized)
2026-10-03 19:58:09 - models.plan_generator_nonwork - INFO -   Using shared activity duration model (pre-initialized)
2026-10-03 19:58:09 - models.plan_generator_nonwork - INFO -   Using shared POI spatial index (pre-built)
2026-10-03 19:58:09 - models.plan_generator_nonwork - INFO - Initializing time models...
2026-10-03 19:58:09 - models.plan_generator_nonwork - INFO -   Using shared trip duration model
2026-10-03 19:58:09 - models.plan_generator_nonwork - INFO -   Using shared activity duration model
2026-10-03 19:58:09 - models.plan_generator_nonwork - INFO -   Time models initialized
2026-10-03 19:58:09 - models.plan_generator_nonwork - INFO -   Average trip duration: 20.4 minutes
2026-10-03 19:58:09 - models.plan_generator_nonwork - INFO - Initializing POI components...
2026-10-03 19:58:09 - models.plan_generator_nonwork - INFO -   Using shared POI spatial index: 6 activity types, 61,769 POIs
2026-10-03 19:58:09 - models.plan_generator_nonwork - INFO -   POI weighting enabled: True
2026-10-03 19:58:09 - models.plan_generator_nonwork - INFO - Initializing chain model...
2026-10-03 19:58:09 - models.plan_generator_nonwork - INFO -   Other: budget chain model, 67 main-purpose patterns
2026-10-03 19:58:09 - models.plan_generator_nonwork - INFO - Initializing GTFS transit availability...
2026-10-03 19:58:10 - models.plan_generator_nonwork - INFO -   GTFS availability rebuilt from shared data: bus=37083 stops, rail=634 stops
2026-10-03 19:58:10 - models.plan_generator_nonwork - INFO - Initializing mode choice model...
2026-10-03 19:58:10 - models.mode_choice - INFO - Computing mode shares from survey data...
2026-10-03 19:58:10 - models.mode_choice - INFO - Computed mode rates for 8 purposes
2026-10-03 19:58:10 - models.mode_choice - INFO -   Overall mode distribution: car=87.2%, walk=6.3%, school_bus=3.2%, bike=1.2%, bus=0.8%, rail=0.6%, rideshare=0.5%, other=0.3%
2026-10-03 19:58:10 - models.mode_choice - INFO - ModeChoiceModel initialized with 4 modes: ['car', 'bus', 'rail', 'walk']
2026-10-03 19:58:10 - models.plan_generator_nonwork - INFO - Creating Other OD matrix...
2026-10-03 19:58:10 - models.plan_generator_nonwork - INFO -   Using pre-computed POI-to-block mapping
2026-10-03 19:58:10 - models.od_matrix_nonwork - INFO - ======================================================================
2026-10-03 19:58:10 - models.od_matrix_nonwork - INFO - CREATING NON-WORK OD MATRIX - OTHER
2026-10-03 19:58:10 - models.od_matrix_nonwork - INFO - ======================================================================
2026-10-03 19:58:10 - models.od_matrix_nonwork - INFO - Configuration:
2026-10-03 19:58:10 - models.od_matrix_nonwork - INFO -   Beta (distance decay): 1.2
2026-10-03 19:58:10 - models.od_matrix_nonwork - INFO -   Alpha (survey weight): 0.1
2026-10-03 19:58:10 - models.od_matrix_nonwork - INFO -   Distance mode: cosine_km
2026-10-03 19:58:10 - models.od_matrix_nonwork - INFO - Calculating POI density for Other...
2026-10-03 19:58:10 - models.od_matrix_nonwork - INFO -   Total POIs to process: 61,769
2026-10-03 19:58:10 - models.od_matrix_nonwork - INFO -   Filtered to 28,291 Other POIs
2026-10-03 19:58:10 - models.od_matrix_nonwork - INFO -   Using pre-computed POI-to-block mapping (fast path)
2026-10-03 19:58:10 - models.od_matrix_nonwork - INFO -   POI assignment complete:
2026-10-03 19:58:10 - models.od_matrix_nonwork - INFO -     Blocks with POIs: 13,005
2026-10-03 19:58:10 - models.od_matrix_nonwork - INFO -     Total POIs assigned: 28,291
2026-10-03 19:58:10 - models.od_matrix_nonwork - INFO -     Avg POIs per block (non-zero): 2.2
2026-10-03 19:58:10 - models.od_matrix_nonwork - INFO - Creating survey OD matrix for Other...
2026-10-03 19:58:10 - models.od_matrix_nonwork - INFO -   Filtered to 522 trips (from 12,403 total)
2026-10-03 19:58:10 - models.od_matrix_nonwork - INFO -   Survey OD matrix created: (1, 1)
2026-10-03 19:58:10 - models.od_matrix_nonwork - INFO -   Total trips in survey matrix: 522
2026-10-03 19:58:10 - models.od_matrix_nonwork - INFO - ======================================================================
2026-10-03 19:58:10 - models.od_matrix_nonwork - INFO - SINGLY-CONSTRAINED GRAVITY MODEL - OTHER
2026-10-03 19:58:10 - models.od_matrix_nonwork - INFO - ======================================================================
2026-10-03 19:58:10 - models.od_matrix_nonwork - INFO - Origins from the demand budget ('nw_origin_Other' per home block)
2026-10-03 19:58:10 - models.od_matrix_nonwork - INFO -   Pre-aggregated 91,136 blocks -> 5,044 block_groups (home)
2026-10-03 19:58:10 - models.od_matrix_nonwork - INFO -   Pre-aggregated POI blocks -> 4,026 block_groups with POIs
2026-10-03 19:58:10 - models.od_matrix_nonwork - INFO - Number of home block_groups: 5044
2026-10-03 19:58:10 - models.od_matrix_nonwork - INFO - Number of destination block_groups (with POIs): 4026
2026-10-03 19:58:10 - models.od_matrix_nonwork - INFO - Distance decay beta: 1.2
2026-10-03 19:58:10 - models.od_matrix_nonwork - INFO - Total non-employees (base): 3,720,462
2026-10-03 19:58:10 - models.od_matrix_nonwork - INFO - Total travelers (demand budget): 606,446
2026-10-03 19:58:10 - models.od_matrix_nonwork - INFO - Total POIs (destination): 28,291
2026-10-03 19:58:10 - models.od_matrix_nonwork - INFO - Extracting coordinates...
2026-10-03 19:58:10 - models.od_matrix_nonwork - INFO - Calculating distances and friction factors (mode: cosine_km)...
2026-10-03 19:58:11 - models.od_matrix_v3 - INFO -   Intrazonal distance set from zone area on 4,026 diagonal cells (factor 0.5): median 0 m -> 171 m
2026-10-03 19:58:11 - models.od_matrix_nonwork - INFO -   Distances in km: median 27.74, min 0.050, max 122.4
2026-10-03 19:58:12 - models.od_matrix_nonwork - INFO - Initial gravity model total trips: 606,446
2026-10-03 19:58:12 - models.od_matrix_nonwork - INFO - 
Running IPF iterations (max 50)...
2026-10-03 19:58:12 - models.od_matrix_nonwork - INFO -   Iteration 1: Max relative difference = 5.07e-16
2026-10-03 19:58:12 - models.od_matrix_nonwork - INFO - Converged after 1 iterations
2026-10-03 19:58:12 - models.od_matrix_nonwork - INFO - ======================================================================
2026-10-03 19:58:12 - models.od_matrix_nonwork - INFO - VERIFICATION
2026-10-03 19:58:12 - models.od_matrix_nonwork - INFO - ======================================================================
2026-10-03 19:58:12 - models.od_matrix_nonwork - INFO - Origin total: 606,446 | Matrix row sum: 606,446
2026-10-03 19:58:12 - models.od_matrix_nonwork - INFO - Max row constraint error: 1.14e-13
2026-10-03 19:58:12 - models.od_matrix_nonwork - INFO - Total trips in gravity model: 606,446
2026-10-03 19:58:12 - models.od_matrix_nonwork - INFO - 
2026-10-03 19:58:12 - models.od_matrix_nonwork - INFO -   Gravity model (block-group level): (5044, 4026)
2026-10-03 19:58:12 - models.od_matrix_nonwork - INFO -   Survey matrix: (1, 1)
2026-10-03 19:58:12 - models.od_matrix_nonwork - INFO - 
Combining survey and gravity models...
2026-10-03 19:58:12 - models.od_matrix_v3 - INFO - ======================================================================
2026-10-03 19:58:12 - models.od_matrix_v3 - INFO - COMBINING OD MATRICES
2026-10-03 19:58:12 - models.od_matrix_v3 - INFO - ======================================================================
2026-10-03 19:58:12 - models.od_matrix_v3 - INFO - Survey matrix shape: (1, 1)
2026-10-03 19:58:12 - models.od_matrix_v3 - INFO - Local matrix shape: (5044, 4026)
2026-10-03 19:58:12 - models.od_matrix_v3 - INFO - Alpha (survey weight): 0.10
2026-10-03 19:58:12 - models.od_matrix_v3 - INFO - Local weight: 0.90
2026-10-03 19:58:12 - models.od_matrix_v3 - INFO - Aligning survey to local matrix structure...
2026-10-03 19:58:12 - models.od_matrix_v3 - INFO - Combining matrices (alpha blend where survey exists, local only where survey is empty)...
2026-10-03 19:58:13 - models.od_matrix_v3 - INFO - No scaling target specified. Using local matrix total: 606,445
2026-10-03 19:58:14 - models.od_matrix_v3 - INFO - Matrix total before scaling: 606,446
2026-10-03 19:58:14 - models.od_matrix_v3 - INFO - Scale factor: 0.999999
2026-10-03 19:58:14 - models.od_matrix_v3 - INFO - Applying robust rounding to guarantee target total...
2026-10-03 19:58:14 - models.od_matrix_v3 - INFO - Total after flooring: 69,673
2026-10-03 19:58:14 - models.od_matrix_v3 - INFO - Remainder to distribute: 536,772
2026-10-03 19:58:16 - models.od_matrix_v3 - INFO - ======================================================================
2026-10-03 19:58:16 - models.od_matrix_v3 - INFO - VERIFICATION
2026-10-03 19:58:16 - models.od_matrix_v3 - INFO - ======================================================================
2026-10-03 19:58:16 - models.od_matrix_v3 - INFO - Survey total trips: 522
2026-10-03 19:58:16 - models.od_matrix_v3 - INFO - Local total trips: 606,446
2026-10-03 19:58:16 - models.od_matrix_v3 - INFO - Combined total trips (before scaling): 606,446
2026-10-03 19:58:16 - models.od_matrix_v3 - INFO - Combined total trips (after scaling & rounding): 606,445
2026-10-03 19:58:16 - models.od_matrix_v3 - INFO - Target total: 606,445
2026-10-03 19:58:16 - models.od_matrix_v3 - INFO - Difference: 0
2026-10-03 19:58:16 - models.od_matrix_v3 - INFO - Combined matrix shape: (5044, 4026)
2026-10-03 19:58:16 - models.od_matrix_nonwork - INFO - ======================================================================
2026-10-03 19:58:16 - models.od_matrix_nonwork - INFO - NONWORK OD MATRIX CREATION COMPLETE - OTHER
2026-10-03 19:58:16 - models.od_matrix_nonwork - INFO - ======================================================================
2026-10-03 19:58:16 - models.plan_generator_nonwork - INFO -   OD matrix shape: (5044, 4026)
2026-10-03 19:58:16 - models.plan_generator_nonwork - INFO -   Unscaled total trips: 606,445
2026-10-03 19:58:16 - models.plan_generator_nonwork - INFO -   Scaling factor: 0.2
2026-10-03 19:58:16 - models.plan_generator_nonwork - INFO -   Scaled total trips: 121,528
2026-10-03 19:58:16 - models.plan_generator_nonwork - INFO - NonWorkPlanGenerator initialization complete
2026-10-03 19:58:16 - models.plan_generator_nonwork - INFO - ============================================================
2026-10-03 19:58:16 - models.plan_generator_nonwork - INFO - OTHER PLAN GENERATION
2026-10-03 19:58:16 - models.plan_generator_nonwork - INFO - ============================================================
2026-10-03 19:58:16 - models.plan_generator_nonwork - INFO -   Population base (non-employees in region): 3,720,462
2026-10-03 19:58:16 - models.plan_generator_nonwork - INFO -   Unscaled Other trips: 606,445
2026-10-03 19:58:16 - models.plan_generator_nonwork - INFO -   Scaling factor: 0.2
2026-10-03 19:58:16 - models.plan_generator_nonwork - INFO -   Scaled Other trips: 121,528
2026-10-03 19:58:16 - models.plan_generator_nonwork - INFO -   Expected scaled trips: 121,289
2026-10-03 19:58:16 - models.plan_generator_nonwork - INFO -   Scaling accuracy: 100.2%
2026-10-03 19:58:16 - models.plan_generator_nonwork - INFO - 
2026-10-03 19:58:16 - models.plan_generator_nonwork - INFO - Generating all Other plans using multiprocessing...
2026-10-03 19:58:16 - models.plan_generator_nonwork - INFO -   Using all 121,528 trips from scaled OD matrix
2026-10-03 19:58:16 - models.plan_generator_nonwork - INFO - Using 60 processes for Other plan generation
2026-10-03 19:58:16 - models.plan_generator_nonwork - INFO - Pre-loading data for Other multiprocessing...
2026-10-03 19:58:16 - models.plan_generator_nonwork - INFO -   Serialized GTFS stop data for workers: bus=37083 stops, rail=634 stops
2026-10-03 19:58:16 - models.plan_generator_nonwork - INFO -   Prepared shared data with 91,136 home blocks
2026-10-03 19:58:16 - models.plan_generator_nonwork - INFO -   POI categories: 6
2026-10-03 19:58:16 - models.plan_generator_nonwork - INFO -   Chain patterns: 67
2026-10-03 19:58:16 - models.plan_generator_nonwork - INFO - Split 118412 OD pairs into 61 chunks
2026-10-03 20:04:32 - models.plan_generator_nonwork - INFO - 
2026-10-03 20:04:32 - models.plan_generator_nonwork - INFO - Other GENERATION COMPLETE
2026-10-03 20:04:32 - models.plan_generator_nonwork - INFO -   Plans generated: 121,528
2026-10-03 20:04:32 - models.plan_generator_nonwork - INFO -   Failed plans: 0
2026-10-03 20:04:32 - models.plan_generator_nonwork - INFO -   Chain retries: 11,317 / 132,863 attempts
2026-10-03 20:04:32 - models.plan_generator_nonwork - INFO -     Too short: 11,317
2026-10-03 20:04:32 - models.plan_generator_nonwork - INFO -     Bad structure (not Home-...-Home): 0
2026-10-03 20:04:32 - models.plan_generator_nonwork - INFO -     Missing purpose: 0
2026-10-03 20:04:32 - models.plan_generator_nonwork - INFO -     Contains Work: 0
2026-10-03 20:04:32 - models.plan_generator_nonwork - INFO -   POI retries: 99
2026-10-03 20:04:32 - models.plan_generator_nonwork - INFO -   Time retries: 18
2026-10-03 20:04:32 - models.plan_generator_nonwork - INFO -   Schedules built: 127,713
2026-10-03 20:04:32 - models.plan_generator_nonwork - INFO -     Trimmed to fit 24h: 87 (0.07%)
2026-10-03 20:04:32 - models.plan_generator_nonwork - INFO -     Dropped, over budget: 18 (0.01%)
2026-10-03 20:04:32 - models.plan_generator_nonwork - INFO -     Resampled, over budget (over_budget=resample): 6,167
2026-10-03 20:04:32 - models.plan_generator_nonwork - INFO -     Excess per trimmed schedule: mean 392.0 min, max 1123.6 min
2026-10-03 20:04:32 - models.plan_generator_nonwork - INFO -     Minutes actually removed: 32,757 total, mean 376.5 min
2026-10-03 20:04:32 - models.plan_generator_nonwork - INFO - ============================================================
2026-10-03 20:04:32 - models.mode_choice - INFO - ==================================================
2026-10-03 20:04:32 - models.mode_choice - INFO - MODE CHOICE STATISTICS
2026-10-03 20:04:32 - models.mode_choice - INFO - ==================================================
2026-10-03 20:04:32 - models.mode_choice - INFO -   Total mode choices: 334627
2026-10-03 20:04:32 - models.mode_choice - INFO -   Fallback mode used: 0 times
2026-10-03 20:04:32 - models.mode_choice - INFO -   Chain retries: 0
2026-10-03 20:04:32 - models.mode_choice - INFO -   Mode distribution in generated plans:
2026-10-03 20:04:32 - models.mode_choice - INFO -     car: 89.4%
2026-10-03 20:04:32 - models.mode_choice - INFO -     bus: 6.3%
2026-10-03 20:04:32 - models.mode_choice - INFO -     rail: 3.7%
2026-10-03 20:04:32 - models.mode_choice - INFO -     walk: 0.6%
2026-10-03 20:04:32 - models.mode_choice - INFO - ==================================================
2026-10-03 20:04:32 - __main__ - INFO - Generated 121,528 Other plans
2026-10-03 20:04:32 - __main__ - INFO - 
2026-10-03 20:04:32 - models.freight.plans - INFO - ============================================================
2026-10-03 20:04:32 - models.freight.plans - INFO - GENERATING BOUNDARY FREIGHT
2026-10-03 20:04:32 - models.freight.plans - INFO - ============================================================
2026-10-03 20:04:32 - utils.coordinates - INFO - Initialized coordinate converter: EPSG:4326 <-> EPSG:26916
2026-10-03 20:04:40 - models.freight.cordons - INFO - Network: 269,272 nodes, 643,032 links; reach 22.1-69.8 km by direction
2026-10-03 20:04:41 - models.freight.cordons - INFO - Motorway termini past peripherality 0.6: 571 inbound, 570 outbound
2026-10-03 20:04:41 - models.freight.cordons - INFO - Cordons after deduplication: 415
2026-10-03 20:04:43 - models.work_locs_v2 - INFO - Loading work locations for 3 counties from config...
2026-10-03 20:04:43 - models.work_locs_v2 - INFO - Loaded 43,550 work location blocks for 3 counties
2026-10-03 20:04:44 - models.freight.plans - INFO - Loaded 43,550 freight zones, total attractor 988,934 (freight_employment)
2026-10-03 20:04:44 - models.freight.generator - INFO - Anchored 415 cordons to zones: median 270 m, max 24790 m
2026-10-03 20:04:44 - models.freight.truck_share - INFO - TMAS f_system for IL ['031', '043', '097']: 3U (30/61 station-directions)
2026-10-03 20:05:44 - models.freight.truck_share - WARNING - HPMS unreachable after retry (The read operation timed out); falling back to the national table. The run is unaffected.
2026-10-03 20:05:44 - models.freight.truck_share - INFO - Truck share from the national table: 9.60% (f_system=3U). This is a 1997 national average, not a measurement for this region.
2026-10-03 20:05:44 - models.freight.hpms_match - INFO - HPMS geometry from cache: 62,849 segments (4.7 days old)
2026-10-03 20:05:45 - models.freight.hpms_match - INFO - Parsed 62,849 HPMS segments carrying truck traffic
2026-10-03 20:19:03 - models.freight.hpms_match - INFO - HPMS match: 354/415 cordons matched an observed truck volume (843 links)
2026-10-03 20:19:03 - models.freight.demand - INFO - Cordon weights (hpms_truck_aadt): 354 from observed truck AADT, 61 from capacity x 8.0 x truck share
2026-10-03 20:19:03 - models.freight.demand - INFO - Freight demand: 34,410 trips (E->I 12,043, I->E 12,044, E->E 10,323)
2026-10-03 20:19:03 - models.freight.demand - INFO -   955,848 unscaled x demand_scale 0.18 x scaling_factor 0.2 = 34,410.5
2026-10-03 20:19:13 - models.freight.generator - INFO - Generated 34,410 freight trips
2026-10-03 20:19:13 - models.freight.plans - INFO - Built 34,410 freight plans (subpopulation=freight)
2026-10-03 20:19:13 - models.freight.validation - INFO -   [PASS] trip_count_matches_demand: generated 34,410, demand resolved 34,410
2026-10-03 20:19:13 - models.freight.validation - INFO -   [PASS] class_count_external_to_internal: 12,043 generated vs 12,043 demanded
2026-10-03 20:19:13 - models.freight.validation - INFO -   [PASS] class_count_internal_to_external: 12,044 generated vs 12,044 demanded
2026-10-03 20:19:13 - models.freight.validation - INFO -   [PASS] class_count_through: 10,323 generated vs 10,323 demanded
2026-10-03 20:19:13 - models.freight.validation - INFO -   [PASS] class_share_external_to_internal: realised 0.350 vs configured 0.350
2026-10-03 20:19:13 - models.freight.validation - INFO -   [PASS] class_share_internal_to_external: realised 0.350 vs configured 0.350
2026-10-03 20:19:13 - models.freight.validation - INFO -   [PASS] class_share_through: realised 0.300 vs configured 0.300
2026-10-03 20:19:13 - models.freight.validation - INFO -   [PASS] departure_profile_external_to_internal: max hourly deviation 0.0040 over 12,043 trips
2026-10-03 20:19:13 - models.freight.validation - INFO -   [PASS] departure_profile_internal_to_external: max hourly deviation 0.0040 over 12,044 trips
2026-10-03 20:19:13 - models.freight.validation - INFO -   [PASS] departure_profile_through: max hourly deviation 0.0043 over 10,323 trips
2026-10-03 20:19:13 - models.freight.validation - INFO -   [PASS] cordon_ids_valid: 0 trip ends reference an unknown cordon
2026-10-03 20:19:13 - models.freight.validation - INFO -   [PASS] cordon_direction_respected: 0 trips enter on an outbound cordon or leave on an inbound one
2026-10-03 20:19:13 - models.freight.validation - INFO -   [PASS] through_trips_use_distinct_cordons: 0 through trips start and end at the same cordon
2026-10-03 20:19:13 - models.freight.validation - INFO -   [PASS] departure_times_in_range: 0 departures outside 00:00-30:00
2026-10-03 20:19:13 - models.freight.plans - INFO - Freight summary written to /media/volume/Tareek-instance_vol-1/Tareek-work/Tareek/experiments/chi_s20_w11_nw20_b12_fr018_10iter/freight_summary.json
2026-10-03 20:19:13 - __main__ - INFO - ============================================================
2026-10-03 20:19:13 - __main__ - INFO - COMBINING WORK + NON-WORK + FREIGHT PLANS
2026-10-03 20:19:13 - __main__ - INFO - ============================================================
2026-10-03 20:19:14 - __main__ - INFO - Plan generation summary (scaling_factor=0.2):
2026-10-03 20:19:14 - __main__ - INFO -   Work plans: 452,801
2026-10-03 20:19:14 - __main__ - INFO -   Non-work plans: 1,305,705
2026-10-03 20:19:14 - __main__ - INFO -   Freight plans: 34,410 (1.9% of total)
2026-10-03 20:19:14 - __main__ - INFO -   Combined total (scaled): 1,792,916
2026-10-03 20:19:14 - __main__ - INFO -   Represents full population of: ~8,964,580 travelers
2026-10-03 20:19:14 - __main__ - INFO - 
2026-10-03 20:19:14 - __main__ - INFO - Assigning unique person IDs...
2026-10-03 20:19:15 - __main__ - INFO - Writing combined plans to XML...
2026-10-03 20:19:15 - models.plan_generator - INFO - Writing 1792916 plans to /media/volume/Tareek-instance_vol-1/Tareek-work/Tareek/experiments/chi_s20_w11_nw20_b12_fr018_10iter/plans.xml
2026-10-03 20:19:15 - utils.coordinates - INFO - Initialized coordinate converter: EPSG:4326 <-> EPSG:26916
2026-10-03 20:19:15 - models.plan_generator - INFO - Converting coordinates from lat/lon to EPSG:26916
2026-10-03 20:26:34 - models.plan_generator - INFO - Successfully wrote plans to /media/volume/Tareek-instance_vol-1/Tareek-work/Tareek/experiments/chi_s20_w11_nw20_b12_fr018_10iter/plans.xml (coordinates in EPSG:26916)
2026-10-03 20:26:34 - models.plan_generator - INFO - Plans XML saved to experiment directory: /media/volume/Tareek-instance_vol-1/Tareek-work/Tareek/experiments/chi_s20_w11_nw20_b12_fr018_10iter/plans.xml
2026-10-03 20:26:34 - models.plan_generator - INFO -   Coordinate system: EPSG:26916
2026-10-03 20:26:38 - __main__ - INFO - Plans XML ready: /media/volume/Tareek-instance_vol-1/Tareek-work/Tareek/experiments/chi_s20_w11_nw20_b12_fr018_10iter/plans.xml
2026-10-03 20:26:38 - __main__ - INFO -   File size: 836.62 MB
2026-10-03 20:26:38 - __main__ - INFO -   Total persons: 1,792,916
2026-10-03 20:26:38 - __main__ - INFO - 
2026-10-03 20:26:42 - __main__ - INFO - ============================================================
2026-10-03 20:26:42 - __main__ - INFO - STEP 5: RUNNING MATSIM SIMULATION
2026-10-03 20:26:42 - __main__ - INFO - ============================================================
2026-10-03 20:27:55 - __main__ - INFO - Released plan-generation memory before MATSim: 27.5 GB -> 2.4 GB RSS (freed 25.1 GB)
2026-10-03 20:27:55 - matsim.osm_downloader - INFO - OSM cache directory: /media/volume/Tareek-instance_vol-1/Tareek-work/Tareek/data/osm_cache
2026-10-03 20:27:55 - matsim.orchestrator - INFO - MATSim Orchestrator initialized
2026-10-03 20:27:55 - __main__ - INFO - MATSim mode: basic
2026-10-03 20:27:55 - __main__ - INFO - Custom parameters: {'coordinateSystem': 'auto', 'lastIteration': 10, 'outputDirectory': 'output', 'controller.mobsim': 'hermes', '_controller.mobsim_help': 'qsim | hermes. hermes is faster but is a simplified queue model that ignores trafficDynamics, linkDynamics and full stuckTime semantics. Use qsim for any congestion- or mode-choice-sensitive experiment.', 'global.numberOfThreads': 60, 'qsim.numberOfThreads': 60, 'qsim.flowCapacityFactor': 0.2, 'qsim.storageCapacityFactor': 0.24, 'qsim.stuckTime': 10.0, '_qsim.stuckTime_help': 'Seconds the frontmost vehicle on a link may fail to move before it is pushed onto the next link. Gridlock escape valve: HIGHER = waits LONGER. Mersini & Ziemke (2026): stuckTime = 30s / sample_share (30.0 at 100%). Only qsim honours this; hermes ignores it.', 'linkStats.averageLinkStatsOverIterations': 5, 'scoring.modeParams.pt.constant': 1, '_estimator_scoring.modeParams.pt.constant': 'Cold start (no prior experiment). ACS transit share 10.70% (high-transit (10%-30%)). Seeding pt.constant=+0.5; subsequent runs with --experiment-dir will correct toward ACS using the clamped log-ratio update.', 'scoring.waitingPt': -3.0, 'scoring.modeParams.walk.constant': -1.0, 'transitRouter.searchRadius': 1500.0, '_estimator_transitRouter.searchRadius': 'Cold start (no prior experiment). ACS transit share 10.70% (high transit (10%-30%)). Seeding transit-router params from tier table; subsequent runs with --experiment-dir adjust by one tier when realised PT share is outside [70%, 130%] of the ACS target. Setting searchRadius=1200.0.', 'transitRouter.extensionRadius': 300.0, '_estimator_transitRouter.extensionRadius': 'Cold start (no prior experiment). ACS transit share 10.70% (high transit (10%-30%)). Seeding transit-router params from tier table; subsequent runs with --experiment-dir adjust by one tier when realised PT share is outside [70%, 130%] of the ACS target. Setting extensionRadius=250.0.', 'transitRouter.maxBeelineWalkConnectionDistance': 400.0, '_estimator_transitRouter.maxBeelineWalkConnectionDistance': 'Cold start (no prior experiment). ACS transit share 10.70% (high transit (10%-30%)). Seeding transit-router params from tier table; subsequent runs with --experiment-dir adjust by one tier when realised PT share is outside [70%, 130%] of the ACS target. Setting maxBeelineWalkConnectionDistance=350.0.', 'transitRouter.directWalkFactor': 1.3, 'hermes.endTime': '36:00:00'}
2026-10-03 20:27:55 - __main__ - INFO - 
2026-10-03 20:27:55 - matsim.orchestrator - INFO - Setting up experiment: chi_s20_w11_nw20_b12_fr018_10iter
2026-10-03 20:27:55 - matsim.orchestrator - INFO - Created experiment directory: /media/volume/Tareek-instance_vol-1/Tareek-work/Tareek/experiments/chi_s20_w11_nw20_b12_fr018_10iter
2026-10-03 20:27:55 - matsim.orchestrator - INFO - Plans file already exists at destination: /media/volume/Tareek-instance_vol-1/Tareek-work/Tareek/experiments/chi_s20_w11_nw20_b12_fr018_10iter/plans.xml
2026-10-03 20:27:55 - matsim.config_manager - INFO - Generating MATSim config for mode: basic
2026-10-03 20:27:55 - matsim.config_manager - INFO - Using config template: /media/volume/Tareek-instance_vol-1/Tareek-work/Tareek/matsim/configs/basic/config.xml
2026-10-03 20:27:55 - matsim.config_manager - INFO - Auto-set writeLinkStatsInterval = 10 (matches lastIteration)
2026-10-03 20:27:55 - matsim.config_manager - INFO - Auto-set write*Interval = 10 (bulky per-iteration output written only at the final iteration; set matsim.write_intermediate_output=true to write every iteration)
2026-10-03 20:27:55 - matsim.config_manager - INFO - Auto-set counts.countsScaleFactor = 5.0 (1/0.2 flowCapacityFactor)
2026-10-03 20:27:55 - matsim.config_manager - INFO - Auto-set counts.writeCountsInterval = 10 (matches lastIteration)
2026-10-03 20:27:55 - matsim.config_manager - INFO - Applied configurable param: controller.mobsim = hermes
2026-10-03 20:27:55 - matsim.config_manager - INFO - Applied configurable param: global.numberOfThreads = 60
2026-10-03 20:27:55 - matsim.config_manager - INFO - Applied configurable param: qsim.numberOfThreads = 60
2026-10-03 20:27:55 - matsim.config_manager - INFO - Applied configurable param: qsim.flowCapacityFactor = 0.2
2026-10-03 20:27:55 - matsim.config_manager - INFO - Mirrored qsim.flowCapacityFactor -> hermes.flowCapacityFactor = 0.2
2026-10-03 20:27:55 - matsim.config_manager - INFO - Applied configurable param: qsim.storageCapacityFactor = 0.24
2026-10-03 20:27:55 - matsim.config_manager - INFO - Mirrored qsim.storageCapacityFactor -> hermes.storageCapacityFactor = 0.24
2026-10-03 20:27:55 - matsim.config_manager - INFO - Applied configurable param: qsim.stuckTime = 10.0
2026-10-03 20:27:55 - matsim.config_manager - INFO - Applied configurable param: linkStats.averageLinkStatsOverIterations = 5
2026-10-03 20:27:55 - matsim.config_manager - INFO - Applied scoring.modeParams.pt.constant = 1
2026-10-03 20:27:55 - matsim.config_manager - INFO - Applied scoring.waitingPt = -3.0
2026-10-03 20:27:55 - matsim.config_manager - INFO - Applied scoring.modeParams.walk.constant = -1.0
2026-10-03 20:27:55 - matsim.config_manager - INFO - Applied configurable param: transitRouter.searchRadius = 1500.0
2026-10-03 20:27:55 - matsim.config_manager - INFO - Applied configurable param: transitRouter.extensionRadius = 300.0
2026-10-03 20:27:55 - matsim.config_manager - INFO - Applied configurable param: transitRouter.maxBeelineWalkConnectionDistance = 400.0
2026-10-03 20:27:55 - matsim.config_manager - INFO - Applied configurable param: transitRouter.directWalkFactor = 1.3
2026-10-03 20:27:55 - matsim.config_manager - INFO - Applied configurable param: hermes.endTime = 36:00:00
2026-10-03 20:27:55 - matsim.config_manager - INFO - Mirrored qsim.flowCapacityFactor -> hermes.flowCapacityFactor = 0.2
2026-10-03 20:27:55 - matsim.config_manager - INFO - Mirrored qsim.storageCapacityFactor -> hermes.storageCapacityFactor = 0.24
2026-10-03 20:27:55 - matsim.config_manager - INFO - Applied scoring.modeParams.pt.constant = 1
2026-10-03 20:27:55 - matsim.config_manager - INFO - Applied scoring.waitingPt = -3.0
2026-10-03 20:27:55 - matsim.config_manager - INFO - Applied scoring.modeParams.walk.constant = -1.0
2026-10-03 20:27:55 - matsim.config_manager - INFO - Enabled transit module with transitModes=pt (from enabled modes: ['bus', 'rail']) (preserved existing params on: transitRouter)
2026-10-03 20:27:55 - matsim.config_manager - INFO - Registered scoring activityParams for 'Dining'
2026-10-03 20:27:55 - matsim.config_manager - INFO - Registered scoring activityParams for 'Home'
2026-10-03 20:27:55 - matsim.config_manager - INFO - Registered scoring activityParams for 'Other'
2026-10-03 20:27:55 - matsim.config_manager - INFO - Registered scoring activityParams for 'School'
2026-10-03 20:27:55 - matsim.config_manager - INFO - Registered scoring activityParams for 'Shopping'
2026-10-03 20:27:55 - matsim.config_manager - INFO - Registered scoring activityParams for 'Social'
2026-10-03 20:27:55 - matsim.config_manager - INFO - Registered scoring activityParams for 'Work'
2026-10-03 20:27:55 - matsim.config_manager - INFO - Activity typicalDuration from survey: Dining=30min, Home=720min, Other=60min, School=420min, Shopping=25min, Social=95min, Work=450min
2026-10-03 20:27:55 - matsim.config_manager - INFO - Activity scoring windows from survey: Dining=9.00-21.00h/min5m, Other=7.42-20.92h/min5m, School=7.08-18.75h/min60m, Shopping=7.92-19.50h/min5m, Social=7.00-21.50h/min20m, Work=6.00-21.25h/min30m
2026-10-03 20:27:55 - matsim.config_manager - INFO - Registered scoring activityParams for 'freight_origin'
2026-10-03 20:27:55 - matsim.config_manager - INFO - Registered scoring activityParams for 'freight_destination'
2026-10-03 20:27:55 - matsim.config_manager - INFO - Set replanning strategies for freight: ChangeExpBeta=0.8, ReRoute=0.2
2026-10-03 20:27:55 - matsim.config_manager - INFO - Freight: writeEventsInterval = 10 so the final iteration emits events (needed to isolate the truck stream)
2026-10-03 20:28:38 - matsim.config_manager - INFO - Activity params cover all 9 activity types in plans.xml: ['Dining', 'Home', 'Other', 'School', 'Shopping', 'Social', 'Work', 'freight_destination', 'freight_origin']
2026-10-03 20:28:38 - matsim.config_manager - INFO - Config saved to: /media/volume/Tareek-instance_vol-1/Tareek-work/Tareek/experiments/chi_s20_w11_nw20_b12_fr018_10iter/config.xml
2026-10-03 20:28:38 - matsim.orchestrator - INFO - Experiment setup complete: /media/volume/Tareek-instance_vol-1/Tareek-work/Tareek/experiments/chi_s20_w11_nw20_b12_fr018_10iter
2026-10-03 20:28:38 - matsim.orchestrator - INFO - Validating MATSim setup...
2026-10-03 20:28:38 - matsim.runner - INFO - Validating MATSim setup...
2026-10-03 20:28:38 - matsim.runner - INFO - Java version: openjdk
2026-10-03 20:28:38 - matsim.runner - INFO - Using JAR file: /media/volume/Tareek-instance_vol-1/Tareek-work/Tareek/matsim/matsim_25/matsim_25.jar
2026-10-03 20:28:38 - matsim.runner - INFO - No lib directory found in /media/volume/Tareek-instance_vol-1/Tareek-work/Tareek/matsim/matsim_25 (may not be needed)
2026-10-03 20:28:38 - matsim.runner - INFO - MATSim setup validation passed
2026-10-03 20:28:38 - matsim.orchestrator - INFO - Validating experiment configuration...
2026-10-03 20:28:38 - matsim.config_manager - INFO - Found network.xml: /media/volume/Tareek-instance_vol-1/Tareek-work/Tareek/experiments/chi_s20_w11_nw20_b12_fr018_10iter/network.xml
2026-10-03 20:28:38 - matsim.config_manager - INFO - Found plans.xml: /media/volume/Tareek-instance_vol-1/Tareek-work/Tareek/experiments/chi_s20_w11_nw20_b12_fr018_10iter/plans.xml
2026-10-03 20:28:38 - matsim.config_manager - INFO - Found transitScheduleFile: /media/volume/Tareek-instance_vol-1/Tareek-work/Tareek/experiments/chi_s20_w11_nw20_b12_fr018_10iter/transitSchedule.xml
2026-10-03 20:28:38 - matsim.config_manager - INFO - Found vehiclesFile: /media/volume/Tareek-instance_vol-1/Tareek-work/Tareek/experiments/chi_s20_w11_nw20_b12_fr018_10iter/transitVehicles.xml
2026-10-03 20:28:38 - matsim.orchestrator - INFO - Starting MATSim simulation. Log file: /media/volume/Tareek-instance_vol-1/Tareek-work/Tareek/experiments/chi_s20_w11_nw20_b12_fr018_10iter/matsim_output.log
2026-10-03 20:28:38 - matsim.runner - INFO - Starting MATSim simulation with config: /media/volume/Tareek-instance_vol-1/Tareek-work/Tareek/experiments/chi_s20_w11_nw20_b12_fr018_10iter/config.xml
2026-10-03 20:28:38 - matsim.runner - INFO - Using JAR file: /media/volume/Tareek-instance_vol-1/Tareek-work/Tareek/matsim/matsim_25/matsim_25.jar
2026-10-03 20:28:38 - matsim.runner - INFO - No lib directory found in /media/volume/Tareek-instance_vol-1/Tareek-work/Tareek/matsim/matsim_25 (may not be needed)
2026-10-03 20:28:38 - matsim.runner - INFO - Command: java -Xmx180g -Xms180g -XX:+UseG1GC -XX:+ParallelRefProcEnabled -XX:MaxGCPauseMillis=200 -XX:+HeapDumpOnOutOfMemoryError -XX:HeapDumpPath=./heap_dumps -cp /media/volume/Tareek-instance_vol-1/Tareek-work/Tareek/matsim/matsim_25/matsim_25.jar org.matsim.core.controler.Controler /media/volume/Tareek-instance_vol-1/Tareek-work/Tareek/experiments/chi_s20_w11_nw20_b12_fr018_10iter/config.xml
2026-10-03 20:28:38 - matsim.runner - INFO - Waiting for simulation to complete...
2026-10-04 05:09:54 - matsim.runner - INFO - Simulation completed in 31276.13 seconds
2026-10-04 05:09:54 - matsim.runner - INFO - Simulation completed successfully
2026-10-04 05:09:54 - matsim.orchestrator - INFO - Simulation completed
2026-10-04 05:09:54 - __main__ - INFO - 
2026-10-04 05:09:54 - __main__ - INFO - Simulation status: completed
2026-10-04 05:09:54 - __main__ - INFO - 
2026-10-04 05:09:54 - __main__ - INFO - ============================================================
2026-10-04 05:09:54 - __main__ - INFO - STEP 6: EVALUATING SIMULATION
2026-10-04 05:09:54 - __main__ - INFO - ============================================================
2026-10-04 05:09:54 - __main__ - INFO - Initializing evaluator with ground truth data from: data/evaluation
2026-10-04 05:09:54 - __main__ - INFO - Running evaluation...
2026-10-04 05:09:54 - __main__ - INFO - 
2026-10-04 05:09:54 - matsim.trip_timing - INFO - Trip timing figures: planned schedule (output/ITERS/it.0/0.plans.xml.gz) against iteration 10
2026-10-04 05:13:19 - matsim.trip_timing - INFO - Saved dep_arr_by_activity_demand.png
2026-10-04 05:13:20 - matsim.trip_timing - INFO - Saved dep_arr_by_activity_sim.png
2026-10-04 05:13:33 - matsim.trip_timing - INFO - Saved trip_duration_by_hour_demand.png
2026-10-04 05:13:34 - matsim.trip_timing - INFO - Saved trip_duration_by_hour_sim.png
2026-10-04 05:13:45 - matsim.trip_timing - INFO -   it.10 activity durations: left out 540875 open-ended rows that are not a Home-to-Home overnight stay, and 0 all-day stays
2026-10-04 05:13:55 - matsim.trip_timing - INFO - Saved activity_duration_by_type.png
2026-10-04 05:13:56 - matsim.evaluator - INFO - Loading matched devices from: /media/volume/Tareek-instance_vol-1/Tareek-work/Tareek/experiments/chi_s20_w11_nw20_b12_fr018_10iter/matched_devices.csv
2026-10-04 05:13:56 - matsim.evaluator - INFO - Loaded 42 devices matched to network links
2026-10-04 05:13:56 - matsim.evaluator - INFO - Using MATSim countscompare file: output/ITERS/it.10/10.countscompare.txt
2026-10-04 05:13:56 - matsim.evaluator - INFO - Auto-detected network file: output/output_network.xml.gz
2026-10-04 05:13:56 - matsim.evaluator - INFO - Auto-detected linkstats file: output/ITERS/it.10/10.linkstats.txt.gz
2026-10-04 05:13:56 - matsim.evaluator - INFO - Loading scaling factors from experiment config...
2026-10-04 05:13:56 - matsim.evaluator - INFO - Loaded scaling factors: population=0.2, flow=0.2, storage=0.24
2026-10-04 05:13:56 - matsim.evaluator - INFO - Loading network for spatial visualization...
2026-10-04 05:14:52 - matsim.evaluator - INFO - Loaded 643,032 links
2026-10-04 05:14:52 - matsim.evaluator - INFO - Loading linkstats...
2026-10-04 05:15:00 - matsim.evaluator - INFO - Scaled simulated volumes by 5.00x (1/0.2 population scaling)
2026-10-04 05:15:00 - matsim.evaluator - INFO - Loaded 643,032 links from linkstats
2026-10-04 05:15:00 - matsim.evaluator - INFO - Comparing volumes from MATSim countscompare.txt...
2026-10-04 05:15:00 - matsim.evaluator - INFO - Found 2 hourly observations with zero observed volume (pct_error set to NaN)
2026-10-04 05:15:00 - matsim.evaluator - INFO - Read 1,008 station-hour comparisons from 10.countscompare.txt (42 stations)
2026-10-04 05:15:00 - matsim.evaluator - INFO - Generated 1,008 station-hour comparisons
2026-10-04 05:15:00 - matsim.evaluator - INFO - Calculating summary metrics...
2026-10-04 05:15:00 - matsim.evaluator - INFO - Saved comparison results to /media/volume/Tareek-instance_vol-1/Tareek-work/Tareek/experiments/chi_s20_w11_nw20_b12_fr018_10iter/evaluation/volume_comparison.csv
2026-10-04 05:15:01 - matsim.evaluator - INFO - Saved hourly relative-error box plot to /media/volume/Tareek-instance_vol-1/Tareek-work/Tareek/experiments/chi_s20_w11_nw20_b12_fr018_10iter/evaluation/hourly_relative_error_box.png
2026-10-04 05:15:01 - matsim.evaluator - INFO - Saved hourly bias plot to /media/volume/Tareek-instance_vol-1/Tareek-work/Tareek/experiments/chi_s20_w11_nw20_b12_fr018_10iter/evaluation/hourly_bias.png
2026-10-04 05:15:01 - matsim.evaluator - INFO - Saved station ratio dot plot to /media/volume/Tareek-instance_vol-1/Tareek-work/Tareek/experiments/chi_s20_w11_nw20_b12_fr018_10iter/evaluation/station_ratio_dotplot.png
2026-10-04 05:15:01 - matsim.evaluator - INFO - Generating hourly count station error maps...
2026-10-04 05:15:04 - utils.region_utils - INFO - Loaded 3 county boundary polygons
2026-10-04 05:15:08 - matsim.evaluator - INFO - Saved hourly pct-error map to /media/volume/Tareek-instance_vol-1/Tareek-work/Tareek/experiments/chi_s20_w11_nw20_b12_fr018_10iter/evaluation/count_error_h00.png
2026-10-04 05:15:14 - matsim.evaluator - INFO - Saved hourly pct-error map to /media/volume/Tareek-instance_vol-1/Tareek-work/Tareek/experiments/chi_s20_w11_nw20_b12_fr018_10iter/evaluation/count_error_h01.png
2026-10-04 05:15:21 - matsim.evaluator - INFO - Saved hourly pct-error map to /media/volume/Tareek-instance_vol-1/Tareek-work/Tareek/experiments/chi_s20_w11_nw20_b12_fr018_10iter/evaluation/count_error_h02.png
2026-10-04 05:15:28 - matsim.evaluator - INFO - Saved hourly pct-error map to /media/volume/Tareek-instance_vol-1/Tareek-work/Tareek/experiments/chi_s20_w11_nw20_b12_fr018_10iter/evaluation/count_error_h03.png
2026-10-04 05:15:35 - matsim.evaluator - INFO - Saved hourly pct-error map to /media/volume/Tareek-instance_vol-1/Tareek-work/Tareek/experiments/chi_s20_w11_nw20_b12_fr018_10iter/evaluation/count_error_h04.png
2026-10-04 05:15:42 - matsim.evaluator - INFO - Saved hourly pct-error map to /media/volume/Tareek-instance_vol-1/Tareek-work/Tareek/experiments/chi_s20_w11_nw20_b12_fr018_10iter/evaluation/count_error_h05.png
2026-10-04 05:15:48 - matsim.evaluator - INFO - Saved hourly pct-error map to /media/volume/Tareek-instance_vol-1/Tareek-work/Tareek/experiments/chi_s20_w11_nw20_b12_fr018_10iter/evaluation/count_error_h06.png
2026-10-04 05:15:55 - matsim.evaluator - INFO - Saved hourly pct-error map to /media/volume/Tareek-instance_vol-1/Tareek-work/Tareek/experiments/chi_s20_w11_nw20_b12_fr018_10iter/evaluation/count_error_h07.png
2026-10-04 05:16:02 - matsim.evaluator - INFO - Saved hourly pct-error map to /media/volume/Tareek-instance_vol-1/Tareek-work/Tareek/experiments/chi_s20_w11_nw20_b12_fr018_10iter/evaluation/count_error_h08.png
2026-10-04 05:16:09 - matsim.evaluator - INFO - Saved hourly pct-error map to /media/volume/Tareek-instance_vol-1/Tareek-work/Tareek/experiments/chi_s20_w11_nw20_b12_fr018_10iter/evaluation/count_error_h09.png
2026-10-04 05:16:16 - matsim.evaluator - INFO - Saved hourly pct-error map to /media/volume/Tareek-instance_vol-1/Tareek-work/Tareek/experiments/chi_s20_w11_nw20_b12_fr018_10iter/evaluation/count_error_h10.png
2026-10-04 05:16:23 - matsim.evaluator - INFO - Saved hourly pct-error map to /media/volume/Tareek-instance_vol-1/Tareek-work/Tareek/experiments/chi_s20_w11_nw20_b12_fr018_10iter/evaluation/count_error_h11.png
2026-10-04 05:16:30 - matsim.evaluator - INFO - Saved hourly pct-error map to /media/volume/Tareek-instance_vol-1/Tareek-work/Tareek/experiments/chi_s20_w11_nw20_b12_fr018_10iter/evaluation/count_error_h12.png
2026-10-04 05:16:36 - matsim.evaluator - INFO - Saved hourly pct-error map to /media/volume/Tareek-instance_vol-1/Tareek-work/Tareek/experiments/chi_s20_w11_nw20_b12_fr018_10iter/evaluation/count_error_h13.png
2026-10-04 05:16:43 - matsim.evaluator - INFO - Saved hourly pct-error map to /media/volume/Tareek-instance_vol-1/Tareek-work/Tareek/experiments/chi_s20_w11_nw20_b12_fr018_10iter/evaluation/count_error_h14.png
2026-10-04 05:16:50 - matsim.evaluator - INFO - Saved hourly pct-error map to /media/volume/Tareek-instance_vol-1/Tareek-work/Tareek/experiments/chi_s20_w11_nw20_b12_fr018_10iter/evaluation/count_error_h15.png
2026-10-04 05:16:56 - matsim.evaluator - INFO - Saved hourly pct-error map to /media/volume/Tareek-instance_vol-1/Tareek-work/Tareek/experiments/chi_s20_w11_nw20_b12_fr018_10iter/evaluation/count_error_h16.png
2026-10-04 05:17:03 - matsim.evaluator - INFO - Saved hourly pct-error map to /media/volume/Tareek-instance_vol-1/Tareek-work/Tareek/experiments/chi_s20_w11_nw20_b12_fr018_10iter/evaluation/count_error_h17.png
2026-10-04 05:17:10 - matsim.evaluator - INFO - Saved hourly pct-error map to /media/volume/Tareek-instance_vol-1/Tareek-work/Tareek/experiments/chi_s20_w11_nw20_b12_fr018_10iter/evaluation/count_error_h18.png
2026-10-04 05:17:17 - matsim.evaluator - INFO - Saved hourly pct-error map to /media/volume/Tareek-instance_vol-1/Tareek-work/Tareek/experiments/chi_s20_w11_nw20_b12_fr018_10iter/evaluation/count_error_h19.png
2026-10-04 05:17:24 - matsim.evaluator - INFO - Saved hourly pct-error map to /media/volume/Tareek-instance_vol-1/Tareek-work/Tareek/experiments/chi_s20_w11_nw20_b12_fr018_10iter/evaluation/count_error_h20.png
2026-10-04 05:17:30 - matsim.evaluator - INFO - Saved hourly pct-error map to /media/volume/Tareek-instance_vol-1/Tareek-work/Tareek/experiments/chi_s20_w11_nw20_b12_fr018_10iter/evaluation/count_error_h21.png
2026-10-04 05:17:37 - matsim.evaluator - INFO - Saved hourly pct-error map to /media/volume/Tareek-instance_vol-1/Tareek-work/Tareek/experiments/chi_s20_w11_nw20_b12_fr018_10iter/evaluation/count_error_h22.png
2026-10-04 05:17:44 - matsim.evaluator - INFO - Saved hourly pct-error map to /media/volume/Tareek-instance_vol-1/Tareek-work/Tareek/experiments/chi_s20_w11_nw20_b12_fr018_10iter/evaluation/count_error_h23.png
2026-10-04 05:17:44 - matsim.evaluator - INFO - Generating highway congestion heatmaps for 24 hour(s)...
2026-10-04 05:17:53 - matsim.evaluator - INFO -   Highway links for peak heatmaps: 45,920 (of 643,032 total)
2026-10-04 05:17:53 - matsim.evaluator - INFO -   Free travel time offset (p90 of recorded - rounded free time, near-empty links in the quietest hour h1): +1.00 s
2026-10-04 05:18:26 - matsim.evaluator - INFO -   12 AM congestion, share of 5,194 highway km with traffic — Severe 0.0%, Congested 0.1%, Moderate 0.1%, Free flow 99.8%; no traffic: 4,781 links
2026-10-04 05:18:29 - matsim.evaluator - INFO - Saved congestion heatmap to /media/volume/Tareek-instance_vol-1/Tareek-work/Tareek/experiments/chi_s20_w11_nw20_b12_fr018_10iter/evaluation/heatmap_h00_highways.png
2026-10-04 05:19:01 - matsim.evaluator - INFO -   1 AM congestion, share of 4,889 highway km with traffic — Severe 0.0%, Congested 0.0%, Moderate 0.0%, Free flow 100.0%; no traffic: 7,468 links
2026-10-04 05:19:04 - matsim.evaluator - INFO - Saved congestion heatmap to /media/volume/Tareek-instance_vol-1/Tareek-work/Tareek/experiments/chi_s20_w11_nw20_b12_fr018_10iter/evaluation/heatmap_h01_highways.png
2026-10-04 05:19:36 - matsim.evaluator - INFO -   2 AM congestion, share of 5,200 highway km with traffic — Severe 0.0%, Congested 0.0%, Moderate 0.0%, Free flow 100.0%; no traffic: 4,828 links
2026-10-04 05:19:40 - matsim.evaluator - INFO - Saved congestion heatmap to /media/volume/Tareek-instance_vol-1/Tareek-work/Tareek/experiments/chi_s20_w11_nw20_b12_fr018_10iter/evaluation/heatmap_h02_highways.png
2026-10-04 05:20:12 - matsim.evaluator - INFO -   3 AM congestion, share of 5,169 highway km with traffic — Severe 0.0%, Congested 0.0%, Moderate 0.0%, Free flow 100.0%; no traffic: 4,989 links
2026-10-04 05:20:16 - matsim.evaluator - INFO - Saved congestion heatmap to /media/volume/Tareek-instance_vol-1/Tareek-work/Tareek/experiments/chi_s20_w11_nw20_b12_fr018_10iter/evaluation/heatmap_h03_highways.png
2026-10-04 05:20:49 - matsim.evaluator - INFO -   4 AM congestion, share of 5,376 highway km with traffic — Severe 0.0%, Congested 0.0%, Moderate 0.0%, Free flow 100.0%; no traffic: 3,374 links
2026-10-04 05:20:52 - matsim.evaluator - INFO - Saved congestion heatmap to /media/volume/Tareek-instance_vol-1/Tareek-work/Tareek/experiments/chi_s20_w11_nw20_b12_fr018_10iter/evaluation/heatmap_h04_highways.png
2026-10-04 05:21:25 - matsim.evaluator - INFO -   5 AM congestion, share of 5,565 highway km with traffic — Severe 0.1%, Congested 0.2%, Moderate 0.7%, Free flow 98.9%; no traffic: 1,921 links
2026-10-04 05:21:28 - matsim.evaluator - INFO - Saved congestion heatmap to /media/volume/Tareek-instance_vol-1/Tareek-work/Tareek/experiments/chi_s20_w11_nw20_b12_fr018_10iter/evaluation/heatmap_h05_highways.png
2026-10-04 05:22:02 - matsim.evaluator - INFO -   6 AM congestion, share of 5,666 highway km with traffic — Severe 0.9%, Congested 0.9%, Moderate 1.8%, Free flow 96.5%; no traffic: 1,232 links
2026-10-04 05:22:05 - matsim.evaluator - INFO - Saved congestion heatmap to /media/volume/Tareek-instance_vol-1/Tareek-work/Tareek/experiments/chi_s20_w11_nw20_b12_fr018_10iter/evaluation/heatmap_h06_highways.png
2026-10-04 05:22:39 - matsim.evaluator - INFO -   7 AM congestion, share of 5,736 highway km with traffic — Severe 6.8%, Congested 4.0%, Moderate 4.8%, Free flow 84.4%; no traffic: 692 links
2026-10-04 05:22:42 - matsim.evaluator - INFO - Saved congestion heatmap to /media/volume/Tareek-instance_vol-1/Tareek-work/Tareek/experiments/chi_s20_w11_nw20_b12_fr018_10iter/evaluation/heatmap_h07_highways.png
2026-10-04 05:23:16 - matsim.evaluator - INFO -   8 AM congestion, share of 5,758 highway km with traffic — Severe 13.9%, Congested 4.6%, Moderate 5.5%, Free flow 76.0%; no traffic: 566 links
2026-10-04 05:23:19 - matsim.evaluator - INFO - Saved congestion heatmap to /media/volume/Tareek-instance_vol-1/Tareek-work/Tareek/experiments/chi_s20_w11_nw20_b12_fr018_10iter/evaluation/heatmap_8am_highways.png
2026-10-04 05:23:53 - matsim.evaluator - INFO -   9 AM congestion, share of 5,763 highway km with traffic — Severe 13.7%, Congested 3.5%, Moderate 4.4%, Free flow 78.4%; no traffic: 492 links
2026-10-04 05:23:56 - matsim.evaluator - INFO - Saved congestion heatmap to /media/volume/Tareek-instance_vol-1/Tareek-work/Tareek/experiments/chi_s20_w11_nw20_b12_fr018_10iter/evaluation/heatmap_h09_highways.png
2026-10-04 05:24:30 - matsim.evaluator - INFO -   10 AM congestion, share of 5,763 highway km with traffic — Severe 14.2%, Congested 3.6%, Moderate 4.5%, Free flow 77.7%; no traffic: 537 links
2026-10-04 05:24:33 - matsim.evaluator - INFO - Saved congestion heatmap to /media/volume/Tareek-instance_vol-1/Tareek-work/Tareek/experiments/chi_s20_w11_nw20_b12_fr018_10iter/evaluation/heatmap_h10_highways.png
2026-10-04 05:25:07 - matsim.evaluator - INFO -   11 AM congestion, share of 5,751 highway km with traffic — Severe 13.9%, Congested 3.2%, Moderate 4.1%, Free flow 78.8%; no traffic: 606 links
2026-10-04 05:25:10 - matsim.evaluator - INFO - Saved congestion heatmap to /media/volume/Tareek-instance_vol-1/Tareek-work/Tareek/experiments/chi_s20_w11_nw20_b12_fr018_10iter/evaluation/heatmap_h11_highways.png
2026-10-04 05:25:45 - matsim.evaluator - INFO -   12 PM congestion, share of 5,752 highway km with traffic — Severe 13.2%, Congested 3.0%, Moderate 3.8%, Free flow 79.9%; no traffic: 593 links
2026-10-04 05:25:48 - matsim.evaluator - INFO - Saved congestion heatmap to /media/volume/Tareek-instance_vol-1/Tareek-work/Tareek/experiments/chi_s20_w11_nw20_b12_fr018_10iter/evaluation/heatmap_h12_highways.png
2026-10-04 05:26:21 - matsim.evaluator - INFO -   1 PM congestion, share of 5,755 highway km with traffic — Severe 12.8%, Congested 3.0%, Moderate 3.9%, Free flow 80.4%; no traffic: 586 links
2026-10-04 05:26:24 - matsim.evaluator - INFO - Saved congestion heatmap to /media/volume/Tareek-instance_vol-1/Tareek-work/Tareek/experiments/chi_s20_w11_nw20_b12_fr018_10iter/evaluation/heatmap_h13_highways.png
2026-10-04 05:26:59 - matsim.evaluator - INFO -   2 PM congestion, share of 5,749 highway km with traffic — Severe 12.6%, Congested 3.2%, Moderate 4.3%, Free flow 79.9%; no traffic: 591 links
2026-10-04 05:27:02 - matsim.evaluator - INFO - Saved congestion heatmap to /media/volume/Tareek-instance_vol-1/Tareek-work/Tareek/experiments/chi_s20_w11_nw20_b12_fr018_10iter/evaluation/heatmap_h14_highways.png
2026-10-04 05:27:36 - matsim.evaluator - INFO -   3 PM congestion, share of 5,731 highway km with traffic — Severe 13.1%, Congested 3.5%, Moderate 4.5%, Free flow 79.0%; no traffic: 705 links
2026-10-04 05:27:39 - matsim.evaluator - INFO - Saved congestion heatmap to /media/volume/Tareek-instance_vol-1/Tareek-work/Tareek/experiments/chi_s20_w11_nw20_b12_fr018_10iter/evaluation/heatmap_h15_highways.png
2026-10-04 05:28:13 - matsim.evaluator - INFO -   4 PM congestion, share of 5,737 highway km with traffic — Severe 13.6%, Congested 3.5%, Moderate 4.4%, Free flow 78.4%; no traffic: 700 links
2026-10-04 05:28:16 - matsim.evaluator - INFO - Saved congestion heatmap to /media/volume/Tareek-instance_vol-1/Tareek-work/Tareek/experiments/chi_s20_w11_nw20_b12_fr018_10iter/evaluation/heatmap_h16_highways.png
2026-10-04 05:28:50 - matsim.evaluator - INFO -   5 PM congestion, share of 5,708 highway km with traffic — Severe 12.9%, Congested 2.9%, Moderate 4.0%, Free flow 80.3%; no traffic: 851 links
2026-10-04 05:28:53 - matsim.evaluator - INFO - Saved congestion heatmap to /media/volume/Tareek-instance_vol-1/Tareek-work/Tareek/experiments/chi_s20_w11_nw20_b12_fr018_10iter/evaluation/heatmap_5pm_highways.png
2026-10-04 05:29:27 - matsim.evaluator - INFO -   6 PM congestion, share of 5,690 highway km with traffic — Severe 11.9%, Congested 2.6%, Moderate 3.8%, Free flow 81.8%; no traffic: 1,009 links
2026-10-04 05:29:30 - matsim.evaluator - INFO - Saved congestion heatmap to /media/volume/Tareek-instance_vol-1/Tareek-work/Tareek/experiments/chi_s20_w11_nw20_b12_fr018_10iter/evaluation/heatmap_h18_highways.png
2026-10-04 05:30:03 - matsim.evaluator - INFO -   7 PM congestion, share of 5,697 highway km with traffic — Severe 10.8%, Congested 2.0%, Moderate 3.1%, Free flow 84.1%; no traffic: 1,018 links
2026-10-04 05:30:06 - matsim.evaluator - INFO - Saved congestion heatmap to /media/volume/Tareek-instance_vol-1/Tareek-work/Tareek/experiments/chi_s20_w11_nw20_b12_fr018_10iter/evaluation/heatmap_h19_highways.png
2026-10-04 05:30:40 - matsim.evaluator - INFO -   8 PM congestion, share of 5,652 highway km with traffic — Severe 9.6%, Congested 1.6%, Moderate 2.7%, Free flow 86.1%; no traffic: 1,336 links
2026-10-04 05:30:44 - matsim.evaluator - INFO - Saved congestion heatmap to /media/volume/Tareek-instance_vol-1/Tareek-work/Tareek/experiments/chi_s20_w11_nw20_b12_fr018_10iter/evaluation/heatmap_h20_highways.png
2026-10-04 05:31:17 - matsim.evaluator - INFO -   9 PM congestion, share of 5,663 highway km with traffic — Severe 8.3%, Congested 1.3%, Moderate 2.2%, Free flow 88.2%; no traffic: 1,294 links
2026-10-04 05:31:20 - matsim.evaluator - INFO - Saved congestion heatmap to /media/volume/Tareek-instance_vol-1/Tareek-work/Tareek/experiments/chi_s20_w11_nw20_b12_fr018_10iter/evaluation/heatmap_h21_highways.png
2026-10-04 05:31:53 - matsim.evaluator - INFO -   10 PM congestion, share of 5,639 highway km with traffic — Severe 7.2%, Congested 1.0%, Moderate 1.9%, Free flow 89.9%; no traffic: 1,435 links
2026-10-04 05:31:56 - matsim.evaluator - INFO - Saved congestion heatmap to /media/volume/Tareek-instance_vol-1/Tareek-work/Tareek/experiments/chi_s20_w11_nw20_b12_fr018_10iter/evaluation/heatmap_h22_highways.png
2026-10-04 05:32:30 - matsim.evaluator - INFO -   11 PM congestion, share of 5,591 highway km with traffic — Severe 6.0%, Congested 0.7%, Moderate 1.4%, Free flow 91.8%; no traffic: 1,760 links
2026-10-04 05:32:34 - matsim.evaluator - INFO - Saved congestion heatmap to /media/volume/Tareek-instance_vol-1/Tareek-work/Tareek/experiments/chi_s20_w11_nw20_b12_fr018_10iter/evaluation/heatmap_h23_highways.png
2026-10-04 05:32:41 - matsim.evaluator - INFO - Saved 24 log-log scatter plot(s) to /media/volume/Tareek-instance_vol-1/Tareek-work/Tareek/experiments/chi_s20_w11_nw20_b12_fr018_10iter/evaluation
2026-10-04 05:32:41 - matsim.evaluator - INFO - Generating per-device reports...
2026-10-04 05:32:41 - matsim.evaluator - INFO - Generating per-device reports for 42 devices...
2026-10-04 05:33:10 - matsim.evaluator - INFO - Per-device reports saved to /media/volume/Tareek-instance_vol-1/Tareek-work/Tareek/experiments/chi_s20_w11_nw20_b12_fr018_10iter/evaluation/device_reports
2026-10-04 05:33:10 - __main__ - INFO - 
2026-10-04 05:33:10 - __main__ - INFO - ============================================================
2026-10-04 05:33:10 - __main__ - INFO - EVALUATION RESULTS
2026-10-04 05:33:10 - __main__ - INFO - ============================================================
2026-10-04 05:33:10 - __main__ - INFO - Devices validated: 23
2026-10-04 05:33:10 - __main__ - INFO - Total comparisons: 1,008
2026-10-04 05:33:10 - __main__ - INFO - Mean Absolute Error (MAE): 363.65 vehicles
2026-10-04 05:33:10 - __main__ - INFO - Root Mean Square Error (RMSE): 633.42 vehicles
2026-10-04 05:33:10 - __main__ - INFO - GEH < 5 (hourly counts, target >=85%): 30.5%
2026-10-04 05:33:10 - __main__ - INFO - GEH < 5 (station daily totals): 7.1%
2026-10-04 05:33:10 - __main__ - INFO - Correlation: 0.815
2026-10-04 05:33:10 - __main__ - INFO - Peak-hour correlation (6-9,15-18): 0.795
2026-10-04 05:33:10 - __main__ - INFO - 
2026-10-04 05:33:10 - __main__ - INFO - Results saved to: /media/volume/Tareek-instance_vol-1/Tareek-work/Tareek/experiments/chi_s20_w11_nw20_b12_fr018_10iter/evaluation
2026-10-04 05:33:10 - __main__ - INFO - ============================================================
2026-10-04 05:33:10 - __main__ - INFO - 
2026-10-04 05:41:29 - validate_demand - INFO - Survey sources in DB: {('bham_local', 'undated'): np.int64(1071), ('nhts', '2022'): np.int64(30462)}
2026-10-04 05:41:29 - validate_demand - INFO - Ignoring survey 'bham_local': not declared by this run's config. It belongs to a different region, so it is not a valid reference here.
2026-10-04 05:41:29 - validate_demand - INFO - No local survey for this region — comparing against national NHTS only. A metro-specific household travel survey is the better reference; add one to config data.surveys with weight > 0.
2026-10-04 05:41:29 - validate_demand - INFO - Simulated trips: /media/volume/Tareek-instance_vol-1/Tareek-work/Tareek/experiments/chi_s20_w11_nw20_b12_fr018_10iter/output/ITERS/it.10/10.trips.csv.gz
2026-10-04 05:43:15 - __main__ - INFO -   Demand validation vs survey added to summary
2026-10-04 05:43:15 - __main__ - INFO - Experiment summary saved to: /media/volume/Tareek-instance_vol-1/Tareek-work/Tareek/experiments/chi_s20_w11_nw20_b12_fr018_10iter/experiment_summary.json
2026-10-04 05:43:18 - __main__ - INFO - Experiment report saved to: /media/volume/Tareek-instance_vol-1/Tareek-work/Tareek/experiments/chi_s20_w11_nw20_b12_fr018_10iter/report.html
2026-10-04 05:43:18 - __main__ - INFO -   For a PDF: python scripts/experiment_report.py --html-to-pdf <that file>  (needs a browser)
2026-10-04 05:43:18 - __main__ - INFO - Experiment tracked in: /media/volume/Tareek-instance_vol-1/Tareek-work/Tareek/experiments/experiment_comparison.csv
2026-10-04 05:43:18 - __main__ - INFO - Suggestion: Increase iterations from 10 to 15-20 for better convergence.
2026-10-04 05:43:18 - __main__ - INFO - ============================================================
2026-10-04 05:43:18 - __main__ - INFO - EXPERIMENT COMPLETE
2026-10-04 05:43:18 - __main__ - INFO - ============================================================
2026-10-04 05:43:18 - __main__ - INFO - Experiment ID: chi_s20_w11_nw20_b12_fr018_10iter
2026-10-04 05:43:18 - __main__ - INFO - Experiment directory: /media/volume/Tareek-instance_vol-1/Tareek-work/Tareek/experiments/chi_s20_w11_nw20_b12_fr018_10iter
2026-10-04 05:43:18 - __main__ - INFO - Status: completed
2026-10-04 05:43:18 - __main__ - INFO - 
2026-10-04 05:43:18 - __main__ - INFO - Results available at:
2026-10-04 05:43:18 - __main__ - INFO -   Network: network.xml
2026-10-04 05:43:18 - __main__ - INFO -   Plans: plans.xml
2026-10-04 05:43:18 - __main__ - INFO -   Output: output/
2026-10-04 05:43:18 - __main__ - INFO -   Evaluation: evaluation/
2026-10-04 05:43:18 - __main__ - INFO - ============================================================
