2026-09-25 16:44:05 - data_sources.base_survey_trip - INFO - Logging to: /media/volume/Tareek-instance_vol-1/Tareek-work/Tareek/logs/plan_generation_20260925_164405.log
2026-09-25 16:44:06 - __main__ - INFO - ============================================================
2026-09-25 16:44:06 - __main__ - INFO - STEP 1: VALIDATING CONFIGURATION
2026-09-25 16:44:06 - __main__ - INFO - ============================================================
2026-09-25 16:44:06 - utils.config_validator - INFO - Loaded config from: config/USA/Birmingham_AL/config_10iter_f1r.json
2026-09-25 16:44:06 - utils.config_validator - INFO - Validating configuration...
2026-09-25 16:44:06 - utils.config_validator - INFO - Network config: Using 2 counties
2026-09-25 16:44:06 - utils.config_validator - INFO - MATSim config: mode=basic, run_simulation=True
2026-09-25 16:44:06 - utils.config_validator - INFO - Plan generation config: target_plans=all, scaling_factor=0.25
2026-09-25 16:44:06 - utils.config_validator - INFO - Data directory validated: /media/volume/Tareek-instance_vol-1/Tareek-work/Tareek/data
2026-09-25 16:44:06 - utils.config_validator - INFO - Counts config: enabled=True, custom=False
2026-09-25 16:44:06 - utils.config_validator - INFO - External tools found: osmium, java
2026-09-25 16:44:06 - utils.config_validator - INFO - Configuration validation passed
2026-09-25 16:44:06 - __main__ - INFO - Configuration file: config/USA/Birmingham_AL/config_10iter_f1r.json
2026-09-25 16:44:06 - __main__ - INFO - Experiment ID: bham_stage2f_f1r
2026-09-25 16:44:06 - __main__ - INFO - 
2026-09-25 16:44:06 - __main__ - INFO - ============================================================
2026-09-25 16:44:06 - __main__ - INFO - DETECTING COORDINATE SYSTEM
2026-09-25 16:44:06 - __main__ - INFO - ============================================================
2026-09-25 16:44:07 - __main__ - INFO -   Counties: Shelby, Jefferson
2026-09-25 16:44:07 - __main__ - INFO -   Average centroid: (33.4102, -86.7788)
2026-09-25 16:44:07 - __main__ - INFO -   Detected UTM EPSG: EPSG:26916
2026-09-25 16:44:07 - __main__ - INFO -   All downstream components will use EPSG:26916
2026-09-25 16:44:07 - __main__ - INFO - 
2026-09-25 16:44:07 - __main__ - INFO - ============================================================
2026-09-25 16:44:07 - __main__ - INFO - STEP 2: SETTING UP EXPERIMENT DIRECTORY
2026-09-25 16:44:07 - __main__ - INFO - ============================================================
2026-09-25 16:44:07 - utils.logger - INFO - Logging reconfigured from /media/volume/Tareek-instance_vol-1/Tareek-work/Tareek/logs/plan_generation_20260925_164405.log to /media/volume/Tareek-instance_vol-1/Tareek-work/Tareek/experiments/bham_stage2f_f1r/experiment_20260925_164407.log
2026-09-25 16:44:07 - utils.logger - INFO - Removed temporary log file: /media/volume/Tareek-instance_vol-1/Tareek-work/Tareek/logs/plan_generation_20260925_164405.log
2026-09-25 16:44:07 - __main__ - INFO - Created new experiment directory: /media/volume/Tareek-instance_vol-1/Tareek-work/Tareek/experiments/bham_stage2f_f1r
2026-09-25 16:44:07 - __main__ - INFO - All experiment logs will be saved to: /media/volume/Tareek-instance_vol-1/Tareek-work/Tareek/experiments/bham_stage2f_f1r/experiment_20260925_164407.log
2026-09-25 16:44:07 - __main__ - INFO - 
2026-09-25 16:44:07 - __main__ - INFO - ============================================================
2026-09-25 16:44:07 - __main__ - INFO - STEP 2b: GENERATING MATSIM config.xml
2026-09-25 16:44:07 - __main__ - INFO - ============================================================
2026-09-25 16:44:07 - matsim.config_manager - INFO - Generating MATSim config for mode: basic
2026-09-25 16:44:07 - matsim.config_manager - INFO - Using config template: /media/volume/Tareek-instance_vol-1/Tareek-work/Tareek/matsim/configs/basic/config.xml
2026-09-25 16:44:07 - matsim.config_manager - INFO - Auto-set writeLinkStatsInterval = 10 (matches lastIteration)
2026-09-25 16:44:07 - matsim.config_manager - INFO - Auto-set write*Interval = 10 (bulky per-iteration output written only at the final iteration; set matsim.write_intermediate_output=true to write every iteration)
2026-09-25 16:44:07 - matsim.config_manager - INFO - Auto-set counts.countsScaleFactor = 4.0 (1/0.25 flowCapacityFactor)
2026-09-25 16:44:07 - matsim.config_manager - INFO - Auto-set counts.writeCountsInterval = 10 (matches lastIteration)
2026-09-25 16:44:07 - matsim.config_manager - INFO - Applied configurable param: controller.mobsim = qsim
2026-09-25 16:44:07 - matsim.config_manager - INFO - Applied configurable param: global.numberOfThreads = 30
2026-09-25 16:44:07 - matsim.config_manager - INFO - Applied configurable param: qsim.numberOfThreads = 30
2026-09-25 16:44:07 - matsim.config_manager - INFO - Applied configurable param: qsim.flowCapacityFactor = 0.25
2026-09-25 16:44:07 - matsim.config_manager - INFO - Mirrored qsim.flowCapacityFactor -> hermes.flowCapacityFactor = 0.25
2026-09-25 16:44:07 - matsim.config_manager - INFO - Applied configurable param: qsim.storageCapacityFactor = 0.3
2026-09-25 16:44:07 - matsim.config_manager - INFO - Mirrored qsim.storageCapacityFactor -> hermes.storageCapacityFactor = 0.3
2026-09-25 16:44:07 - matsim.config_manager - INFO - Applied configurable param: qsim.stuckTime = 10.0
2026-09-25 16:44:07 - matsim.config_manager - INFO - Applied configurable param: linkStats.averageLinkStatsOverIterations = 5
2026-09-25 16:44:07 - matsim.config_manager - INFO - Applied scoring.waitingPt = -3.0
2026-09-25 16:44:07 - matsim.config_manager - INFO - Mirrored qsim.flowCapacityFactor -> hermes.flowCapacityFactor = 0.25
2026-09-25 16:44:07 - matsim.config_manager - INFO - Mirrored qsim.storageCapacityFactor -> hermes.storageCapacityFactor = 0.3
2026-09-25 16:44:07 - matsim.config_manager - INFO - Applied scoring.waitingPt = -3.0
2026-09-25 16:44:07 - matsim.config_manager - INFO - Enabled transit module with transitModes=pt (from enabled modes: ['bus']) (preserved existing params on: transitRouter)
2026-09-25 16:44:07 - matsim.config_manager - INFO - Config saved to: /media/volume/Tareek-instance_vol-1/Tareek-work/Tareek/experiments/bham_stage2f_f1r/config.xml
2026-09-25 16:44:07 - __main__ - INFO -   Generated: /media/volume/Tareek-instance_vol-1/Tareek-work/Tareek/experiments/bham_stage2f_f1r/config.xml
2026-09-25 16:44:07 - __main__ - INFO - 
2026-09-25 16:44:07 - __main__ - INFO - ============================================================
2026-09-25 16:44:07 - __main__ - INFO - STEP 3: SETTING UP NETWORK
2026-09-25 16:44:07 - __main__ - INFO - ============================================================
2026-09-25 16:44:07 - matsim.osm_downloader - INFO - OSM cache directory: /media/volume/Tareek-instance_vol-1/Tareek-work/Tareek/data/osm_cache
2026-09-25 16:44:08 - utils.region_utils - INFO - Retrieved 2 county names for network generation
2026-09-25 16:44:08 - __main__ - INFO - Converted 2 FIPS codes to county names
2026-09-25 16:44:09 - __main__ - INFO - Transit network enabled - setting up GTFS feeds...
2026-09-25 16:44:09 - data_sources.gtfs_manager - INFO - ==================================================
2026-09-25 16:44:09 - data_sources.gtfs_manager - INFO - GTFS SETUP
2026-09-25 16:44:09 - data_sources.gtfs_manager - INFO - ==================================================
2026-09-25 16:44:09 - data_sources.gtfs_manager - INFO - GTFS modes configured: ['bus']
2026-09-25 16:44:10 - data_sources.gtfs_manager - INFO - Region bbox: (-87.3425, 33.0187, -86.3410, 33.8434) (took 0.0s)
2026-09-25 16:44:10 - data_sources.gtfs_manager - INFO - Using cached catalog: data/gtfs/feeds_v2.csv
2026-09-25 16:44:10 - data_sources.gtfs_manager - INFO - Catalog has 6475 total entries
2026-09-25 16:44:10 - data_sources.gtfs_manager - INFO -   After data_type=gtfs filter: 4548
2026-09-25 16:44:10 - data_sources.gtfs_manager - INFO -   After country=US filter: 1689
2026-09-25 16:44:10 - data_sources.gtfs_manager - INFO -   After excluding deprecated/inactive: 911
2026-09-25 16:44:10 - data_sources.gtfs_manager - INFO -   Skipped 5 feeds with bboxes too broad for region
2026-09-25 16:44:10 - data_sources.gtfs_manager - INFO - Found 1 GTFS feeds for region (took 0.1s):
2026-09-25 16:44:10 - data_sources.gtfs_manager - INFO -   - Birmingham Jefferson County Transit Authority (MAX) (mdb-3434): Alabama Birmingham
2026-09-25 16:44:10 - data_sources.gtfs_manager - INFO - Checking integrity of 2 feeds in database...
2026-09-25 16:44:10 - data_sources.gtfs_manager - INFO - All feeds are complete
2026-09-25 16:44:10 - data_sources.gtfs_manager - INFO - Feed mdb-3434 is up to date (cached)
2026-09-25 16:44:10 - data_sources.gtfs_manager - INFO - Feed mdb-3434 already in database, skipping
2026-09-25 16:44:10 - data_sources.gtfs_manager - INFO - GTFS setup complete in 0.4s: 0 newly loaded, 1 already in DB, 0 failed (total 1 feeds)
2026-09-25 16:44:10 - data_sources.gtfs_manager - INFO - ==================================================
2026-09-25 16:44:10 - __main__ - INFO - GTFS setup complete
2026-09-25 16:44:10 - matsim.network_manager - INFO - rebuild_network=true: skipping cache, will regenerate network
2026-09-25 16:44:10 - matsim.network_manager - INFO - Deleted network directory: /media/volume/Tareek-instance_vol-1/Tareek-work/Tareek/data/networks/0f9021f7af318eb4
2026-09-25 16:44:10 - matsim.network_manager - INFO - Saved network metadata to /media/volume/Tareek-instance_vol-1/Tareek-work/Tareek/data/networks/networks_metadata.json
2026-09-25 16:44:10 - matsim.network_manager - INFO - Deleted network: 0f9021f7af318eb4
2026-09-25 16:44:10 - matsim.network_manager - INFO - Deleted stale cache entry: 0f9021f7af318eb4
2026-09-25 16:44:10 - matsim.network_manager - INFO - No cached network found. Generating new network...
2026-09-25 16:44:10 - matsim.network_generator - INFO - Downloading OSM data for 2 counties...
2026-09-25 16:44:10 - matsim.osm_downloader - INFO - Found osmium version 1.16.0
2026-09-25 16:44:10 - matsim.osm_downloader - INFO - Using osmium extraction for 2 counties (fast, accurate)
2026-09-25 16:44:10 - matsim.osm_downloader - INFO - Counties span 1 state(s): Alabama
2026-09-25 16:44:10 - matsim.osm_downloader - INFO - Using cached OSM data: /media/volume/Tareek-instance_vol-1/Tareek-work/Tareek/data/osm_cache/alabama-latest.osm.pbf (142.8 MB)
2026-09-25 16:44:10 - matsim.osm_downloader - INFO -   Alabama: alabama-latest.osm.pbf
2026-09-25 16:44:10 - matsim.osm_downloader - INFO - Calculating bounding box for 2 counties
2026-09-25 16:44:10 - matsim.osm_downloader - INFO - Bounding box: (-87.3425, 33.0187, -86.3410, 33.8434)
2026-09-25 16:44:10 - matsim.osm_downloader - INFO - Extracting from Alabama data...
2026-09-25 16:44:10 - matsim.osm_downloader - INFO - Using bbox-based extraction for Alabama
2026-09-25 16:44:10 - matsim.osm_downloader - INFO - Found osmium version 1.16.0
2026-09-25 16:44:10 - matsim.osm_downloader - INFO - Extracting area with osmium (bbox)...
2026-09-25 16:44:10 - matsim.osm_downloader - INFO -   Input: /media/volume/Tareek-instance_vol-1/Tareek-work/Tareek/data/osm_cache/alabama-latest.osm.pbf (142.8 MB)
2026-09-25 16:44:10 - matsim.osm_downloader - INFO -   Bbox: (-87.3425, 33.0187, -86.3410, 33.8434)
2026-09-25 16:44:14 - matsim.osm_downloader - INFO - Extraction complete in 4.3s
2026-09-25 16:44:14 - matsim.osm_downloader - INFO -   Output: /media/volume/Tareek-instance_vol-1/Tareek-work/Tareek/experiments/bham_stage2f_f1r/temp_osm/osm_data.osm.pbf (19.9 MB)
2026-09-25 16:44:14 - matsim.osm_downloader - INFO -   Size reduction: 86.1% (142.8 MB -> 19.9 MB)
2026-09-25 16:44:14 - matsim.osm_downloader - INFO - Extraction summary for Alabama: {'input_size_mb': 142.831449508667, 'output_size_mb': 19.910764694213867, 'extraction_time_sec': 4.301827669143677, 'reduction_percent': 86.05995754947115, 'method': 'osmium_bbox'}
2026-09-25 16:44:14 - matsim.network_generator - INFO - ============================================================
2026-09-25 16:44:14 - matsim.network_generator - INFO - Generating transit network via pt2matsim pipeline
2026-09-25 16:44:14 - matsim.network_generator - INFO - ============================================================
2026-09-25 16:44:14 - matsim.network_generator - INFO - Computing region bbox from 2 counties for GTFS filtering
2026-09-25 16:44:14 - matsim.osm_downloader - INFO - Calculating bounding box for 2 counties
2026-09-25 16:44:14 - matsim.osm_downloader - INFO - Bounding box: (-87.3425, 33.0187, -86.3410, 33.8434)
2026-09-25 16:44:14 - matsim.network_generator - INFO - Region bbox: (-87.3425, 33.0187, -86.3410, 33.8434)
2026-09-25 16:44:14 - matsim.network_generator - INFO - Step 1: Converting OSM to multimodal network via pt2matsim
2026-09-25 16:44:14 - matsim.network_generator - INFO -   Input:  /media/volume/Tareek-instance_vol-1/Tareek-work/Tareek/experiments/bham_stage2f_f1r/temp_osm/osm_data.osm.pbf
2026-09-25 16:44:14 - matsim.network_generator - INFO -   Output: /media/volume/Tareek-instance_vol-1/Tareek-work/Tareek/experiments/bham_stage2f_f1r/transit_build/multimodal_network.xml
2026-09-25 16:44:14 - matsim.network_generator - INFO -   CRS:    EPSG:26916
2026-09-25 16:44:14 - matsim.network_generator - INFO -   Converting PBF to OSM XML via osmium: osm_data_converted.osm
2026-09-25 16:44:15 - matsim.network_generator - INFO -   Converted to OSM XML: 491.6 MB
2026-09-25 16:44:15 - matsim.network_generator - INFO - Using pt2matsim JAR: /media/volume/Tareek-instance_vol-1/Tareek-work/Tareek/matsim/pt2matsim/pt2matsim-25.2-shaded.jar
2026-09-25 16:44:15 - matsim.network_generator - INFO - Command: java -Xmx8g -cp /media/volume/Tareek-instance_vol-1/Tareek-work/Tareek/matsim/pt2matsim/pt2matsim-25.2-shaded.jar org.matsim.pt2matsim.run.Osm2MultimodalNetwork /media/volume/Tareek-instance_vol-1/Tareek-work/Tareek/experiments/bham_stage2f_f1r/transit_build/pt2matsim_osm_config.xml
2026-09-25 16:44:44 - matsim.network_generator - INFO - Step 1 complete: 90122 nodes, 205092 links (took 26.0s)
2026-09-25 16:44:44 - matsim.network_generator - INFO - Using pt2matsim JAR: /media/volume/Tareek-instance_vol-1/Tareek-work/Tareek/matsim/pt2matsim/pt2matsim-25.2-shaded.jar
2026-09-25 16:44:44 - matsim.network_generator - INFO -   Pre-filtered feeds by region bbox: 1 of 2 in DB
2026-09-25 16:44:44 - matsim.network_generator - INFO -   Enabled route_types: [3, 11]
2026-09-25 16:44:44 - matsim.network_generator - INFO - Step 2: Converting 1 GTFS feed(s) to MATSim schedule
2026-09-25 16:44:44 - matsim.network_generator - INFO -   Sample day: dayWithMostTrips
2026-09-25 16:44:44 - matsim.network_generator - INFO -   CRS: EPSG:26916
2026-09-25 16:44:44 - matsim.network_generator - INFO -   Spatial filter: bbox (-87.3425, 33.0187, -86.3410, 33.8434)
2026-09-25 16:44:44 - matsim.network_generator - INFO -   Filtering GTFS feed mdb-3434 (Birmingham Jefferson County Transit Authority (MAX)) to region bbox (-87.3425, 33.0187, -86.3410, 33.8434)
2026-09-25 16:44:44 - matsim.network_generator - INFO -     Original: 951 stops, 14 routes, 998 trips
2026-09-25 16:44:44 - matsim.network_generator - INFO -     Filtered: 951 stops, 14 routes, 998 trips (removed 0.0% of stops)
2026-09-25 16:44:44 - matsim.network_generator - INFO -     Filtered feed written to: /media/volume/Tareek-instance_vol-1/Tareek-work/Tareek/experiments/bham_stage2f_f1r/transit_build/per_feed_transit/mdb-3434_filtered
2026-09-25 16:44:45 - matsim.network_generator - INFO -     Route-type filter: 14/14 routes, 998/998 trips, 951/951 stops
2026-09-25 16:44:45 - matsim.network_generator - INFO -   Converting feed: Birmingham Jefferson County Transit Authority (MAX) (mdb-3434)
2026-09-25 16:44:47 - matsim.network_generator - INFO -     Converted mdb-3434 (took 2.4s)
2026-09-25 16:44:47 - matsim.network_generator - INFO - Step 2 complete: merged 1 feed(s)
2026-09-25 16:44:47 - matsim.network_generator - INFO -   Schedule: /media/volume/Tareek-instance_vol-1/Tareek-work/Tareek/experiments/bham_stage2f_f1r/transit_build/schedule_unmapped.xml
2026-09-25 16:44:47 - matsim.network_generator - INFO -   Vehicles: /media/volume/Tareek-instance_vol-1/Tareek-work/Tareek/experiments/bham_stage2f_f1r/transit_build/transitVehicles.xml
2026-09-25 16:44:47 - matsim.network_generator - INFO - Step 3: Mapping transit schedule to network via PublicTransitMapper
2026-09-25 16:44:47 - matsim.network_generator - INFO -   Network:  /media/volume/Tareek-instance_vol-1/Tareek-work/Tareek/experiments/bham_stage2f_f1r/transit_build/multimodal_network.xml
2026-09-25 16:44:47 - matsim.network_generator - INFO -   Schedule: /media/volume/Tareek-instance_vol-1/Tareek-work/Tareek/experiments/bham_stage2f_f1r/transit_build/schedule_unmapped.xml
2026-09-25 16:44:47 - matsim.network_generator - INFO - Using pt2matsim JAR: /media/volume/Tareek-instance_vol-1/Tareek-work/Tareek/matsim/pt2matsim/pt2matsim-25.2-shaded.jar
2026-09-25 16:44:47 - matsim.network_generator - INFO -   PT mapper schedule-mode assignments: ['bus']
2026-09-25 16:44:47 - matsim.network_generator - INFO - Command: java -Xmx8g -cp /media/volume/Tareek-instance_vol-1/Tareek-work/Tareek/matsim/pt2matsim/pt2matsim-25.2-shaded.jar org.matsim.pt2matsim.run.PublicTransitMapper /media/volume/Tareek-instance_vol-1/Tareek-work/Tareek/experiments/bham_stage2f_f1r/pt2matsim_mapper_config.xml
2026-09-25 16:45:02 - matsim.network_generator - INFO - Step 3 complete: mapped network has 89851 nodes, 204379 links (took 11.8s)
2026-09-25 16:45:05 - matsim.network_generator - INFO - All transit stops have bidirectional connectivity — no fix needed
2026-09-25 16:45:14 - matsim.network_generator - INFO - All transit routes pass validation
2026-09-25 16:45:18 - matsim.network_generator - INFO - ============================================================
2026-09-25 16:45:18 - matsim.network_generator - INFO - Transit network pipeline complete: 89851 nodes, 204379 links (total 60.4s)
2026-09-25 16:45:18 - matsim.network_generator - INFO -   Network:    /media/volume/Tareek-instance_vol-1/Tareek-work/Tareek/experiments/bham_stage2f_f1r/network.xml
2026-09-25 16:45:18 - matsim.network_generator - INFO -   Schedule:   /media/volume/Tareek-instance_vol-1/Tareek-work/Tareek/experiments/bham_stage2f_f1r/transitSchedule.xml
2026-09-25 16:45:18 - matsim.network_generator - INFO -   Vehicles:   /media/volume/Tareek-instance_vol-1/Tareek-work/Tareek/experiments/bham_stage2f_f1r/transitVehicles.xml
2026-09-25 16:45:18 - matsim.network_generator - INFO - ============================================================
2026-09-25 16:45:18 - matsim.network_manager - INFO - Cached network to: /media/volume/Tareek-instance_vol-1/Tareek-work/Tareek/data/networks/0f9021f7af318eb4/network.xml
2026-09-25 16:45:18 - matsim.network_manager - INFO - Cached transitSchedule.xml to: /media/volume/Tareek-instance_vol-1/Tareek-work/Tareek/data/networks/0f9021f7af318eb4/transitSchedule.xml
2026-09-25 16:45:18 - matsim.network_manager - INFO - Cached transitVehicles.xml to: /media/volume/Tareek-instance_vol-1/Tareek-work/Tareek/data/networks/0f9021f7af318eb4/transitVehicles.xml
2026-09-25 16:45:18 - matsim.network_manager - INFO - Saved network metadata to /media/volume/Tareek-instance_vol-1/Tareek-work/Tareek/data/networks/networks_metadata.json
2026-09-25 16:45:18 - matsim.network_manager - INFO - Saved network with ID: 0f9021f7af318eb4
2026-09-25 16:45:18 - matsim.network_manager - INFO - Generated and cached new network: 0f9021f7af318eb4
2026-09-25 16:45:18 - __main__ - INFO - Network ready: /media/volume/Tareek-instance_vol-1/Tareek-work/Tareek/experiments/bham_stage2f_f1r/network.xml
2026-09-25 16:45:18 - __main__ - INFO -   Nodes: 89851
2026-09-25 16:45:18 - __main__ - INFO -   Links: 204379
2026-09-25 16:45:18 - __main__ - INFO -   Coordinate system: EPSG:26916
2026-09-25 16:45:18 - __main__ - INFO -   Transit schedule: /media/volume/Tareek-instance_vol-1/Tareek-work/Tareek/experiments/bham_stage2f_f1r/transitSchedule.xml (exists=True)
2026-09-25 16:45:18 - __main__ - INFO -   Transit vehicles: /media/volume/Tareek-instance_vol-1/Tareek-work/Tareek/experiments/bham_stage2f_f1r/transitVehicles.xml (exists=True)
2026-09-25 16:45:18 - __main__ - INFO - 
2026-09-25 16:45:18 - __main__ - INFO - ============================================================
2026-09-25 16:45:18 - __main__ - INFO - STEP 3b: GENERATING COUNTS FILE
2026-09-25 16:45:18 - __main__ - INFO - ============================================================
2026-09-25 16:45:19 - data_sources.fha_counts_manager - INFO - Setting up FHA counts data...
2026-09-25 16:45:19 - data_sources.fha_counts_manager - INFO - FHA counts data already loaded in DB — skipping ETL
2026-09-25 16:45:19 - matsim.counts_generator - INFO - Generating counts.xml for MATSim validation...
2026-09-25 16:45:19 - matsim.counts_generator - INFO - Loading network from /media/volume/Tareek-instance_vol-1/Tareek-work/Tareek/experiments/bham_stage2f_f1r/network.xml
2026-09-25 16:45:59 - matsim.counts_generator - INFO - Loaded 204,379 links
2026-09-25 16:45:59 - matsim.counts_generator - INFO - FHA: 57 stations within network area (of 65 total)
2026-09-25 16:46:01 - matsim.counts_generator - INFO - FHA directional matching: 57 assigned, 0 dropped (0 for facility-class mismatch, rest no distinct carriageway)
2026-09-25 16:46:01 - matsim.counts_generator - INFO - FHA: 39 stations matched via HPMS functional-class constraint
2026-09-25 16:46:01 - matsim.counts_generator - INFO - FHA: matched 57 station-directions to network links
2026-09-25 16:46:01 - matsim.counts_generator - INFO - Counts sources: FHA only (57 stations)
2026-09-25 16:46:01 - utils.region_utils - INFO - Loaded 2 county boundary polygons
2026-09-25 16:46:13 - matsim.counts_generator - INFO - County boundary filter: 57 devices retained
2026-09-25 16:46:13 - matsim.counts_generator - WARNING - Link 194566: averaged 2 stations (FHA_01_000146_1, FHA_01_020146_1)
2026-09-25 16:46:13 - matsim.counts_generator - WARNING - Link 19033: averaged 2 stations (FHA_01_000146_5, FHA_01_031461_5)
2026-09-25 16:46:13 - matsim.counts_generator - WARNING - Link 158102: averaged 2 stations (FHA_01_001381_1, FHA_01_021381_5)
2026-09-25 16:46:13 - matsim.counts_generator - WARNING - Link 13484: averaged 2 stations (FHA_01_001402_5, FHA_01_021402_5)
2026-09-25 16:46:13 - matsim.counts_generator - INFO - Deduplicated 4 links with multiple stations
2026-09-25 16:46:13 - matsim.counts_generator - INFO - Generated counts.xml with 53 count locations
2026-09-25 16:46:13 - matsim.counts_generator - INFO -   - FHA per-direction counts: 57
2026-09-25 16:46:13 - matsim.counts_generator - INFO -   - Custom bidirectional sensors (50/50 split): 0
2026-09-25 16:46:13 - matsim.counts_generator - INFO -   - Saved to: /media/volume/Tareek-instance_vol-1/Tareek-work/Tareek/experiments/bham_stage2f_f1r/counts.xml
2026-09-25 16:46:13 - matsim.counts_generator - INFO -   - Saved matched devices to: /media/volume/Tareek-instance_vol-1/Tareek-work/Tareek/experiments/bham_stage2f_f1r/matched_devices.csv
2026-09-25 16:46:13 - __main__ - INFO - 
2026-09-25 16:46:14 - __main__ - INFO - ============================================================
2026-09-25 16:46:14 - __main__ - INFO - STEP 4: GENERATING ACTIVITY PLANS (WORK + NON-WORK)
2026-09-25 16:46:14 - __main__ - INFO - ============================================================
2026-09-25 16:46:15 - models.home_locs_v2 - INFO - Home locations already exist for all 2 configured counties
2026-09-25 16:46:16 - models.work_locs_v2 - INFO - Work locations already exist for all 2 configured counties
2026-09-25 16:46:17 - models.poi_manager - INFO - [OK] All 2 counties already have POIs in database
2026-09-25 16:46:17 - __main__ - INFO - Target total plans: all
2026-09-25 16:46:17 - __main__ - INFO - Scaling factor: 0.25
2026-09-25 16:46:17 - __main__ - INFO - 
2026-09-25 16:46:17 - __main__ - INFO - ------------------------------------------------------------
2026-09-25 16:46:17 - __main__ - INFO - GENERATING WORK PLANS
2026-09-25 16:46:17 - __main__ - INFO - ------------------------------------------------------------
2026-09-25 16:46:17 - models.plan_generator - INFO - ======================================================================
2026-09-25 16:46:17 - models.plan_generator - INFO - INITIALIZING PLAN GENERATOR
2026-09-25 16:46:17 - models.plan_generator - INFO - ======================================================================
2026-09-25 16:46:17 - models.plan_generator - INFO - Loading location data...
2026-09-25 16:46:17 - models.plan_generator - INFO -   Using data directory: /media/volume/Tareek-instance_vol-1/Tareek-work/Tareek/data
2026-09-25 16:46:17 - models.plan_generator - INFO -   Filtering by 2 counties from config
2026-09-25 16:46:19 - models.home_locs_v2 - INFO - Loading home locations for 2 counties from config...
2026-09-25 16:46:19 - models.home_locs_v2 - INFO - Loaded 19,068 home location blocks for 2 counties
2026-09-25 16:46:20 - models.work_locs_v2 - INFO - Loading work locations for 2 counties from config...
2026-09-25 16:46:20 - models.work_locs_v2 - INFO - Loaded 6,459 work location blocks for 2 counties
2026-09-25 16:46:20 - models.plan_generator - INFO -   Loaded 19068 home blocks
2026-09-25 16:46:20 - models.plan_generator - INFO -   Loaded 6459 work blocks
2026-09-25 16:46:20 - models.plan_generator - INFO - Loading survey data...
2026-09-25 16:46:21 - data_sources.survey_manager - INFO - Survey data already exists for all 1 active source(s)
2026-09-25 16:46:21 - data_sources.survey_manager - INFO - Initialized survey source: nhts (year=2022)
2026-09-25 16:46:21 - data_sources.base_survey_trip - INFO - Loading survey data from DuckDB...
2026-09-25 16:46:24 - data_sources.base_survey_trip - INFO - Loaded 30462 records from DuckDB
2026-09-25 16:46:24 - data_sources.survey_manager - INFO - Survey 'nhts': kept 22,851/30,462 weekday trips (dropped 7,611)
2026-09-25 16:46:24 - data_sources.survey_manager - INFO - Loaded 22851 records for 'nhts'
2026-09-25 16:46:24 - data_sources.survey_manager - INFO - Survey 'nhts': kept 22,851/30,462 weekday trips (dropped 7,611)
2026-09-25 16:46:24 - data_sources.base_survey_trip - INFO - Processing persons and trips...
2026-09-25 16:46:31 - data_sources.base_survey_trip - INFO - Processed 7732 persons across 7732 person-days
2026-09-25 16:46:31 - data_sources.survey_manager - INFO - Processed 7732 persons for 'nhts'
2026-09-25 16:46:31 - models.plan_generator - INFO -   Loaded 22851 survey trips
2026-09-25 16:46:31 - models.plan_generator - INFO -   Processed 7732 persons
2026-09-25 16:46:31 - models.plan_generator - INFO -   Detected survey geo level: block_group
2026-09-25 16:46:31 - models.plan_generator - INFO - Initializing statistical models...
2026-09-25 16:46:31 - models.plan_generator - INFO -   Single survey source — using direct models
2026-09-25 16:46:31 - models.chains - INFO - Starting trip chain processing...
2026-09-25 16:46:34 - models.chains - INFO - Successfully processed 7732 trip chains
2026-09-25 16:46:34 - models.chains - INFO - Filtered chains by type 'contains_work': 434/1200 chains match
2026-09-25 16:46:34 - models.plan_generator - INFO -   Chain model fitted with 434 patterns (length dist from 1200 unfiltered)
2026-09-25 16:46:34 - models.time - INFO - Fitted models for 49 activity pairs
2026-09-25 16:46:34 - models.time - INFO - Mean trip durations: global=20.5min, per-pair=49 pairs
2026-09-25 16:46:34 - models.time - INFO - First-of-day departure KDEs: 21 pairs from 7732 first trips (of 22851 trips)
2026-09-25 16:46:38 - models.time - WARNING - FILTER: Rejected 2032 activity durations from survey (outside per-activity [min_minutes, max_minutes] bounds from config). Kept 13087 valid durations.
2026-09-25 16:46:38 - models.time - INFO - Extracted 13087 activity durations from survey
2026-09-25 16:46:38 - models.time - INFO -   Activity 'Dining': fitted survey KDE from 1321 samples (mean=49.0 min, std=42.1 min)
2026-09-25 16:46:38 - models.time - INFO -   Activity 'Home': fitted survey KDE from 1714 samples (mean=168.3 min, std=143.4 min)
2026-09-25 16:46:38 - models.time - INFO -   Activity 'Other': fitted survey KDE from 782 samples (mean=74.9 min, std=61.3 min)
2026-09-25 16:46:38 - models.time - INFO -   Activity 'School': fitted survey KDE from 1217 samples (mean=338.8 min, std=164.3 min)
2026-09-25 16:46:38 - models.time - INFO -   Activity 'Shopping': fitted survey KDE from 3979 samples (mean=39.6 min, std=42.3 min)
2026-09-25 16:46:38 - models.time - INFO -   Activity 'Social': fitted survey KDE from 1552 samples (mean=110.3 min, std=69.8 min)
2026-09-25 16:46:38 - models.time - INFO -   Activity 'Work': fitted survey KDE from 2522 samples (mean=359.9 min, std=188.6 min)
2026-09-25 16:46:38 - models.time - INFO - Fitted 7 survey KDE models for activity types
2026-09-25 16:46:38 - models.time - INFO -   Activity 'Dining' bin 'afternoon': fitted binned KDE from 426 samples (mean=48.8 min, std=43.9 min)
2026-09-25 16:46:38 - models.time - INFO -   Activity 'Dining' bin 'evening': fitted binned KDE from 330 samples (mean=54.3 min, std=44.3 min)
2026-09-25 16:46:38 - models.time - INFO -   Activity 'Dining' bin 'midday': fitted binned KDE from 439 samples (mean=47.3 min, std=39.3 min)
2026-09-25 16:46:38 - models.time - INFO -   Activity 'Dining' bin 'morning': fitted binned KDE from 126 samples (mean=41.0 min, std=37.1 min)
2026-09-25 16:46:38 - models.time - INFO -   Activity 'Home' bin 'afternoon': fitted binned KDE from 681 samples (mean=105.8 min, std=77.7 min)
2026-09-25 16:46:38 - models.time - INFO -   Activity 'Home' bin 'evening': fitted binned KDE from 106 samples (mean=70.0 min, std=60.0 min)
2026-09-25 16:46:38 - models.time - INFO -   Activity 'Home' bin 'midday': fitted binned KDE from 561 samples (mean=186.2 min, std=132.6 min)
2026-09-25 16:46:38 - models.time - INFO -   Activity 'Home' bin 'morning': fitted binned KDE from 366 samples (mean=285.7 min, std=181.1 min)
2026-09-25 16:46:38 - models.time - INFO -   Activity 'Other' bin 'afternoon': fitted binned KDE from 187 samples (mean=65.4 min, std=59.0 min)
2026-09-25 16:46:38 - models.time - INFO -   Activity 'Other' bin 'evening': fitted binned KDE from 32 samples (mean=78.3 min, std=67.5 min)
2026-09-25 16:46:38 - models.time - INFO -   Activity 'Other' bin 'midday': fitted binned KDE from 343 samples (mean=75.5 min, std=59.7 min)
2026-09-25 16:46:38 - models.time - INFO -   Activity 'Other' bin 'morning': fitted binned KDE from 220 samples (mean=81.6 min, std=63.6 min)
2026-09-25 16:46:38 - models.time - INFO -   Activity 'School' bin 'afternoon': fitted binned KDE from 89 samples (mean=104.5 min, std=100.0 min)
2026-09-25 16:46:38 - models.time - INFO -   Activity 'School' bin 'evening': fitted binned KDE from 81 samples (mean=103.2 min, std=45.8 min)
2026-09-25 16:46:38 - models.time - INFO -   Activity 'School' bin 'midday': fitted binned KDE from 108 samples (mean=151.4 min, std=127.5 min)
2026-09-25 16:46:38 - models.time - INFO -   Activity 'School' bin 'morning': fitted binned KDE from 939 samples (mean=402.9 min, std=117.8 min)
2026-09-25 16:46:38 - models.time - INFO -   Activity 'Shopping' bin 'afternoon': fitted binned KDE from 1486 samples (mean=34.7 min, std=34.1 min)
2026-09-25 16:46:38 - models.time - INFO -   Activity 'Shopping' bin 'evening': fitted binned KDE from 390 samples (mean=29.9 min, std=30.9 min)
2026-09-25 16:46:38 - models.time - INFO -   Activity 'Shopping' bin 'midday': fitted binned KDE from 1541 samples (mean=46.4 min, std=48.4 min)
2026-09-25 16:46:38 - models.time - INFO -   Activity 'Shopping' bin 'morning': fitted binned KDE from 562 samples (mean=40.4 min, std=47.5 min)
2026-09-25 16:46:38 - models.time - INFO -   Activity 'Social' bin 'afternoon': fitted binned KDE from 565 samples (mean=110.7 min, std=71.0 min)
2026-09-25 16:46:38 - models.time - INFO -   Activity 'Social' bin 'evening': fitted binned KDE from 310 samples (mean=116.7 min, std=64.4 min)
2026-09-25 16:46:38 - models.time - INFO -   Activity 'Social' bin 'midday': fitted binned KDE from 397 samples (mean=112.2 min, std=74.0 min)
2026-09-25 16:46:38 - models.time - INFO -   Activity 'Social' bin 'morning': fitted binned KDE from 280 samples (mean=99.6 min, std=65.4 min)
2026-09-25 16:46:38 - models.time - INFO -   Activity 'Work' bin 'afternoon': fitted binned KDE from 243 samples (mean=175.6 min, std=154.2 min)
2026-09-25 16:46:38 - models.time - INFO -   Activity 'Work' bin 'evening': fitted binned KDE from 44 samples (mean=103.4 min, std=74.3 min)
2026-09-25 16:46:38 - models.time - INFO -   Activity 'Work' bin 'midday': fitted binned KDE from 519 samples (mean=226.5 min, std=161.1 min)
2026-09-25 16:46:38 - models.time - INFO -   Activity 'Work' bin 'morning': fitted binned KDE from 1716 samples (mean=432.9 min, std=153.9 min)
2026-09-25 16:46:38 - models.time - INFO - Fitted 28 arrival-time-binned KDE models
2026-09-25 16:46:38 - models.time - INFO - Home typicalDuration: using 720 min (overnight anchor) instead of the measured mid-chain median 130 min — MATSim allows only one value per activity type and the overnight stay dominates the day
2026-09-25 16:46:38 - models.plan_generator - INFO -   Survey typicalDuration for MATSim: Dining=35min, Home=720min, Other=60min, School=420min, Shopping=25min, Social=95min, Work=435min
2026-09-25 16:46:38 - models.time - INFO - Home typicalDuration: using 720 min (overnight anchor) instead of the measured mid-chain median 130 min — MATSim allows only one value per activity type and the overnight stay dominates the day
2026-09-25 16:46:38 - models.plan_generator - INFO -   Survey activity scoring windows for MATSim: Dining=8.8-21.0h/min5m, Other=7.8-18.8h/min5m, School=7.1-20.0h/min55m, Shopping=7.7-19.7h/min5m, Social=7.0-22.0h/min20m, Work=6.0-21.1h/min30m
2026-09-25 16:46:38 - models.plan_generator - INFO - Initializing POI manager...
2026-09-25 16:46:39 - models.poi_manager - INFO - POIManager initialized (Overpass servers: 3 configured)
2026-09-25 16:46:39 - models.poi_manager - INFO -   1. [primary] https://overpass-api.de/api/interpreter
2026-09-25 16:46:39 - models.poi_manager - INFO -   2. [fallback] https://overpass.kumi.systems/api/interpreter
2026-09-25 16:46:39 - models.poi_manager - INFO -   3. [fallback] https://overpass.private.coffee/api/interpreter
2026-09-25 16:46:40 - models.plan_generator - INFO -   POI manager initialized: 17374 POIs loaded
2026-09-25 16:46:40 - models.plan_generator - INFO - Generating OD matrix...
2026-09-25 16:46:40 - models.plan_generator - INFO -   Aggregated to 719 home block groups
2026-09-25 16:46:40 - models.plan_generator - INFO -   Aggregated to 707 work block groups
2026-09-25 16:46:41 - data_sources.lodes_od - INFO - ======================================================================
2026-09-25 16:46:41 - data_sources.lodes_od - INFO - LOADING OBSERVED LODES OD FLOWS
2026-09-25 16:46:41 - data_sources.lodes_od - INFO - ======================================================================
2026-09-25 16:46:41 - data_sources.lodes_od - INFO -   Year: 2023 | Version: LODES8 | Job type: JT00 | Segment: S000
2026-09-25 16:46:41 - data_sources.lodes_od - INFO -   Region: 2 counties across 1 state(s): ['AL']
2026-09-25 16:46:44 - data_sources.lodes_od - INFO -   al_main: 1,760,919 rows downloaded
2026-09-25 16:46:44 - data_sources.lodes_od - INFO -   al_aux: 88,135 rows downloaded
2026-09-25 16:46:44 - data_sources.lodes_od - INFO -   Combined: 1,849,054 block-pair rows across all files
2026-09-25 16:46:45 - data_sources.lodes_od - INFO - ----------------------------------------------------------------------
2026-09-25 16:46:45 - data_sources.lodes_od - INFO -   Observed flow classes (after county filter):
2026-09-25 16:46:45 - data_sources.lodes_od - INFO -     I-I internal:       317,723
2026-09-25 16:46:45 - data_sources.lodes_od - INFO -     I-E outbound:        61,325  (dropped unless boundary_policy=anchor)
2026-09-25 16:46:45 - data_sources.lodes_od - INFO -     E-I inbound:        173,076  (dropped unless boundary_policy=anchor)
2026-09-25 16:46:45 - data_sources.lodes_od - INFO -     internal_share (resident-side, I-I/(I-I+I-E)): 0.8382
2026-09-25 16:46:45 - data_sources.lodes_od - INFO -     job-side share (I-I/(I-I+E-I)):                0.6474
2026-09-25 16:46:45 - data_sources.lodes_od - INFO -     two-sided share (I-I/all region-touching):     0.5755
2026-09-25 16:46:45 - data_sources.lodes_od - WARNING -   234,401 boundary commutes (61,325 I-E + 173,076 E-I) are outside the region's internal matrix — 42.5% of region-touching flow. 61,325 employed residents (16.2%) get no work trip from observed OD.
2026-09-25 16:46:45 - data_sources.lodes_od - INFO -     I-I sourced from aux files: 0 (0.00%)
2026-09-25 16:46:45 - data_sources.lodes_od - INFO - ----------------------------------------------------------------------
2026-09-25 16:46:45 - data_sources.lodes_od - INFO -   Loaded assembled OD matrix from cache: /media/volume/Tareek-instance_vol-1/Tareek-work/Tareek/data/lodes_od_cache/od_matrix_70e2309f20f98e85.parquet
2026-09-25 16:46:45 - data_sources.lodes_od - INFO -   Reconciliation OK: matrix 552,124 vs direct aggregation 552,124 (317,723 I-I + 234,401 anchored) (delta +0)
2026-09-25 16:46:45 - utils.od_diagnostics - INFO - OD source: lodes_od
2026-09-25 16:46:45 - models.od_matrix_v3 - INFO - ======================================================================
2026-09-25 16:46:45 - models.od_matrix_v3 - INFO - COMBINING OD MATRICES
2026-09-25 16:46:45 - models.od_matrix_v3 - INFO - ======================================================================
2026-09-25 16:46:45 - models.od_matrix_v3 - INFO - Survey matrix shape: (1, 1)
2026-09-25 16:46:45 - models.od_matrix_v3 - INFO - Local matrix shape: (719, 707)
2026-09-25 16:46:45 - models.od_matrix_v3 - INFO - Alpha (survey weight): 0.10
2026-09-25 16:46:45 - models.od_matrix_v3 - INFO - Local weight: 0.90
2026-09-25 16:46:45 - models.od_matrix_v3 - INFO - Aligning survey to local matrix structure...
2026-09-25 16:46:45 - models.od_matrix_v3 - INFO - Combining matrices (alpha blend where survey exists, local only where survey is empty)...
2026-09-25 16:46:45 - models.od_matrix_v3 - INFO - No scaling target specified. Using local matrix total: 552,124
2026-09-25 16:46:45 - models.od_matrix_v3 - INFO - Matrix total before scaling: 552,124
2026-09-25 16:46:45 - models.od_matrix_v3 - INFO - Scale factor: 1.000000
2026-09-25 16:46:45 - models.od_matrix_v3 - INFO - Applying robust rounding to guarantee target total...
2026-09-25 16:46:45 - models.od_matrix_v3 - INFO - Total after flooring: 552,124
2026-09-25 16:46:45 - models.od_matrix_v3 - INFO - Remainder to distribute: 0
2026-09-25 16:46:45 - models.od_matrix_v3 - INFO - ======================================================================
2026-09-25 16:46:45 - models.od_matrix_v3 - INFO - VERIFICATION
2026-09-25 16:46:45 - models.od_matrix_v3 - INFO - ======================================================================
2026-09-25 16:46:45 - models.od_matrix_v3 - INFO - Survey total trips: 20,897,939,751
2026-09-25 16:46:45 - models.od_matrix_v3 - INFO - Local total trips: 552,124
2026-09-25 16:46:45 - models.od_matrix_v3 - INFO - Combined total trips (before scaling): 552,124
2026-09-25 16:46:45 - models.od_matrix_v3 - INFO - Combined total trips (after scaling & rounding): 552,124
2026-09-25 16:46:45 - models.od_matrix_v3 - INFO - Target total: 552,124
2026-09-25 16:46:45 - models.od_matrix_v3 - INFO - Difference: 0
2026-09-25 16:46:45 - models.od_matrix_v3 - INFO - Combined matrix shape: (719, 707)
2026-09-25 16:46:45 - models.plan_generator - INFO -   Combined OD matrix shape: (719, 707)
2026-09-25 16:46:45 - models.plan_generator - INFO -   Total trips in matrix: 552,124
2026-09-25 16:46:45 - data_sources.lodes_od - INFO -   Matrix: 719 × 707, 124,502 non-zero pairs (24.5% dense), 552,124 trips
2026-09-25 16:46:45 - data_sources.lodes_od - INFO -   Zero-rows: 0 | Zero-cols: 0
2026-09-25 16:46:45 - utils.od_diagnostics - INFO -   Trip length: mean 26.3 km, median 24.21 km, p25 12.01 km, p75 38.81 km
2026-09-25 16:46:45 - utils.od_diagnostics - INFO -   Intrazonal share: 0.75%
2026-09-25 16:46:45 - models.plan_generator - WARNING -   Survey blend ran but changed no cells — the survey's H->W trips do not overlap the base matrix. alpha=0.10 had no practical effect.
2026-09-25 16:46:45 - utils.od_diagnostics - INFO -   vs gravity base: 552,124 / 387,999 = 1.4230 (+42.30% agents)
2026-09-25 16:46:45 - models.plan_generator - INFO -   Observed I-I gives 317,723 trips vs 387,999 employed residents (-18.11% agents) — E1
2026-09-25 16:46:45 - models.plan_generator - INFO -   Saved base (pre-blend) OD matrix to: /media/volume/Tareek-instance_vol-1/Tareek-work/Tareek/experiments/bham_stage2f_f1r/base_od_matrix.csv
2026-09-25 16:46:45 - models.plan_generator - INFO -   Saved combined OD matrix to: /media/volume/Tareek-instance_vol-1/Tareek-work/Tareek/experiments/bham_stage2f_f1r/combined_od_matrix.csv
2026-09-25 16:46:45 - utils.od_diagnostics - INFO -   Wrote OD diagnostics to: /media/volume/Tareek-instance_vol-1/Tareek-work/Tareek/experiments/bham_stage2f_f1r/od_matrix_diagnostics.json
2026-09-25 16:46:45 - models.plan_generator - INFO - Initializing GTFS transit availability...
2026-09-25 16:46:47 - models.plan_generator - INFO -   GTFS feeds already in DB, skipping redundant setup
2026-09-25 16:46:47 - models.gtfs_availability - INFO - Building GTFS spatial indices...
2026-09-25 16:46:47 - models.gtfs_availability - INFO -   Built index for bus: 2610 stops (route_types=[3, 11], took 0.59s)
2026-09-25 16:46:47 - models.gtfs_availability - INFO - GTFS spatial indices built: 1 modes, 2610 total stops (took 0.6s)
2026-09-25 16:46:47 - models.plan_generator - INFO -   GTFS availability ready: 1 modes, 2610 stops indexed
2026-09-25 16:46:47 - models.plan_generator - INFO - Initializing mode choice model...
2026-09-25 16:46:47 - models.mode_choice - INFO - Computing mode shares from survey data...
2026-09-25 16:46:47 - models.mode_choice - INFO - Computed mode rates for 8 purposes
2026-09-25 16:46:47 - models.mode_choice - INFO -   Overall mode distribution: car=87.3%, walk=6.6%, school_bus=2.7%, bike=1.1%, bus=0.8%, rail=0.6%, rideshare=0.4%, other=0.4%
2026-09-25 16:46:47 - models.mode_choice - INFO - ModeChoiceModel initialized with 3 modes: ['car', 'bus', 'walk']
2026-09-25 16:46:47 - models.plan_generator - INFO - Plan generator initialized successfully!
2026-09-25 16:46:47 - models.plan_generator - INFO - ======================================================================
2026-09-25 16:46:47 - models.plan_generator - INFO - Using provided experiment directory: /media/volume/Tareek-instance_vol-1/Tareek-work/Tareek/experiments/bham_stage2f_f1r
2026-09-25 16:46:47 - models.plan_generator - INFO - All logs will be saved to: /media/volume/Tareek-instance_vol-1/Tareek-work/Tareek/experiments/bham_stage2f_f1r/experiment_20260925_164407.log
2026-09-25 16:46:47 - models.plan_generator - INFO - ======================================================================
2026-09-25 16:46:47 - models.plan_generator - INFO - GENERATING PLANS
2026-09-25 16:46:47 - models.plan_generator - INFO - Target plans: all
2026-09-25 16:46:47 - models.plan_generator - INFO - Scaling factor: 0.25
2026-09-25 16:46:47 - models.plan_generator - INFO - Experiment directory: /media/volume/Tareek-instance_vol-1/Tareek-work/Tareek/experiments/bham_stage2f_f1r
2026-09-25 16:46:47 - models.plan_generator - INFO - ======================================================================
2026-09-25 16:46:47 - models.plan_generator - INFO - Initial OD pairs: 66454
2026-09-25 16:46:47 - models.plan_generator - INFO - Original total trips: 552,124
2026-09-25 16:46:47 - models.plan_generator - INFO - Expected scaled trips: 138,031
2026-09-25 16:46:47 - models.plan_generator - INFO - Actual scaled trips: 138,011
2026-09-25 16:46:47 - models.plan_generator - INFO - Scaling accuracy: 100.0%
2026-09-25 16:46:47 - models.plan_generator - INFO - Using ALL scaled OD pairs (representative sample)
2026-09-25 16:46:47 - models.plan_generator - INFO - Total plans to generate: 138,011
2026-09-25 16:46:47 - models.plan_generator - INFO - Using 30 processes
2026-09-25 16:46:47 - models.plan_generator - INFO - Pre-loading data for multiprocessing...
2026-09-25 16:46:49 - models.poi_manager - INFO - Loaded 7,981 POIs across 6 activity types (county-filtered)
2026-09-25 16:46:49 - models.plan_generator - INFO - Loading POIs from database: found 7981 POIs (county-filtered)
2026-09-25 16:46:49 - models.plan_generator - INFO - Grouped POIs into 6 activity categories:
2026-09-25 16:46:49 - models.plan_generator - INFO -   - Social: 1368 POIs
2026-09-25 16:46:49 - models.plan_generator - INFO -   - School: 579 POIs
2026-09-25 16:46:49 - models.plan_generator - INFO -   - Shopping: 542 POIs
2026-09-25 16:46:49 - models.plan_generator - INFO -   - Other: 4185 POIs
2026-09-25 16:46:49 - models.plan_generator - INFO -   - Dining: 1153 POIs
2026-09-25 16:46:49 - models.plan_generator - INFO -   - Escort: 154 POIs
2026-09-25 16:46:49 - models.plan_generator - INFO -   Loaded 7981 POIs across 6 activities
2026-09-25 16:46:49 - models.plan_generator - INFO -   Pre-processed 434 chain patterns
2026-09-25 16:46:49 - models.plan_generator - INFO -   Serialized GTFS stop data for workers: bus=2610 stops
2026-09-25 16:46:49 - models.plan_generator - INFO - Split 66454 OD pairs into 31 chunks
2026-09-25 16:46:49 - models.plan_generator - INFO - Workers will log to: /media/volume/Tareek-instance_vol-1/Tareek-work/Tareek/experiments/bham_stage2f_f1r/experiment_20260925_164407.log
2026-09-25 16:46:52 - [ForkPoolWorker-1] models.plan_generator - INFO - Worker ForkPoolWorker-1 started - processing 2215 OD pairs
2026-09-25 16:46:53 - [ForkPoolWorker-1] models.time - INFO - Fitted models for 49 activity pairs
2026-09-25 16:46:53 - [ForkPoolWorker-1] models.time - INFO - Mean trip durations: global=20.5min, per-pair=49 pairs
2026-09-25 16:46:53 - [ForkPoolWorker-2] models.plan_generator - INFO - Worker ForkPoolWorker-2 started - processing 2215 OD pairs
2026-09-25 16:46:53 - [ForkPoolWorker-2] models.time - INFO - Fitted models for 49 activity pairs
2026-09-25 16:46:53 - [ForkPoolWorker-2] models.time - INFO - Mean trip durations: global=20.5min, per-pair=49 pairs
2026-09-25 16:46:54 - [ForkPoolWorker-3] models.plan_generator - INFO - Worker ForkPoolWorker-3 started - processing 2215 OD pairs
2026-09-25 16:46:55 - [ForkPoolWorker-3] models.time - INFO - Fitted models for 49 activity pairs
2026-09-25 16:46:55 - [ForkPoolWorker-3] models.time - INFO - Mean trip durations: global=20.5min, per-pair=49 pairs
2026-09-25 16:46:55 - [ForkPoolWorker-4] models.plan_generator - INFO - Worker ForkPoolWorker-4 started - processing 2215 OD pairs
2026-09-25 16:46:55 - [ForkPoolWorker-4] models.time - INFO - Fitted models for 49 activity pairs
2026-09-25 16:46:55 - [ForkPoolWorker-4] models.time - INFO - Mean trip durations: global=20.5min, per-pair=49 pairs
2026-09-25 16:46:56 - [ForkPoolWorker-5] models.plan_generator - INFO - Worker ForkPoolWorker-5 started - processing 2215 OD pairs
2026-09-25 16:46:56 - [ForkPoolWorker-5] models.time - INFO - Fitted models for 49 activity pairs
2026-09-25 16:46:56 - [ForkPoolWorker-5] models.time - INFO - Mean trip durations: global=20.5min, per-pair=49 pairs
2026-09-25 16:46:57 - [ForkPoolWorker-1] models.mode_availability - DEBUG - Registered availability checker for car: UniversalAvailability
2026-09-25 16:46:57 - [ForkPoolWorker-1] models.mode_availability - DEBUG - Registered availability checker for bus: GTFSTransitAvailability
2026-09-25 16:46:57 - [ForkPoolWorker-1] models.mode_availability - DEBUG - Registered availability checker for walk: DistanceBasedAvailability
2026-09-25 16:46:57 - [ForkPoolWorker-1] models.mode_choice - INFO - Computing mode shares from survey data...
2026-09-25 16:46:57 - [ForkPoolWorker-1] models.mode_choice - DEBUG -   Survey weights (normalized): {'default': 1.0}
2026-09-25 16:46:57 - [ForkPoolWorker-1] models.mode_choice - DEBUG -   Computing rates for purposes: ['School', 'Other', 'Dining', 'Home', 'Work', 'Shopping', 'Social', 'all']
2026-09-25 16:46:57 - [ForkPoolWorker-1] models.mode_choice - DEBUG -   Mode rates for 'School': car=66.7%, school_bus=21.4%, walk=7.6%, bike=2.2%, bus=1.2%, other=0.4%, rail=0.4%, rideshare=0.1%
2026-09-25 16:46:57 - [ForkPoolWorker-1] models.mode_choice - DEBUG -   Mode rates for 'Other': car=88.0%, walk=4.5%, bus=2.8%, rideshare=1.7%, rail=1.2%, school_bus=0.9%, bike=0.6%, other=0.3%
2026-09-25 16:46:57 - [ForkPoolWorker-1] models.mode_choice - DEBUG -   Mode rates for 'Dining': car=90.4%, walk=7.3%, bike=0.7%, other=0.7%, rail=0.4%, bus=0.3%, rideshare=0.2%
2026-09-25 16:46:57 - [ForkPoolWorker-1] models.mode_choice - DEBUG -   Mode rates for 'Home': car=88.5%, walk=5.3%, school_bus=2.9%, bike=1.0%, bus=0.7%, rail=0.6%, rideshare=0.4%, other=0.4%
2026-09-25 16:46:57 - [ForkPoolWorker-1] models.mode_choice - DEBUG -   Mode rates for 'Work': car=93.0%, walk=2.6%, rail=1.2%, bus=1.1%, bike=0.8%, school_bus=0.5%, rideshare=0.4%, other=0.3%
2026-09-25 16:46:57 - [ForkPoolWorker-1] models.mode_choice - DEBUG -   Mode rates for 'Shopping': car=92.0%, walk=5.7%, school_bus=0.9%, bike=0.4%, bus=0.4%, rideshare=0.2%, rail=0.2%, other=0.2%
2026-09-25 16:46:57 - [ForkPoolWorker-1] models.mode_choice - DEBUG -   Mode rates for 'Social': car=73.7%, walk=19.7%, bike=3.4%, other=0.8%, rail=0.8%, bus=0.6%, school_bus=0.5%, rideshare=0.5%
2026-09-25 16:46:57 - [ForkPoolWorker-1] models.mode_choice - DEBUG -   Mode rates for 'all': car=87.3%, walk=6.6%, school_bus=2.7%, bike=1.1%, bus=0.8%, rail=0.6%, rideshare=0.4%, other=0.4%
2026-09-25 16:46:57 - [ForkPoolWorker-1] models.mode_choice - INFO - Computed mode rates for 8 purposes
2026-09-25 16:46:57 - [ForkPoolWorker-1] models.mode_choice - INFO -   Overall mode distribution: car=87.3%, walk=6.6%, school_bus=2.7%, bike=1.1%, bus=0.8%, rail=0.6%, rideshare=0.4%, other=0.4%
2026-09-25 16:46:57 - [ForkPoolWorker-1] models.mode_choice - INFO - ModeChoiceModel initialized with 3 modes: ['car', 'bus', 'walk']
2026-09-25 16:46:57 - [ForkPoolWorker-6] models.plan_generator - INFO - Worker ForkPoolWorker-6 started - processing 2215 OD pairs
2026-09-25 16:46:57 - [ForkPoolWorker-6] models.time - INFO - Fitted models for 49 activity pairs
2026-09-25 16:46:57 - [ForkPoolWorker-6] models.time - INFO - Mean trip durations: global=20.5min, per-pair=49 pairs
2026-09-25 16:46:57 - [ForkPoolWorker-2] models.mode_availability - DEBUG - Registered availability checker for car: UniversalAvailability
2026-09-25 16:46:57 - [ForkPoolWorker-2] models.mode_availability - DEBUG - Registered availability checker for bus: GTFSTransitAvailability
2026-09-25 16:46:57 - [ForkPoolWorker-2] models.mode_availability - DEBUG - Registered availability checker for walk: DistanceBasedAvailability
2026-09-25 16:46:57 - [ForkPoolWorker-2] models.mode_choice - INFO - Computing mode shares from survey data...
2026-09-25 16:46:57 - [ForkPoolWorker-2] models.mode_choice - DEBUG -   Survey weights (normalized): {'default': 1.0}
2026-09-25 16:46:57 - [ForkPoolWorker-2] models.mode_choice - DEBUG -   Computing rates for purposes: ['School', 'Other', 'Dining', 'Home', 'Work', 'Shopping', 'Social', 'all']
2026-09-25 16:46:57 - [ForkPoolWorker-2] models.mode_choice - DEBUG -   Mode rates for 'School': car=66.7%, school_bus=21.4%, walk=7.6%, bike=2.2%, bus=1.2%, other=0.4%, rail=0.4%, rideshare=0.1%
2026-09-25 16:46:57 - [ForkPoolWorker-2] models.mode_choice - DEBUG -   Mode rates for 'Other': car=88.0%, walk=4.5%, bus=2.8%, rideshare=1.7%, rail=1.2%, school_bus=0.9%, bike=0.6%, other=0.3%
2026-09-25 16:46:57 - [ForkPoolWorker-2] models.mode_choice - DEBUG -   Mode rates for 'Dining': car=90.4%, walk=7.3%, bike=0.7%, other=0.7%, rail=0.4%, bus=0.3%, rideshare=0.2%
2026-09-25 16:46:57 - [ForkPoolWorker-2] models.mode_choice - DEBUG -   Mode rates for 'Home': car=88.5%, walk=5.3%, school_bus=2.9%, bike=1.0%, bus=0.7%, rail=0.6%, rideshare=0.4%, other=0.4%
2026-09-25 16:46:57 - [ForkPoolWorker-2] models.mode_choice - DEBUG -   Mode rates for 'Work': car=93.0%, walk=2.6%, rail=1.2%, bus=1.1%, bike=0.8%, school_bus=0.5%, rideshare=0.4%, other=0.3%
2026-09-25 16:46:57 - [ForkPoolWorker-2] models.mode_choice - DEBUG -   Mode rates for 'Shopping': car=92.0%, walk=5.7%, school_bus=0.9%, bike=0.4%, bus=0.4%, rideshare=0.2%, rail=0.2%, other=0.2%
2026-09-25 16:46:57 - [ForkPoolWorker-2] models.mode_choice - DEBUG -   Mode rates for 'Social': car=73.7%, walk=19.7%, bike=3.4%, other=0.8%, rail=0.8%, bus=0.6%, school_bus=0.5%, rideshare=0.5%
2026-09-25 16:46:57 - [ForkPoolWorker-2] models.mode_choice - DEBUG -   Mode rates for 'all': car=87.3%, walk=6.6%, school_bus=2.7%, bike=1.1%, bus=0.8%, rail=0.6%, rideshare=0.4%, other=0.4%
2026-09-25 16:46:57 - [ForkPoolWorker-2] models.mode_choice - INFO - Computed mode rates for 8 purposes
2026-09-25 16:46:57 - [ForkPoolWorker-2] models.mode_choice - INFO -   Overall mode distribution: car=87.3%, walk=6.6%, school_bus=2.7%, bike=1.1%, bus=0.8%, rail=0.6%, rideshare=0.4%, other=0.4%
2026-09-25 16:46:57 - [ForkPoolWorker-2] models.mode_choice - INFO - ModeChoiceModel initialized with 3 modes: ['car', 'bus', 'walk']
2026-09-25 16:46:57 - [ForkPoolWorker-7] models.plan_generator - INFO - Worker ForkPoolWorker-7 started - processing 2215 OD pairs
2026-09-25 16:46:58 - [ForkPoolWorker-7] models.time - INFO - Fitted models for 49 activity pairs
2026-09-25 16:46:58 - [ForkPoolWorker-7] models.time - INFO - Mean trip durations: global=20.5min, per-pair=49 pairs
2026-09-25 16:46:58 - [ForkPoolWorker-8] models.plan_generator - INFO - Worker ForkPoolWorker-8 started - processing 2215 OD pairs
2026-09-25 16:46:58 - [ForkPoolWorker-8] models.time - INFO - Fitted models for 49 activity pairs
2026-09-25 16:46:58 - [ForkPoolWorker-8] models.time - INFO - Mean trip durations: global=20.5min, per-pair=49 pairs
2026-09-25 16:46:58 - [ForkPoolWorker-9] models.plan_generator - INFO - Worker ForkPoolWorker-9 started - processing 2215 OD pairs
2026-09-25 16:46:59 - [ForkPoolWorker-3] models.mode_availability - DEBUG - Registered availability checker for car: UniversalAvailability
2026-09-25 16:46:59 - [ForkPoolWorker-3] models.mode_availability - DEBUG - Registered availability checker for bus: GTFSTransitAvailability
2026-09-25 16:46:59 - [ForkPoolWorker-3] models.mode_availability - DEBUG - Registered availability checker for walk: DistanceBasedAvailability
2026-09-25 16:46:59 - [ForkPoolWorker-3] models.mode_choice - INFO - Computing mode shares from survey data...
2026-09-25 16:46:59 - [ForkPoolWorker-3] models.mode_choice - DEBUG -   Survey weights (normalized): {'default': 1.0}
2026-09-25 16:46:59 - [ForkPoolWorker-3] models.mode_choice - DEBUG -   Computing rates for purposes: ['School', 'Other', 'Dining', 'Home', 'Work', 'Shopping', 'Social', 'all']
2026-09-25 16:46:59 - [ForkPoolWorker-3] models.mode_choice - DEBUG -   Mode rates for 'School': car=66.7%, school_bus=21.4%, walk=7.6%, bike=2.2%, bus=1.2%, other=0.4%, rail=0.4%, rideshare=0.1%
2026-09-25 16:46:59 - [ForkPoolWorker-3] models.mode_choice - DEBUG -   Mode rates for 'Other': car=88.0%, walk=4.5%, bus=2.8%, rideshare=1.7%, rail=1.2%, school_bus=0.9%, bike=0.6%, other=0.3%
2026-09-25 16:46:59 - [ForkPoolWorker-3] models.mode_choice - DEBUG -   Mode rates for 'Dining': car=90.4%, walk=7.3%, bike=0.7%, other=0.7%, rail=0.4%, bus=0.3%, rideshare=0.2%
2026-09-25 16:46:59 - [ForkPoolWorker-3] models.mode_choice - DEBUG -   Mode rates for 'Home': car=88.5%, walk=5.3%, school_bus=2.9%, bike=1.0%, bus=0.7%, rail=0.6%, rideshare=0.4%, other=0.4%
2026-09-25 16:46:59 - [ForkPoolWorker-3] models.mode_choice - DEBUG -   Mode rates for 'Work': car=93.0%, walk=2.6%, rail=1.2%, bus=1.1%, bike=0.8%, school_bus=0.5%, rideshare=0.4%, other=0.3%
2026-09-25 16:46:59 - [ForkPoolWorker-3] models.mode_choice - DEBUG -   Mode rates for 'Shopping': car=92.0%, walk=5.7%, school_bus=0.9%, bike=0.4%, bus=0.4%, rideshare=0.2%, rail=0.2%, other=0.2%
2026-09-25 16:46:59 - [ForkPoolWorker-9] models.time - INFO - Fitted models for 49 activity pairs
2026-09-25 16:46:59 - [ForkPoolWorker-3] models.mode_choice - DEBUG -   Mode rates for 'Social': car=73.7%, walk=19.7%, bike=3.4%, other=0.8%, rail=0.8%, bus=0.6%, school_bus=0.5%, rideshare=0.5%
2026-09-25 16:46:59 - [ForkPoolWorker-9] models.time - INFO - Mean trip durations: global=20.5min, per-pair=49 pairs
2026-09-25 16:46:59 - [ForkPoolWorker-3] models.mode_choice - DEBUG -   Mode rates for 'all': car=87.3%, walk=6.6%, school_bus=2.7%, bike=1.1%, bus=0.8%, rail=0.6%, rideshare=0.4%, other=0.4%
2026-09-25 16:46:59 - [ForkPoolWorker-3] models.mode_choice - INFO - Computed mode rates for 8 purposes
2026-09-25 16:46:59 - [ForkPoolWorker-3] models.mode_choice - INFO -   Overall mode distribution: car=87.3%, walk=6.6%, school_bus=2.7%, bike=1.1%, bus=0.8%, rail=0.6%, rideshare=0.4%, other=0.4%
2026-09-25 16:46:59 - [ForkPoolWorker-3] models.mode_choice - INFO - ModeChoiceModel initialized with 3 modes: ['car', 'bus', 'walk']
2026-09-25 16:46:59 - [ForkPoolWorker-4] models.mode_availability - DEBUG - Registered availability checker for car: UniversalAvailability
2026-09-25 16:46:59 - [ForkPoolWorker-4] models.mode_availability - DEBUG - Registered availability checker for bus: GTFSTransitAvailability
2026-09-25 16:46:59 - [ForkPoolWorker-4] models.mode_availability - DEBUG - Registered availability checker for walk: DistanceBasedAvailability
2026-09-25 16:46:59 - [ForkPoolWorker-4] models.mode_choice - INFO - Computing mode shares from survey data...
2026-09-25 16:46:59 - [ForkPoolWorker-4] models.mode_choice - DEBUG -   Survey weights (normalized): {'default': 1.0}
2026-09-25 16:46:59 - [ForkPoolWorker-4] models.mode_choice - DEBUG -   Computing rates for purposes: ['School', 'Other', 'Dining', 'Home', 'Work', 'Shopping', 'Social', 'all']
2026-09-25 16:46:59 - [ForkPoolWorker-4] models.mode_choice - DEBUG -   Mode rates for 'School': car=66.7%, school_bus=21.4%, walk=7.6%, bike=2.2%, bus=1.2%, other=0.4%, rail=0.4%, rideshare=0.1%
2026-09-25 16:46:59 - [ForkPoolWorker-4] models.mode_choice - DEBUG -   Mode rates for 'Other': car=88.0%, walk=4.5%, bus=2.8%, rideshare=1.7%, rail=1.2%, school_bus=0.9%, bike=0.6%, other=0.3%
2026-09-25 16:46:59 - [ForkPoolWorker-4] models.mode_choice - DEBUG -   Mode rates for 'Dining': car=90.4%, walk=7.3%, bike=0.7%, other=0.7%, rail=0.4%, bus=0.3%, rideshare=0.2%
2026-09-25 16:46:59 - [ForkPoolWorker-4] models.mode_choice - DEBUG -   Mode rates for 'Home': car=88.5%, walk=5.3%, school_bus=2.9%, bike=1.0%, bus=0.7%, rail=0.6%, rideshare=0.4%, other=0.4%
2026-09-25 16:46:59 - [ForkPoolWorker-4] models.mode_choice - DEBUG -   Mode rates for 'Work': car=93.0%, walk=2.6%, rail=1.2%, bus=1.1%, bike=0.8%, school_bus=0.5%, rideshare=0.4%, other=0.3%
2026-09-25 16:46:59 - [ForkPoolWorker-4] models.mode_choice - DEBUG -   Mode rates for 'Shopping': car=92.0%, walk=5.7%, school_bus=0.9%, bike=0.4%, bus=0.4%, rideshare=0.2%, rail=0.2%, other=0.2%
2026-09-25 16:46:59 - [ForkPoolWorker-4] models.mode_choice - DEBUG -   Mode rates for 'Social': car=73.7%, walk=19.7%, bike=3.4%, other=0.8%, rail=0.8%, bus=0.6%, school_bus=0.5%, rideshare=0.5%
2026-09-25 16:46:59 - [ForkPoolWorker-4] models.mode_choice - DEBUG -   Mode rates for 'all': car=87.3%, walk=6.6%, school_bus=2.7%, bike=1.1%, bus=0.8%, rail=0.6%, rideshare=0.4%, other=0.4%
2026-09-25 16:46:59 - [ForkPoolWorker-4] models.mode_choice - INFO - Computed mode rates for 8 purposes
2026-09-25 16:46:59 - [ForkPoolWorker-4] models.mode_choice - INFO -   Overall mode distribution: car=87.3%, walk=6.6%, school_bus=2.7%, bike=1.1%, bus=0.8%, rail=0.6%, rideshare=0.4%, other=0.4%
2026-09-25 16:46:59 - [ForkPoolWorker-4] models.mode_choice - INFO - ModeChoiceModel initialized with 3 modes: ['car', 'bus', 'walk']
2026-09-25 16:46:59 - [ForkPoolWorker-10] models.plan_generator - INFO - Worker ForkPoolWorker-10 started - processing 2215 OD pairs
2026-09-25 16:47:00 - [ForkPoolWorker-10] models.time - INFO - Fitted models for 49 activity pairs
2026-09-25 16:47:00 - [ForkPoolWorker-10] models.time - INFO - Mean trip durations: global=20.5min, per-pair=49 pairs
2026-09-25 16:47:00 - [ForkPoolWorker-5] models.mode_availability - DEBUG - Registered availability checker for car: UniversalAvailability
2026-09-25 16:47:00 - [ForkPoolWorker-5] models.mode_availability - DEBUG - Registered availability checker for bus: GTFSTransitAvailability
2026-09-25 16:47:00 - [ForkPoolWorker-5] models.mode_availability - DEBUG - Registered availability checker for walk: DistanceBasedAvailability
2026-09-25 16:47:00 - [ForkPoolWorker-5] models.mode_choice - INFO - Computing mode shares from survey data...
2026-09-25 16:47:00 - [ForkPoolWorker-5] models.mode_choice - DEBUG -   Survey weights (normalized): {'default': 1.0}
2026-09-25 16:47:00 - [ForkPoolWorker-5] models.mode_choice - DEBUG -   Computing rates for purposes: ['School', 'Other', 'Dining', 'Home', 'Work', 'Shopping', 'Social', 'all']
2026-09-25 16:47:00 - [ForkPoolWorker-5] models.mode_choice - DEBUG -   Mode rates for 'School': car=66.7%, school_bus=21.4%, walk=7.6%, bike=2.2%, bus=1.2%, other=0.4%, rail=0.4%, rideshare=0.1%
2026-09-25 16:47:00 - [ForkPoolWorker-5] models.mode_choice - DEBUG -   Mode rates for 'Other': car=88.0%, walk=4.5%, bus=2.8%, rideshare=1.7%, rail=1.2%, school_bus=0.9%, bike=0.6%, other=0.3%
2026-09-25 16:47:00 - [ForkPoolWorker-5] models.mode_choice - DEBUG -   Mode rates for 'Dining': car=90.4%, walk=7.3%, bike=0.7%, other=0.7%, rail=0.4%, bus=0.3%, rideshare=0.2%
2026-09-25 16:47:00 - [ForkPoolWorker-5] models.mode_choice - DEBUG -   Mode rates for 'Home': car=88.5%, walk=5.3%, school_bus=2.9%, bike=1.0%, bus=0.7%, rail=0.6%, rideshare=0.4%, other=0.4%
2026-09-25 16:47:00 - [ForkPoolWorker-5] models.mode_choice - DEBUG -   Mode rates for 'Work': car=93.0%, walk=2.6%, rail=1.2%, bus=1.1%, bike=0.8%, school_bus=0.5%, rideshare=0.4%, other=0.3%
2026-09-25 16:47:00 - [ForkPoolWorker-5] models.mode_choice - DEBUG -   Mode rates for 'Shopping': car=92.0%, walk=5.7%, school_bus=0.9%, bike=0.4%, bus=0.4%, rideshare=0.2%, rail=0.2%, other=0.2%
2026-09-25 16:47:00 - [ForkPoolWorker-5] models.mode_choice - DEBUG -   Mode rates for 'Social': car=73.7%, walk=19.7%, bike=3.4%, other=0.8%, rail=0.8%, bus=0.6%, school_bus=0.5%, rideshare=0.5%
2026-09-25 16:47:00 - [ForkPoolWorker-5] models.mode_choice - DEBUG -   Mode rates for 'all': car=87.3%, walk=6.6%, school_bus=2.7%, bike=1.1%, bus=0.8%, rail=0.6%, rideshare=0.4%, other=0.4%
2026-09-25 16:47:00 - [ForkPoolWorker-5] models.mode_choice - INFO - Computed mode rates for 8 purposes
2026-09-25 16:47:00 - [ForkPoolWorker-5] models.mode_choice - INFO -   Overall mode distribution: car=87.3%, walk=6.6%, school_bus=2.7%, bike=1.1%, bus=0.8%, rail=0.6%, rideshare=0.4%, other=0.4%
2026-09-25 16:47:00 - [ForkPoolWorker-5] models.mode_choice - INFO - ModeChoiceModel initialized with 3 modes: ['car', 'bus', 'walk']
2026-09-25 16:47:00 - [ForkPoolWorker-11] models.plan_generator - INFO - Worker ForkPoolWorker-11 started - processing 2215 OD pairs
2026-09-25 16:47:01 - [ForkPoolWorker-11] models.time - INFO - Fitted models for 49 activity pairs
2026-09-25 16:47:01 - [ForkPoolWorker-11] models.time - INFO - Mean trip durations: global=20.5min, per-pair=49 pairs
2026-09-25 16:47:01 - [ForkPoolWorker-12] models.plan_generator - INFO - Worker ForkPoolWorker-12 started - processing 2215 OD pairs
2026-09-25 16:47:01 - [ForkPoolWorker-6] models.mode_availability - DEBUG - Registered availability checker for car: UniversalAvailability
2026-09-25 16:47:01 - [ForkPoolWorker-6] models.mode_availability - DEBUG - Registered availability checker for bus: GTFSTransitAvailability
2026-09-25 16:47:01 - [ForkPoolWorker-6] models.mode_availability - DEBUG - Registered availability checker for walk: DistanceBasedAvailability
2026-09-25 16:47:01 - [ForkPoolWorker-6] models.mode_choice - INFO - Computing mode shares from survey data...
2026-09-25 16:47:01 - [ForkPoolWorker-6] models.mode_choice - DEBUG -   Survey weights (normalized): {'default': 1.0}
2026-09-25 16:47:01 - [ForkPoolWorker-6] models.mode_choice - DEBUG -   Computing rates for purposes: ['School', 'Other', 'Dining', 'Home', 'Work', 'Shopping', 'Social', 'all']
2026-09-25 16:47:01 - [ForkPoolWorker-6] models.mode_choice - DEBUG -   Mode rates for 'School': car=66.7%, school_bus=21.4%, walk=7.6%, bike=2.2%, bus=1.2%, other=0.4%, rail=0.4%, rideshare=0.1%
2026-09-25 16:47:01 - [ForkPoolWorker-6] models.mode_choice - DEBUG -   Mode rates for 'Other': car=88.0%, walk=4.5%, bus=2.8%, rideshare=1.7%, rail=1.2%, school_bus=0.9%, bike=0.6%, other=0.3%
2026-09-25 16:47:01 - [ForkPoolWorker-6] models.mode_choice - DEBUG -   Mode rates for 'Dining': car=90.4%, walk=7.3%, bike=0.7%, other=0.7%, rail=0.4%, bus=0.3%, rideshare=0.2%
2026-09-25 16:47:01 - [ForkPoolWorker-6] models.mode_choice - DEBUG -   Mode rates for 'Home': car=88.5%, walk=5.3%, school_bus=2.9%, bike=1.0%, bus=0.7%, rail=0.6%, rideshare=0.4%, other=0.4%
2026-09-25 16:47:01 - [ForkPoolWorker-6] models.mode_choice - DEBUG -   Mode rates for 'Work': car=93.0%, walk=2.6%, rail=1.2%, bus=1.1%, bike=0.8%, school_bus=0.5%, rideshare=0.4%, other=0.3%
2026-09-25 16:47:01 - [ForkPoolWorker-6] models.mode_choice - DEBUG -   Mode rates for 'Shopping': car=92.0%, walk=5.7%, school_bus=0.9%, bike=0.4%, bus=0.4%, rideshare=0.2%, rail=0.2%, other=0.2%
2026-09-25 16:47:01 - [ForkPoolWorker-6] models.mode_choice - DEBUG -   Mode rates for 'Social': car=73.7%, walk=19.7%, bike=3.4%, other=0.8%, rail=0.8%, bus=0.6%, school_bus=0.5%, rideshare=0.5%
2026-09-25 16:47:01 - [ForkPoolWorker-6] models.mode_choice - DEBUG -   Mode rates for 'all': car=87.3%, walk=6.6%, school_bus=2.7%, bike=1.1%, bus=0.8%, rail=0.6%, rideshare=0.4%, other=0.4%
2026-09-25 16:47:01 - [ForkPoolWorker-6] models.mode_choice - INFO - Computed mode rates for 8 purposes
2026-09-25 16:47:01 - [ForkPoolWorker-6] models.mode_choice - INFO -   Overall mode distribution: car=87.3%, walk=6.6%, school_bus=2.7%, bike=1.1%, bus=0.8%, rail=0.6%, rideshare=0.4%, other=0.4%
2026-09-25 16:47:01 - [ForkPoolWorker-6] models.mode_choice - INFO - ModeChoiceModel initialized with 3 modes: ['car', 'bus', 'walk']
2026-09-25 16:47:01 - [ForkPoolWorker-12] models.time - INFO - Fitted models for 49 activity pairs
2026-09-25 16:47:01 - [ForkPoolWorker-12] models.time - INFO - Mean trip durations: global=20.5min, per-pair=49 pairs
2026-09-25 16:47:01 - [ForkPoolWorker-7] models.mode_availability - DEBUG - Registered availability checker for car: UniversalAvailability
2026-09-25 16:47:01 - [ForkPoolWorker-7] models.mode_availability - DEBUG - Registered availability checker for bus: GTFSTransitAvailability
2026-09-25 16:47:01 - [ForkPoolWorker-7] models.mode_availability - DEBUG - Registered availability checker for walk: DistanceBasedAvailability
2026-09-25 16:47:01 - [ForkPoolWorker-7] models.mode_choice - INFO - Computing mode shares from survey data...
2026-09-25 16:47:01 - [ForkPoolWorker-7] models.mode_choice - DEBUG -   Survey weights (normalized): {'default': 1.0}
2026-09-25 16:47:01 - [ForkPoolWorker-7] models.mode_choice - DEBUG -   Computing rates for purposes: ['School', 'Other', 'Dining', 'Home', 'Work', 'Shopping', 'Social', 'all']
2026-09-25 16:47:01 - [ForkPoolWorker-7] models.mode_choice - DEBUG -   Mode rates for 'School': car=66.7%, school_bus=21.4%, walk=7.6%, bike=2.2%, bus=1.2%, other=0.4%, rail=0.4%, rideshare=0.1%
2026-09-25 16:47:01 - [ForkPoolWorker-7] models.mode_choice - DEBUG -   Mode rates for 'Other': car=88.0%, walk=4.5%, bus=2.8%, rideshare=1.7%, rail=1.2%, school_bus=0.9%, bike=0.6%, other=0.3%
2026-09-25 16:47:01 - [ForkPoolWorker-7] models.mode_choice - DEBUG -   Mode rates for 'Dining': car=90.4%, walk=7.3%, bike=0.7%, other=0.7%, rail=0.4%, bus=0.3%, rideshare=0.2%
2026-09-25 16:47:02 - [ForkPoolWorker-7] models.mode_choice - DEBUG -   Mode rates for 'Home': car=88.5%, walk=5.3%, school_bus=2.9%, bike=1.0%, bus=0.7%, rail=0.6%, rideshare=0.4%, other=0.4%
2026-09-25 16:47:02 - [ForkPoolWorker-7] models.mode_choice - DEBUG -   Mode rates for 'Work': car=93.0%, walk=2.6%, rail=1.2%, bus=1.1%, bike=0.8%, school_bus=0.5%, rideshare=0.4%, other=0.3%
2026-09-25 16:47:02 - [ForkPoolWorker-7] models.mode_choice - DEBUG -   Mode rates for 'Shopping': car=92.0%, walk=5.7%, school_bus=0.9%, bike=0.4%, bus=0.4%, rideshare=0.2%, rail=0.2%, other=0.2%
2026-09-25 16:47:02 - [ForkPoolWorker-7] models.mode_choice - DEBUG -   Mode rates for 'Social': car=73.7%, walk=19.7%, bike=3.4%, other=0.8%, rail=0.8%, bus=0.6%, school_bus=0.5%, rideshare=0.5%
2026-09-25 16:47:02 - [ForkPoolWorker-7] models.mode_choice - DEBUG -   Mode rates for 'all': car=87.3%, walk=6.6%, school_bus=2.7%, bike=1.1%, bus=0.8%, rail=0.6%, rideshare=0.4%, other=0.4%
2026-09-25 16:47:02 - [ForkPoolWorker-7] models.mode_choice - INFO - Computed mode rates for 8 purposes
2026-09-25 16:47:02 - [ForkPoolWorker-7] models.mode_choice - INFO -   Overall mode distribution: car=87.3%, walk=6.6%, school_bus=2.7%, bike=1.1%, bus=0.8%, rail=0.6%, rideshare=0.4%, other=0.4%
2026-09-25 16:47:02 - [ForkPoolWorker-7] models.mode_choice - INFO - ModeChoiceModel initialized with 3 modes: ['car', 'bus', 'walk']
2026-09-25 16:47:02 - [ForkPoolWorker-13] models.plan_generator - INFO - Worker ForkPoolWorker-13 started - processing 2215 OD pairs
2026-09-25 16:47:02 - [ForkPoolWorker-8] models.mode_availability - DEBUG - Registered availability checker for car: UniversalAvailability
2026-09-25 16:47:02 - [ForkPoolWorker-8] models.mode_availability - DEBUG - Registered availability checker for bus: GTFSTransitAvailability
2026-09-25 16:47:02 - [ForkPoolWorker-8] models.mode_availability - DEBUG - Registered availability checker for walk: DistanceBasedAvailability
2026-09-25 16:47:02 - [ForkPoolWorker-8] models.mode_choice - INFO - Computing mode shares from survey data...
2026-09-25 16:47:02 - [ForkPoolWorker-8] models.mode_choice - DEBUG -   Survey weights (normalized): {'default': 1.0}
2026-09-25 16:47:02 - [ForkPoolWorker-8] models.mode_choice - DEBUG -   Computing rates for purposes: ['School', 'Other', 'Dining', 'Home', 'Work', 'Shopping', 'Social', 'all']
2026-09-25 16:47:02 - [ForkPoolWorker-8] models.mode_choice - DEBUG -   Mode rates for 'School': car=66.7%, school_bus=21.4%, walk=7.6%, bike=2.2%, bus=1.2%, other=0.4%, rail=0.4%, rideshare=0.1%
2026-09-25 16:47:02 - [ForkPoolWorker-8] models.mode_choice - DEBUG -   Mode rates for 'Other': car=88.0%, walk=4.5%, bus=2.8%, rideshare=1.7%, rail=1.2%, school_bus=0.9%, bike=0.6%, other=0.3%
2026-09-25 16:47:02 - [ForkPoolWorker-8] models.mode_choice - DEBUG -   Mode rates for 'Dining': car=90.4%, walk=7.3%, bike=0.7%, other=0.7%, rail=0.4%, bus=0.3%, rideshare=0.2%
2026-09-25 16:47:02 - [ForkPoolWorker-8] models.mode_choice - DEBUG -   Mode rates for 'Home': car=88.5%, walk=5.3%, school_bus=2.9%, bike=1.0%, bus=0.7%, rail=0.6%, rideshare=0.4%, other=0.4%
2026-09-25 16:47:02 - [ForkPoolWorker-8] models.mode_choice - DEBUG -   Mode rates for 'Work': car=93.0%, walk=2.6%, rail=1.2%, bus=1.1%, bike=0.8%, school_bus=0.5%, rideshare=0.4%, other=0.3%
2026-09-25 16:47:02 - [ForkPoolWorker-8] models.mode_choice - DEBUG -   Mode rates for 'Shopping': car=92.0%, walk=5.7%, school_bus=0.9%, bike=0.4%, bus=0.4%, rideshare=0.2%, rail=0.2%, other=0.2%
2026-09-25 16:47:02 - [ForkPoolWorker-8] models.mode_choice - DEBUG -   Mode rates for 'Social': car=73.7%, walk=19.7%, bike=3.4%, other=0.8%, rail=0.8%, bus=0.6%, school_bus=0.5%, rideshare=0.5%
2026-09-25 16:47:02 - [ForkPoolWorker-8] models.mode_choice - DEBUG -   Mode rates for 'all': car=87.3%, walk=6.6%, school_bus=2.7%, bike=1.1%, bus=0.8%, rail=0.6%, rideshare=0.4%, other=0.4%
2026-09-25 16:47:02 - [ForkPoolWorker-8] models.mode_choice - INFO - Computed mode rates for 8 purposes
2026-09-25 16:47:02 - [ForkPoolWorker-8] models.mode_choice - INFO -   Overall mode distribution: car=87.3%, walk=6.6%, school_bus=2.7%, bike=1.1%, bus=0.8%, rail=0.6%, rideshare=0.4%, other=0.4%
2026-09-25 16:47:02 - [ForkPoolWorker-8] models.mode_choice - INFO - ModeChoiceModel initialized with 3 modes: ['car', 'bus', 'walk']
2026-09-25 16:47:02 - [ForkPoolWorker-13] models.time - INFO - Fitted models for 49 activity pairs
2026-09-25 16:47:02 - [ForkPoolWorker-13] models.time - INFO - Mean trip durations: global=20.5min, per-pair=49 pairs
2026-09-25 16:47:03 - [ForkPoolWorker-9] models.mode_availability - DEBUG - Registered availability checker for car: UniversalAvailability
2026-09-25 16:47:03 - [ForkPoolWorker-9] models.mode_availability - DEBUG - Registered availability checker for bus: GTFSTransitAvailability
2026-09-25 16:47:03 - [ForkPoolWorker-9] models.mode_availability - DEBUG - Registered availability checker for walk: DistanceBasedAvailability
2026-09-25 16:47:03 - [ForkPoolWorker-9] models.mode_choice - INFO - Computing mode shares from survey data...
2026-09-25 16:47:03 - [ForkPoolWorker-9] models.mode_choice - DEBUG -   Survey weights (normalized): {'default': 1.0}
2026-09-25 16:47:03 - [ForkPoolWorker-9] models.mode_choice - DEBUG -   Computing rates for purposes: ['School', 'Other', 'Dining', 'Home', 'Work', 'Shopping', 'Social', 'all']
2026-09-25 16:47:03 - [ForkPoolWorker-9] models.mode_choice - DEBUG -   Mode rates for 'School': car=66.7%, school_bus=21.4%, walk=7.6%, bike=2.2%, bus=1.2%, other=0.4%, rail=0.4%, rideshare=0.1%
2026-09-25 16:47:03 - [ForkPoolWorker-9] models.mode_choice - DEBUG -   Mode rates for 'Other': car=88.0%, walk=4.5%, bus=2.8%, rideshare=1.7%, rail=1.2%, school_bus=0.9%, bike=0.6%, other=0.3%
2026-09-25 16:47:03 - [ForkPoolWorker-9] models.mode_choice - DEBUG -   Mode rates for 'Dining': car=90.4%, walk=7.3%, bike=0.7%, other=0.7%, rail=0.4%, bus=0.3%, rideshare=0.2%
2026-09-25 16:47:03 - [ForkPoolWorker-9] models.mode_choice - DEBUG -   Mode rates for 'Home': car=88.5%, walk=5.3%, school_bus=2.9%, bike=1.0%, bus=0.7%, rail=0.6%, rideshare=0.4%, other=0.4%
2026-09-25 16:47:03 - [ForkPoolWorker-9] models.mode_choice - DEBUG -   Mode rates for 'Work': car=93.0%, walk=2.6%, rail=1.2%, bus=1.1%, bike=0.8%, school_bus=0.5%, rideshare=0.4%, other=0.3%
2026-09-25 16:47:03 - [ForkPoolWorker-9] models.mode_choice - DEBUG -   Mode rates for 'Shopping': car=92.0%, walk=5.7%, school_bus=0.9%, bike=0.4%, bus=0.4%, rideshare=0.2%, rail=0.2%, other=0.2%
2026-09-25 16:47:03 - [ForkPoolWorker-9] models.mode_choice - DEBUG -   Mode rates for 'Social': car=73.7%, walk=19.7%, bike=3.4%, other=0.8%, rail=0.8%, bus=0.6%, school_bus=0.5%, rideshare=0.5%
2026-09-25 16:47:03 - [ForkPoolWorker-9] models.mode_choice - DEBUG -   Mode rates for 'all': car=87.3%, walk=6.6%, school_bus=2.7%, bike=1.1%, bus=0.8%, rail=0.6%, rideshare=0.4%, other=0.4%
2026-09-25 16:47:03 - [ForkPoolWorker-9] models.mode_choice - INFO - Computed mode rates for 8 purposes
2026-09-25 16:47:03 - [ForkPoolWorker-9] models.mode_choice - INFO -   Overall mode distribution: car=87.3%, walk=6.6%, school_bus=2.7%, bike=1.1%, bus=0.8%, rail=0.6%, rideshare=0.4%, other=0.4%
2026-09-25 16:47:03 - [ForkPoolWorker-9] models.mode_choice - INFO - ModeChoiceModel initialized with 3 modes: ['car', 'bus', 'walk']
2026-09-25 16:47:03 - [ForkPoolWorker-14] models.plan_generator - INFO - Worker ForkPoolWorker-14 started - processing 2215 OD pairs
2026-09-25 16:47:03 - [ForkPoolWorker-14] models.time - INFO - Fitted models for 49 activity pairs
2026-09-25 16:47:03 - [ForkPoolWorker-14] models.time - INFO - Mean trip durations: global=20.5min, per-pair=49 pairs
2026-09-25 16:47:03 - [ForkPoolWorker-15] models.plan_generator - INFO - Worker ForkPoolWorker-15 started - processing 2215 OD pairs
2026-09-25 16:47:04 - [ForkPoolWorker-10] models.mode_availability - DEBUG - Registered availability checker for car: UniversalAvailability
2026-09-25 16:47:04 - [ForkPoolWorker-10] models.mode_availability - DEBUG - Registered availability checker for bus: GTFSTransitAvailability
2026-09-25 16:47:04 - [ForkPoolWorker-10] models.mode_availability - DEBUG - Registered availability checker for walk: DistanceBasedAvailability
2026-09-25 16:47:04 - [ForkPoolWorker-10] models.mode_choice - INFO - Computing mode shares from survey data...
2026-09-25 16:47:04 - [ForkPoolWorker-10] models.mode_choice - DEBUG -   Survey weights (normalized): {'default': 1.0}
2026-09-25 16:47:04 - [ForkPoolWorker-10] models.mode_choice - DEBUG -   Computing rates for purposes: ['School', 'Other', 'Dining', 'Home', 'Work', 'Shopping', 'Social', 'all']
2026-09-25 16:47:04 - [ForkPoolWorker-10] models.mode_choice - DEBUG -   Mode rates for 'School': car=66.7%, school_bus=21.4%, walk=7.6%, bike=2.2%, bus=1.2%, other=0.4%, rail=0.4%, rideshare=0.1%
2026-09-25 16:47:04 - [ForkPoolWorker-10] models.mode_choice - DEBUG -   Mode rates for 'Other': car=88.0%, walk=4.5%, bus=2.8%, rideshare=1.7%, rail=1.2%, school_bus=0.9%, bike=0.6%, other=0.3%
2026-09-25 16:47:04 - [ForkPoolWorker-10] models.mode_choice - DEBUG -   Mode rates for 'Dining': car=90.4%, walk=7.3%, bike=0.7%, other=0.7%, rail=0.4%, bus=0.3%, rideshare=0.2%
2026-09-25 16:47:04 - [ForkPoolWorker-10] models.mode_choice - DEBUG -   Mode rates for 'Home': car=88.5%, walk=5.3%, school_bus=2.9%, bike=1.0%, bus=0.7%, rail=0.6%, rideshare=0.4%, other=0.4%
2026-09-25 16:47:04 - [ForkPoolWorker-10] models.mode_choice - DEBUG -   Mode rates for 'Work': car=93.0%, walk=2.6%, rail=1.2%, bus=1.1%, bike=0.8%, school_bus=0.5%, rideshare=0.4%, other=0.3%
2026-09-25 16:47:04 - [ForkPoolWorker-10] models.mode_choice - DEBUG -   Mode rates for 'Shopping': car=92.0%, walk=5.7%, school_bus=0.9%, bike=0.4%, bus=0.4%, rideshare=0.2%, rail=0.2%, other=0.2%
2026-09-25 16:47:04 - [ForkPoolWorker-10] models.mode_choice - DEBUG -   Mode rates for 'Social': car=73.7%, walk=19.7%, bike=3.4%, other=0.8%, rail=0.8%, bus=0.6%, school_bus=0.5%, rideshare=0.5%
2026-09-25 16:47:04 - [ForkPoolWorker-10] models.mode_choice - DEBUG -   Mode rates for 'all': car=87.3%, walk=6.6%, school_bus=2.7%, bike=1.1%, bus=0.8%, rail=0.6%, rideshare=0.4%, other=0.4%
2026-09-25 16:47:04 - [ForkPoolWorker-10] models.mode_choice - INFO - Computed mode rates for 8 purposes
2026-09-25 16:47:04 - [ForkPoolWorker-10] models.mode_choice - INFO -   Overall mode distribution: car=87.3%, walk=6.6%, school_bus=2.7%, bike=1.1%, bus=0.8%, rail=0.6%, rideshare=0.4%, other=0.4%
2026-09-25 16:47:04 - [ForkPoolWorker-10] models.mode_choice - INFO - ModeChoiceModel initialized with 3 modes: ['car', 'bus', 'walk']
2026-09-25 16:47:04 - [ForkPoolWorker-15] models.time - INFO - Fitted models for 49 activity pairs
2026-09-25 16:47:04 - [ForkPoolWorker-15] models.time - INFO - Mean trip durations: global=20.5min, per-pair=49 pairs
2026-09-25 16:47:04 - [ForkPoolWorker-16] models.plan_generator - INFO - Worker ForkPoolWorker-16 started - processing 2215 OD pairs
2026-09-25 16:47:05 - [ForkPoolWorker-11] models.mode_availability - DEBUG - Registered availability checker for car: UniversalAvailability
2026-09-25 16:47:05 - [ForkPoolWorker-11] models.mode_availability - DEBUG - Registered availability checker for bus: GTFSTransitAvailability
2026-09-25 16:47:05 - [ForkPoolWorker-11] models.mode_availability - DEBUG - Registered availability checker for walk: DistanceBasedAvailability
2026-09-25 16:47:05 - [ForkPoolWorker-11] models.mode_choice - INFO - Computing mode shares from survey data...
2026-09-25 16:47:05 - [ForkPoolWorker-11] models.mode_choice - DEBUG -   Survey weights (normalized): {'default': 1.0}
2026-09-25 16:47:05 - [ForkPoolWorker-11] models.mode_choice - DEBUG -   Computing rates for purposes: ['School', 'Other', 'Dining', 'Home', 'Work', 'Shopping', 'Social', 'all']
2026-09-25 16:47:05 - [ForkPoolWorker-11] models.mode_choice - DEBUG -   Mode rates for 'School': car=66.7%, school_bus=21.4%, walk=7.6%, bike=2.2%, bus=1.2%, other=0.4%, rail=0.4%, rideshare=0.1%
2026-09-25 16:47:05 - [ForkPoolWorker-11] models.mode_choice - DEBUG -   Mode rates for 'Other': car=88.0%, walk=4.5%, bus=2.8%, rideshare=1.7%, rail=1.2%, school_bus=0.9%, bike=0.6%, other=0.3%
2026-09-25 16:47:05 - [ForkPoolWorker-11] models.mode_choice - DEBUG -   Mode rates for 'Dining': car=90.4%, walk=7.3%, bike=0.7%, other=0.7%, rail=0.4%, bus=0.3%, rideshare=0.2%
2026-09-25 16:47:05 - [ForkPoolWorker-11] models.mode_choice - DEBUG -   Mode rates for 'Home': car=88.5%, walk=5.3%, school_bus=2.9%, bike=1.0%, bus=0.7%, rail=0.6%, rideshare=0.4%, other=0.4%
2026-09-25 16:47:05 - [ForkPoolWorker-11] models.mode_choice - DEBUG -   Mode rates for 'Work': car=93.0%, walk=2.6%, rail=1.2%, bus=1.1%, bike=0.8%, school_bus=0.5%, rideshare=0.4%, other=0.3%
2026-09-25 16:47:05 - [ForkPoolWorker-11] models.mode_choice - DEBUG -   Mode rates for 'Shopping': car=92.0%, walk=5.7%, school_bus=0.9%, bike=0.4%, bus=0.4%, rideshare=0.2%, rail=0.2%, other=0.2%
2026-09-25 16:47:05 - [ForkPoolWorker-11] models.mode_choice - DEBUG -   Mode rates for 'Social': car=73.7%, walk=19.7%, bike=3.4%, other=0.8%, rail=0.8%, bus=0.6%, school_bus=0.5%, rideshare=0.5%
2026-09-25 16:47:05 - [ForkPoolWorker-11] models.mode_choice - DEBUG -   Mode rates for 'all': car=87.3%, walk=6.6%, school_bus=2.7%, bike=1.1%, bus=0.8%, rail=0.6%, rideshare=0.4%, other=0.4%
2026-09-25 16:47:05 - [ForkPoolWorker-11] models.mode_choice - INFO - Computed mode rates for 8 purposes
2026-09-25 16:47:05 - [ForkPoolWorker-11] models.mode_choice - INFO -   Overall mode distribution: car=87.3%, walk=6.6%, school_bus=2.7%, bike=1.1%, bus=0.8%, rail=0.6%, rideshare=0.4%, other=0.4%
2026-09-25 16:47:05 - [ForkPoolWorker-11] models.mode_choice - INFO - ModeChoiceModel initialized with 3 modes: ['car', 'bus', 'walk']
2026-09-25 16:47:05 - [ForkPoolWorker-16] models.time - INFO - Fitted models for 49 activity pairs
2026-09-25 16:47:05 - [ForkPoolWorker-16] models.time - INFO - Mean trip durations: global=20.5min, per-pair=49 pairs
2026-09-25 16:47:05 - [ForkPoolWorker-17] models.plan_generator - INFO - Worker ForkPoolWorker-17 started - processing 2215 OD pairs
2026-09-25 16:47:05 - [ForkPoolWorker-12] models.mode_availability - DEBUG - Registered availability checker for car: UniversalAvailability
2026-09-25 16:47:05 - [ForkPoolWorker-12] models.mode_availability - DEBUG - Registered availability checker for bus: GTFSTransitAvailability
2026-09-25 16:47:05 - [ForkPoolWorker-12] models.mode_availability - DEBUG - Registered availability checker for walk: DistanceBasedAvailability
2026-09-25 16:47:05 - [ForkPoolWorker-12] models.mode_choice - INFO - Computing mode shares from survey data...
2026-09-25 16:47:05 - [ForkPoolWorker-12] models.mode_choice - DEBUG -   Survey weights (normalized): {'default': 1.0}
2026-09-25 16:47:05 - [ForkPoolWorker-12] models.mode_choice - DEBUG -   Computing rates for purposes: ['School', 'Other', 'Dining', 'Home', 'Work', 'Shopping', 'Social', 'all']
2026-09-25 16:47:05 - [ForkPoolWorker-12] models.mode_choice - DEBUG -   Mode rates for 'School': car=66.7%, school_bus=21.4%, walk=7.6%, bike=2.2%, bus=1.2%, other=0.4%, rail=0.4%, rideshare=0.1%
2026-09-25 16:47:05 - [ForkPoolWorker-12] models.mode_choice - DEBUG -   Mode rates for 'Other': car=88.0%, walk=4.5%, bus=2.8%, rideshare=1.7%, rail=1.2%, school_bus=0.9%, bike=0.6%, other=0.3%
2026-09-25 16:47:05 - [ForkPoolWorker-12] models.mode_choice - DEBUG -   Mode rates for 'Dining': car=90.4%, walk=7.3%, bike=0.7%, other=0.7%, rail=0.4%, bus=0.3%, rideshare=0.2%
2026-09-25 16:47:05 - [ForkPoolWorker-12] models.mode_choice - DEBUG -   Mode rates for 'Home': car=88.5%, walk=5.3%, school_bus=2.9%, bike=1.0%, bus=0.7%, rail=0.6%, rideshare=0.4%, other=0.4%
2026-09-25 16:47:05 - [ForkPoolWorker-12] models.mode_choice - DEBUG -   Mode rates for 'Work': car=93.0%, walk=2.6%, rail=1.2%, bus=1.1%, bike=0.8%, school_bus=0.5%, rideshare=0.4%, other=0.3%
2026-09-25 16:47:05 - [ForkPoolWorker-12] models.mode_choice - DEBUG -   Mode rates for 'Shopping': car=92.0%, walk=5.7%, school_bus=0.9%, bike=0.4%, bus=0.4%, rideshare=0.2%, rail=0.2%, other=0.2%
2026-09-25 16:47:05 - [ForkPoolWorker-12] models.mode_choice - DEBUG -   Mode rates for 'Social': car=73.7%, walk=19.7%, bike=3.4%, other=0.8%, rail=0.8%, bus=0.6%, school_bus=0.5%, rideshare=0.5%
2026-09-25 16:47:05 - [ForkPoolWorker-12] models.mode_choice - DEBUG -   Mode rates for 'all': car=87.3%, walk=6.6%, school_bus=2.7%, bike=1.1%, bus=0.8%, rail=0.6%, rideshare=0.4%, other=0.4%
2026-09-25 16:47:05 - [ForkPoolWorker-12] models.mode_choice - INFO - Computed mode rates for 8 purposes
2026-09-25 16:47:05 - [ForkPoolWorker-12] models.mode_choice - INFO -   Overall mode distribution: car=87.3%, walk=6.6%, school_bus=2.7%, bike=1.1%, bus=0.8%, rail=0.6%, rideshare=0.4%, other=0.4%
2026-09-25 16:47:05 - [ForkPoolWorker-12] models.mode_choice - INFO - ModeChoiceModel initialized with 3 modes: ['car', 'bus', 'walk']
2026-09-25 16:47:05 - [ForkPoolWorker-17] models.time - INFO - Fitted models for 49 activity pairs
2026-09-25 16:47:05 - [ForkPoolWorker-17] models.time - INFO - Mean trip durations: global=20.5min, per-pair=49 pairs
2026-09-25 16:47:05 - [ForkPoolWorker-1] models.plan_generator - INFO - Worker ForkPoolWorker-1 completed: generated 2613 plans
2026-09-25 16:47:06 - [ForkPoolWorker-18] models.plan_generator - INFO - Worker ForkPoolWorker-18 started - processing 2215 OD pairs
2026-09-25 16:47:06 - [ForkPoolWorker-18] models.time - INFO - Fitted models for 49 activity pairs
2026-09-25 16:47:06 - [ForkPoolWorker-18] models.time - INFO - Mean trip durations: global=20.5min, per-pair=49 pairs
2026-09-25 16:47:06 - [ForkPoolWorker-13] models.mode_availability - DEBUG - Registered availability checker for car: UniversalAvailability
2026-09-25 16:47:06 - [ForkPoolWorker-13] models.mode_availability - DEBUG - Registered availability checker for bus: GTFSTransitAvailability
2026-09-25 16:47:06 - [ForkPoolWorker-13] models.mode_availability - DEBUG - Registered availability checker for walk: DistanceBasedAvailability
2026-09-25 16:47:06 - [ForkPoolWorker-13] models.mode_choice - INFO - Computing mode shares from survey data...
2026-09-25 16:47:06 - [ForkPoolWorker-13] models.mode_choice - DEBUG -   Survey weights (normalized): {'default': 1.0}
2026-09-25 16:47:06 - [ForkPoolWorker-13] models.mode_choice - DEBUG -   Computing rates for purposes: ['School', 'Other', 'Dining', 'Home', 'Work', 'Shopping', 'Social', 'all']
2026-09-25 16:47:06 - [ForkPoolWorker-13] models.mode_choice - DEBUG -   Mode rates for 'School': car=66.7%, school_bus=21.4%, walk=7.6%, bike=2.2%, bus=1.2%, other=0.4%, rail=0.4%, rideshare=0.1%
2026-09-25 16:47:06 - [ForkPoolWorker-13] models.mode_choice - DEBUG -   Mode rates for 'Other': car=88.0%, walk=4.5%, bus=2.8%, rideshare=1.7%, rail=1.2%, school_bus=0.9%, bike=0.6%, other=0.3%
2026-09-25 16:47:06 - [ForkPoolWorker-13] models.mode_choice - DEBUG -   Mode rates for 'Dining': car=90.4%, walk=7.3%, bike=0.7%, other=0.7%, rail=0.4%, bus=0.3%, rideshare=0.2%
2026-09-25 16:47:06 - [ForkPoolWorker-13] models.mode_choice - DEBUG -   Mode rates for 'Home': car=88.5%, walk=5.3%, school_bus=2.9%, bike=1.0%, bus=0.7%, rail=0.6%, rideshare=0.4%, other=0.4%
2026-09-25 16:47:06 - [ForkPoolWorker-13] models.mode_choice - DEBUG -   Mode rates for 'Work': car=93.0%, walk=2.6%, rail=1.2%, bus=1.1%, bike=0.8%, school_bus=0.5%, rideshare=0.4%, other=0.3%
2026-09-25 16:47:06 - [ForkPoolWorker-13] models.mode_choice - DEBUG -   Mode rates for 'Shopping': car=92.0%, walk=5.7%, school_bus=0.9%, bike=0.4%, bus=0.4%, rideshare=0.2%, rail=0.2%, other=0.2%
2026-09-25 16:47:06 - [ForkPoolWorker-13] models.mode_choice - DEBUG -   Mode rates for 'Social': car=73.7%, walk=19.7%, bike=3.4%, other=0.8%, rail=0.8%, bus=0.6%, school_bus=0.5%, rideshare=0.5%
2026-09-25 16:47:06 - [ForkPoolWorker-13] models.mode_choice - DEBUG -   Mode rates for 'all': car=87.3%, walk=6.6%, school_bus=2.7%, bike=1.1%, bus=0.8%, rail=0.6%, rideshare=0.4%, other=0.4%
2026-09-25 16:47:06 - [ForkPoolWorker-13] models.mode_choice - INFO - Computed mode rates for 8 purposes
2026-09-25 16:47:06 - [ForkPoolWorker-13] models.mode_choice - INFO -   Overall mode distribution: car=87.3%, walk=6.6%, school_bus=2.7%, bike=1.1%, bus=0.8%, rail=0.6%, rideshare=0.4%, other=0.4%
2026-09-25 16:47:06 - [ForkPoolWorker-13] models.mode_choice - INFO - ModeChoiceModel initialized with 3 modes: ['car', 'bus', 'walk']
2026-09-25 16:47:06 - [ForkPoolWorker-2] models.plan_generator - INFO - Worker ForkPoolWorker-2 completed: generated 3084 plans
2026-09-25 16:47:07 - [ForkPoolWorker-14] models.mode_availability - DEBUG - Registered availability checker for car: UniversalAvailability
2026-09-25 16:47:07 - [ForkPoolWorker-14] models.mode_availability - DEBUG - Registered availability checker for bus: GTFSTransitAvailability
2026-09-25 16:47:07 - [ForkPoolWorker-14] models.mode_availability - DEBUG - Registered availability checker for walk: DistanceBasedAvailability
2026-09-25 16:47:07 - [ForkPoolWorker-14] models.mode_choice - INFO - Computing mode shares from survey data...
2026-09-25 16:47:07 - [ForkPoolWorker-14] models.mode_choice - DEBUG -   Survey weights (normalized): {'default': 1.0}
2026-09-25 16:47:07 - [ForkPoolWorker-14] models.mode_choice - DEBUG -   Computing rates for purposes: ['School', 'Other', 'Dining', 'Home', 'Work', 'Shopping', 'Social', 'all']
2026-09-25 16:47:07 - [ForkPoolWorker-14] models.mode_choice - DEBUG -   Mode rates for 'School': car=66.7%, school_bus=21.4%, walk=7.6%, bike=2.2%, bus=1.2%, other=0.4%, rail=0.4%, rideshare=0.1%
2026-09-25 16:47:07 - [ForkPoolWorker-14] models.mode_choice - DEBUG -   Mode rates for 'Other': car=88.0%, walk=4.5%, bus=2.8%, rideshare=1.7%, rail=1.2%, school_bus=0.9%, bike=0.6%, other=0.3%
2026-09-25 16:47:07 - [ForkPoolWorker-14] models.mode_choice - DEBUG -   Mode rates for 'Dining': car=90.4%, walk=7.3%, bike=0.7%, other=0.7%, rail=0.4%, bus=0.3%, rideshare=0.2%
2026-09-25 16:47:07 - [ForkPoolWorker-14] models.mode_choice - DEBUG -   Mode rates for 'Home': car=88.5%, walk=5.3%, school_bus=2.9%, bike=1.0%, bus=0.7%, rail=0.6%, rideshare=0.4%, other=0.4%
2026-09-25 16:47:07 - [ForkPoolWorker-14] models.mode_choice - DEBUG -   Mode rates for 'Work': car=93.0%, walk=2.6%, rail=1.2%, bus=1.1%, bike=0.8%, school_bus=0.5%, rideshare=0.4%, other=0.3%
2026-09-25 16:47:07 - [ForkPoolWorker-14] models.mode_choice - DEBUG -   Mode rates for 'Shopping': car=92.0%, walk=5.7%, school_bus=0.9%, bike=0.4%, bus=0.4%, rideshare=0.2%, rail=0.2%, other=0.2%
2026-09-25 16:47:07 - [ForkPoolWorker-14] models.mode_choice - DEBUG -   Mode rates for 'Social': car=73.7%, walk=19.7%, bike=3.4%, other=0.8%, rail=0.8%, bus=0.6%, school_bus=0.5%, rideshare=0.5%
2026-09-25 16:47:07 - [ForkPoolWorker-14] models.mode_choice - DEBUG -   Mode rates for 'all': car=87.3%, walk=6.6%, school_bus=2.7%, bike=1.1%, bus=0.8%, rail=0.6%, rideshare=0.4%, other=0.4%
2026-09-25 16:47:07 - [ForkPoolWorker-14] models.mode_choice - INFO - Computed mode rates for 8 purposes
2026-09-25 16:47:07 - [ForkPoolWorker-14] models.mode_choice - INFO -   Overall mode distribution: car=87.3%, walk=6.6%, school_bus=2.7%, bike=1.1%, bus=0.8%, rail=0.6%, rideshare=0.4%, other=0.4%
2026-09-25 16:47:07 - [ForkPoolWorker-14] models.mode_choice - INFO - ModeChoiceModel initialized with 3 modes: ['car', 'bus', 'walk']
2026-09-25 16:47:07 - [ForkPoolWorker-19] models.plan_generator - INFO - Worker ForkPoolWorker-19 started - processing 2215 OD pairs
2026-09-25 16:47:07 - [ForkPoolWorker-3] models.plan_generator - INFO - Worker ForkPoolWorker-3 completed: generated 2700 plans
2026-09-25 16:47:07 - [ForkPoolWorker-19] models.time - INFO - Fitted models for 49 activity pairs
2026-09-25 16:47:07 - [ForkPoolWorker-19] models.time - INFO - Mean trip durations: global=20.5min, per-pair=49 pairs
2026-09-25 16:47:08 - [ForkPoolWorker-20] models.plan_generator - INFO - Worker ForkPoolWorker-20 started - processing 2215 OD pairs
2026-09-25 16:47:08 - [ForkPoolWorker-15] models.mode_availability - DEBUG - Registered availability checker for car: UniversalAvailability
2026-09-25 16:47:08 - [ForkPoolWorker-15] models.mode_availability - DEBUG - Registered availability checker for bus: GTFSTransitAvailability
2026-09-25 16:47:08 - [ForkPoolWorker-15] models.mode_availability - DEBUG - Registered availability checker for walk: DistanceBasedAvailability
2026-09-25 16:47:08 - [ForkPoolWorker-15] models.mode_choice - INFO - Computing mode shares from survey data...
2026-09-25 16:47:08 - [ForkPoolWorker-15] models.mode_choice - DEBUG -   Survey weights (normalized): {'default': 1.0}
2026-09-25 16:47:08 - [ForkPoolWorker-15] models.mode_choice - DEBUG -   Computing rates for purposes: ['School', 'Other', 'Dining', 'Home', 'Work', 'Shopping', 'Social', 'all']
2026-09-25 16:47:08 - [ForkPoolWorker-15] models.mode_choice - DEBUG -   Mode rates for 'School': car=66.7%, school_bus=21.4%, walk=7.6%, bike=2.2%, bus=1.2%, other=0.4%, rail=0.4%, rideshare=0.1%
2026-09-25 16:47:08 - [ForkPoolWorker-15] models.mode_choice - DEBUG -   Mode rates for 'Other': car=88.0%, walk=4.5%, bus=2.8%, rideshare=1.7%, rail=1.2%, school_bus=0.9%, bike=0.6%, other=0.3%
2026-09-25 16:47:08 - [ForkPoolWorker-15] models.mode_choice - DEBUG -   Mode rates for 'Dining': car=90.4%, walk=7.3%, bike=0.7%, other=0.7%, rail=0.4%, bus=0.3%, rideshare=0.2%
2026-09-25 16:47:08 - [ForkPoolWorker-15] models.mode_choice - DEBUG -   Mode rates for 'Home': car=88.5%, walk=5.3%, school_bus=2.9%, bike=1.0%, bus=0.7%, rail=0.6%, rideshare=0.4%, other=0.4%
2026-09-25 16:47:08 - [ForkPoolWorker-15] models.mode_choice - DEBUG -   Mode rates for 'Work': car=93.0%, walk=2.6%, rail=1.2%, bus=1.1%, bike=0.8%, school_bus=0.5%, rideshare=0.4%, other=0.3%
2026-09-25 16:47:08 - [ForkPoolWorker-15] models.mode_choice - DEBUG -   Mode rates for 'Shopping': car=92.0%, walk=5.7%, school_bus=0.9%, bike=0.4%, bus=0.4%, rideshare=0.2%, rail=0.2%, other=0.2%
2026-09-25 16:47:08 - [ForkPoolWorker-15] models.mode_choice - DEBUG -   Mode rates for 'Social': car=73.7%, walk=19.7%, bike=3.4%, other=0.8%, rail=0.8%, bus=0.6%, school_bus=0.5%, rideshare=0.5%
2026-09-25 16:47:08 - [ForkPoolWorker-15] models.mode_choice - DEBUG -   Mode rates for 'all': car=87.3%, walk=6.6%, school_bus=2.7%, bike=1.1%, bus=0.8%, rail=0.6%, rideshare=0.4%, other=0.4%
2026-09-25 16:47:08 - [ForkPoolWorker-15] models.mode_choice - INFO - Computed mode rates for 8 purposes
2026-09-25 16:47:08 - [ForkPoolWorker-15] models.mode_choice - INFO -   Overall mode distribution: car=87.3%, walk=6.6%, school_bus=2.7%, bike=1.1%, bus=0.8%, rail=0.6%, rideshare=0.4%, other=0.4%
2026-09-25 16:47:08 - [ForkPoolWorker-15] models.mode_choice - INFO - ModeChoiceModel initialized with 3 modes: ['car', 'bus', 'walk']
2026-09-25 16:47:08 - [ForkPoolWorker-20] models.time - INFO - Fitted models for 49 activity pairs
2026-09-25 16:47:08 - [ForkPoolWorker-20] models.time - INFO - Mean trip durations: global=20.5min, per-pair=49 pairs
2026-09-25 16:47:08 - [ForkPoolWorker-4] models.plan_generator - INFO - Worker ForkPoolWorker-4 completed: generated 3203 plans
2026-09-25 16:47:09 - [ForkPoolWorker-16] models.mode_availability - DEBUG - Registered availability checker for car: UniversalAvailability
2026-09-25 16:47:09 - [ForkPoolWorker-16] models.mode_availability - DEBUG - Registered availability checker for bus: GTFSTransitAvailability
2026-09-25 16:47:09 - [ForkPoolWorker-16] models.mode_availability - DEBUG - Registered availability checker for walk: DistanceBasedAvailability
2026-09-25 16:47:09 - [ForkPoolWorker-16] models.mode_choice - INFO - Computing mode shares from survey data...
2026-09-25 16:47:09 - [ForkPoolWorker-16] models.mode_choice - DEBUG -   Survey weights (normalized): {'default': 1.0}
2026-09-25 16:47:09 - [ForkPoolWorker-16] models.mode_choice - DEBUG -   Computing rates for purposes: ['School', 'Other', 'Dining', 'Home', 'Work', 'Shopping', 'Social', 'all']
2026-09-25 16:47:09 - [ForkPoolWorker-16] models.mode_choice - DEBUG -   Mode rates for 'School': car=66.7%, school_bus=21.4%, walk=7.6%, bike=2.2%, bus=1.2%, other=0.4%, rail=0.4%, rideshare=0.1%
2026-09-25 16:47:09 - [ForkPoolWorker-16] models.mode_choice - DEBUG -   Mode rates for 'Other': car=88.0%, walk=4.5%, bus=2.8%, rideshare=1.7%, rail=1.2%, school_bus=0.9%, bike=0.6%, other=0.3%
2026-09-25 16:47:09 - [ForkPoolWorker-16] models.mode_choice - DEBUG -   Mode rates for 'Dining': car=90.4%, walk=7.3%, bike=0.7%, other=0.7%, rail=0.4%, bus=0.3%, rideshare=0.2%
2026-09-25 16:47:09 - [ForkPoolWorker-16] models.mode_choice - DEBUG -   Mode rates for 'Home': car=88.5%, walk=5.3%, school_bus=2.9%, bike=1.0%, bus=0.7%, rail=0.6%, rideshare=0.4%, other=0.4%
2026-09-25 16:47:09 - [ForkPoolWorker-16] models.mode_choice - DEBUG -   Mode rates for 'Work': car=93.0%, walk=2.6%, rail=1.2%, bus=1.1%, bike=0.8%, school_bus=0.5%, rideshare=0.4%, other=0.3%
2026-09-25 16:47:09 - [ForkPoolWorker-16] models.mode_choice - DEBUG -   Mode rates for 'Shopping': car=92.0%, walk=5.7%, school_bus=0.9%, bike=0.4%, bus=0.4%, rideshare=0.2%, rail=0.2%, other=0.2%
2026-09-25 16:47:09 - [ForkPoolWorker-16] models.mode_choice - DEBUG -   Mode rates for 'Social': car=73.7%, walk=19.7%, bike=3.4%, other=0.8%, rail=0.8%, bus=0.6%, school_bus=0.5%, rideshare=0.5%
2026-09-25 16:47:09 - [ForkPoolWorker-16] models.mode_choice - DEBUG -   Mode rates for 'all': car=87.3%, walk=6.6%, school_bus=2.7%, bike=1.1%, bus=0.8%, rail=0.6%, rideshare=0.4%, other=0.4%
2026-09-25 16:47:09 - [ForkPoolWorker-16] models.mode_choice - INFO - Computed mode rates for 8 purposes
2026-09-25 16:47:09 - [ForkPoolWorker-16] models.mode_choice - INFO -   Overall mode distribution: car=87.3%, walk=6.6%, school_bus=2.7%, bike=1.1%, bus=0.8%, rail=0.6%, rideshare=0.4%, other=0.4%
2026-09-25 16:47:09 - [ForkPoolWorker-16] models.mode_choice - INFO - ModeChoiceModel initialized with 3 modes: ['car', 'bus', 'walk']
2026-09-25 16:47:09 - [ForkPoolWorker-21] models.plan_generator - INFO - Worker ForkPoolWorker-21 started - processing 2215 OD pairs
2026-09-25 16:47:09 - [ForkPoolWorker-21] models.time - INFO - Fitted models for 49 activity pairs
2026-09-25 16:47:09 - [ForkPoolWorker-21] models.time - INFO - Mean trip durations: global=20.5min, per-pair=49 pairs
2026-09-25 16:47:09 - [ForkPoolWorker-5] models.plan_generator - INFO - Worker ForkPoolWorker-5 completed: generated 2986 plans
2026-09-25 16:47:09 - [ForkPoolWorker-17] models.mode_availability - DEBUG - Registered availability checker for car: UniversalAvailability
2026-09-25 16:47:09 - [ForkPoolWorker-17] models.mode_availability - DEBUG - Registered availability checker for bus: GTFSTransitAvailability
2026-09-25 16:47:09 - [ForkPoolWorker-17] models.mode_availability - DEBUG - Registered availability checker for walk: DistanceBasedAvailability
2026-09-25 16:47:09 - [ForkPoolWorker-17] models.mode_choice - INFO - Computing mode shares from survey data...
2026-09-25 16:47:09 - [ForkPoolWorker-17] models.mode_choice - DEBUG -   Survey weights (normalized): {'default': 1.0}
2026-09-25 16:47:09 - [ForkPoolWorker-17] models.mode_choice - DEBUG -   Computing rates for purposes: ['School', 'Other', 'Dining', 'Home', 'Work', 'Shopping', 'Social', 'all']
2026-09-25 16:47:09 - [ForkPoolWorker-17] models.mode_choice - DEBUG -   Mode rates for 'School': car=66.7%, school_bus=21.4%, walk=7.6%, bike=2.2%, bus=1.2%, other=0.4%, rail=0.4%, rideshare=0.1%
2026-09-25 16:47:09 - [ForkPoolWorker-17] models.mode_choice - DEBUG -   Mode rates for 'Other': car=88.0%, walk=4.5%, bus=2.8%, rideshare=1.7%, rail=1.2%, school_bus=0.9%, bike=0.6%, other=0.3%
2026-09-25 16:47:09 - [ForkPoolWorker-17] models.mode_choice - DEBUG -   Mode rates for 'Dining': car=90.4%, walk=7.3%, bike=0.7%, other=0.7%, rail=0.4%, bus=0.3%, rideshare=0.2%
2026-09-25 16:47:09 - [ForkPoolWorker-17] models.mode_choice - DEBUG -   Mode rates for 'Home': car=88.5%, walk=5.3%, school_bus=2.9%, bike=1.0%, bus=0.7%, rail=0.6%, rideshare=0.4%, other=0.4%
2026-09-25 16:47:09 - [ForkPoolWorker-17] models.mode_choice - DEBUG -   Mode rates for 'Work': car=93.0%, walk=2.6%, rail=1.2%, bus=1.1%, bike=0.8%, school_bus=0.5%, rideshare=0.4%, other=0.3%
2026-09-25 16:47:09 - [ForkPoolWorker-17] models.mode_choice - DEBUG -   Mode rates for 'Shopping': car=92.0%, walk=5.7%, school_bus=0.9%, bike=0.4%, bus=0.4%, rideshare=0.2%, rail=0.2%, other=0.2%
2026-09-25 16:47:09 - [ForkPoolWorker-17] models.mode_choice - DEBUG -   Mode rates for 'Social': car=73.7%, walk=19.7%, bike=3.4%, other=0.8%, rail=0.8%, bus=0.6%, school_bus=0.5%, rideshare=0.5%
2026-09-25 16:47:09 - [ForkPoolWorker-17] models.mode_choice - DEBUG -   Mode rates for 'all': car=87.3%, walk=6.6%, school_bus=2.7%, bike=1.1%, bus=0.8%, rail=0.6%, rideshare=0.4%, other=0.4%
2026-09-25 16:47:09 - [ForkPoolWorker-17] models.mode_choice - INFO - Computed mode rates for 8 purposes
2026-09-25 16:47:09 - [ForkPoolWorker-17] models.mode_choice - INFO -   Overall mode distribution: car=87.3%, walk=6.6%, school_bus=2.7%, bike=1.1%, bus=0.8%, rail=0.6%, rideshare=0.4%, other=0.4%
2026-09-25 16:47:09 - [ForkPoolWorker-17] models.mode_choice - INFO - ModeChoiceModel initialized with 3 modes: ['car', 'bus', 'walk']
2026-09-25 16:47:10 - [ForkPoolWorker-22] models.plan_generator - INFO - Worker ForkPoolWorker-22 started - processing 2215 OD pairs
2026-09-25 16:47:10 - [ForkPoolWorker-18] models.mode_availability - DEBUG - Registered availability checker for car: UniversalAvailability
2026-09-25 16:47:10 - [ForkPoolWorker-18] models.mode_availability - DEBUG - Registered availability checker for bus: GTFSTransitAvailability
2026-09-25 16:47:10 - [ForkPoolWorker-18] models.mode_availability - DEBUG - Registered availability checker for walk: DistanceBasedAvailability
2026-09-25 16:47:10 - [ForkPoolWorker-18] models.mode_choice - INFO - Computing mode shares from survey data...
2026-09-25 16:47:10 - [ForkPoolWorker-18] models.mode_choice - DEBUG -   Survey weights (normalized): {'default': 1.0}
2026-09-25 16:47:10 - [ForkPoolWorker-18] models.mode_choice - DEBUG -   Computing rates for purposes: ['School', 'Other', 'Dining', 'Home', 'Work', 'Shopping', 'Social', 'all']
2026-09-25 16:47:10 - [ForkPoolWorker-18] models.mode_choice - DEBUG -   Mode rates for 'School': car=66.7%, school_bus=21.4%, walk=7.6%, bike=2.2%, bus=1.2%, other=0.4%, rail=0.4%, rideshare=0.1%
2026-09-25 16:47:10 - [ForkPoolWorker-18] models.mode_choice - DEBUG -   Mode rates for 'Other': car=88.0%, walk=4.5%, bus=2.8%, rideshare=1.7%, rail=1.2%, school_bus=0.9%, bike=0.6%, other=0.3%
2026-09-25 16:47:10 - [ForkPoolWorker-18] models.mode_choice - DEBUG -   Mode rates for 'Dining': car=90.4%, walk=7.3%, bike=0.7%, other=0.7%, rail=0.4%, bus=0.3%, rideshare=0.2%
2026-09-25 16:47:10 - [ForkPoolWorker-18] models.mode_choice - DEBUG -   Mode rates for 'Home': car=88.5%, walk=5.3%, school_bus=2.9%, bike=1.0%, bus=0.7%, rail=0.6%, rideshare=0.4%, other=0.4%
2026-09-25 16:47:10 - [ForkPoolWorker-18] models.mode_choice - DEBUG -   Mode rates for 'Work': car=93.0%, walk=2.6%, rail=1.2%, bus=1.1%, bike=0.8%, school_bus=0.5%, rideshare=0.4%, other=0.3%
2026-09-25 16:47:10 - [ForkPoolWorker-18] models.mode_choice - DEBUG -   Mode rates for 'Shopping': car=92.0%, walk=5.7%, school_bus=0.9%, bike=0.4%, bus=0.4%, rideshare=0.2%, rail=0.2%, other=0.2%
2026-09-25 16:47:10 - [ForkPoolWorker-18] models.mode_choice - DEBUG -   Mode rates for 'Social': car=73.7%, walk=19.7%, bike=3.4%, other=0.8%, rail=0.8%, bus=0.6%, school_bus=0.5%, rideshare=0.5%
2026-09-25 16:47:10 - [ForkPoolWorker-18] models.mode_choice - DEBUG -   Mode rates for 'all': car=87.3%, walk=6.6%, school_bus=2.7%, bike=1.1%, bus=0.8%, rail=0.6%, rideshare=0.4%, other=0.4%
2026-09-25 16:47:10 - [ForkPoolWorker-18] models.mode_choice - INFO - Computed mode rates for 8 purposes
2026-09-25 16:47:10 - [ForkPoolWorker-18] models.mode_choice - INFO -   Overall mode distribution: car=87.3%, walk=6.6%, school_bus=2.7%, bike=1.1%, bus=0.8%, rail=0.6%, rideshare=0.4%, other=0.4%
2026-09-25 16:47:10 - [ForkPoolWorker-18] models.mode_choice - INFO - ModeChoiceModel initialized with 3 modes: ['car', 'bus', 'walk']
2026-09-25 16:47:10 - [ForkPoolWorker-22] models.time - INFO - Fitted models for 49 activity pairs
2026-09-25 16:47:10 - [ForkPoolWorker-22] models.time - INFO - Mean trip durations: global=20.5min, per-pair=49 pairs
2026-09-25 16:47:10 - [ForkPoolWorker-6] models.plan_generator - INFO - Worker ForkPoolWorker-6 completed: generated 3383 plans
2026-09-25 16:47:11 - [ForkPoolWorker-7] models.plan_generator - INFO - Worker ForkPoolWorker-7 completed: generated 3244 plans
2026-09-25 16:47:11 - [ForkPoolWorker-23] models.plan_generator - INFO - Worker ForkPoolWorker-23 started - processing 2215 OD pairs
2026-09-25 16:47:11 - [ForkPoolWorker-23] models.time - INFO - Fitted models for 49 activity pairs
2026-09-25 16:47:11 - [ForkPoolWorker-23] models.time - INFO - Mean trip durations: global=20.5min, per-pair=49 pairs
2026-09-25 16:47:11 - [ForkPoolWorker-19] models.mode_availability - DEBUG - Registered availability checker for car: UniversalAvailability
2026-09-25 16:47:11 - [ForkPoolWorker-19] models.mode_availability - DEBUG - Registered availability checker for bus: GTFSTransitAvailability
2026-09-25 16:47:11 - [ForkPoolWorker-19] models.mode_availability - DEBUG - Registered availability checker for walk: DistanceBasedAvailability
2026-09-25 16:47:11 - [ForkPoolWorker-19] models.mode_choice - INFO - Computing mode shares from survey data...
2026-09-25 16:47:11 - [ForkPoolWorker-19] models.mode_choice - DEBUG -   Survey weights (normalized): {'default': 1.0}
2026-09-25 16:47:11 - [ForkPoolWorker-19] models.mode_choice - DEBUG -   Computing rates for purposes: ['School', 'Other', 'Dining', 'Home', 'Work', 'Shopping', 'Social', 'all']
2026-09-25 16:47:11 - [ForkPoolWorker-19] models.mode_choice - DEBUG -   Mode rates for 'School': car=66.7%, school_bus=21.4%, walk=7.6%, bike=2.2%, bus=1.2%, other=0.4%, rail=0.4%, rideshare=0.1%
2026-09-25 16:47:11 - [ForkPoolWorker-19] models.mode_choice - DEBUG -   Mode rates for 'Other': car=88.0%, walk=4.5%, bus=2.8%, rideshare=1.7%, rail=1.2%, school_bus=0.9%, bike=0.6%, other=0.3%
2026-09-25 16:47:11 - [ForkPoolWorker-19] models.mode_choice - DEBUG -   Mode rates for 'Dining': car=90.4%, walk=7.3%, bike=0.7%, other=0.7%, rail=0.4%, bus=0.3%, rideshare=0.2%
2026-09-25 16:47:11 - [ForkPoolWorker-19] models.mode_choice - DEBUG -   Mode rates for 'Home': car=88.5%, walk=5.3%, school_bus=2.9%, bike=1.0%, bus=0.7%, rail=0.6%, rideshare=0.4%, other=0.4%
2026-09-25 16:47:11 - [ForkPoolWorker-19] models.mode_choice - DEBUG -   Mode rates for 'Work': car=93.0%, walk=2.6%, rail=1.2%, bus=1.1%, bike=0.8%, school_bus=0.5%, rideshare=0.4%, other=0.3%
2026-09-25 16:47:11 - [ForkPoolWorker-19] models.mode_choice - DEBUG -   Mode rates for 'Shopping': car=92.0%, walk=5.7%, school_bus=0.9%, bike=0.4%, bus=0.4%, rideshare=0.2%, rail=0.2%, other=0.2%
2026-09-25 16:47:11 - [ForkPoolWorker-19] models.mode_choice - DEBUG -   Mode rates for 'Social': car=73.7%, walk=19.7%, bike=3.4%, other=0.8%, rail=0.8%, bus=0.6%, school_bus=0.5%, rideshare=0.5%
2026-09-25 16:47:11 - [ForkPoolWorker-19] models.mode_choice - DEBUG -   Mode rates for 'all': car=87.3%, walk=6.6%, school_bus=2.7%, bike=1.1%, bus=0.8%, rail=0.6%, rideshare=0.4%, other=0.4%
2026-09-25 16:47:11 - [ForkPoolWorker-19] models.mode_choice - INFO - Computed mode rates for 8 purposes
2026-09-25 16:47:11 - [ForkPoolWorker-19] models.mode_choice - INFO -   Overall mode distribution: car=87.3%, walk=6.6%, school_bus=2.7%, bike=1.1%, bus=0.8%, rail=0.6%, rideshare=0.4%, other=0.4%
2026-09-25 16:47:11 - [ForkPoolWorker-19] models.mode_choice - INFO - ModeChoiceModel initialized with 3 modes: ['car', 'bus', 'walk']
2026-09-25 16:47:11 - [ForkPoolWorker-24] models.plan_generator - INFO - Worker ForkPoolWorker-24 started - processing 2215 OD pairs
2026-09-25 16:47:12 - [ForkPoolWorker-24] models.time - INFO - Fitted models for 49 activity pairs
2026-09-25 16:47:12 - [ForkPoolWorker-24] models.time - INFO - Mean trip durations: global=20.5min, per-pair=49 pairs
2026-09-25 16:47:12 - [ForkPoolWorker-20] models.mode_availability - DEBUG - Registered availability checker for car: UniversalAvailability
2026-09-25 16:47:12 - [ForkPoolWorker-20] models.mode_availability - DEBUG - Registered availability checker for bus: GTFSTransitAvailability
2026-09-25 16:47:12 - [ForkPoolWorker-20] models.mode_availability - DEBUG - Registered availability checker for walk: DistanceBasedAvailability
2026-09-25 16:47:12 - [ForkPoolWorker-20] models.mode_choice - INFO - Computing mode shares from survey data...
2026-09-25 16:47:12 - [ForkPoolWorker-20] models.mode_choice - DEBUG -   Survey weights (normalized): {'default': 1.0}
2026-09-25 16:47:12 - [ForkPoolWorker-20] models.mode_choice - DEBUG -   Computing rates for purposes: ['School', 'Other', 'Dining', 'Home', 'Work', 'Shopping', 'Social', 'all']
2026-09-25 16:47:12 - [ForkPoolWorker-20] models.mode_choice - DEBUG -   Mode rates for 'School': car=66.7%, school_bus=21.4%, walk=7.6%, bike=2.2%, bus=1.2%, other=0.4%, rail=0.4%, rideshare=0.1%
2026-09-25 16:47:12 - [ForkPoolWorker-20] models.mode_choice - DEBUG -   Mode rates for 'Other': car=88.0%, walk=4.5%, bus=2.8%, rideshare=1.7%, rail=1.2%, school_bus=0.9%, bike=0.6%, other=0.3%
2026-09-25 16:47:12 - [ForkPoolWorker-20] models.mode_choice - DEBUG -   Mode rates for 'Dining': car=90.4%, walk=7.3%, bike=0.7%, other=0.7%, rail=0.4%, bus=0.3%, rideshare=0.2%
2026-09-25 16:47:12 - [ForkPoolWorker-20] models.mode_choice - DEBUG -   Mode rates for 'Home': car=88.5%, walk=5.3%, school_bus=2.9%, bike=1.0%, bus=0.7%, rail=0.6%, rideshare=0.4%, other=0.4%
2026-09-25 16:47:12 - [ForkPoolWorker-20] models.mode_choice - DEBUG -   Mode rates for 'Work': car=93.0%, walk=2.6%, rail=1.2%, bus=1.1%, bike=0.8%, school_bus=0.5%, rideshare=0.4%, other=0.3%
2026-09-25 16:47:12 - [ForkPoolWorker-20] models.mode_choice - DEBUG -   Mode rates for 'Shopping': car=92.0%, walk=5.7%, school_bus=0.9%, bike=0.4%, bus=0.4%, rideshare=0.2%, rail=0.2%, other=0.2%
2026-09-25 16:47:12 - [ForkPoolWorker-20] models.mode_choice - DEBUG -   Mode rates for 'Social': car=73.7%, walk=19.7%, bike=3.4%, other=0.8%, rail=0.8%, bus=0.6%, school_bus=0.5%, rideshare=0.5%
2026-09-25 16:47:12 - [ForkPoolWorker-20] models.mode_choice - DEBUG -   Mode rates for 'all': car=87.3%, walk=6.6%, school_bus=2.7%, bike=1.1%, bus=0.8%, rail=0.6%, rideshare=0.4%, other=0.4%
2026-09-25 16:47:12 - [ForkPoolWorker-20] models.mode_choice - INFO - Computed mode rates for 8 purposes
2026-09-25 16:47:12 - [ForkPoolWorker-20] models.mode_choice - INFO -   Overall mode distribution: car=87.3%, walk=6.6%, school_bus=2.7%, bike=1.1%, bus=0.8%, rail=0.6%, rideshare=0.4%, other=0.4%
2026-09-25 16:47:12 - [ForkPoolWorker-20] models.mode_choice - INFO - ModeChoiceModel initialized with 3 modes: ['car', 'bus', 'walk']
2026-09-25 16:47:12 - [ForkPoolWorker-8] models.plan_generator - INFO - Worker ForkPoolWorker-8 completed: generated 4062 plans
2026-09-25 16:47:13 - [ForkPoolWorker-25] models.plan_generator - INFO - Worker ForkPoolWorker-25 started - processing 2215 OD pairs
2026-09-25 16:47:13 - [ForkPoolWorker-21] models.mode_availability - DEBUG - Registered availability checker for car: UniversalAvailability
2026-09-25 16:47:13 - [ForkPoolWorker-21] models.mode_availability - DEBUG - Registered availability checker for bus: GTFSTransitAvailability
2026-09-25 16:47:13 - [ForkPoolWorker-21] models.mode_availability - DEBUG - Registered availability checker for walk: DistanceBasedAvailability
2026-09-25 16:47:13 - [ForkPoolWorker-21] models.mode_choice - INFO - Computing mode shares from survey data...
2026-09-25 16:47:13 - [ForkPoolWorker-21] models.mode_choice - DEBUG -   Survey weights (normalized): {'default': 1.0}
2026-09-25 16:47:13 - [ForkPoolWorker-21] models.mode_choice - DEBUG -   Computing rates for purposes: ['School', 'Other', 'Dining', 'Home', 'Work', 'Shopping', 'Social', 'all']
2026-09-25 16:47:13 - [ForkPoolWorker-21] models.mode_choice - DEBUG -   Mode rates for 'School': car=66.7%, school_bus=21.4%, walk=7.6%, bike=2.2%, bus=1.2%, other=0.4%, rail=0.4%, rideshare=0.1%
2026-09-25 16:47:13 - [ForkPoolWorker-21] models.mode_choice - DEBUG -   Mode rates for 'Other': car=88.0%, walk=4.5%, bus=2.8%, rideshare=1.7%, rail=1.2%, school_bus=0.9%, bike=0.6%, other=0.3%
2026-09-25 16:47:13 - [ForkPoolWorker-21] models.mode_choice - DEBUG -   Mode rates for 'Dining': car=90.4%, walk=7.3%, bike=0.7%, other=0.7%, rail=0.4%, bus=0.3%, rideshare=0.2%
2026-09-25 16:47:13 - [ForkPoolWorker-21] models.mode_choice - DEBUG -   Mode rates for 'Home': car=88.5%, walk=5.3%, school_bus=2.9%, bike=1.0%, bus=0.7%, rail=0.6%, rideshare=0.4%, other=0.4%
2026-09-25 16:47:13 - [ForkPoolWorker-21] models.mode_choice - DEBUG -   Mode rates for 'Work': car=93.0%, walk=2.6%, rail=1.2%, bus=1.1%, bike=0.8%, school_bus=0.5%, rideshare=0.4%, other=0.3%
2026-09-25 16:47:13 - [ForkPoolWorker-21] models.mode_choice - DEBUG -   Mode rates for 'Shopping': car=92.0%, walk=5.7%, school_bus=0.9%, bike=0.4%, bus=0.4%, rideshare=0.2%, rail=0.2%, other=0.2%
2026-09-25 16:47:13 - [ForkPoolWorker-21] models.mode_choice - DEBUG -   Mode rates for 'Social': car=73.7%, walk=19.7%, bike=3.4%, other=0.8%, rail=0.8%, bus=0.6%, school_bus=0.5%, rideshare=0.5%
2026-09-25 16:47:13 - [ForkPoolWorker-21] models.mode_choice - DEBUG -   Mode rates for 'all': car=87.3%, walk=6.6%, school_bus=2.7%, bike=1.1%, bus=0.8%, rail=0.6%, rideshare=0.4%, other=0.4%
2026-09-25 16:47:13 - [ForkPoolWorker-21] models.mode_choice - INFO - Computed mode rates for 8 purposes
2026-09-25 16:47:13 - [ForkPoolWorker-21] models.mode_choice - INFO -   Overall mode distribution: car=87.3%, walk=6.6%, school_bus=2.7%, bike=1.1%, bus=0.8%, rail=0.6%, rideshare=0.4%, other=0.4%
2026-09-25 16:47:13 - [ForkPoolWorker-21] models.mode_choice - INFO - ModeChoiceModel initialized with 3 modes: ['car', 'bus', 'walk']
2026-09-25 16:47:13 - [ForkPoolWorker-25] models.time - INFO - Fitted models for 49 activity pairs
2026-09-25 16:47:13 - [ForkPoolWorker-25] models.time - INFO - Mean trip durations: global=20.5min, per-pair=49 pairs
2026-09-25 16:47:13 - [ForkPoolWorker-26] models.plan_generator - INFO - Worker ForkPoolWorker-26 started - processing 2215 OD pairs
2026-09-25 16:47:13 - [ForkPoolWorker-9] models.plan_generator - INFO - Worker ForkPoolWorker-9 completed: generated 4765 plans
2026-09-25 16:47:13 - [ForkPoolWorker-26] models.time - INFO - Fitted models for 49 activity pairs
2026-09-25 16:47:13 - [ForkPoolWorker-26] models.time - INFO - Mean trip durations: global=20.5min, per-pair=49 pairs
2026-09-25 16:47:14 - [ForkPoolWorker-22] models.mode_availability - DEBUG - Registered availability checker for car: UniversalAvailability
2026-09-25 16:47:14 - [ForkPoolWorker-22] models.mode_availability - DEBUG - Registered availability checker for bus: GTFSTransitAvailability
2026-09-25 16:47:14 - [ForkPoolWorker-22] models.mode_availability - DEBUG - Registered availability checker for walk: DistanceBasedAvailability
2026-09-25 16:47:14 - [ForkPoolWorker-22] models.mode_choice - INFO - Computing mode shares from survey data...
2026-09-25 16:47:14 - [ForkPoolWorker-22] models.mode_choice - DEBUG -   Survey weights (normalized): {'default': 1.0}
2026-09-25 16:47:14 - [ForkPoolWorker-22] models.mode_choice - DEBUG -   Computing rates for purposes: ['School', 'Other', 'Dining', 'Home', 'Work', 'Shopping', 'Social', 'all']
2026-09-25 16:47:14 - [ForkPoolWorker-22] models.mode_choice - DEBUG -   Mode rates for 'School': car=66.7%, school_bus=21.4%, walk=7.6%, bike=2.2%, bus=1.2%, other=0.4%, rail=0.4%, rideshare=0.1%
2026-09-25 16:47:14 - [ForkPoolWorker-22] models.mode_choice - DEBUG -   Mode rates for 'Other': car=88.0%, walk=4.5%, bus=2.8%, rideshare=1.7%, rail=1.2%, school_bus=0.9%, bike=0.6%, other=0.3%
2026-09-25 16:47:14 - [ForkPoolWorker-22] models.mode_choice - DEBUG -   Mode rates for 'Dining': car=90.4%, walk=7.3%, bike=0.7%, other=0.7%, rail=0.4%, bus=0.3%, rideshare=0.2%
2026-09-25 16:47:14 - [ForkPoolWorker-22] models.mode_choice - DEBUG -   Mode rates for 'Home': car=88.5%, walk=5.3%, school_bus=2.9%, bike=1.0%, bus=0.7%, rail=0.6%, rideshare=0.4%, other=0.4%
2026-09-25 16:47:14 - [ForkPoolWorker-22] models.mode_choice - DEBUG -   Mode rates for 'Work': car=93.0%, walk=2.6%, rail=1.2%, bus=1.1%, bike=0.8%, school_bus=0.5%, rideshare=0.4%, other=0.3%
2026-09-25 16:47:14 - [ForkPoolWorker-22] models.mode_choice - DEBUG -   Mode rates for 'Shopping': car=92.0%, walk=5.7%, school_bus=0.9%, bike=0.4%, bus=0.4%, rideshare=0.2%, rail=0.2%, other=0.2%
2026-09-25 16:47:14 - [ForkPoolWorker-22] models.mode_choice - DEBUG -   Mode rates for 'Social': car=73.7%, walk=19.7%, bike=3.4%, other=0.8%, rail=0.8%, bus=0.6%, school_bus=0.5%, rideshare=0.5%
2026-09-25 16:47:14 - [ForkPoolWorker-22] models.mode_choice - DEBUG -   Mode rates for 'all': car=87.3%, walk=6.6%, school_bus=2.7%, bike=1.1%, bus=0.8%, rail=0.6%, rideshare=0.4%, other=0.4%
2026-09-25 16:47:14 - [ForkPoolWorker-22] models.mode_choice - INFO - Computed mode rates for 8 purposes
2026-09-25 16:47:14 - [ForkPoolWorker-22] models.mode_choice - INFO -   Overall mode distribution: car=87.3%, walk=6.6%, school_bus=2.7%, bike=1.1%, bus=0.8%, rail=0.6%, rideshare=0.4%, other=0.4%
2026-09-25 16:47:14 - [ForkPoolWorker-22] models.mode_choice - INFO - ModeChoiceModel initialized with 3 modes: ['car', 'bus', 'walk']
2026-09-25 16:47:14 - [ForkPoolWorker-27] models.plan_generator - INFO - Worker ForkPoolWorker-27 started - processing 2215 OD pairs
2026-09-25 16:47:14 - [ForkPoolWorker-11] models.plan_generator - INFO - Worker ForkPoolWorker-11 completed: generated 3674 plans
2026-09-25 16:47:14 - [ForkPoolWorker-27] models.time - INFO - Fitted models for 49 activity pairs
2026-09-25 16:47:14 - [ForkPoolWorker-27] models.time - INFO - Mean trip durations: global=20.5min, per-pair=49 pairs
2026-09-25 16:47:15 - [ForkPoolWorker-23] models.mode_availability - DEBUG - Registered availability checker for car: UniversalAvailability
2026-09-25 16:47:15 - [ForkPoolWorker-23] models.mode_availability - DEBUG - Registered availability checker for bus: GTFSTransitAvailability
2026-09-25 16:47:15 - [ForkPoolWorker-23] models.mode_availability - DEBUG - Registered availability checker for walk: DistanceBasedAvailability
2026-09-25 16:47:15 - [ForkPoolWorker-23] models.mode_choice - INFO - Computing mode shares from survey data...
2026-09-25 16:47:15 - [ForkPoolWorker-23] models.mode_choice - DEBUG -   Survey weights (normalized): {'default': 1.0}
2026-09-25 16:47:15 - [ForkPoolWorker-23] models.mode_choice - DEBUG -   Computing rates for purposes: ['School', 'Other', 'Dining', 'Home', 'Work', 'Shopping', 'Social', 'all']
2026-09-25 16:47:15 - [ForkPoolWorker-23] models.mode_choice - DEBUG -   Mode rates for 'School': car=66.7%, school_bus=21.4%, walk=7.6%, bike=2.2%, bus=1.2%, other=0.4%, rail=0.4%, rideshare=0.1%
2026-09-25 16:47:15 - [ForkPoolWorker-23] models.mode_choice - DEBUG -   Mode rates for 'Other': car=88.0%, walk=4.5%, bus=2.8%, rideshare=1.7%, rail=1.2%, school_bus=0.9%, bike=0.6%, other=0.3%
2026-09-25 16:47:15 - [ForkPoolWorker-23] models.mode_choice - DEBUG -   Mode rates for 'Dining': car=90.4%, walk=7.3%, bike=0.7%, other=0.7%, rail=0.4%, bus=0.3%, rideshare=0.2%
2026-09-25 16:47:15 - [ForkPoolWorker-23] models.mode_choice - DEBUG -   Mode rates for 'Home': car=88.5%, walk=5.3%, school_bus=2.9%, bike=1.0%, bus=0.7%, rail=0.6%, rideshare=0.4%, other=0.4%
2026-09-25 16:47:15 - [ForkPoolWorker-23] models.mode_choice - DEBUG -   Mode rates for 'Work': car=93.0%, walk=2.6%, rail=1.2%, bus=1.1%, bike=0.8%, school_bus=0.5%, rideshare=0.4%, other=0.3%
2026-09-25 16:47:15 - [ForkPoolWorker-23] models.mode_choice - DEBUG -   Mode rates for 'Shopping': car=92.0%, walk=5.7%, school_bus=0.9%, bike=0.4%, bus=0.4%, rideshare=0.2%, rail=0.2%, other=0.2%
2026-09-25 16:47:15 - [ForkPoolWorker-23] models.mode_choice - DEBUG -   Mode rates for 'Social': car=73.7%, walk=19.7%, bike=3.4%, other=0.8%, rail=0.8%, bus=0.6%, school_bus=0.5%, rideshare=0.5%
2026-09-25 16:47:15 - [ForkPoolWorker-23] models.mode_choice - DEBUG -   Mode rates for 'all': car=87.3%, walk=6.6%, school_bus=2.7%, bike=1.1%, bus=0.8%, rail=0.6%, rideshare=0.4%, other=0.4%
2026-09-25 16:47:15 - [ForkPoolWorker-23] models.mode_choice - INFO - Computed mode rates for 8 purposes
2026-09-25 16:47:15 - [ForkPoolWorker-23] models.mode_choice - INFO -   Overall mode distribution: car=87.3%, walk=6.6%, school_bus=2.7%, bike=1.1%, bus=0.8%, rail=0.6%, rideshare=0.4%, other=0.4%
2026-09-25 16:47:15 - [ForkPoolWorker-23] models.mode_choice - INFO - ModeChoiceModel initialized with 3 modes: ['car', 'bus', 'walk']
2026-09-25 16:47:15 - [ForkPoolWorker-28] models.plan_generator - INFO - Worker ForkPoolWorker-28 started - processing 2215 OD pairs
2026-09-25 16:47:16 - [ForkPoolWorker-24] models.mode_availability - DEBUG - Registered availability checker for car: UniversalAvailability
2026-09-25 16:47:16 - [ForkPoolWorker-24] models.mode_availability - DEBUG - Registered availability checker for bus: GTFSTransitAvailability
2026-09-25 16:47:16 - [ForkPoolWorker-24] models.mode_availability - DEBUG - Registered availability checker for walk: DistanceBasedAvailability
2026-09-25 16:47:16 - [ForkPoolWorker-24] models.mode_choice - INFO - Computing mode shares from survey data...
2026-09-25 16:47:16 - [ForkPoolWorker-24] models.mode_choice - DEBUG -   Survey weights (normalized): {'default': 1.0}
2026-09-25 16:47:16 - [ForkPoolWorker-24] models.mode_choice - DEBUG -   Computing rates for purposes: ['School', 'Other', 'Dining', 'Home', 'Work', 'Shopping', 'Social', 'all']
2026-09-25 16:47:16 - [ForkPoolWorker-24] models.mode_choice - DEBUG -   Mode rates for 'School': car=66.7%, school_bus=21.4%, walk=7.6%, bike=2.2%, bus=1.2%, other=0.4%, rail=0.4%, rideshare=0.1%
2026-09-25 16:47:16 - [ForkPoolWorker-24] models.mode_choice - DEBUG -   Mode rates for 'Other': car=88.0%, walk=4.5%, bus=2.8%, rideshare=1.7%, rail=1.2%, school_bus=0.9%, bike=0.6%, other=0.3%
2026-09-25 16:47:16 - [ForkPoolWorker-24] models.mode_choice - DEBUG -   Mode rates for 'Dining': car=90.4%, walk=7.3%, bike=0.7%, other=0.7%, rail=0.4%, bus=0.3%, rideshare=0.2%
2026-09-25 16:47:16 - [ForkPoolWorker-24] models.mode_choice - DEBUG -   Mode rates for 'Home': car=88.5%, walk=5.3%, school_bus=2.9%, bike=1.0%, bus=0.7%, rail=0.6%, rideshare=0.4%, other=0.4%
2026-09-25 16:47:16 - [ForkPoolWorker-24] models.mode_choice - DEBUG -   Mode rates for 'Work': car=93.0%, walk=2.6%, rail=1.2%, bus=1.1%, bike=0.8%, school_bus=0.5%, rideshare=0.4%, other=0.3%
2026-09-25 16:47:16 - [ForkPoolWorker-24] models.mode_choice - DEBUG -   Mode rates for 'Shopping': car=92.0%, walk=5.7%, school_bus=0.9%, bike=0.4%, bus=0.4%, rideshare=0.2%, rail=0.2%, other=0.2%
2026-09-25 16:47:16 - [ForkPoolWorker-24] models.mode_choice - DEBUG -   Mode rates for 'Social': car=73.7%, walk=19.7%, bike=3.4%, other=0.8%, rail=0.8%, bus=0.6%, school_bus=0.5%, rideshare=0.5%
2026-09-25 16:47:16 - [ForkPoolWorker-24] models.mode_choice - DEBUG -   Mode rates for 'all': car=87.3%, walk=6.6%, school_bus=2.7%, bike=1.1%, bus=0.8%, rail=0.6%, rideshare=0.4%, other=0.4%
2026-09-25 16:47:16 - [ForkPoolWorker-24] models.mode_choice - INFO - Computed mode rates for 8 purposes
2026-09-25 16:47:16 - [ForkPoolWorker-24] models.mode_choice - INFO -   Overall mode distribution: car=87.3%, walk=6.6%, school_bus=2.7%, bike=1.1%, bus=0.8%, rail=0.6%, rideshare=0.4%, other=0.4%
2026-09-25 16:47:16 - [ForkPoolWorker-24] models.mode_choice - INFO - ModeChoiceModel initialized with 3 modes: ['car', 'bus', 'walk']
2026-09-25 16:47:16 - [ForkPoolWorker-28] models.time - INFO - Fitted models for 49 activity pairs
2026-09-25 16:47:16 - [ForkPoolWorker-28] models.time - INFO - Mean trip durations: global=20.5min, per-pair=49 pairs
2026-09-25 16:47:16 - [ForkPoolWorker-29] models.plan_generator - INFO - Worker ForkPoolWorker-29 started - processing 2215 OD pairs
2026-09-25 16:47:16 - [ForkPoolWorker-14] models.plan_generator - INFO - Worker ForkPoolWorker-14 completed: generated 3245 plans
2026-09-25 16:47:16 - [ForkPoolWorker-29] models.time - INFO - Fitted models for 49 activity pairs
2026-09-25 16:47:16 - [ForkPoolWorker-29] models.time - INFO - Mean trip durations: global=20.5min, per-pair=49 pairs
2026-09-25 16:47:17 - [ForkPoolWorker-13] models.plan_generator - INFO - Worker ForkPoolWorker-13 completed: generated 4891 plans
2026-09-25 16:47:17 - [ForkPoolWorker-25] models.mode_availability - DEBUG - Registered availability checker for car: UniversalAvailability
2026-09-25 16:47:17 - [ForkPoolWorker-25] models.mode_availability - DEBUG - Registered availability checker for bus: GTFSTransitAvailability
2026-09-25 16:47:17 - [ForkPoolWorker-25] models.mode_availability - DEBUG - Registered availability checker for walk: DistanceBasedAvailability
2026-09-25 16:47:17 - [ForkPoolWorker-25] models.mode_choice - INFO - Computing mode shares from survey data...
2026-09-25 16:47:17 - [ForkPoolWorker-25] models.mode_choice - DEBUG -   Survey weights (normalized): {'default': 1.0}
2026-09-25 16:47:17 - [ForkPoolWorker-25] models.mode_choice - DEBUG -   Computing rates for purposes: ['School', 'Other', 'Dining', 'Home', 'Work', 'Shopping', 'Social', 'all']
2026-09-25 16:47:17 - [ForkPoolWorker-25] models.mode_choice - DEBUG -   Mode rates for 'School': car=66.7%, school_bus=21.4%, walk=7.6%, bike=2.2%, bus=1.2%, other=0.4%, rail=0.4%, rideshare=0.1%
2026-09-25 16:47:17 - [ForkPoolWorker-25] models.mode_choice - DEBUG -   Mode rates for 'Other': car=88.0%, walk=4.5%, bus=2.8%, rideshare=1.7%, rail=1.2%, school_bus=0.9%, bike=0.6%, other=0.3%
2026-09-25 16:47:17 - [ForkPoolWorker-25] models.mode_choice - DEBUG -   Mode rates for 'Dining': car=90.4%, walk=7.3%, bike=0.7%, other=0.7%, rail=0.4%, bus=0.3%, rideshare=0.2%
2026-09-25 16:47:17 - [ForkPoolWorker-25] models.mode_choice - DEBUG -   Mode rates for 'Home': car=88.5%, walk=5.3%, school_bus=2.9%, bike=1.0%, bus=0.7%, rail=0.6%, rideshare=0.4%, other=0.4%
2026-09-25 16:47:17 - [ForkPoolWorker-25] models.mode_choice - DEBUG -   Mode rates for 'Work': car=93.0%, walk=2.6%, rail=1.2%, bus=1.1%, bike=0.8%, school_bus=0.5%, rideshare=0.4%, other=0.3%
2026-09-25 16:47:17 - [ForkPoolWorker-25] models.mode_choice - DEBUG -   Mode rates for 'Shopping': car=92.0%, walk=5.7%, school_bus=0.9%, bike=0.4%, bus=0.4%, rideshare=0.2%, rail=0.2%, other=0.2%
2026-09-25 16:47:17 - [ForkPoolWorker-25] models.mode_choice - DEBUG -   Mode rates for 'Social': car=73.7%, walk=19.7%, bike=3.4%, other=0.8%, rail=0.8%, bus=0.6%, school_bus=0.5%, rideshare=0.5%
2026-09-25 16:47:17 - [ForkPoolWorker-25] models.mode_choice - DEBUG -   Mode rates for 'all': car=87.3%, walk=6.6%, school_bus=2.7%, bike=1.1%, bus=0.8%, rail=0.6%, rideshare=0.4%, other=0.4%
2026-09-25 16:47:17 - [ForkPoolWorker-25] models.mode_choice - INFO - Computed mode rates for 8 purposes
2026-09-25 16:47:17 - [ForkPoolWorker-25] models.mode_choice - INFO -   Overall mode distribution: car=87.3%, walk=6.6%, school_bus=2.7%, bike=1.1%, bus=0.8%, rail=0.6%, rideshare=0.4%, other=0.4%
2026-09-25 16:47:17 - [ForkPoolWorker-25] models.mode_choice - INFO - ModeChoiceModel initialized with 3 modes: ['car', 'bus', 'walk']
2026-09-25 16:47:17 - [ForkPoolWorker-26] models.mode_availability - DEBUG - Registered availability checker for car: UniversalAvailability
2026-09-25 16:47:17 - [ForkPoolWorker-26] models.mode_availability - DEBUG - Registered availability checker for bus: GTFSTransitAvailability
2026-09-25 16:47:17 - [ForkPoolWorker-26] models.mode_availability - DEBUG - Registered availability checker for walk: DistanceBasedAvailability
2026-09-25 16:47:17 - [ForkPoolWorker-26] models.mode_choice - INFO - Computing mode shares from survey data...
2026-09-25 16:47:17 - [ForkPoolWorker-26] models.mode_choice - DEBUG -   Survey weights (normalized): {'default': 1.0}
2026-09-25 16:47:17 - [ForkPoolWorker-26] models.mode_choice - DEBUG -   Computing rates for purposes: ['School', 'Other', 'Dining', 'Home', 'Work', 'Shopping', 'Social', 'all']
2026-09-25 16:47:17 - [ForkPoolWorker-26] models.mode_choice - DEBUG -   Mode rates for 'School': car=66.7%, school_bus=21.4%, walk=7.6%, bike=2.2%, bus=1.2%, other=0.4%, rail=0.4%, rideshare=0.1%
2026-09-25 16:47:17 - [ForkPoolWorker-26] models.mode_choice - DEBUG -   Mode rates for 'Other': car=88.0%, walk=4.5%, bus=2.8%, rideshare=1.7%, rail=1.2%, school_bus=0.9%, bike=0.6%, other=0.3%
2026-09-25 16:47:17 - [ForkPoolWorker-26] models.mode_choice - DEBUG -   Mode rates for 'Dining': car=90.4%, walk=7.3%, bike=0.7%, other=0.7%, rail=0.4%, bus=0.3%, rideshare=0.2%
2026-09-25 16:47:17 - [ForkPoolWorker-26] models.mode_choice - DEBUG -   Mode rates for 'Home': car=88.5%, walk=5.3%, school_bus=2.9%, bike=1.0%, bus=0.7%, rail=0.6%, rideshare=0.4%, other=0.4%
2026-09-25 16:47:17 - [ForkPoolWorker-26] models.mode_choice - DEBUG -   Mode rates for 'Work': car=93.0%, walk=2.6%, rail=1.2%, bus=1.1%, bike=0.8%, school_bus=0.5%, rideshare=0.4%, other=0.3%
2026-09-25 16:47:17 - [ForkPoolWorker-26] models.mode_choice - DEBUG -   Mode rates for 'Shopping': car=92.0%, walk=5.7%, school_bus=0.9%, bike=0.4%, bus=0.4%, rideshare=0.2%, rail=0.2%, other=0.2%
2026-09-25 16:47:17 - [ForkPoolWorker-26] models.mode_choice - DEBUG -   Mode rates for 'Social': car=73.7%, walk=19.7%, bike=3.4%, other=0.8%, rail=0.8%, bus=0.6%, school_bus=0.5%, rideshare=0.5%
2026-09-25 16:47:17 - [ForkPoolWorker-26] models.mode_choice - DEBUG -   Mode rates for 'all': car=87.3%, walk=6.6%, school_bus=2.7%, bike=1.1%, bus=0.8%, rail=0.6%, rideshare=0.4%, other=0.4%
2026-09-25 16:47:17 - [ForkPoolWorker-26] models.mode_choice - INFO - Computed mode rates for 8 purposes
2026-09-25 16:47:17 - [ForkPoolWorker-26] models.mode_choice - INFO -   Overall mode distribution: car=87.3%, walk=6.6%, school_bus=2.7%, bike=1.1%, bus=0.8%, rail=0.6%, rideshare=0.4%, other=0.4%
2026-09-25 16:47:17 - [ForkPoolWorker-26] models.mode_choice - INFO - ModeChoiceModel initialized with 3 modes: ['car', 'bus', 'walk']
2026-09-25 16:47:18 - [ForkPoolWorker-30] models.plan_generator - INFO - Worker ForkPoolWorker-30 started - processing 2215 OD pairs
2026-09-25 16:47:18 - [ForkPoolWorker-16] models.plan_generator - INFO - Worker ForkPoolWorker-16 completed: generated 3246 plans
2026-09-25 16:47:18 - [ForkPoolWorker-1] models.plan_generator - INFO - Worker ForkPoolWorker-1 started - processing 4 OD pairs
2026-09-25 16:47:18 - [ForkPoolWorker-30] models.time - INFO - Fitted models for 49 activity pairs
2026-09-25 16:47:18 - [ForkPoolWorker-30] models.time - INFO - Mean trip durations: global=20.5min, per-pair=49 pairs
2026-09-25 16:47:18 - [ForkPoolWorker-1] models.time - INFO - Fitted models for 49 activity pairs
2026-09-25 16:47:18 - [ForkPoolWorker-1] models.time - INFO - Mean trip durations: global=20.5min, per-pair=49 pairs
2026-09-25 16:47:18 - [ForkPoolWorker-17] models.plan_generator - INFO - Worker ForkPoolWorker-17 completed: generated 3482 plans
2026-09-25 16:47:18 - [ForkPoolWorker-15] models.plan_generator - INFO - Worker ForkPoolWorker-15 completed: generated 4974 plans
2026-09-25 16:47:18 - [ForkPoolWorker-27] models.mode_availability - DEBUG - Registered availability checker for car: UniversalAvailability
2026-09-25 16:47:18 - [ForkPoolWorker-27] models.mode_availability - DEBUG - Registered availability checker for bus: GTFSTransitAvailability
2026-09-25 16:47:18 - [ForkPoolWorker-27] models.mode_availability - DEBUG - Registered availability checker for walk: DistanceBasedAvailability
2026-09-25 16:47:18 - [ForkPoolWorker-27] models.mode_choice - INFO - Computing mode shares from survey data...
2026-09-25 16:47:18 - [ForkPoolWorker-27] models.mode_choice - DEBUG -   Survey weights (normalized): {'default': 1.0}
2026-09-25 16:47:18 - [ForkPoolWorker-27] models.mode_choice - DEBUG -   Computing rates for purposes: ['School', 'Other', 'Dining', 'Home', 'Work', 'Shopping', 'Social', 'all']
2026-09-25 16:47:18 - [ForkPoolWorker-27] models.mode_choice - DEBUG -   Mode rates for 'School': car=66.7%, school_bus=21.4%, walk=7.6%, bike=2.2%, bus=1.2%, other=0.4%, rail=0.4%, rideshare=0.1%
2026-09-25 16:47:18 - [ForkPoolWorker-27] models.mode_choice - DEBUG -   Mode rates for 'Other': car=88.0%, walk=4.5%, bus=2.8%, rideshare=1.7%, rail=1.2%, school_bus=0.9%, bike=0.6%, other=0.3%
2026-09-25 16:47:18 - [ForkPoolWorker-27] models.mode_choice - DEBUG -   Mode rates for 'Dining': car=90.4%, walk=7.3%, bike=0.7%, other=0.7%, rail=0.4%, bus=0.3%, rideshare=0.2%
2026-09-25 16:47:18 - [ForkPoolWorker-27] models.mode_choice - DEBUG -   Mode rates for 'Home': car=88.5%, walk=5.3%, school_bus=2.9%, bike=1.0%, bus=0.7%, rail=0.6%, rideshare=0.4%, other=0.4%
2026-09-25 16:47:18 - [ForkPoolWorker-27] models.mode_choice - DEBUG -   Mode rates for 'Work': car=93.0%, walk=2.6%, rail=1.2%, bus=1.1%, bike=0.8%, school_bus=0.5%, rideshare=0.4%, other=0.3%
2026-09-25 16:47:18 - [ForkPoolWorker-27] models.mode_choice - DEBUG -   Mode rates for 'Shopping': car=92.0%, walk=5.7%, school_bus=0.9%, bike=0.4%, bus=0.4%, rideshare=0.2%, rail=0.2%, other=0.2%
2026-09-25 16:47:18 - [ForkPoolWorker-27] models.mode_choice - DEBUG -   Mode rates for 'Social': car=73.7%, walk=19.7%, bike=3.4%, other=0.8%, rail=0.8%, bus=0.6%, school_bus=0.5%, rideshare=0.5%
2026-09-25 16:47:18 - [ForkPoolWorker-27] models.mode_choice - DEBUG -   Mode rates for 'all': car=87.3%, walk=6.6%, school_bus=2.7%, bike=1.1%, bus=0.8%, rail=0.6%, rideshare=0.4%, other=0.4%
2026-09-25 16:47:18 - [ForkPoolWorker-27] models.mode_choice - INFO - Computed mode rates for 8 purposes
2026-09-25 16:47:18 - [ForkPoolWorker-27] models.mode_choice - INFO -   Overall mode distribution: car=87.3%, walk=6.6%, school_bus=2.7%, bike=1.1%, bus=0.8%, rail=0.6%, rideshare=0.4%, other=0.4%
2026-09-25 16:47:18 - [ForkPoolWorker-27] models.mode_choice - INFO - ModeChoiceModel initialized with 3 modes: ['car', 'bus', 'walk']
2026-09-25 16:47:19 - [ForkPoolWorker-18] models.plan_generator - INFO - Worker ForkPoolWorker-18 completed: generated 3591 plans
2026-09-25 16:47:20 - [ForkPoolWorker-28] models.mode_availability - DEBUG - Registered availability checker for car: UniversalAvailability
2026-09-25 16:47:20 - [ForkPoolWorker-28] models.mode_availability - DEBUG - Registered availability checker for bus: GTFSTransitAvailability
2026-09-25 16:47:20 - [ForkPoolWorker-28] models.mode_availability - DEBUG - Registered availability checker for walk: DistanceBasedAvailability
2026-09-25 16:47:20 - [ForkPoolWorker-28] models.mode_choice - INFO - Computing mode shares from survey data...
2026-09-25 16:47:20 - [ForkPoolWorker-28] models.mode_choice - DEBUG -   Survey weights (normalized): {'default': 1.0}
2026-09-25 16:47:20 - [ForkPoolWorker-28] models.mode_choice - DEBUG -   Computing rates for purposes: ['School', 'Other', 'Dining', 'Home', 'Work', 'Shopping', 'Social', 'all']
2026-09-25 16:47:20 - [ForkPoolWorker-28] models.mode_choice - DEBUG -   Mode rates for 'School': car=66.7%, school_bus=21.4%, walk=7.6%, bike=2.2%, bus=1.2%, other=0.4%, rail=0.4%, rideshare=0.1%
2026-09-25 16:47:20 - [ForkPoolWorker-28] models.mode_choice - DEBUG -   Mode rates for 'Other': car=88.0%, walk=4.5%, bus=2.8%, rideshare=1.7%, rail=1.2%, school_bus=0.9%, bike=0.6%, other=0.3%
2026-09-25 16:47:20 - [ForkPoolWorker-28] models.mode_choice - DEBUG -   Mode rates for 'Dining': car=90.4%, walk=7.3%, bike=0.7%, other=0.7%, rail=0.4%, bus=0.3%, rideshare=0.2%
2026-09-25 16:47:20 - [ForkPoolWorker-28] models.mode_choice - DEBUG -   Mode rates for 'Home': car=88.5%, walk=5.3%, school_bus=2.9%, bike=1.0%, bus=0.7%, rail=0.6%, rideshare=0.4%, other=0.4%
2026-09-25 16:47:20 - [ForkPoolWorker-28] models.mode_choice - DEBUG -   Mode rates for 'Work': car=93.0%, walk=2.6%, rail=1.2%, bus=1.1%, bike=0.8%, school_bus=0.5%, rideshare=0.4%, other=0.3%
2026-09-25 16:47:20 - [ForkPoolWorker-28] models.mode_choice - DEBUG -   Mode rates for 'Shopping': car=92.0%, walk=5.7%, school_bus=0.9%, bike=0.4%, bus=0.4%, rideshare=0.2%, rail=0.2%, other=0.2%
2026-09-25 16:47:20 - [ForkPoolWorker-28] models.mode_choice - DEBUG -   Mode rates for 'Social': car=73.7%, walk=19.7%, bike=3.4%, other=0.8%, rail=0.8%, bus=0.6%, school_bus=0.5%, rideshare=0.5%
2026-09-25 16:47:20 - [ForkPoolWorker-28] models.mode_choice - DEBUG -   Mode rates for 'all': car=87.3%, walk=6.6%, school_bus=2.7%, bike=1.1%, bus=0.8%, rail=0.6%, rideshare=0.4%, other=0.4%
2026-09-25 16:47:20 - [ForkPoolWorker-28] models.mode_choice - INFO - Computed mode rates for 8 purposes
2026-09-25 16:47:20 - [ForkPoolWorker-28] models.mode_choice - INFO -   Overall mode distribution: car=87.3%, walk=6.6%, school_bus=2.7%, bike=1.1%, bus=0.8%, rail=0.6%, rideshare=0.4%, other=0.4%
2026-09-25 16:47:20 - [ForkPoolWorker-28] models.mode_choice - INFO - ModeChoiceModel initialized with 3 modes: ['car', 'bus', 'walk']
2026-09-25 16:47:20 - [ForkPoolWorker-29] models.mode_availability - DEBUG - Registered availability checker for car: UniversalAvailability
2026-09-25 16:47:20 - [ForkPoolWorker-29] models.mode_availability - DEBUG - Registered availability checker for bus: GTFSTransitAvailability
2026-09-25 16:47:20 - [ForkPoolWorker-29] models.mode_availability - DEBUG - Registered availability checker for walk: DistanceBasedAvailability
2026-09-25 16:47:20 - [ForkPoolWorker-29] models.mode_choice - INFO - Computing mode shares from survey data...
2026-09-25 16:47:20 - [ForkPoolWorker-29] models.mode_choice - DEBUG -   Survey weights (normalized): {'default': 1.0}
2026-09-25 16:47:20 - [ForkPoolWorker-29] models.mode_choice - DEBUG -   Computing rates for purposes: ['School', 'Other', 'Dining', 'Home', 'Work', 'Shopping', 'Social', 'all']
2026-09-25 16:47:20 - [ForkPoolWorker-29] models.mode_choice - DEBUG -   Mode rates for 'School': car=66.7%, school_bus=21.4%, walk=7.6%, bike=2.2%, bus=1.2%, other=0.4%, rail=0.4%, rideshare=0.1%
2026-09-25 16:47:20 - [ForkPoolWorker-29] models.mode_choice - DEBUG -   Mode rates for 'Other': car=88.0%, walk=4.5%, bus=2.8%, rideshare=1.7%, rail=1.2%, school_bus=0.9%, bike=0.6%, other=0.3%
2026-09-25 16:47:20 - [ForkPoolWorker-29] models.mode_choice - DEBUG -   Mode rates for 'Dining': car=90.4%, walk=7.3%, bike=0.7%, other=0.7%, rail=0.4%, bus=0.3%, rideshare=0.2%
2026-09-25 16:47:20 - [ForkPoolWorker-29] models.mode_choice - DEBUG -   Mode rates for 'Home': car=88.5%, walk=5.3%, school_bus=2.9%, bike=1.0%, bus=0.7%, rail=0.6%, rideshare=0.4%, other=0.4%
2026-09-25 16:47:20 - [ForkPoolWorker-29] models.mode_choice - DEBUG -   Mode rates for 'Work': car=93.0%, walk=2.6%, rail=1.2%, bus=1.1%, bike=0.8%, school_bus=0.5%, rideshare=0.4%, other=0.3%
2026-09-25 16:47:20 - [ForkPoolWorker-29] models.mode_choice - DEBUG -   Mode rates for 'Shopping': car=92.0%, walk=5.7%, school_bus=0.9%, bike=0.4%, bus=0.4%, rideshare=0.2%, rail=0.2%, other=0.2%
2026-09-25 16:47:20 - [ForkPoolWorker-29] models.mode_choice - DEBUG -   Mode rates for 'Social': car=73.7%, walk=19.7%, bike=3.4%, other=0.8%, rail=0.8%, bus=0.6%, school_bus=0.5%, rideshare=0.5%
2026-09-25 16:47:20 - [ForkPoolWorker-29] models.mode_choice - DEBUG -   Mode rates for 'all': car=87.3%, walk=6.6%, school_bus=2.7%, bike=1.1%, bus=0.8%, rail=0.6%, rideshare=0.4%, other=0.4%
2026-09-25 16:47:20 - [ForkPoolWorker-29] models.mode_choice - INFO - Computed mode rates for 8 purposes
2026-09-25 16:47:20 - [ForkPoolWorker-29] models.mode_choice - INFO -   Overall mode distribution: car=87.3%, walk=6.6%, school_bus=2.7%, bike=1.1%, bus=0.8%, rail=0.6%, rideshare=0.4%, other=0.4%
2026-09-25 16:47:20 - [ForkPoolWorker-29] models.mode_choice - INFO - ModeChoiceModel initialized with 3 modes: ['car', 'bus', 'walk']
2026-09-25 16:47:20 - [ForkPoolWorker-19] models.plan_generator - INFO - Worker ForkPoolWorker-19 completed: generated 2982 plans
2026-09-25 16:47:21 - [ForkPoolWorker-10] models.plan_generator - INFO - Worker ForkPoolWorker-10 completed: generated 10334 plans
2026-09-25 16:47:22 - [ForkPoolWorker-30] models.mode_availability - DEBUG - Registered availability checker for car: UniversalAvailability
2026-09-25 16:47:22 - [ForkPoolWorker-30] models.mode_availability - DEBUG - Registered availability checker for bus: GTFSTransitAvailability
2026-09-25 16:47:22 - [ForkPoolWorker-30] models.mode_availability - DEBUG - Registered availability checker for walk: DistanceBasedAvailability
2026-09-25 16:47:22 - [ForkPoolWorker-30] models.mode_choice - INFO - Computing mode shares from survey data...
2026-09-25 16:47:22 - [ForkPoolWorker-30] models.mode_choice - DEBUG -   Survey weights (normalized): {'default': 1.0}
2026-09-25 16:47:22 - [ForkPoolWorker-30] models.mode_choice - DEBUG -   Computing rates for purposes: ['School', 'Other', 'Dining', 'Home', 'Work', 'Shopping', 'Social', 'all']
2026-09-25 16:47:22 - [ForkPoolWorker-30] models.mode_choice - DEBUG -   Mode rates for 'School': car=66.7%, school_bus=21.4%, walk=7.6%, bike=2.2%, bus=1.2%, other=0.4%, rail=0.4%, rideshare=0.1%
2026-09-25 16:47:22 - [ForkPoolWorker-30] models.mode_choice - DEBUG -   Mode rates for 'Other': car=88.0%, walk=4.5%, bus=2.8%, rideshare=1.7%, rail=1.2%, school_bus=0.9%, bike=0.6%, other=0.3%
2026-09-25 16:47:22 - [ForkPoolWorker-30] models.mode_choice - DEBUG -   Mode rates for 'Dining': car=90.4%, walk=7.3%, bike=0.7%, other=0.7%, rail=0.4%, bus=0.3%, rideshare=0.2%
2026-09-25 16:47:22 - [ForkPoolWorker-30] models.mode_choice - DEBUG -   Mode rates for 'Home': car=88.5%, walk=5.3%, school_bus=2.9%, bike=1.0%, bus=0.7%, rail=0.6%, rideshare=0.4%, other=0.4%
2026-09-25 16:47:22 - [ForkPoolWorker-30] models.mode_choice - DEBUG -   Mode rates for 'Work': car=93.0%, walk=2.6%, rail=1.2%, bus=1.1%, bike=0.8%, school_bus=0.5%, rideshare=0.4%, other=0.3%
2026-09-25 16:47:22 - [ForkPoolWorker-30] models.mode_choice - DEBUG -   Mode rates for 'Shopping': car=92.0%, walk=5.7%, school_bus=0.9%, bike=0.4%, bus=0.4%, rideshare=0.2%, rail=0.2%, other=0.2%
2026-09-25 16:47:22 - [ForkPoolWorker-30] models.mode_choice - DEBUG -   Mode rates for 'Social': car=73.7%, walk=19.7%, bike=3.4%, other=0.8%, rail=0.8%, bus=0.6%, school_bus=0.5%, rideshare=0.5%
2026-09-25 16:47:22 - [ForkPoolWorker-30] models.mode_choice - DEBUG -   Mode rates for 'all': car=87.3%, walk=6.6%, school_bus=2.7%, bike=1.1%, bus=0.8%, rail=0.6%, rideshare=0.4%, other=0.4%
2026-09-25 16:47:22 - [ForkPoolWorker-30] models.mode_choice - INFO - Computed mode rates for 8 purposes
2026-09-25 16:47:22 - [ForkPoolWorker-30] models.mode_choice - INFO -   Overall mode distribution: car=87.3%, walk=6.6%, school_bus=2.7%, bike=1.1%, bus=0.8%, rail=0.6%, rideshare=0.4%, other=0.4%
2026-09-25 16:47:22 - [ForkPoolWorker-30] models.mode_choice - INFO - ModeChoiceModel initialized with 3 modes: ['car', 'bus', 'walk']
2026-09-25 16:47:22 - [ForkPoolWorker-1] models.mode_availability - DEBUG - Registered availability checker for car: UniversalAvailability
2026-09-25 16:47:22 - [ForkPoolWorker-1] models.mode_availability - DEBUG - Registered availability checker for bus: GTFSTransitAvailability
2026-09-25 16:47:22 - [ForkPoolWorker-1] models.mode_availability - DEBUG - Registered availability checker for walk: DistanceBasedAvailability
2026-09-25 16:47:22 - [ForkPoolWorker-1] models.mode_choice - INFO - Computing mode shares from survey data...
2026-09-25 16:47:22 - [ForkPoolWorker-1] models.mode_choice - DEBUG -   Survey weights (normalized): {'default': 1.0}
2026-09-25 16:47:22 - [ForkPoolWorker-1] models.mode_choice - DEBUG -   Computing rates for purposes: ['School', 'Other', 'Dining', 'Home', 'Work', 'Shopping', 'Social', 'all']
2026-09-25 16:47:22 - [ForkPoolWorker-1] models.mode_choice - DEBUG -   Mode rates for 'School': car=66.7%, school_bus=21.4%, walk=7.6%, bike=2.2%, bus=1.2%, other=0.4%, rail=0.4%, rideshare=0.1%
2026-09-25 16:47:22 - [ForkPoolWorker-1] models.mode_choice - DEBUG -   Mode rates for 'Other': car=88.0%, walk=4.5%, bus=2.8%, rideshare=1.7%, rail=1.2%, school_bus=0.9%, bike=0.6%, other=0.3%
2026-09-25 16:47:22 - [ForkPoolWorker-1] models.mode_choice - DEBUG -   Mode rates for 'Dining': car=90.4%, walk=7.3%, bike=0.7%, other=0.7%, rail=0.4%, bus=0.3%, rideshare=0.2%
2026-09-25 16:47:22 - [ForkPoolWorker-1] models.mode_choice - DEBUG -   Mode rates for 'Home': car=88.5%, walk=5.3%, school_bus=2.9%, bike=1.0%, bus=0.7%, rail=0.6%, rideshare=0.4%, other=0.4%
2026-09-25 16:47:22 - [ForkPoolWorker-1] models.mode_choice - DEBUG -   Mode rates for 'Work': car=93.0%, walk=2.6%, rail=1.2%, bus=1.1%, bike=0.8%, school_bus=0.5%, rideshare=0.4%, other=0.3%
2026-09-25 16:47:22 - [ForkPoolWorker-1] models.mode_choice - DEBUG -   Mode rates for 'Shopping': car=92.0%, walk=5.7%, school_bus=0.9%, bike=0.4%, bus=0.4%, rideshare=0.2%, rail=0.2%, other=0.2%
2026-09-25 16:47:22 - [ForkPoolWorker-1] models.mode_choice - DEBUG -   Mode rates for 'Social': car=73.7%, walk=19.7%, bike=3.4%, other=0.8%, rail=0.8%, bus=0.6%, school_bus=0.5%, rideshare=0.5%
2026-09-25 16:47:22 - [ForkPoolWorker-1] models.mode_choice - DEBUG -   Mode rates for 'all': car=87.3%, walk=6.6%, school_bus=2.7%, bike=1.1%, bus=0.8%, rail=0.6%, rideshare=0.4%, other=0.4%
2026-09-25 16:47:22 - [ForkPoolWorker-1] models.mode_choice - INFO - Computed mode rates for 8 purposes
2026-09-25 16:47:22 - [ForkPoolWorker-1] models.mode_choice - INFO -   Overall mode distribution: car=87.3%, walk=6.6%, school_bus=2.7%, bike=1.1%, bus=0.8%, rail=0.6%, rideshare=0.4%, other=0.4%
2026-09-25 16:47:22 - [ForkPoolWorker-1] models.mode_choice - INFO - ModeChoiceModel initialized with 3 modes: ['car', 'bus', 'walk']
2026-09-25 16:47:22 - [ForkPoolWorker-1] models.plan_generator - INFO - Worker ForkPoolWorker-1 completed: generated 4 plans
2026-09-25 16:47:22 - [ForkPoolWorker-12] models.plan_generator - INFO - Worker ForkPoolWorker-12 completed: generated 10039 plans
2026-09-25 16:47:22 - [ForkPoolWorker-21] models.plan_generator - INFO - Worker ForkPoolWorker-21 completed: generated 3761 plans
2026-09-25 16:47:24 - [ForkPoolWorker-22] models.plan_generator - INFO - Worker ForkPoolWorker-22 completed: generated 3672 plans
2026-09-25 16:47:24 - [ForkPoolWorker-20] models.plan_generator - INFO - Worker ForkPoolWorker-20 completed: generated 7222 plans
2026-09-25 16:47:25 - [ForkPoolWorker-24] models.plan_generator - INFO - Worker ForkPoolWorker-24 completed: generated 3905 plans
2026-09-25 16:47:26 - [ForkPoolWorker-25] models.plan_generator - INFO - Worker ForkPoolWorker-25 completed: generated 3531 plans
2026-09-25 16:47:27 - [ForkPoolWorker-26] models.plan_generator - INFO - Worker ForkPoolWorker-26 completed: generated 3758 plans
2026-09-25 16:47:28 - [ForkPoolWorker-23] models.plan_generator - INFO - Worker ForkPoolWorker-23 completed: generated 6280 plans
2026-09-25 16:47:28 - [ForkPoolWorker-27] models.plan_generator - INFO - Worker ForkPoolWorker-27 completed: generated 3676 plans
2026-09-25 16:47:31 - [ForkPoolWorker-29] models.plan_generator - INFO - Worker ForkPoolWorker-29 completed: generated 4956 plans
2026-09-25 16:47:34 - [ForkPoolWorker-28] models.plan_generator - INFO - Worker ForkPoolWorker-28 completed: generated 7971 plans
2026-09-25 16:47:37 - [ForkPoolWorker-30] models.plan_generator - INFO - Worker ForkPoolWorker-30 completed: generated 8777 plans
2026-09-25 16:47:38 - models.plan_generator - INFO - ======================================================================
2026-09-25 16:47:38 - models.plan_generator - INFO - GENERATION COMPLETE
2026-09-25 16:47:38 - models.plan_generator - INFO -   Plans requested: 138,011
2026-09-25 16:47:38 - models.plan_generator - INFO -   Plans generated: 138,011
2026-09-25 16:47:38 - models.plan_generator - INFO -   Failed plans: 0
2026-09-25 16:47:38 - models.plan_generator - INFO -   Success rate: 100.00%
2026-09-25 16:47:38 - models.plan_generator - INFO -   Chain retries: 7,990 / 149,311 attempts
2026-09-25 16:47:38 - models.plan_generator - INFO -     Too short: 0
2026-09-25 16:47:38 - models.plan_generator - INFO -     Bad structure (not Home-...-Home): 0
2026-09-25 16:47:38 - models.plan_generator - INFO -     Missing Work: 0
2026-09-25 16:47:38 - models.plan_generator - INFO -     Too many Work: 7,990
2026-09-25 16:47:38 - models.plan_generator - INFO -   POI retries: 87,849
2026-09-25 16:47:38 - models.plan_generator - INFO -   Time retries: 0
2026-09-25 16:47:38 - models.plan_generator - INFO -   Schedules built: 153,274
2026-09-25 16:47:38 - models.plan_generator - INFO -     Trimmed to fit 24h: 322 (0.21%)
2026-09-25 16:47:38 - models.plan_generator - INFO -     Dropped, over budget: 0 (0.00%)
2026-09-25 16:47:38 - models.plan_generator - INFO -     Resampled, over budget (over_budget=resample): 15,263
2026-09-25 16:47:38 - models.plan_generator - INFO -     Excess per trimmed schedule: mean 564.8 min, max 1752.9 min
2026-09-25 16:47:38 - models.plan_generator - INFO -     Minutes actually removed: 172,246 total, mean 534.9 min
2026-09-25 16:47:38 - models.plan_generator - INFO -   Experiment directory: /media/volume/Tareek-instance_vol-1/Tareek-work/Tareek/experiments/bham_stage2f_f1r
2026-09-25 16:47:38 - models.plan_generator - INFO -   Full logs saved to: /media/volume/Tareek-instance_vol-1/Tareek-work/Tareek/experiments/bham_stage2f_f1r/experiment_20260925_164407.log
2026-09-25 16:47:38 - models.plan_generator - INFO - ======================================================================
2026-09-25 16:47:38 - models.mode_choice - INFO - ==================================================
2026-09-25 16:47:38 - models.mode_choice - INFO - MODE CHOICE STATISTICS
2026-09-25 16:47:38 - models.mode_choice - INFO - ==================================================
2026-09-25 16:47:38 - models.mode_choice - INFO -   Total mode choices: 378287
2026-09-25 16:47:38 - models.mode_choice - INFO -   Fallback mode used: 0 times
2026-09-25 16:47:38 - models.mode_choice - INFO -   Chain retries: 0
2026-09-25 16:47:38 - models.mode_choice - INFO -   Mode distribution in generated plans:
2026-09-25 16:47:38 - models.mode_choice - INFO -     car: 92.6%
2026-09-25 16:47:38 - models.mode_choice - INFO -     walk: 6.7%
2026-09-25 16:47:38 - models.mode_choice - INFO -     bus: 0.7%
2026-09-25 16:47:38 - models.mode_choice - INFO - ==================================================
2026-09-25 16:47:38 - models.plan_generator - INFO - Plan generation complete!
2026-09-25 16:47:38 - models.plan_generator - INFO -   Generated: 138,011 plans (100.00% success rate)
2026-09-25 16:47:38 - models.plan_generator - INFO -   Failed: 0 plans
2026-09-25 16:47:38 - models.plan_generator - INFO -   Experiment directory: /media/volume/Tareek-instance_vol-1/Tareek-work/Tareek/experiments/bham_stage2f_f1r
2026-09-25 16:47:38 - models.plan_generator - INFO -   Detailed logs: /media/volume/Tareek-instance_vol-1/Tareek-work/Tareek/experiments/bham_stage2f_f1r/experiment_20260925_164407.log
2026-09-25 16:47:38 - __main__ - INFO - Generated 138,011 work plans
2026-09-25 16:47:38 - __main__ - INFO - 
2026-09-25 16:47:38 - __main__ - INFO - ------------------------------------------------------------
2026-09-25 16:47:38 - __main__ - INFO - LOADING SHARED DATA FOR NON-WORK PLANS
2026-09-25 16:47:38 - __main__ - INFO - ------------------------------------------------------------
2026-09-25 16:47:39 - models.home_locs_v2 - INFO - Loading home locations for 2 counties from config...
2026-09-25 16:47:41 - models.home_locs_v2 - INFO - Loaded 19,068 home location blocks for 2 counties
2026-09-25 16:47:41 - __main__ - INFO -   Loaded 19,068 home blocks (county-filtered)
2026-09-25 16:47:42 - models.poi_manager - INFO - Loaded 7,981 POIs across 6 activity types (county-filtered)
2026-09-25 16:47:42 - __main__ - INFO -   Loaded 7,981 POIs in 6 activity types (county-filtered)
2026-09-25 16:47:42 - __main__ - INFO -   Pre-computing POI-to-block mapping...
2026-09-25 16:47:42 - models.od_matrix_nonwork - INFO - Pre-computing POI-to-block mapping for ALL POIs...
2026-09-25 16:47:42 - models.od_matrix_nonwork - INFO -   Total POIs: 7,981
2026-09-25 16:47:42 - models.od_matrix_nonwork - INFO -   Blocks with coordinates: 19,068
2026-09-25 16:47:42 - models.od_matrix_nonwork - INFO -   Built KD-tree spatial index
2026-09-25 16:47:42 - models.od_matrix_nonwork - INFO -   POIs with valid coordinates: 7,981
2026-09-25 16:47:42 - models.od_matrix_nonwork - INFO -   Converting POI coordinates to EPSG:26916...
2026-09-25 16:47:43 - models.od_matrix_nonwork - INFO -   Finding nearest block for each POI...
2026-09-25 16:47:43 - models.od_matrix_nonwork - INFO -   POI-to-block mapping complete: 7,981 POIs mapped
2026-09-25 16:47:43 - __main__ - INFO -   POI-to-block mapping complete: 7,981 POIs mapped
2026-09-25 16:47:44 - data_sources.survey_manager - INFO - Survey data already exists for all 1 active source(s)
2026-09-25 16:47:44 - data_sources.survey_manager - INFO - Initialized survey source: nhts (year=2022)
2026-09-25 16:47:44 - data_sources.base_survey_trip - INFO - Loading survey data from DuckDB...
2026-09-25 16:47:46 - data_sources.base_survey_trip - INFO - Loaded 30462 records from DuckDB
2026-09-25 16:47:46 - data_sources.survey_manager - INFO - Survey 'nhts': kept 22,851/30,462 weekday trips (dropped 7,611)
2026-09-25 16:47:46 - data_sources.survey_manager - INFO - Loaded 22851 records for 'nhts'
2026-09-25 16:47:46 - data_sources.survey_manager - INFO - Survey 'nhts': kept 22,851/30,462 weekday trips (dropped 7,611)
2026-09-25 16:47:46 - data_sources.base_survey_trip - INFO - Processing persons and trips...
2026-09-25 16:47:54 - data_sources.base_survey_trip - INFO - Processed 7732 persons across 7732 person-days
2026-09-25 16:47:54 - data_sources.survey_manager - INFO - Processed 7732 persons for 'nhts'
2026-09-25 16:47:54 - __main__ - INFO -   Loaded 22,851 survey trips
2026-09-25 16:47:54 - __main__ - INFO -   Processed 7,732 persons
2026-09-25 16:47:54 - models.chains - INFO - Starting trip chain processing...
2026-09-25 16:47:57 - models.chains - INFO - Successfully processed 7732 trip chains
2026-09-25 16:47:57 - __main__ - INFO -   Processed 1,200 trip chains
2026-09-25 16:47:57 - __main__ - INFO -   Initializing shared time models...
2026-09-25 16:47:57 - models.time - INFO - Fitted models for 49 activity pairs
2026-09-25 16:47:57 - models.time - INFO - Mean trip durations: global=20.5min, per-pair=49 pairs
2026-09-25 16:47:57 - models.time - INFO - First-of-day departure KDEs: 21 pairs from 7732 first trips (of 22851 trips)
2026-09-25 16:48:00 - models.time - WARNING - FILTER: Rejected 2032 activity durations from survey (outside per-activity [min_minutes, max_minutes] bounds from config). Kept 13087 valid durations.
2026-09-25 16:48:00 - models.time - INFO - Extracted 13087 activity durations from survey
2026-09-25 16:48:00 - models.time - INFO -   Activity 'Dining': fitted survey KDE from 1321 samples (mean=49.0 min, std=42.1 min)
2026-09-25 16:48:00 - models.time - INFO -   Activity 'Home': fitted survey KDE from 1714 samples (mean=168.3 min, std=143.4 min)
2026-09-25 16:48:00 - models.time - INFO -   Activity 'Other': fitted survey KDE from 782 samples (mean=74.9 min, std=61.3 min)
2026-09-25 16:48:00 - models.time - INFO -   Activity 'School': fitted survey KDE from 1217 samples (mean=338.8 min, std=164.3 min)
2026-09-25 16:48:00 - models.time - INFO -   Activity 'Shopping': fitted survey KDE from 3979 samples (mean=39.6 min, std=42.3 min)
2026-09-25 16:48:00 - models.time - INFO -   Activity 'Social': fitted survey KDE from 1552 samples (mean=110.3 min, std=69.8 min)
2026-09-25 16:48:00 - models.time - INFO -   Activity 'Work': fitted survey KDE from 2522 samples (mean=359.9 min, std=188.6 min)
2026-09-25 16:48:00 - models.time - INFO - Fitted 7 survey KDE models for activity types
2026-09-25 16:48:00 - models.time - INFO -   Activity 'Dining' bin 'afternoon': fitted binned KDE from 426 samples (mean=48.8 min, std=43.9 min)
2026-09-25 16:48:00 - models.time - INFO -   Activity 'Dining' bin 'evening': fitted binned KDE from 330 samples (mean=54.3 min, std=44.3 min)
2026-09-25 16:48:00 - models.time - INFO -   Activity 'Dining' bin 'midday': fitted binned KDE from 439 samples (mean=47.3 min, std=39.3 min)
2026-09-25 16:48:00 - models.time - INFO -   Activity 'Dining' bin 'morning': fitted binned KDE from 126 samples (mean=41.0 min, std=37.1 min)
2026-09-25 16:48:00 - models.time - INFO -   Activity 'Home' bin 'afternoon': fitted binned KDE from 681 samples (mean=105.8 min, std=77.7 min)
2026-09-25 16:48:00 - models.time - INFO -   Activity 'Home' bin 'evening': fitted binned KDE from 106 samples (mean=70.0 min, std=60.0 min)
2026-09-25 16:48:00 - models.time - INFO -   Activity 'Home' bin 'midday': fitted binned KDE from 561 samples (mean=186.2 min, std=132.6 min)
2026-09-25 16:48:00 - models.time - INFO -   Activity 'Home' bin 'morning': fitted binned KDE from 366 samples (mean=285.7 min, std=181.1 min)
2026-09-25 16:48:00 - models.time - INFO -   Activity 'Other' bin 'afternoon': fitted binned KDE from 187 samples (mean=65.4 min, std=59.0 min)
2026-09-25 16:48:00 - models.time - INFO -   Activity 'Other' bin 'evening': fitted binned KDE from 32 samples (mean=78.3 min, std=67.5 min)
2026-09-25 16:48:00 - models.time - INFO -   Activity 'Other' bin 'midday': fitted binned KDE from 343 samples (mean=75.5 min, std=59.7 min)
2026-09-25 16:48:00 - models.time - INFO -   Activity 'Other' bin 'morning': fitted binned KDE from 220 samples (mean=81.6 min, std=63.6 min)
2026-09-25 16:48:00 - models.time - INFO -   Activity 'School' bin 'afternoon': fitted binned KDE from 89 samples (mean=104.5 min, std=100.0 min)
2026-09-25 16:48:00 - models.time - INFO -   Activity 'School' bin 'evening': fitted binned KDE from 81 samples (mean=103.2 min, std=45.8 min)
2026-09-25 16:48:00 - models.time - INFO -   Activity 'School' bin 'midday': fitted binned KDE from 108 samples (mean=151.4 min, std=127.5 min)
2026-09-25 16:48:00 - models.time - INFO -   Activity 'School' bin 'morning': fitted binned KDE from 939 samples (mean=402.9 min, std=117.8 min)
2026-09-25 16:48:00 - models.time - INFO -   Activity 'Shopping' bin 'afternoon': fitted binned KDE from 1486 samples (mean=34.7 min, std=34.1 min)
2026-09-25 16:48:00 - models.time - INFO -   Activity 'Shopping' bin 'evening': fitted binned KDE from 390 samples (mean=29.9 min, std=30.9 min)
2026-09-25 16:48:00 - models.time - INFO -   Activity 'Shopping' bin 'midday': fitted binned KDE from 1541 samples (mean=46.4 min, std=48.4 min)
2026-09-25 16:48:00 - models.time - INFO -   Activity 'Shopping' bin 'morning': fitted binned KDE from 562 samples (mean=40.4 min, std=47.5 min)
2026-09-25 16:48:00 - models.time - INFO -   Activity 'Social' bin 'afternoon': fitted binned KDE from 565 samples (mean=110.7 min, std=71.0 min)
2026-09-25 16:48:00 - models.time - INFO -   Activity 'Social' bin 'evening': fitted binned KDE from 310 samples (mean=116.7 min, std=64.4 min)
2026-09-25 16:48:00 - models.time - INFO -   Activity 'Social' bin 'midday': fitted binned KDE from 397 samples (mean=112.2 min, std=74.0 min)
2026-09-25 16:48:00 - models.time - INFO -   Activity 'Social' bin 'morning': fitted binned KDE from 280 samples (mean=99.6 min, std=65.4 min)
2026-09-25 16:48:00 - models.time - INFO -   Activity 'Work' bin 'afternoon': fitted binned KDE from 243 samples (mean=175.6 min, std=154.2 min)
2026-09-25 16:48:00 - models.time - INFO -   Activity 'Work' bin 'evening': fitted binned KDE from 44 samples (mean=103.4 min, std=74.3 min)
2026-09-25 16:48:00 - models.time - INFO -   Activity 'Work' bin 'midday': fitted binned KDE from 519 samples (mean=226.5 min, std=161.1 min)
2026-09-25 16:48:00 - models.time - INFO -   Activity 'Work' bin 'morning': fitted binned KDE from 1716 samples (mean=432.9 min, std=153.9 min)
2026-09-25 16:48:00 - models.time - INFO - Fitted 28 arrival-time-binned KDE models
2026-09-25 16:48:00 - __main__ - INFO -   Time models initialized
2026-09-25 16:48:00 - __main__ - INFO -   Building shared POI spatial index...
2026-09-25 16:48:01 - __main__ - INFO -   POI spatial index built: 6 activity types, 7,981 POIs
2026-09-25 16:48:01 - __main__ - INFO - ------------------------------------------------------------
2026-09-25 16:48:01 - models.plan_generator - INFO -   Serialized GTFS stop data for workers: bus=2610 stops
2026-09-25 16:48:01 - __main__ - INFO - Sharing GTFS stop data with non-work generators
2026-09-25 16:48:01 - __main__ - INFO - Population stats: 893,851 total (387,999 employees, 505,852 non-employees)
2026-09-25 16:48:01 - __main__ - INFO - ------------------------------------------------------------
2026-09-25 16:48:01 - __main__ - INFO - GENERATING SHOPPING PLANS
2026-09-25 16:48:01 - __main__ - INFO - ------------------------------------------------------------
2026-09-25 16:48:01 - models.plan_generator_nonwork - INFO - Initialized NonWorkPlanGenerator for Shopping
2026-09-25 16:48:01 - utils.coordinates - INFO - Initialized coordinate converter: EPSG:4326 <-> EPSG:26916
2026-09-25 16:48:01 - models.plan_generator_nonwork - INFO -   Coordinate system: WGS84 -> EPSG:26916
2026-09-25 16:48:01 - models.plan_generator_nonwork - INFO - Using pre-loaded shared data...
2026-09-25 16:48:01 - models.plan_generator_nonwork - INFO -   Using 19,068 home blocks (pre-loaded)
2026-09-25 16:48:01 - models.plan_generator_nonwork - INFO -   Using 7,981 POIs (pre-loaded)
2026-09-25 16:48:01 - models.plan_generator_nonwork - INFO -   Using 22,851 survey trips (pre-loaded)
2026-09-25 16:48:01 - models.plan_generator_nonwork - INFO -   Using 7,732 persons (pre-loaded)
2026-09-25 16:48:01 - models.plan_generator_nonwork - INFO -   Using 1,200 trip chains (pre-loaded)
2026-09-25 16:48:01 - models.plan_generator_nonwork - INFO -   Using 7,981 POI-to-block mappings (pre-computed)
2026-09-25 16:48:01 - models.plan_generator_nonwork - INFO -   Using shared trip duration model (pre-initialized)
2026-09-25 16:48:01 - models.plan_generator_nonwork - INFO -   Using shared activity duration model (pre-initialized)
2026-09-25 16:48:01 - models.plan_generator_nonwork - INFO -   Using shared POI spatial index (pre-built)
2026-09-25 16:48:01 - models.plan_generator_nonwork - INFO - Initializing time models...
2026-09-25 16:48:01 - models.plan_generator_nonwork - INFO -   Using shared trip duration model
2026-09-25 16:48:01 - models.plan_generator_nonwork - INFO -   Using shared activity duration model
2026-09-25 16:48:01 - models.plan_generator_nonwork - INFO -   Time models initialized
2026-09-25 16:48:01 - models.plan_generator_nonwork - INFO -   Average trip duration: 20.3 minutes
2026-09-25 16:48:01 - models.plan_generator_nonwork - INFO - Initializing POI components...
2026-09-25 16:48:01 - models.plan_generator_nonwork - INFO -   Using shared POI spatial index: 6 activity types, 7,981 POIs
2026-09-25 16:48:01 - models.plan_generator_nonwork - INFO -   POI weighting enabled: True
2026-09-25 16:48:01 - models.plan_generator_nonwork - INFO - Initializing chain model...
2026-09-25 16:48:01 - models.plan_generator_nonwork - INFO -   Filtered 575 chains containing Shopping
2026-09-25 16:48:01 - models.plan_generator_nonwork - INFO -   Chain model initialized with 575 chains (length dist from 1200 unfiltered)
2026-09-25 16:48:01 - models.plan_generator_nonwork - INFO - Initializing GTFS transit availability...
2026-09-25 16:48:01 - models.plan_generator_nonwork - INFO -   GTFS availability rebuilt from shared data: bus=2610 stops
2026-09-25 16:48:01 - models.plan_generator_nonwork - INFO - Initializing mode choice model...
2026-09-25 16:48:01 - models.mode_choice - INFO - Computing mode shares from survey data...
2026-09-25 16:48:01 - models.mode_choice - INFO - Computed mode rates for 8 purposes
2026-09-25 16:48:01 - models.mode_choice - INFO -   Overall mode distribution: car=87.3%, walk=6.6%, school_bus=2.7%, bike=1.1%, bus=0.8%, rail=0.6%, rideshare=0.4%, other=0.4%
2026-09-25 16:48:01 - models.mode_choice - INFO - ModeChoiceModel initialized with 3 modes: ['car', 'bus', 'walk']
2026-09-25 16:48:01 - models.plan_generator_nonwork - INFO - Creating Shopping OD matrix...
2026-09-25 16:48:01 - models.plan_generator_nonwork - INFO -   Using pre-computed POI-to-block mapping
2026-09-25 16:48:01 - models.od_matrix_nonwork - INFO - ======================================================================
2026-09-25 16:48:01 - models.od_matrix_nonwork - INFO - CREATING NON-WORK OD MATRIX - SHOPPING
2026-09-25 16:48:01 - models.od_matrix_nonwork - INFO - ======================================================================
2026-09-25 16:48:01 - models.od_matrix_nonwork - INFO - Configuration:
2026-09-25 16:48:01 - models.od_matrix_nonwork - INFO -   Beta (distance decay): 2
2026-09-25 16:48:01 - models.od_matrix_nonwork - INFO -   Alpha (survey weight): 0.1
2026-09-25 16:48:01 - models.od_matrix_nonwork - INFO -   Distance mode: cosine_km
2026-09-25 16:48:01 - models.od_matrix_nonwork - INFO - Calculating POI density for Shopping...
2026-09-25 16:48:01 - models.od_matrix_nonwork - INFO -   Total POIs to process: 7,981
2026-09-25 16:48:01 - models.od_matrix_nonwork - INFO -   Filtered to 542 Shopping POIs
2026-09-25 16:48:01 - models.od_matrix_nonwork - INFO -   Using pre-computed POI-to-block mapping (fast path)
2026-09-25 16:48:01 - models.od_matrix_nonwork - INFO -   POI assignment complete:
2026-09-25 16:48:01 - models.od_matrix_nonwork - INFO -     Blocks with POIs: 315
2026-09-25 16:48:01 - models.od_matrix_nonwork - INFO -     Total POIs assigned: 542
2026-09-25 16:48:01 - models.od_matrix_nonwork - INFO -     Avg POIs per block (non-zero): 1.7
2026-09-25 16:48:01 - models.od_matrix_nonwork - INFO - Creating survey OD matrix for Shopping...
2026-09-25 16:48:01 - models.od_matrix_nonwork - INFO -   Filtered to 5,096 trips (from 22,851 total)
2026-09-25 16:48:01 - models.od_matrix_nonwork - INFO -   Survey OD matrix created: (1, 1)
2026-09-25 16:48:01 - models.od_matrix_nonwork - INFO -   Total trips in survey matrix: 5,096
2026-09-25 16:48:01 - models.od_matrix_nonwork - INFO - ======================================================================
2026-09-25 16:48:01 - models.od_matrix_nonwork - INFO - SINGLY-CONSTRAINED GRAVITY MODEL - SHOPPING
2026-09-25 16:48:01 - models.od_matrix_nonwork - INFO - ======================================================================
2026-09-25 16:48:01 - models.od_matrix_nonwork - INFO - Survey trip rate calculation:
2026-09-25 16:48:01 - models.od_matrix_nonwork - INFO -   Purpose trips: 5,096
2026-09-25 16:48:01 - models.od_matrix_nonwork - INFO -   Total survey records: 22,851
2026-09-25 16:48:01 - models.od_matrix_nonwork - INFO -   Calculated trip rate: 22.30%
2026-09-25 16:48:01 - models.od_matrix_nonwork - INFO - 
2026-09-25 16:48:01 - models.od_matrix_nonwork - INFO - Trip Generation Rate Calculation:
2026-09-25 16:48:01 - models.od_matrix_nonwork - INFO -   Survey rate: 22.30%
2026-09-25 16:48:01 - models.od_matrix_nonwork - INFO -   Config rate: 25.00%
2026-09-25 16:48:01 - models.od_matrix_nonwork - INFO -   Blend weight: 0.70 (0=survey only, 1=config only)
2026-09-25 16:48:01 - models.od_matrix_nonwork - INFO -   Final trip rate: 24.19%
2026-09-25 16:48:01 - models.od_matrix_nonwork - INFO - 
2026-09-25 16:48:01 - models.od_matrix_nonwork - INFO -   Pre-aggregated 19,068 blocks -> 719 block_groups (home)
2026-09-25 16:48:01 - models.od_matrix_nonwork - INFO -   Pre-aggregated POI blocks -> 187 block_groups with POIs
2026-09-25 16:48:01 - models.od_matrix_nonwork - INFO - Number of home block_groups: 719
2026-09-25 16:48:01 - models.od_matrix_nonwork - INFO - Number of destination block_groups (with POIs): 187
2026-09-25 16:48:01 - models.od_matrix_nonwork - INFO - Distance decay beta: 2
2026-09-25 16:48:01 - models.od_matrix_nonwork - INFO - Total non-employees (base): 505,852
2026-09-25 16:48:01 - models.od_matrix_nonwork - INFO - Total travelers (after trip rate): 122,367
2026-09-25 16:48:01 - models.od_matrix_nonwork - INFO - Total POIs (destination): 542
2026-09-25 16:48:01 - models.od_matrix_nonwork - INFO - Extracting coordinates...
2026-09-25 16:48:01 - models.od_matrix_nonwork - INFO - Calculating distances and friction factors (mode: cosine_km)...
2026-09-25 16:48:01 - models.od_matrix_v3 - INFO -   Intrazonal distance set from zone area on 187 diagonal cells (factor 0.5): median 0 m -> 448 m
2026-09-25 16:48:01 - models.od_matrix_nonwork - INFO -   Distances in km: median 21.31, min 0.056, max 87.0
2026-09-25 16:48:01 - models.od_matrix_nonwork - INFO - Initial gravity model total trips: 122,367
2026-09-25 16:48:01 - models.od_matrix_nonwork - INFO - 
Running IPF iterations (max 50)...
2026-09-25 16:48:01 - models.od_matrix_nonwork - INFO -   Iteration 1: Max relative difference = 4.20e-16
2026-09-25 16:48:01 - models.od_matrix_nonwork - INFO - Converged after 1 iterations
2026-09-25 16:48:01 - models.od_matrix_nonwork - INFO - ======================================================================
2026-09-25 16:48:01 - models.od_matrix_nonwork - INFO - VERIFICATION
2026-09-25 16:48:01 - models.od_matrix_nonwork - INFO - ======================================================================
2026-09-25 16:48:01 - models.od_matrix_nonwork - INFO - Origin total: 122,367 | Matrix row sum: 122,367
2026-09-25 16:48:01 - models.od_matrix_nonwork - INFO - Max row constraint error: 1.14e-13
2026-09-25 16:48:01 - models.od_matrix_nonwork - INFO - Total trips in gravity model: 122,367
2026-09-25 16:48:01 - models.od_matrix_nonwork - INFO - 
2026-09-25 16:48:01 - models.od_matrix_nonwork - INFO -   Gravity model (block-group level): (719, 187)
2026-09-25 16:48:01 - models.od_matrix_nonwork - INFO -   Survey matrix: (1, 1)
2026-09-25 16:48:01 - models.od_matrix_nonwork - INFO - 
Combining survey and gravity models...
2026-09-25 16:48:01 - models.od_matrix_v3 - INFO - ======================================================================
2026-09-25 16:48:01 - models.od_matrix_v3 - INFO - COMBINING OD MATRICES
2026-09-25 16:48:01 - models.od_matrix_v3 - INFO - ======================================================================
2026-09-25 16:48:01 - models.od_matrix_v3 - INFO - Survey matrix shape: (1, 1)
2026-09-25 16:48:01 - models.od_matrix_v3 - INFO - Local matrix shape: (719, 187)
2026-09-25 16:48:01 - models.od_matrix_v3 - INFO - Alpha (survey weight): 0.10
2026-09-25 16:48:01 - models.od_matrix_v3 - INFO - Local weight: 0.90
2026-09-25 16:48:01 - models.od_matrix_v3 - INFO - Aligning survey to local matrix structure...
2026-09-25 16:48:01 - models.od_matrix_v3 - INFO - Combining matrices (alpha blend where survey exists, local only where survey is empty)...
2026-09-25 16:48:01 - models.od_matrix_v3 - INFO - No scaling target specified. Using local matrix total: 122,367
2026-09-25 16:48:01 - models.od_matrix_v3 - INFO - Matrix total before scaling: 122,367
2026-09-25 16:48:01 - models.od_matrix_v3 - INFO - Scale factor: 0.999999
2026-09-25 16:48:01 - models.od_matrix_v3 - INFO - Applying robust rounding to guarantee target total...
2026-09-25 16:48:01 - models.od_matrix_v3 - INFO - Total after flooring: 93,289
2026-09-25 16:48:01 - models.od_matrix_v3 - INFO - Remainder to distribute: 29,078
2026-09-25 16:48:01 - models.od_matrix_v3 - INFO - ======================================================================
2026-09-25 16:48:01 - models.od_matrix_v3 - INFO - VERIFICATION
2026-09-25 16:48:01 - models.od_matrix_v3 - INFO - ======================================================================
2026-09-25 16:48:01 - models.od_matrix_v3 - INFO - Survey total trips: 5,096
2026-09-25 16:48:01 - models.od_matrix_v3 - INFO - Local total trips: 122,367
2026-09-25 16:48:01 - models.od_matrix_v3 - INFO - Combined total trips (before scaling): 122,367
2026-09-25 16:48:01 - models.od_matrix_v3 - INFO - Combined total trips (after scaling & rounding): 122,367
2026-09-25 16:48:01 - models.od_matrix_v3 - INFO - Target total: 122,367
2026-09-25 16:48:01 - models.od_matrix_v3 - INFO - Difference: 0
2026-09-25 16:48:01 - models.od_matrix_v3 - INFO - Combined matrix shape: (719, 187)
2026-09-25 16:48:01 - models.od_matrix_nonwork - INFO - 
Applied nonwork_trip_share: 80.00%
2026-09-25 16:48:01 - models.od_matrix_nonwork - INFO -   Trips before scaling: 122,367
2026-09-25 16:48:01 - models.od_matrix_nonwork - INFO -   Trips after scaling: 97,894
2026-09-25 16:48:01 - models.od_matrix_nonwork - INFO - ======================================================================
2026-09-25 16:48:01 - models.od_matrix_nonwork - INFO - NONWORK OD MATRIX CREATION COMPLETE - SHOPPING
2026-09-25 16:48:01 - models.od_matrix_nonwork - INFO - ======================================================================
2026-09-25 16:48:01 - models.plan_generator_nonwork - INFO -   OD matrix shape: (719, 187)
2026-09-25 16:48:01 - models.plan_generator_nonwork - INFO -   Unscaled total trips: 97,894
2026-09-25 16:48:01 - models.plan_generator_nonwork - INFO -   Scaling factor: 0.25
2026-09-25 16:48:01 - models.plan_generator_nonwork - INFO -   Scaled total trips: 24,444
2026-09-25 16:48:01 - models.plan_generator_nonwork - INFO - NonWorkPlanGenerator initialization complete
2026-09-25 16:48:01 - models.plan_generator_nonwork - INFO - ============================================================
2026-09-25 16:48:01 - models.plan_generator_nonwork - INFO - SHOPPING PLAN GENERATION
2026-09-25 16:48:01 - models.plan_generator_nonwork - INFO - ============================================================
2026-09-25 16:48:01 - models.plan_generator_nonwork - INFO -   Population base (non-employees in region): 505,852
2026-09-25 16:48:01 - models.plan_generator_nonwork - INFO -   Unscaled Shopping trips: 97,894
2026-09-25 16:48:01 - models.plan_generator_nonwork - INFO -   Scaling factor: 0.25
2026-09-25 16:48:01 - models.plan_generator_nonwork - INFO -   Scaled Shopping trips: 24,444
2026-09-25 16:48:01 - models.plan_generator_nonwork - INFO -   Expected scaled trips: 24,473
2026-09-25 16:48:01 - models.plan_generator_nonwork - INFO -   Scaling accuracy: 99.9%
2026-09-25 16:48:01 - models.plan_generator_nonwork - INFO - 
2026-09-25 16:48:01 - models.plan_generator_nonwork - INFO - Generating all Shopping plans using multiprocessing...
2026-09-25 16:48:01 - models.plan_generator_nonwork - INFO -   Using all 24,444 trips from scaled OD matrix
2026-09-25 16:48:01 - models.plan_generator_nonwork - INFO - Using 30 processes for Shopping plan generation
2026-09-25 16:48:01 - models.plan_generator_nonwork - INFO - Pre-loading data for Shopping multiprocessing...
2026-09-25 16:48:01 - models.plan_generator_nonwork - INFO -   Serialized GTFS stop data for workers: bus=2610 stops
2026-09-25 16:48:01 - models.plan_generator_nonwork - INFO -   Prepared shared data with 19,068 home blocks
2026-09-25 16:48:01 - models.plan_generator_nonwork - INFO -   POI categories: 6
2026-09-25 16:48:01 - models.plan_generator_nonwork - INFO -   Chain patterns: 575
2026-09-25 16:48:01 - models.plan_generator_nonwork - INFO - Split 13493 OD pairs into 31 chunks
2026-09-25 16:48:42 - models.plan_generator_nonwork - INFO - 
2026-09-25 16:48:42 - models.plan_generator_nonwork - INFO - Shopping GENERATION COMPLETE
2026-09-25 16:48:42 - models.plan_generator_nonwork - INFO -   Plans generated: 24,444
2026-09-25 16:48:42 - models.plan_generator_nonwork - INFO -   Failed plans: 0
2026-09-25 16:48:42 - models.plan_generator_nonwork - INFO -   Chain retries: 1,105 / 25,716 attempts
2026-09-25 16:48:42 - models.plan_generator_nonwork - INFO -     Too short: 1,105
2026-09-25 16:48:42 - models.plan_generator_nonwork - INFO -     Bad structure (not Home-...-Home): 0
2026-09-25 16:48:42 - models.plan_generator_nonwork - INFO -     Missing purpose: 0
2026-09-25 16:48:42 - models.plan_generator_nonwork - INFO -     Contains Work: 0
2026-09-25 16:48:42 - models.plan_generator_nonwork - INFO -   POI retries: 8,193
2026-09-25 16:48:42 - models.plan_generator_nonwork - INFO -   Time retries: 1
2026-09-25 16:48:42 - models.plan_generator_nonwork - INFO -   Schedules built: 27,318
2026-09-25 16:48:42 - models.plan_generator_nonwork - INFO -     Trimmed to fit 24h: 62 (0.23%)
2026-09-25 16:48:42 - models.plan_generator_nonwork - INFO -     Dropped, over budget: 1 (0.00%)
2026-09-25 16:48:42 - models.plan_generator_nonwork - INFO -     Resampled, over budget (over_budget=resample): 2,873
2026-09-25 16:48:42 - models.plan_generator_nonwork - INFO -     Excess per trimmed schedule: mean 544.0 min, max 1072.9 min
2026-09-25 16:48:42 - models.plan_generator_nonwork - INFO -     Minutes actually removed: 32,848 total, mean 529.8 min
2026-09-25 16:48:42 - models.plan_generator_nonwork - INFO - ============================================================
2026-09-25 16:48:42 - models.mode_choice - INFO - ==================================================
2026-09-25 16:48:42 - models.mode_choice - INFO - MODE CHOICE STATISTICS
2026-09-25 16:48:42 - models.mode_choice - INFO - ==================================================
2026-09-25 16:48:42 - models.mode_choice - INFO -   Total mode choices: 85950
2026-09-25 16:48:42 - models.mode_choice - INFO -   Fallback mode used: 0 times
2026-09-25 16:48:42 - models.mode_choice - INFO -   Chain retries: 0
2026-09-25 16:48:42 - models.mode_choice - INFO -   Mode distribution in generated plans:
2026-09-25 16:48:42 - models.mode_choice - INFO -     car: 92.1%
2026-09-25 16:48:42 - models.mode_choice - INFO -     walk: 6.3%
2026-09-25 16:48:42 - models.mode_choice - INFO -     bus: 1.6%
2026-09-25 16:48:42 - models.mode_choice - INFO - ==================================================
2026-09-25 16:48:42 - __main__ - INFO - Generated 24,444 Shopping plans
2026-09-25 16:48:42 - __main__ - INFO - 
2026-09-25 16:48:42 - __main__ - INFO - ------------------------------------------------------------
2026-09-25 16:48:42 - __main__ - INFO - GENERATING SCHOOL PLANS
2026-09-25 16:48:42 - __main__ - INFO - ------------------------------------------------------------
2026-09-25 16:48:42 - models.plan_generator_nonwork - INFO - Initialized NonWorkPlanGenerator for School
2026-09-25 16:48:42 - utils.coordinates - INFO - Initialized coordinate converter: EPSG:4326 <-> EPSG:26916
2026-09-25 16:48:42 - models.plan_generator_nonwork - INFO -   Coordinate system: WGS84 -> EPSG:26916
2026-09-25 16:48:42 - models.plan_generator_nonwork - INFO - Using pre-loaded shared data...
2026-09-25 16:48:42 - models.plan_generator_nonwork - INFO -   Using 19,068 home blocks (pre-loaded)
2026-09-25 16:48:42 - models.plan_generator_nonwork - INFO -   Using 7,981 POIs (pre-loaded)
2026-09-25 16:48:42 - models.plan_generator_nonwork - INFO -   Using 22,851 survey trips (pre-loaded)
2026-09-25 16:48:42 - models.plan_generator_nonwork - INFO -   Using 7,732 persons (pre-loaded)
2026-09-25 16:48:42 - models.plan_generator_nonwork - INFO -   Using 1,200 trip chains (pre-loaded)
2026-09-25 16:48:42 - models.plan_generator_nonwork - INFO -   Using 7,981 POI-to-block mappings (pre-computed)
2026-09-25 16:48:42 - models.plan_generator_nonwork - INFO -   Using shared trip duration model (pre-initialized)
2026-09-25 16:48:42 - models.plan_generator_nonwork - INFO -   Using shared activity duration model (pre-initialized)
2026-09-25 16:48:42 - models.plan_generator_nonwork - INFO -   Using shared POI spatial index (pre-built)
2026-09-25 16:48:42 - models.plan_generator_nonwork - INFO - Initializing time models...
2026-09-25 16:48:42 - models.plan_generator_nonwork - INFO -   Using shared trip duration model
2026-09-25 16:48:42 - models.plan_generator_nonwork - INFO -   Using shared activity duration model
2026-09-25 16:48:42 - models.plan_generator_nonwork - INFO -   Time models initialized
2026-09-25 16:48:42 - models.plan_generator_nonwork - INFO -   Average trip duration: 20.3 minutes
2026-09-25 16:48:42 - models.plan_generator_nonwork - INFO - Initializing POI components...
2026-09-25 16:48:42 - models.plan_generator_nonwork - INFO -   Using shared POI spatial index: 6 activity types, 7,981 POIs
2026-09-25 16:48:42 - models.plan_generator_nonwork - INFO -   POI weighting enabled: True
2026-09-25 16:48:42 - models.plan_generator_nonwork - INFO - Initializing chain model...
2026-09-25 16:48:42 - models.plan_generator_nonwork - INFO -   Filtered 175 chains containing School
2026-09-25 16:48:42 - models.plan_generator_nonwork - INFO -   Chain model initialized with 175 chains (length dist from 1200 unfiltered)
2026-09-25 16:48:42 - models.plan_generator_nonwork - INFO - Initializing GTFS transit availability...
2026-09-25 16:48:42 - models.plan_generator_nonwork - INFO -   GTFS availability rebuilt from shared data: bus=2610 stops
2026-09-25 16:48:42 - models.plan_generator_nonwork - INFO - Initializing mode choice model...
2026-09-25 16:48:42 - models.mode_choice - INFO - Computing mode shares from survey data...
2026-09-25 16:48:42 - models.mode_choice - INFO - Computed mode rates for 8 purposes
2026-09-25 16:48:42 - models.mode_choice - INFO -   Overall mode distribution: car=87.3%, walk=6.6%, school_bus=2.7%, bike=1.1%, bus=0.8%, rail=0.6%, rideshare=0.4%, other=0.4%
2026-09-25 16:48:42 - models.mode_choice - INFO - ModeChoiceModel initialized with 3 modes: ['car', 'bus', 'walk']
2026-09-25 16:48:42 - models.plan_generator_nonwork - INFO - Creating School OD matrix...
2026-09-25 16:48:42 - models.plan_generator_nonwork - INFO -   Using pre-computed POI-to-block mapping
2026-09-25 16:48:42 - models.od_matrix_nonwork - INFO - ======================================================================
2026-09-25 16:48:42 - models.od_matrix_nonwork - INFO - CREATING NON-WORK OD MATRIX - SCHOOL
2026-09-25 16:48:42 - models.od_matrix_nonwork - INFO - ======================================================================
2026-09-25 16:48:42 - models.od_matrix_nonwork - INFO - Configuration:
2026-09-25 16:48:42 - models.od_matrix_nonwork - INFO -   Beta (distance decay): 1.8
2026-09-25 16:48:42 - models.od_matrix_nonwork - INFO -   Alpha (survey weight): 0.1
2026-09-25 16:48:42 - models.od_matrix_nonwork - INFO -   Distance mode: cosine_km
2026-09-25 16:48:42 - models.od_matrix_nonwork - INFO - Calculating POI density for School...
2026-09-25 16:48:42 - models.od_matrix_nonwork - INFO -   Total POIs to process: 7,981
2026-09-25 16:48:42 - models.od_matrix_nonwork - INFO -   Filtered to 579 School POIs
2026-09-25 16:48:42 - models.od_matrix_nonwork - INFO -   Using pre-computed POI-to-block mapping (fast path)
2026-09-25 16:48:42 - models.od_matrix_nonwork - INFO -   POI assignment complete:
2026-09-25 16:48:42 - models.od_matrix_nonwork - INFO -     Blocks with POIs: 369
2026-09-25 16:48:42 - models.od_matrix_nonwork - INFO -     Total POIs assigned: 579
2026-09-25 16:48:42 - models.od_matrix_nonwork - INFO -     Avg POIs per block (non-zero): 1.6
2026-09-25 16:48:42 - models.od_matrix_nonwork - INFO - Creating survey OD matrix for School...
2026-09-25 16:48:42 - models.od_matrix_nonwork - INFO -   Filtered to 1,338 trips (from 22,851 total)
2026-09-25 16:48:42 - models.od_matrix_nonwork - INFO -   Survey OD matrix created: (1, 1)
2026-09-25 16:48:42 - models.od_matrix_nonwork - INFO -   Total trips in survey matrix: 1,338
2026-09-25 16:48:42 - models.od_matrix_nonwork - INFO - ======================================================================
2026-09-25 16:48:42 - models.od_matrix_nonwork - INFO - SINGLY-CONSTRAINED GRAVITY MODEL - SCHOOL
2026-09-25 16:48:42 - models.od_matrix_nonwork - INFO - ======================================================================
2026-09-25 16:48:42 - models.od_matrix_nonwork - INFO - Survey trip rate calculation:
2026-09-25 16:48:42 - models.od_matrix_nonwork - INFO -   Purpose trips: 1,338
2026-09-25 16:48:42 - models.od_matrix_nonwork - INFO -   Total survey records: 22,851
2026-09-25 16:48:42 - models.od_matrix_nonwork - INFO -   Calculated trip rate: 5.86%
2026-09-25 16:48:42 - models.od_matrix_nonwork - INFO - 
2026-09-25 16:48:42 - models.od_matrix_nonwork - INFO - Trip Generation Rate Calculation:
2026-09-25 16:48:42 - models.od_matrix_nonwork - INFO -   Survey rate: 5.86%
2026-09-25 16:48:42 - models.od_matrix_nonwork - INFO -   Config rate: 25.00%
2026-09-25 16:48:42 - models.od_matrix_nonwork - INFO -   Blend weight: 0.70 (0=survey only, 1=config only)
2026-09-25 16:48:42 - models.od_matrix_nonwork - INFO -   Final trip rate: 19.26%
2026-09-25 16:48:42 - models.od_matrix_nonwork - INFO - 
2026-09-25 16:48:42 - models.od_matrix_nonwork - INFO -   Pre-aggregated 19,068 blocks -> 719 block_groups (home)
2026-09-25 16:48:42 - models.od_matrix_nonwork - INFO -   Pre-aggregated POI blocks -> 262 block_groups with POIs
2026-09-25 16:48:42 - models.od_matrix_nonwork - INFO - Number of home block_groups: 719
2026-09-25 16:48:42 - models.od_matrix_nonwork - INFO - Number of destination block_groups (with POIs): 262
2026-09-25 16:48:42 - models.od_matrix_nonwork - INFO - Distance decay beta: 1.8
2026-09-25 16:48:42 - models.od_matrix_nonwork - INFO - Total non-employees (base): 505,852
2026-09-25 16:48:42 - models.od_matrix_nonwork - INFO - Total travelers (after trip rate): 97,410
2026-09-25 16:48:42 - models.od_matrix_nonwork - INFO - Total POIs (destination): 579
2026-09-25 16:48:42 - models.od_matrix_nonwork - INFO - Extracting coordinates...
2026-09-25 16:48:42 - models.od_matrix_nonwork - INFO - Calculating distances and friction factors (mode: cosine_km)...
2026-09-25 16:48:42 - models.od_matrix_v3 - INFO -   Intrazonal distance set from zone area on 262 diagonal cells (factor 0.5): median 0 m -> 411 m
2026-09-25 16:48:42 - models.od_matrix_nonwork - INFO -   Distances in km: median 20.63, min 0.057, max 90.5
2026-09-25 16:48:42 - models.od_matrix_nonwork - INFO - Initial gravity model total trips: 97,410
2026-09-25 16:48:42 - models.od_matrix_nonwork - INFO - 
Running IPF iterations (max 50)...
2026-09-25 16:48:42 - models.od_matrix_nonwork - INFO -   Iteration 1: Max relative difference = 4.25e-16
2026-09-25 16:48:42 - models.od_matrix_nonwork - INFO - Converged after 1 iterations
2026-09-25 16:48:42 - models.od_matrix_nonwork - INFO - ======================================================================
2026-09-25 16:48:42 - models.od_matrix_nonwork - INFO - VERIFICATION
2026-09-25 16:48:42 - models.od_matrix_nonwork - INFO - ======================================================================
2026-09-25 16:48:42 - models.od_matrix_nonwork - INFO - Origin total: 97,410 | Matrix row sum: 97,410
2026-09-25 16:48:42 - models.od_matrix_nonwork - INFO - Max row constraint error: 8.53e-14
2026-09-25 16:48:42 - models.od_matrix_nonwork - INFO - Total trips in gravity model: 97,410
2026-09-25 16:48:42 - models.od_matrix_nonwork - INFO - 
2026-09-25 16:48:42 - models.od_matrix_nonwork - INFO -   Gravity model (block-group level): (719, 262)
2026-09-25 16:48:42 - models.od_matrix_nonwork - INFO -   Survey matrix: (1, 1)
2026-09-25 16:48:42 - models.od_matrix_nonwork - INFO - 
Combining survey and gravity models...
2026-09-25 16:48:42 - models.od_matrix_v3 - INFO - ======================================================================
2026-09-25 16:48:42 - models.od_matrix_v3 - INFO - COMBINING OD MATRICES
2026-09-25 16:48:42 - models.od_matrix_v3 - INFO - ======================================================================
2026-09-25 16:48:42 - models.od_matrix_v3 - INFO - Survey matrix shape: (1, 1)
2026-09-25 16:48:42 - models.od_matrix_v3 - INFO - Local matrix shape: (719, 262)
2026-09-25 16:48:42 - models.od_matrix_v3 - INFO - Alpha (survey weight): 0.10
2026-09-25 16:48:42 - models.od_matrix_v3 - INFO - Local weight: 0.90
2026-09-25 16:48:42 - models.od_matrix_v3 - INFO - Aligning survey to local matrix structure...
2026-09-25 16:48:42 - models.od_matrix_v3 - INFO - Combining matrices (alpha blend where survey exists, local only where survey is empty)...
2026-09-25 16:48:42 - models.od_matrix_v3 - INFO - No scaling target specified. Using local matrix total: 97,409
2026-09-25 16:48:42 - models.od_matrix_v3 - INFO - Matrix total before scaling: 97,410
2026-09-25 16:48:42 - models.od_matrix_v3 - INFO - Scale factor: 0.999991
2026-09-25 16:48:42 - models.od_matrix_v3 - INFO - Applying robust rounding to guarantee target total...
2026-09-25 16:48:42 - models.od_matrix_v3 - INFO - Total after flooring: 62,917
2026-09-25 16:48:42 - models.od_matrix_v3 - INFO - Remainder to distribute: 34,492
2026-09-25 16:48:42 - models.od_matrix_v3 - INFO - ======================================================================
2026-09-25 16:48:42 - models.od_matrix_v3 - INFO - VERIFICATION
2026-09-25 16:48:42 - models.od_matrix_v3 - INFO - ======================================================================
2026-09-25 16:48:42 - models.od_matrix_v3 - INFO - Survey total trips: 1,338
2026-09-25 16:48:42 - models.od_matrix_v3 - INFO - Local total trips: 97,410
2026-09-25 16:48:42 - models.od_matrix_v3 - INFO - Combined total trips (before scaling): 97,410
2026-09-25 16:48:42 - models.od_matrix_v3 - INFO - Combined total trips (after scaling & rounding): 97,409
2026-09-25 16:48:42 - models.od_matrix_v3 - INFO - Target total: 97,409
2026-09-25 16:48:42 - models.od_matrix_v3 - INFO - Difference: 0
2026-09-25 16:48:42 - models.od_matrix_v3 - INFO - Combined matrix shape: (719, 262)
2026-09-25 16:48:42 - models.od_matrix_nonwork - INFO - 
Applied nonwork_trip_share: 80.00%
2026-09-25 16:48:42 - models.od_matrix_nonwork - INFO -   Trips before scaling: 97,409
2026-09-25 16:48:42 - models.od_matrix_nonwork - INFO -   Trips after scaling: 77,927
2026-09-25 16:48:42 - models.od_matrix_nonwork - INFO - ======================================================================
2026-09-25 16:48:42 - models.od_matrix_nonwork - INFO - NONWORK OD MATRIX CREATION COMPLETE - SCHOOL
2026-09-25 16:48:42 - models.od_matrix_nonwork - INFO - ======================================================================
2026-09-25 16:48:42 - models.plan_generator_nonwork - INFO -   OD matrix shape: (719, 262)
2026-09-25 16:48:42 - models.plan_generator_nonwork - INFO -   Unscaled total trips: 77,927
2026-09-25 16:48:42 - models.plan_generator_nonwork - INFO -   Scaling factor: 0.25
2026-09-25 16:48:42 - models.plan_generator_nonwork - INFO -   Scaled total trips: 19,401
2026-09-25 16:48:42 - models.plan_generator_nonwork - INFO - NonWorkPlanGenerator initialization complete
2026-09-25 16:48:42 - models.plan_generator_nonwork - INFO - ============================================================
2026-09-25 16:48:42 - models.plan_generator_nonwork - INFO - SCHOOL PLAN GENERATION
2026-09-25 16:48:42 - models.plan_generator_nonwork - INFO - ============================================================
2026-09-25 16:48:42 - models.plan_generator_nonwork - INFO -   Population base (non-employees in region): 505,852
2026-09-25 16:48:42 - models.plan_generator_nonwork - INFO -   Unscaled School trips: 77,927
2026-09-25 16:48:42 - models.plan_generator_nonwork - INFO -   Scaling factor: 0.25
2026-09-25 16:48:42 - models.plan_generator_nonwork - INFO -   Scaled School trips: 19,401
2026-09-25 16:48:42 - models.plan_generator_nonwork - INFO -   Expected scaled trips: 19,482
2026-09-25 16:48:42 - models.plan_generator_nonwork - INFO -   Scaling accuracy: 99.6%
2026-09-25 16:48:42 - models.plan_generator_nonwork - INFO - 
2026-09-25 16:48:42 - models.plan_generator_nonwork - INFO - Generating all School plans using multiprocessing...
2026-09-25 16:48:42 - models.plan_generator_nonwork - INFO -   Using all 19,401 trips from scaled OD matrix
2026-09-25 16:48:42 - models.plan_generator_nonwork - INFO - Using 30 processes for School plan generation
2026-09-25 16:48:42 - models.plan_generator_nonwork - INFO - Pre-loading data for School multiprocessing...
2026-09-25 16:48:42 - models.plan_generator_nonwork - INFO -   Serialized GTFS stop data for workers: bus=2610 stops
2026-09-25 16:48:42 - models.plan_generator_nonwork - INFO -   Prepared shared data with 19,068 home blocks
2026-09-25 16:48:42 - models.plan_generator_nonwork - INFO -   POI categories: 6
2026-09-25 16:48:42 - models.plan_generator_nonwork - INFO -   Chain patterns: 175
2026-09-25 16:48:42 - models.plan_generator_nonwork - INFO - Split 12273 OD pairs into 31 chunks
2026-09-25 16:49:24 - models.plan_generator_nonwork - INFO - 
2026-09-25 16:49:24 - models.plan_generator_nonwork - INFO - School GENERATION COMPLETE
2026-09-25 16:49:24 - models.plan_generator_nonwork - INFO -   Plans generated: 19,401
2026-09-25 16:49:24 - models.plan_generator_nonwork - INFO -   Failed plans: 0
2026-09-25 16:49:24 - models.plan_generator_nonwork - INFO -   Chain retries: 152 / 19,649 attempts
2026-09-25 16:49:24 - models.plan_generator_nonwork - INFO -     Too short: 152
2026-09-25 16:49:24 - models.plan_generator_nonwork - INFO -     Bad structure (not Home-...-Home): 0
2026-09-25 16:49:24 - models.plan_generator_nonwork - INFO -     Missing purpose: 0
2026-09-25 16:49:24 - models.plan_generator_nonwork - INFO -     Contains Work: 0
2026-09-25 16:49:24 - models.plan_generator_nonwork - INFO -   POI retries: 4,516
2026-09-25 16:49:24 - models.plan_generator_nonwork - INFO -   Time retries: 0
2026-09-25 16:49:24 - models.plan_generator_nonwork - INFO -   Schedules built: 22,151
2026-09-25 16:49:24 - models.plan_generator_nonwork - INFO -     Trimmed to fit 24h: 128 (0.58%)
2026-09-25 16:49:24 - models.plan_generator_nonwork - INFO -     Dropped, over budget: 0 (0.00%)
2026-09-25 16:49:24 - models.plan_generator_nonwork - INFO -     Resampled, over budget (over_budget=resample): 2,750
2026-09-25 16:49:24 - models.plan_generator_nonwork - INFO -     Excess per trimmed schedule: mean 524.7 min, max 1595.5 min
2026-09-25 16:49:24 - models.plan_generator_nonwork - INFO -     Minutes actually removed: 64,972 total, mean 507.6 min
2026-09-25 16:49:24 - models.plan_generator_nonwork - INFO - ============================================================
2026-09-25 16:49:24 - models.mode_choice - INFO - ==================================================
2026-09-25 16:49:24 - models.mode_choice - INFO - MODE CHOICE STATISTICS
2026-09-25 16:49:24 - models.mode_choice - INFO - ==================================================
2026-09-25 16:49:24 - models.mode_choice - INFO -   Total mode choices: 54637
2026-09-25 16:49:24 - models.mode_choice - INFO -   Fallback mode used: 0 times
2026-09-25 16:49:24 - models.mode_choice - INFO -   Chain retries: 0
2026-09-25 16:49:24 - models.mode_choice - INFO -   Mode distribution in generated plans:
2026-09-25 16:49:24 - models.mode_choice - INFO -     car: 93.1%
2026-09-25 16:49:24 - models.mode_choice - INFO -     walk: 5.0%
2026-09-25 16:49:24 - models.mode_choice - INFO -     bus: 1.9%
2026-09-25 16:49:24 - models.mode_choice - INFO - ==================================================
2026-09-25 16:49:24 - __main__ - INFO - Generated 19,401 School plans
2026-09-25 16:49:24 - __main__ - INFO - 
2026-09-25 16:49:24 - __main__ - INFO - ------------------------------------------------------------
2026-09-25 16:49:24 - __main__ - INFO - GENERATING SOCIAL PLANS
2026-09-25 16:49:24 - __main__ - INFO - ------------------------------------------------------------
2026-09-25 16:49:24 - models.plan_generator_nonwork - INFO - Initialized NonWorkPlanGenerator for Social
2026-09-25 16:49:24 - utils.coordinates - INFO - Initialized coordinate converter: EPSG:4326 <-> EPSG:26916
2026-09-25 16:49:24 - models.plan_generator_nonwork - INFO -   Coordinate system: WGS84 -> EPSG:26916
2026-09-25 16:49:24 - models.plan_generator_nonwork - INFO - Using pre-loaded shared data...
2026-09-25 16:49:24 - models.plan_generator_nonwork - INFO -   Using 19,068 home blocks (pre-loaded)
2026-09-25 16:49:24 - models.plan_generator_nonwork - INFO -   Using 7,981 POIs (pre-loaded)
2026-09-25 16:49:24 - models.plan_generator_nonwork - INFO -   Using 22,851 survey trips (pre-loaded)
2026-09-25 16:49:24 - models.plan_generator_nonwork - INFO -   Using 7,732 persons (pre-loaded)
2026-09-25 16:49:24 - models.plan_generator_nonwork - INFO -   Using 1,200 trip chains (pre-loaded)
2026-09-25 16:49:24 - models.plan_generator_nonwork - INFO -   Using 7,981 POI-to-block mappings (pre-computed)
2026-09-25 16:49:24 - models.plan_generator_nonwork - INFO -   Using shared trip duration model (pre-initialized)
2026-09-25 16:49:24 - models.plan_generator_nonwork - INFO -   Using shared activity duration model (pre-initialized)
2026-09-25 16:49:24 - models.plan_generator_nonwork - INFO -   Using shared POI spatial index (pre-built)
2026-09-25 16:49:24 - models.plan_generator_nonwork - INFO - Initializing time models...
2026-09-25 16:49:24 - models.plan_generator_nonwork - INFO -   Using shared trip duration model
2026-09-25 16:49:24 - models.plan_generator_nonwork - INFO -   Using shared activity duration model
2026-09-25 16:49:24 - models.plan_generator_nonwork - INFO -   Time models initialized
2026-09-25 16:49:24 - models.plan_generator_nonwork - INFO -   Average trip duration: 20.3 minutes
2026-09-25 16:49:24 - models.plan_generator_nonwork - INFO - Initializing POI components...
2026-09-25 16:49:24 - models.plan_generator_nonwork - INFO -   Using shared POI spatial index: 6 activity types, 7,981 POIs
2026-09-25 16:49:24 - models.plan_generator_nonwork - INFO -   POI weighting enabled: True
2026-09-25 16:49:24 - models.plan_generator_nonwork - INFO - Initializing chain model...
2026-09-25 16:49:24 - models.plan_generator_nonwork - INFO -   Filtered 392 chains containing Social
2026-09-25 16:49:24 - models.plan_generator_nonwork - INFO -   Chain model initialized with 392 chains (length dist from 1200 unfiltered)
2026-09-25 16:49:24 - models.plan_generator_nonwork - INFO - Initializing GTFS transit availability...
2026-09-25 16:49:24 - models.plan_generator_nonwork - INFO -   GTFS availability rebuilt from shared data: bus=2610 stops
2026-09-25 16:49:24 - models.plan_generator_nonwork - INFO - Initializing mode choice model...
2026-09-25 16:49:24 - models.mode_choice - INFO - Computing mode shares from survey data...
2026-09-25 16:49:24 - models.mode_choice - INFO - Computed mode rates for 8 purposes
2026-09-25 16:49:24 - models.mode_choice - INFO -   Overall mode distribution: car=87.3%, walk=6.6%, school_bus=2.7%, bike=1.1%, bus=0.8%, rail=0.6%, rideshare=0.4%, other=0.4%
2026-09-25 16:49:24 - models.mode_choice - INFO - ModeChoiceModel initialized with 3 modes: ['car', 'bus', 'walk']
2026-09-25 16:49:24 - models.plan_generator_nonwork - INFO - Creating Social OD matrix...
2026-09-25 16:49:24 - models.plan_generator_nonwork - INFO -   Using pre-computed POI-to-block mapping
2026-09-25 16:49:24 - models.od_matrix_nonwork - INFO - ======================================================================
2026-09-25 16:49:24 - models.od_matrix_nonwork - INFO - CREATING NON-WORK OD MATRIX - SOCIAL
2026-09-25 16:49:24 - models.od_matrix_nonwork - INFO - ======================================================================
2026-09-25 16:49:24 - models.od_matrix_nonwork - INFO - Configuration:
2026-09-25 16:49:24 - models.od_matrix_nonwork - INFO -   Beta (distance decay): 2
2026-09-25 16:49:24 - models.od_matrix_nonwork - INFO -   Alpha (survey weight): 0.1
2026-09-25 16:49:24 - models.od_matrix_nonwork - INFO -   Distance mode: cosine_km
2026-09-25 16:49:24 - models.od_matrix_nonwork - INFO - Calculating POI density for Social...
2026-09-25 16:49:24 - models.od_matrix_nonwork - INFO -   Total POIs to process: 7,981
2026-09-25 16:49:24 - models.od_matrix_nonwork - INFO -   Filtered to 1,368 Social POIs
2026-09-25 16:49:24 - models.od_matrix_nonwork - INFO -   Using pre-computed POI-to-block mapping (fast path)
2026-09-25 16:49:24 - models.od_matrix_nonwork - INFO -   POI assignment complete:
2026-09-25 16:49:24 - models.od_matrix_nonwork - INFO -     Blocks with POIs: 879
2026-09-25 16:49:24 - models.od_matrix_nonwork - INFO -     Total POIs assigned: 1,368
2026-09-25 16:49:24 - models.od_matrix_nonwork - INFO -     Avg POIs per block (non-zero): 1.6
2026-09-25 16:49:24 - models.od_matrix_nonwork - INFO - Creating survey OD matrix for Social...
2026-09-25 16:49:24 - models.od_matrix_nonwork - INFO -   Filtered to 2,129 trips (from 22,851 total)
2026-09-25 16:49:24 - models.od_matrix_nonwork - INFO -   Survey OD matrix created: (1, 1)
2026-09-25 16:49:24 - models.od_matrix_nonwork - INFO -   Total trips in survey matrix: 2,129
2026-09-25 16:49:24 - models.od_matrix_nonwork - INFO - ======================================================================
2026-09-25 16:49:24 - models.od_matrix_nonwork - INFO - SINGLY-CONSTRAINED GRAVITY MODEL - SOCIAL
2026-09-25 16:49:24 - models.od_matrix_nonwork - INFO - ======================================================================
2026-09-25 16:49:24 - models.od_matrix_nonwork - INFO - Survey trip rate calculation:
2026-09-25 16:49:24 - models.od_matrix_nonwork - INFO -   Purpose trips: 2,129
2026-09-25 16:49:24 - models.od_matrix_nonwork - INFO -   Total survey records: 22,851
2026-09-25 16:49:24 - models.od_matrix_nonwork - INFO -   Calculated trip rate: 9.32%
2026-09-25 16:49:24 - models.od_matrix_nonwork - INFO - 
2026-09-25 16:49:24 - models.od_matrix_nonwork - INFO - Trip Generation Rate Calculation:
2026-09-25 16:49:24 - models.od_matrix_nonwork - INFO -   Survey rate: 9.32%
2026-09-25 16:49:24 - models.od_matrix_nonwork - INFO -   Config rate: 15.00%
2026-09-25 16:49:24 - models.od_matrix_nonwork - INFO -   Blend weight: 0.70 (0=survey only, 1=config only)
2026-09-25 16:49:24 - models.od_matrix_nonwork - INFO -   Final trip rate: 13.30%
2026-09-25 16:49:24 - models.od_matrix_nonwork - INFO - 
2026-09-25 16:49:24 - models.od_matrix_nonwork - INFO -   Pre-aggregated 19,068 blocks -> 719 block_groups (home)
2026-09-25 16:49:24 - models.od_matrix_nonwork - INFO -   Pre-aggregated POI blocks -> 420 block_groups with POIs
2026-09-25 16:49:24 - models.od_matrix_nonwork - INFO - Number of home block_groups: 719
2026-09-25 16:49:24 - models.od_matrix_nonwork - INFO - Number of destination block_groups (with POIs): 420
2026-09-25 16:49:24 - models.od_matrix_nonwork - INFO - Distance decay beta: 2
2026-09-25 16:49:24 - models.od_matrix_nonwork - INFO - Total non-employees (base): 505,852
2026-09-25 16:49:24 - models.od_matrix_nonwork - INFO - Total travelers (after trip rate): 67,253
2026-09-25 16:49:24 - models.od_matrix_nonwork - INFO - Total POIs (destination): 1,368
2026-09-25 16:49:24 - models.od_matrix_nonwork - INFO - Extracting coordinates...
2026-09-25 16:49:24 - models.od_matrix_nonwork - INFO - Calculating distances and friction factors (mode: cosine_km)...
2026-09-25 16:49:24 - models.od_matrix_v3 - INFO -   Intrazonal distance set from zone area on 420 diagonal cells (factor 0.5): median 0 m -> 364 m
2026-09-25 16:49:24 - models.od_matrix_nonwork - INFO -   Distances in km: median 19.87, min 0.050, max 89.5
2026-09-25 16:49:24 - models.od_matrix_nonwork - INFO - Initial gravity model total trips: 67,253
2026-09-25 16:49:24 - models.od_matrix_nonwork - INFO - 
Running IPF iterations (max 50)...
2026-09-25 16:49:24 - models.od_matrix_nonwork - INFO -   Iteration 1: Max relative difference = 5.11e-16
2026-09-25 16:49:24 - models.od_matrix_nonwork - INFO - Converged after 1 iterations
2026-09-25 16:49:24 - models.od_matrix_nonwork - INFO - ======================================================================
2026-09-25 16:49:24 - models.od_matrix_nonwork - INFO - VERIFICATION
2026-09-25 16:49:24 - models.od_matrix_nonwork - INFO - ======================================================================
2026-09-25 16:49:24 - models.od_matrix_nonwork - INFO - Origin total: 67,253 | Matrix row sum: 67,253
2026-09-25 16:49:24 - models.od_matrix_nonwork - INFO - Max row constraint error: 8.53e-14
2026-09-25 16:49:24 - models.od_matrix_nonwork - INFO - Total trips in gravity model: 67,253
2026-09-25 16:49:24 - models.od_matrix_nonwork - INFO - 
2026-09-25 16:49:24 - models.od_matrix_nonwork - INFO -   Gravity model (block-group level): (719, 420)
2026-09-25 16:49:24 - models.od_matrix_nonwork - INFO -   Survey matrix: (1, 1)
2026-09-25 16:49:24 - models.od_matrix_nonwork - INFO - 
Combining survey and gravity models...
2026-09-25 16:49:24 - models.od_matrix_v3 - INFO - ======================================================================
2026-09-25 16:49:24 - models.od_matrix_v3 - INFO - COMBINING OD MATRICES
2026-09-25 16:49:24 - models.od_matrix_v3 - INFO - ======================================================================
2026-09-25 16:49:24 - models.od_matrix_v3 - INFO - Survey matrix shape: (1, 1)
2026-09-25 16:49:24 - models.od_matrix_v3 - INFO - Local matrix shape: (719, 420)
2026-09-25 16:49:24 - models.od_matrix_v3 - INFO - Alpha (survey weight): 0.10
2026-09-25 16:49:24 - models.od_matrix_v3 - INFO - Local weight: 0.90
2026-09-25 16:49:24 - models.od_matrix_v3 - INFO - Aligning survey to local matrix structure...
2026-09-25 16:49:24 - models.od_matrix_v3 - INFO - Combining matrices (alpha blend where survey exists, local only where survey is empty)...
2026-09-25 16:49:24 - models.od_matrix_v3 - INFO - No scaling target specified. Using local matrix total: 67,253
2026-09-25 16:49:24 - models.od_matrix_v3 - INFO - Matrix total before scaling: 67,253
2026-09-25 16:49:24 - models.od_matrix_v3 - INFO - Scale factor: 0.999995
2026-09-25 16:49:24 - models.od_matrix_v3 - INFO - Applying robust rounding to guarantee target total...
2026-09-25 16:49:24 - models.od_matrix_v3 - INFO - Total after flooring: 40,050
2026-09-25 16:49:24 - models.od_matrix_v3 - INFO - Remainder to distribute: 27,203
2026-09-25 16:49:24 - models.od_matrix_v3 - INFO - ======================================================================
2026-09-25 16:49:24 - models.od_matrix_v3 - INFO - VERIFICATION
2026-09-25 16:49:24 - models.od_matrix_v3 - INFO - ======================================================================
2026-09-25 16:49:24 - models.od_matrix_v3 - INFO - Survey total trips: 2,129
2026-09-25 16:49:24 - models.od_matrix_v3 - INFO - Local total trips: 67,253
2026-09-25 16:49:24 - models.od_matrix_v3 - INFO - Combined total trips (before scaling): 67,253
2026-09-25 16:49:24 - models.od_matrix_v3 - INFO - Combined total trips (after scaling & rounding): 67,253
2026-09-25 16:49:24 - models.od_matrix_v3 - INFO - Target total: 67,253
2026-09-25 16:49:24 - models.od_matrix_v3 - INFO - Difference: 0
2026-09-25 16:49:24 - models.od_matrix_v3 - INFO - Combined matrix shape: (719, 420)
2026-09-25 16:49:24 - models.od_matrix_nonwork - INFO - 
Applied nonwork_trip_share: 80.00%
2026-09-25 16:49:24 - models.od_matrix_nonwork - INFO -   Trips before scaling: 67,253
2026-09-25 16:49:24 - models.od_matrix_nonwork - INFO -   Trips after scaling: 53,802
2026-09-25 16:49:24 - models.od_matrix_nonwork - INFO - ======================================================================
2026-09-25 16:49:24 - models.od_matrix_nonwork - INFO - NONWORK OD MATRIX CREATION COMPLETE - SOCIAL
2026-09-25 16:49:24 - models.od_matrix_nonwork - INFO - ======================================================================
2026-09-25 16:49:24 - models.plan_generator_nonwork - INFO -   OD matrix shape: (719, 420)
2026-09-25 16:49:24 - models.plan_generator_nonwork - INFO -   Unscaled total trips: 53,802
2026-09-25 16:49:24 - models.plan_generator_nonwork - INFO -   Scaling factor: 0.25
2026-09-25 16:49:24 - models.plan_generator_nonwork - INFO -   Scaled total trips: 13,419
2026-09-25 16:49:24 - models.plan_generator_nonwork - INFO - NonWorkPlanGenerator initialization complete
2026-09-25 16:49:24 - models.plan_generator_nonwork - INFO - ============================================================
2026-09-25 16:49:24 - models.plan_generator_nonwork - INFO - SOCIAL PLAN GENERATION
2026-09-25 16:49:24 - models.plan_generator_nonwork - INFO - ============================================================
2026-09-25 16:49:24 - models.plan_generator_nonwork - INFO -   Population base (non-employees in region): 505,852
2026-09-25 16:49:24 - models.plan_generator_nonwork - INFO -   Unscaled Social trips: 53,802
2026-09-25 16:49:24 - models.plan_generator_nonwork - INFO -   Scaling factor: 0.25
2026-09-25 16:49:24 - models.plan_generator_nonwork - INFO -   Scaled Social trips: 13,419
2026-09-25 16:49:24 - models.plan_generator_nonwork - INFO -   Expected scaled trips: 13,451
2026-09-25 16:49:24 - models.plan_generator_nonwork - INFO -   Scaling accuracy: 99.8%
2026-09-25 16:49:24 - models.plan_generator_nonwork - INFO - 
2026-09-25 16:49:24 - models.plan_generator_nonwork - INFO - Generating all Social plans using multiprocessing...
2026-09-25 16:49:24 - models.plan_generator_nonwork - INFO -   Using all 13,419 trips from scaled OD matrix
2026-09-25 16:49:24 - models.plan_generator_nonwork - INFO - Using 30 processes for Social plan generation
2026-09-25 16:49:24 - models.plan_generator_nonwork - INFO - Pre-loading data for Social multiprocessing...
2026-09-25 16:49:24 - models.plan_generator_nonwork - INFO -   Serialized GTFS stop data for workers: bus=2610 stops
2026-09-25 16:49:24 - models.plan_generator_nonwork - INFO -   Prepared shared data with 19,068 home blocks
2026-09-25 16:49:24 - models.plan_generator_nonwork - INFO -   POI categories: 6
2026-09-25 16:49:24 - models.plan_generator_nonwork - INFO -   Chain patterns: 392
2026-09-25 16:49:24 - models.plan_generator_nonwork - INFO - Split 8694 OD pairs into 31 chunks
2026-09-25 16:49:59 - models.plan_generator_nonwork - INFO - 
2026-09-25 16:49:59 - models.plan_generator_nonwork - INFO - Social GENERATION COMPLETE
2026-09-25 16:49:59 - models.plan_generator_nonwork - INFO -   Plans generated: 13,419
2026-09-25 16:49:59 - models.plan_generator_nonwork - INFO -   Failed plans: 0
2026-09-25 16:49:59 - models.plan_generator_nonwork - INFO -   Chain retries: 1,930 / 15,474 attempts
2026-09-25 16:49:59 - models.plan_generator_nonwork - INFO -     Too short: 1,930
2026-09-25 16:49:59 - models.plan_generator_nonwork - INFO -     Bad structure (not Home-...-Home): 0
2026-09-25 16:49:59 - models.plan_generator_nonwork - INFO -     Missing purpose: 0
2026-09-25 16:49:59 - models.plan_generator_nonwork - INFO -     Contains Work: 0
2026-09-25 16:49:59 - models.plan_generator_nonwork - INFO -   POI retries: 6,903
2026-09-25 16:49:59 - models.plan_generator_nonwork - INFO -   Time retries: 2
2026-09-25 16:49:59 - models.plan_generator_nonwork - INFO -   Schedules built: 15,762
2026-09-25 16:49:59 - models.plan_generator_nonwork - INFO -     Trimmed to fit 24h: 55 (0.35%)
2026-09-25 16:49:59 - models.plan_generator_nonwork - INFO -     Dropped, over budget: 2 (0.01%)
2026-09-25 16:49:59 - models.plan_generator_nonwork - INFO -     Resampled, over budget (over_budget=resample): 2,341
2026-09-25 16:49:59 - models.plan_generator_nonwork - INFO -     Excess per trimmed schedule: mean 539.8 min, max 1187.9 min
2026-09-25 16:49:59 - models.plan_generator_nonwork - INFO -     Minutes actually removed: 28,678 total, mean 521.4 min
2026-09-25 16:49:59 - models.plan_generator_nonwork - INFO - ============================================================
2026-09-25 16:49:59 - models.mode_choice - INFO - ==================================================
2026-09-25 16:49:59 - models.mode_choice - INFO - MODE CHOICE STATISTICS
2026-09-25 16:49:59 - models.mode_choice - INFO - ==================================================
2026-09-25 16:49:59 - models.mode_choice - INFO -   Total mode choices: 46464
2026-09-25 16:49:59 - models.mode_choice - INFO -   Fallback mode used: 0 times
2026-09-25 16:49:59 - models.mode_choice - INFO -   Chain retries: 0
2026-09-25 16:49:59 - models.mode_choice - INFO -   Mode distribution in generated plans:
2026-09-25 16:49:59 - models.mode_choice - INFO -     car: 92.0%
2026-09-25 16:49:59 - models.mode_choice - INFO -     walk: 6.3%
2026-09-25 16:49:59 - models.mode_choice - INFO -     bus: 1.7%
2026-09-25 16:49:59 - models.mode_choice - INFO - ==================================================
2026-09-25 16:49:59 - __main__ - INFO - Generated 13,419 Social plans
2026-09-25 16:49:59 - __main__ - INFO - 
2026-09-25 16:49:59 - __main__ - INFO - ------------------------------------------------------------
2026-09-25 16:49:59 - __main__ - INFO - GENERATING DINING PLANS
2026-09-25 16:49:59 - __main__ - INFO - ------------------------------------------------------------
2026-09-25 16:49:59 - models.plan_generator_nonwork - INFO - Initialized NonWorkPlanGenerator for Dining
2026-09-25 16:49:59 - utils.coordinates - INFO - Initialized coordinate converter: EPSG:4326 <-> EPSG:26916
2026-09-25 16:49:59 - models.plan_generator_nonwork - INFO -   Coordinate system: WGS84 -> EPSG:26916
2026-09-25 16:49:59 - models.plan_generator_nonwork - INFO - Using pre-loaded shared data...
2026-09-25 16:49:59 - models.plan_generator_nonwork - INFO -   Using 19,068 home blocks (pre-loaded)
2026-09-25 16:49:59 - models.plan_generator_nonwork - INFO -   Using 7,981 POIs (pre-loaded)
2026-09-25 16:49:59 - models.plan_generator_nonwork - INFO -   Using 22,851 survey trips (pre-loaded)
2026-09-25 16:49:59 - models.plan_generator_nonwork - INFO -   Using 7,732 persons (pre-loaded)
2026-09-25 16:49:59 - models.plan_generator_nonwork - INFO -   Using 1,200 trip chains (pre-loaded)
2026-09-25 16:49:59 - models.plan_generator_nonwork - INFO -   Using 7,981 POI-to-block mappings (pre-computed)
2026-09-25 16:49:59 - models.plan_generator_nonwork - INFO -   Using shared trip duration model (pre-initialized)
2026-09-25 16:49:59 - models.plan_generator_nonwork - INFO -   Using shared activity duration model (pre-initialized)
2026-09-25 16:49:59 - models.plan_generator_nonwork - INFO -   Using shared POI spatial index (pre-built)
2026-09-25 16:49:59 - models.plan_generator_nonwork - INFO - Initializing time models...
2026-09-25 16:49:59 - models.plan_generator_nonwork - INFO -   Using shared trip duration model
2026-09-25 16:49:59 - models.plan_generator_nonwork - INFO -   Using shared activity duration model
2026-09-25 16:49:59 - models.plan_generator_nonwork - INFO -   Time models initialized
2026-09-25 16:49:59 - models.plan_generator_nonwork - INFO -   Average trip duration: 20.3 minutes
2026-09-25 16:49:59 - models.plan_generator_nonwork - INFO - Initializing POI components...
2026-09-25 16:49:59 - models.plan_generator_nonwork - INFO -   Using shared POI spatial index: 6 activity types, 7,981 POIs
2026-09-25 16:49:59 - models.plan_generator_nonwork - INFO -   POI weighting enabled: True
2026-09-25 16:49:59 - models.plan_generator_nonwork - INFO - Initializing chain model...
2026-09-25 16:49:59 - models.plan_generator_nonwork - INFO -   Filtered 326 chains containing Dining
2026-09-25 16:49:59 - models.plan_generator_nonwork - INFO -   Chain model initialized with 326 chains (length dist from 1200 unfiltered)
2026-09-25 16:49:59 - models.plan_generator_nonwork - INFO - Initializing GTFS transit availability...
2026-09-25 16:49:59 - models.plan_generator_nonwork - INFO -   GTFS availability rebuilt from shared data: bus=2610 stops
2026-09-25 16:49:59 - models.plan_generator_nonwork - INFO - Initializing mode choice model...
2026-09-25 16:49:59 - models.mode_choice - INFO - Computing mode shares from survey data...
2026-09-25 16:49:59 - models.mode_choice - INFO - Computed mode rates for 8 purposes
2026-09-25 16:49:59 - models.mode_choice - INFO -   Overall mode distribution: car=87.3%, walk=6.6%, school_bus=2.7%, bike=1.1%, bus=0.8%, rail=0.6%, rideshare=0.4%, other=0.4%
2026-09-25 16:49:59 - models.mode_choice - INFO - ModeChoiceModel initialized with 3 modes: ['car', 'bus', 'walk']
2026-09-25 16:49:59 - models.plan_generator_nonwork - INFO - Creating Dining OD matrix...
2026-09-25 16:49:59 - models.plan_generator_nonwork - INFO -   Using pre-computed POI-to-block mapping
2026-09-25 16:49:59 - models.od_matrix_nonwork - INFO - ======================================================================
2026-09-25 16:49:59 - models.od_matrix_nonwork - INFO - CREATING NON-WORK OD MATRIX - DINING
2026-09-25 16:49:59 - models.od_matrix_nonwork - INFO - ======================================================================
2026-09-25 16:49:59 - models.od_matrix_nonwork - INFO - Configuration:
2026-09-25 16:49:59 - models.od_matrix_nonwork - INFO -   Beta (distance decay): 2
2026-09-25 16:49:59 - models.od_matrix_nonwork - INFO -   Alpha (survey weight): 0.1
2026-09-25 16:49:59 - models.od_matrix_nonwork - INFO -   Distance mode: cosine_km
2026-09-25 16:49:59 - models.od_matrix_nonwork - INFO - Calculating POI density for Dining...
2026-09-25 16:49:59 - models.od_matrix_nonwork - INFO -   Total POIs to process: 7,981
2026-09-25 16:49:59 - models.od_matrix_nonwork - INFO -   Filtered to 1,153 Dining POIs
2026-09-25 16:49:59 - models.od_matrix_nonwork - INFO -   Using pre-computed POI-to-block mapping (fast path)
2026-09-25 16:49:59 - models.od_matrix_nonwork - INFO -   POI assignment complete:
2026-09-25 16:49:59 - models.od_matrix_nonwork - INFO -     Blocks with POIs: 499
2026-09-25 16:49:59 - models.od_matrix_nonwork - INFO -     Total POIs assigned: 1,153
2026-09-25 16:49:59 - models.od_matrix_nonwork - INFO -     Avg POIs per block (non-zero): 2.3
2026-09-25 16:49:59 - models.od_matrix_nonwork - INFO - Creating survey OD matrix for Dining...
2026-09-25 16:49:59 - models.od_matrix_nonwork - INFO -   Filtered to 1,522 trips (from 22,851 total)
2026-09-25 16:49:59 - models.od_matrix_nonwork - INFO -   Survey OD matrix created: (1, 1)
2026-09-25 16:49:59 - models.od_matrix_nonwork - INFO -   Total trips in survey matrix: 1,522
2026-09-25 16:49:59 - models.od_matrix_nonwork - INFO - ======================================================================
2026-09-25 16:49:59 - models.od_matrix_nonwork - INFO - SINGLY-CONSTRAINED GRAVITY MODEL - DINING
2026-09-25 16:49:59 - models.od_matrix_nonwork - INFO - ======================================================================
2026-09-25 16:49:59 - models.od_matrix_nonwork - INFO - Survey trip rate calculation:
2026-09-25 16:49:59 - models.od_matrix_nonwork - INFO -   Purpose trips: 1,522
2026-09-25 16:49:59 - models.od_matrix_nonwork - INFO -   Total survey records: 22,851
2026-09-25 16:49:59 - models.od_matrix_nonwork - INFO -   Calculated trip rate: 6.66%
2026-09-25 16:49:59 - models.od_matrix_nonwork - INFO - 
2026-09-25 16:49:59 - models.od_matrix_nonwork - INFO - Trip Generation Rate Calculation:
2026-09-25 16:49:59 - models.od_matrix_nonwork - INFO -   Survey rate: 6.66%
2026-09-25 16:49:59 - models.od_matrix_nonwork - INFO -   Config rate: 15.00%
2026-09-25 16:49:59 - models.od_matrix_nonwork - INFO -   Blend weight: 0.70 (0=survey only, 1=config only)
2026-09-25 16:49:59 - models.od_matrix_nonwork - INFO -   Final trip rate: 12.50%
2026-09-25 16:49:59 - models.od_matrix_nonwork - INFO - 
2026-09-25 16:49:59 - models.od_matrix_nonwork - INFO -   Pre-aggregated 19,068 blocks -> 719 block_groups (home)
2026-09-25 16:49:59 - models.od_matrix_nonwork - INFO -   Pre-aggregated POI blocks -> 243 block_groups with POIs
2026-09-25 16:49:59 - models.od_matrix_nonwork - INFO - Number of home block_groups: 719
2026-09-25 16:49:59 - models.od_matrix_nonwork - INFO - Number of destination block_groups (with POIs): 243
2026-09-25 16:49:59 - models.od_matrix_nonwork - INFO - Distance decay beta: 2
2026-09-25 16:49:59 - models.od_matrix_nonwork - INFO - Total non-employees (base): 505,852
2026-09-25 16:49:59 - models.od_matrix_nonwork - INFO - Total travelers (after trip rate): 63,222
2026-09-25 16:49:59 - models.od_matrix_nonwork - INFO - Total POIs (destination): 1,153
2026-09-25 16:49:59 - models.od_matrix_nonwork - INFO - Extracting coordinates...
2026-09-25 16:49:59 - models.od_matrix_nonwork - INFO - Calculating distances and friction factors (mode: cosine_km)...
2026-09-25 16:49:59 - models.od_matrix_v3 - INFO -   Intrazonal distance set from zone area on 243 diagonal cells (factor 0.5): median 0 m -> 393 m
2026-09-25 16:49:59 - models.od_matrix_nonwork - INFO -   Distances in km: median 19.63, min 0.056, max 90.5
2026-09-25 16:49:59 - models.od_matrix_nonwork - INFO - Initial gravity model total trips: 63,222
2026-09-25 16:49:59 - models.od_matrix_nonwork - INFO - 
Running IPF iterations (max 50)...
2026-09-25 16:49:59 - models.od_matrix_nonwork - INFO -   Iteration 1: Max relative difference = 3.90e-16
2026-09-25 16:49:59 - models.od_matrix_nonwork - INFO - Converged after 1 iterations
2026-09-25 16:49:59 - models.od_matrix_nonwork - INFO - ======================================================================
2026-09-25 16:49:59 - models.od_matrix_nonwork - INFO - VERIFICATION
2026-09-25 16:49:59 - models.od_matrix_nonwork - INFO - ======================================================================
2026-09-25 16:49:59 - models.od_matrix_nonwork - INFO - Origin total: 63,222 | Matrix row sum: 63,222
2026-09-25 16:49:59 - models.od_matrix_nonwork - INFO - Max row constraint error: 5.68e-14
2026-09-25 16:49:59 - models.od_matrix_nonwork - INFO - Total trips in gravity model: 63,222
2026-09-25 16:49:59 - models.od_matrix_nonwork - INFO - 
2026-09-25 16:49:59 - models.od_matrix_nonwork - INFO -   Gravity model (block-group level): (719, 243)
2026-09-25 16:49:59 - models.od_matrix_nonwork - INFO -   Survey matrix: (1, 1)
2026-09-25 16:49:59 - models.od_matrix_nonwork - INFO - 
Combining survey and gravity models...
2026-09-25 16:49:59 - models.od_matrix_v3 - INFO - ======================================================================
2026-09-25 16:49:59 - models.od_matrix_v3 - INFO - COMBINING OD MATRICES
2026-09-25 16:49:59 - models.od_matrix_v3 - INFO - ======================================================================
2026-09-25 16:49:59 - models.od_matrix_v3 - INFO - Survey matrix shape: (1, 1)
2026-09-25 16:49:59 - models.od_matrix_v3 - INFO - Local matrix shape: (719, 243)
2026-09-25 16:49:59 - models.od_matrix_v3 - INFO - Alpha (survey weight): 0.10
2026-09-25 16:49:59 - models.od_matrix_v3 - INFO - Local weight: 0.90
2026-09-25 16:49:59 - models.od_matrix_v3 - INFO - Aligning survey to local matrix structure...
2026-09-25 16:49:59 - models.od_matrix_v3 - INFO - Combining matrices (alpha blend where survey exists, local only where survey is empty)...
2026-09-25 16:49:59 - models.od_matrix_v3 - INFO - No scaling target specified. Using local matrix total: 63,222
2026-09-25 16:49:59 - models.od_matrix_v3 - INFO - Matrix total before scaling: 63,222
2026-09-25 16:49:59 - models.od_matrix_v3 - INFO - Scale factor: 0.999997
2026-09-25 16:49:59 - models.od_matrix_v3 - INFO - Applying robust rounding to guarantee target total...
2026-09-25 16:49:59 - models.od_matrix_v3 - INFO - Total after flooring: 40,693
2026-09-25 16:49:59 - models.od_matrix_v3 - INFO - Remainder to distribute: 22,529
2026-09-25 16:50:00 - models.od_matrix_v3 - INFO - ======================================================================
2026-09-25 16:50:00 - models.od_matrix_v3 - INFO - VERIFICATION
2026-09-25 16:50:00 - models.od_matrix_v3 - INFO - ======================================================================
2026-09-25 16:50:00 - models.od_matrix_v3 - INFO - Survey total trips: 1,522
2026-09-25 16:50:00 - models.od_matrix_v3 - INFO - Local total trips: 63,222
2026-09-25 16:50:00 - models.od_matrix_v3 - INFO - Combined total trips (before scaling): 63,222
2026-09-25 16:50:00 - models.od_matrix_v3 - INFO - Combined total trips (after scaling & rounding): 63,222
2026-09-25 16:50:00 - models.od_matrix_v3 - INFO - Target total: 63,222
2026-09-25 16:50:00 - models.od_matrix_v3 - INFO - Difference: 0
2026-09-25 16:50:00 - models.od_matrix_v3 - INFO - Combined matrix shape: (719, 243)
2026-09-25 16:50:00 - models.od_matrix_nonwork - INFO - 
Applied nonwork_trip_share: 80.00%
2026-09-25 16:50:00 - models.od_matrix_nonwork - INFO -   Trips before scaling: 63,222
2026-09-25 16:50:00 - models.od_matrix_nonwork - INFO -   Trips after scaling: 50,578
2026-09-25 16:50:00 - models.od_matrix_nonwork - INFO - ======================================================================
2026-09-25 16:50:00 - models.od_matrix_nonwork - INFO - NONWORK OD MATRIX CREATION COMPLETE - DINING
2026-09-25 16:50:00 - models.od_matrix_nonwork - INFO - ======================================================================
2026-09-25 16:50:00 - models.plan_generator_nonwork - INFO -   OD matrix shape: (719, 243)
2026-09-25 16:50:00 - models.plan_generator_nonwork - INFO -   Unscaled total trips: 50,578
2026-09-25 16:50:00 - models.plan_generator_nonwork - INFO -   Scaling factor: 0.25
2026-09-25 16:50:00 - models.plan_generator_nonwork - INFO -   Scaled total trips: 12,600
2026-09-25 16:50:00 - models.plan_generator_nonwork - INFO - NonWorkPlanGenerator initialization complete
2026-09-25 16:50:00 - models.plan_generator_nonwork - INFO - ============================================================
2026-09-25 16:50:00 - models.plan_generator_nonwork - INFO - DINING PLAN GENERATION
2026-09-25 16:50:00 - models.plan_generator_nonwork - INFO - ============================================================
2026-09-25 16:50:00 - models.plan_generator_nonwork - INFO -   Population base (non-employees in region): 505,852
2026-09-25 16:50:00 - models.plan_generator_nonwork - INFO -   Unscaled Dining trips: 50,578
2026-09-25 16:50:00 - models.plan_generator_nonwork - INFO -   Scaling factor: 0.25
2026-09-25 16:50:00 - models.plan_generator_nonwork - INFO -   Scaled Dining trips: 12,600
2026-09-25 16:50:00 - models.plan_generator_nonwork - INFO -   Expected scaled trips: 12,644
2026-09-25 16:50:00 - models.plan_generator_nonwork - INFO -   Scaling accuracy: 99.6%
2026-09-25 16:50:00 - models.plan_generator_nonwork - INFO - 
2026-09-25 16:50:00 - models.plan_generator_nonwork - INFO - Generating all Dining plans using multiprocessing...
2026-09-25 16:50:00 - models.plan_generator_nonwork - INFO -   Using all 12,600 trips from scaled OD matrix
2026-09-25 16:50:00 - models.plan_generator_nonwork - INFO - Using 30 processes for Dining plan generation
2026-09-25 16:50:00 - models.plan_generator_nonwork - INFO - Pre-loading data for Dining multiprocessing...
2026-09-25 16:50:00 - models.plan_generator_nonwork - INFO -   Serialized GTFS stop data for workers: bus=2610 stops
2026-09-25 16:50:00 - models.plan_generator_nonwork - INFO -   Prepared shared data with 19,068 home blocks
2026-09-25 16:50:00 - models.plan_generator_nonwork - INFO -   POI categories: 6
2026-09-25 16:50:00 - models.plan_generator_nonwork - INFO -   Chain patterns: 326
2026-09-25 16:50:00 - models.plan_generator_nonwork - INFO - Split 8406 OD pairs into 31 chunks
2026-09-25 16:50:36 - models.plan_generator_nonwork - INFO - 
2026-09-25 16:50:36 - models.plan_generator_nonwork - INFO - Dining GENERATION COMPLETE
2026-09-25 16:50:36 - models.plan_generator_nonwork - INFO -   Plans generated: 12,600
2026-09-25 16:50:36 - models.plan_generator_nonwork - INFO -   Failed plans: 0
2026-09-25 16:50:36 - models.plan_generator_nonwork - INFO -   Chain retries: 260 / 13,037 attempts
2026-09-25 16:50:36 - models.plan_generator_nonwork - INFO -     Too short: 260
2026-09-25 16:50:36 - models.plan_generator_nonwork - INFO -     Bad structure (not Home-...-Home): 0
2026-09-25 16:50:36 - models.plan_generator_nonwork - INFO -     Missing purpose: 0
2026-09-25 16:50:36 - models.plan_generator_nonwork - INFO -     Contains Work: 0
2026-09-25 16:50:36 - models.plan_generator_nonwork - INFO -   POI retries: 7,761
2026-09-25 16:50:36 - models.plan_generator_nonwork - INFO -   Time retries: 0
2026-09-25 16:50:36 - models.plan_generator_nonwork - INFO -   Schedules built: 14,659
2026-09-25 16:50:36 - models.plan_generator_nonwork - INFO -     Trimmed to fit 24h: 55 (0.38%)
2026-09-25 16:50:36 - models.plan_generator_nonwork - INFO -     Dropped, over budget: 0 (0.00%)
2026-09-25 16:50:36 - models.plan_generator_nonwork - INFO -     Resampled, over budget (over_budget=resample): 2,059
2026-09-25 16:50:36 - models.plan_generator_nonwork - INFO -     Excess per trimmed schedule: mean 601.4 min, max 1492.4 min
2026-09-25 16:50:36 - models.plan_generator_nonwork - INFO -     Minutes actually removed: 31,996 total, mean 581.7 min
2026-09-25 16:50:36 - models.plan_generator_nonwork - INFO - ============================================================
2026-09-25 16:50:36 - models.mode_choice - INFO - ==================================================
2026-09-25 16:50:36 - models.mode_choice - INFO - MODE CHOICE STATISTICS
2026-09-25 16:50:36 - models.mode_choice - INFO - ==================================================
2026-09-25 16:50:36 - models.mode_choice - INFO -   Total mode choices: 46550
2026-09-25 16:50:36 - models.mode_choice - INFO -   Fallback mode used: 0 times
2026-09-25 16:50:36 - models.mode_choice - INFO -   Chain retries: 0
2026-09-25 16:50:36 - models.mode_choice - INFO -   Mode distribution in generated plans:
2026-09-25 16:50:36 - models.mode_choice - INFO -     car: 92.7%
2026-09-25 16:50:36 - models.mode_choice - INFO -     walk: 5.4%
2026-09-25 16:50:36 - models.mode_choice - INFO -     bus: 1.8%
2026-09-25 16:50:36 - models.mode_choice - INFO - ==================================================
2026-09-25 16:50:36 - __main__ - INFO - Generated 12,600 Dining plans
2026-09-25 16:50:36 - __main__ - INFO - 
2026-09-25 16:50:36 - __main__ - INFO - ------------------------------------------------------------
2026-09-25 16:50:36 - __main__ - INFO - GENERATING OTHER PLANS
2026-09-25 16:50:36 - __main__ - INFO - ------------------------------------------------------------
2026-09-25 16:50:36 - models.plan_generator_nonwork - INFO - Initialized NonWorkPlanGenerator for Other
2026-09-25 16:50:36 - utils.coordinates - INFO - Initialized coordinate converter: EPSG:4326 <-> EPSG:26916
2026-09-25 16:50:36 - models.plan_generator_nonwork - INFO -   Coordinate system: WGS84 -> EPSG:26916
2026-09-25 16:50:36 - models.plan_generator_nonwork - INFO - Using pre-loaded shared data...
2026-09-25 16:50:36 - models.plan_generator_nonwork - INFO -   Using 19,068 home blocks (pre-loaded)
2026-09-25 16:50:36 - models.plan_generator_nonwork - INFO -   Using 7,981 POIs (pre-loaded)
2026-09-25 16:50:36 - models.plan_generator_nonwork - INFO -   Using 22,851 survey trips (pre-loaded)
2026-09-25 16:50:36 - models.plan_generator_nonwork - INFO -   Using 7,732 persons (pre-loaded)
2026-09-25 16:50:36 - models.plan_generator_nonwork - INFO -   Using 1,200 trip chains (pre-loaded)
2026-09-25 16:50:36 - models.plan_generator_nonwork - INFO -   Using 7,981 POI-to-block mappings (pre-computed)
2026-09-25 16:50:36 - models.plan_generator_nonwork - INFO -   Using shared trip duration model (pre-initialized)
2026-09-25 16:50:36 - models.plan_generator_nonwork - INFO -   Using shared activity duration model (pre-initialized)
2026-09-25 16:50:36 - models.plan_generator_nonwork - INFO -   Using shared POI spatial index (pre-built)
2026-09-25 16:50:36 - models.plan_generator_nonwork - INFO - Initializing time models...
2026-09-25 16:50:36 - models.plan_generator_nonwork - INFO -   Using shared trip duration model
2026-09-25 16:50:36 - models.plan_generator_nonwork - INFO -   Using shared activity duration model
2026-09-25 16:50:36 - models.plan_generator_nonwork - INFO -   Time models initialized
2026-09-25 16:50:36 - models.plan_generator_nonwork - INFO -   Average trip duration: 20.3 minutes
2026-09-25 16:50:36 - models.plan_generator_nonwork - INFO - Initializing POI components...
2026-09-25 16:50:36 - models.plan_generator_nonwork - INFO -   Using shared POI spatial index: 6 activity types, 7,981 POIs
2026-09-25 16:50:36 - models.plan_generator_nonwork - INFO -   POI weighting enabled: True
2026-09-25 16:50:36 - models.plan_generator_nonwork - INFO - Initializing chain model...
2026-09-25 16:50:36 - models.plan_generator_nonwork - INFO -   Filtered 229 chains containing Other
2026-09-25 16:50:36 - models.plan_generator_nonwork - INFO -   Chain model initialized with 229 chains (length dist from 1200 unfiltered)
2026-09-25 16:50:36 - models.plan_generator_nonwork - INFO - Initializing GTFS transit availability...
2026-09-25 16:50:36 - models.plan_generator_nonwork - INFO -   GTFS availability rebuilt from shared data: bus=2610 stops
2026-09-25 16:50:36 - models.plan_generator_nonwork - INFO - Initializing mode choice model...
2026-09-25 16:50:36 - models.mode_choice - INFO - Computing mode shares from survey data...
2026-09-25 16:50:36 - models.mode_choice - INFO - Computed mode rates for 8 purposes
2026-09-25 16:50:36 - models.mode_choice - INFO -   Overall mode distribution: car=87.3%, walk=6.6%, school_bus=2.7%, bike=1.1%, bus=0.8%, rail=0.6%, rideshare=0.4%, other=0.4%
2026-09-25 16:50:36 - models.mode_choice - INFO - ModeChoiceModel initialized with 3 modes: ['car', 'bus', 'walk']
2026-09-25 16:50:36 - models.plan_generator_nonwork - INFO - Creating Other OD matrix...
2026-09-25 16:50:36 - models.plan_generator_nonwork - INFO -   Using pre-computed POI-to-block mapping
2026-09-25 16:50:36 - models.od_matrix_nonwork - INFO - ======================================================================
2026-09-25 16:50:36 - models.od_matrix_nonwork - INFO - CREATING NON-WORK OD MATRIX - OTHER
2026-09-25 16:50:36 - models.od_matrix_nonwork - INFO - ======================================================================
2026-09-25 16:50:36 - models.od_matrix_nonwork - INFO - Configuration:
2026-09-25 16:50:36 - models.od_matrix_nonwork - INFO -   Beta (distance decay): 2
2026-09-25 16:50:36 - models.od_matrix_nonwork - INFO -   Alpha (survey weight): 0.1
2026-09-25 16:50:36 - models.od_matrix_nonwork - INFO -   Distance mode: cosine_km
2026-09-25 16:50:36 - models.od_matrix_nonwork - INFO - Calculating POI density for Other...
2026-09-25 16:50:36 - models.od_matrix_nonwork - INFO -   Total POIs to process: 7,981
2026-09-25 16:50:36 - models.od_matrix_nonwork - INFO -   Filtered to 4,185 Other POIs
2026-09-25 16:50:36 - models.od_matrix_nonwork - INFO -   Using pre-computed POI-to-block mapping (fast path)
2026-09-25 16:50:36 - models.od_matrix_nonwork - INFO -   POI assignment complete:
2026-09-25 16:50:36 - models.od_matrix_nonwork - INFO -     Blocks with POIs: 1,286
2026-09-25 16:50:36 - models.od_matrix_nonwork - INFO -     Total POIs assigned: 4,185
2026-09-25 16:50:36 - models.od_matrix_nonwork - INFO -     Avg POIs per block (non-zero): 3.3
2026-09-25 16:50:36 - models.od_matrix_nonwork - INFO - Creating survey OD matrix for Other...
2026-09-25 16:50:36 - models.od_matrix_nonwork - INFO -   Filtered to 933 trips (from 22,851 total)
2026-09-25 16:50:36 - models.od_matrix_nonwork - INFO -   Survey OD matrix created: (1, 1)
2026-09-25 16:50:36 - models.od_matrix_nonwork - INFO -   Total trips in survey matrix: 933
2026-09-25 16:50:36 - models.od_matrix_nonwork - INFO - ======================================================================
2026-09-25 16:50:36 - models.od_matrix_nonwork - INFO - SINGLY-CONSTRAINED GRAVITY MODEL - OTHER
2026-09-25 16:50:36 - models.od_matrix_nonwork - INFO - ======================================================================
2026-09-25 16:50:36 - models.od_matrix_nonwork - INFO - Survey trip rate calculation:
2026-09-25 16:50:36 - models.od_matrix_nonwork - INFO -   Purpose trips: 933
2026-09-25 16:50:36 - models.od_matrix_nonwork - INFO -   Total survey records: 22,851
2026-09-25 16:50:36 - models.od_matrix_nonwork - INFO -   Calculated trip rate: 4.08%
2026-09-25 16:50:36 - models.od_matrix_nonwork - INFO - 
2026-09-25 16:50:36 - models.od_matrix_nonwork - INFO - Trip Generation Rate Calculation:
2026-09-25 16:50:36 - models.od_matrix_nonwork - INFO -   Survey rate: 4.08%
2026-09-25 16:50:36 - models.od_matrix_nonwork - INFO -   Config rate: 20.00%
2026-09-25 16:50:36 - models.od_matrix_nonwork - INFO -   Blend weight: 0.70 (0=survey only, 1=config only)
2026-09-25 16:50:36 - models.od_matrix_nonwork - INFO -   Final trip rate: 15.22%
2026-09-25 16:50:36 - models.od_matrix_nonwork - INFO - 
2026-09-25 16:50:36 - models.od_matrix_nonwork - INFO -   Pre-aggregated 19,068 blocks -> 719 block_groups (home)
2026-09-25 16:50:36 - models.od_matrix_nonwork - INFO -   Pre-aggregated POI blocks -> 403 block_groups with POIs
2026-09-25 16:50:36 - models.od_matrix_nonwork - INFO - Number of home block_groups: 719
2026-09-25 16:50:36 - models.od_matrix_nonwork - INFO - Number of destination block_groups (with POIs): 403
2026-09-25 16:50:36 - models.od_matrix_nonwork - INFO - Distance decay beta: 2
2026-09-25 16:50:36 - models.od_matrix_nonwork - INFO - Total non-employees (base): 505,852
2026-09-25 16:50:36 - models.od_matrix_nonwork - INFO - Total travelers (after trip rate): 77,015
2026-09-25 16:50:36 - models.od_matrix_nonwork - INFO - Total POIs (destination): 4,185
2026-09-25 16:50:36 - models.od_matrix_nonwork - INFO - Extracting coordinates...
2026-09-25 16:50:36 - models.od_matrix_nonwork - INFO - Calculating distances and friction factors (mode: cosine_km)...
2026-09-25 16:50:36 - models.od_matrix_v3 - INFO -   Intrazonal distance set from zone area on 403 diagonal cells (factor 0.5): median 0 m -> 350 m
2026-09-25 16:50:36 - models.od_matrix_nonwork - INFO -   Distances in km: median 19.59, min 0.050, max 89.2
2026-09-25 16:50:36 - models.od_matrix_nonwork - INFO - Initial gravity model total trips: 77,015
2026-09-25 16:50:36 - models.od_matrix_nonwork - INFO - 
Running IPF iterations (max 50)...
2026-09-25 16:50:36 - models.od_matrix_nonwork - INFO -   Iteration 1: Max relative difference = 4.06e-16
2026-09-25 16:50:36 - models.od_matrix_nonwork - INFO - Converged after 1 iterations
2026-09-25 16:50:36 - models.od_matrix_nonwork - INFO - ======================================================================
2026-09-25 16:50:36 - models.od_matrix_nonwork - INFO - VERIFICATION
2026-09-25 16:50:36 - models.od_matrix_nonwork - INFO - ======================================================================
2026-09-25 16:50:36 - models.od_matrix_nonwork - INFO - Origin total: 77,015 | Matrix row sum: 77,015
2026-09-25 16:50:36 - models.od_matrix_nonwork - INFO - Max row constraint error: 5.68e-14
2026-09-25 16:50:36 - models.od_matrix_nonwork - INFO - Total trips in gravity model: 77,015
2026-09-25 16:50:36 - models.od_matrix_nonwork - INFO - 
2026-09-25 16:50:36 - models.od_matrix_nonwork - INFO -   Gravity model (block-group level): (719, 403)
2026-09-25 16:50:36 - models.od_matrix_nonwork - INFO -   Survey matrix: (1, 1)
2026-09-25 16:50:36 - models.od_matrix_nonwork - INFO - 
Combining survey and gravity models...
2026-09-25 16:50:36 - models.od_matrix_v3 - INFO - ======================================================================
2026-09-25 16:50:36 - models.od_matrix_v3 - INFO - COMBINING OD MATRICES
2026-09-25 16:50:36 - models.od_matrix_v3 - INFO - ======================================================================
2026-09-25 16:50:36 - models.od_matrix_v3 - INFO - Survey matrix shape: (1, 1)
2026-09-25 16:50:36 - models.od_matrix_v3 - INFO - Local matrix shape: (719, 403)
2026-09-25 16:50:36 - models.od_matrix_v3 - INFO - Alpha (survey weight): 0.10
2026-09-25 16:50:36 - models.od_matrix_v3 - INFO - Local weight: 0.90
2026-09-25 16:50:36 - models.od_matrix_v3 - INFO - Aligning survey to local matrix structure...
2026-09-25 16:50:36 - models.od_matrix_v3 - INFO - Combining matrices (alpha blend where survey exists, local only where survey is empty)...
2026-09-25 16:50:36 - models.od_matrix_v3 - INFO - No scaling target specified. Using local matrix total: 77,015
2026-09-25 16:50:36 - models.od_matrix_v3 - INFO - Matrix total before scaling: 77,015
2026-09-25 16:50:36 - models.od_matrix_v3 - INFO - Scale factor: 0.999995
2026-09-25 16:50:36 - models.od_matrix_v3 - INFO - Applying robust rounding to guarantee target total...
2026-09-25 16:50:36 - models.od_matrix_v3 - INFO - Total after flooring: 46,910
2026-09-25 16:50:36 - models.od_matrix_v3 - INFO - Remainder to distribute: 30,105
2026-09-25 16:50:36 - models.od_matrix_v3 - INFO - ======================================================================
2026-09-25 16:50:36 - models.od_matrix_v3 - INFO - VERIFICATION
2026-09-25 16:50:36 - models.od_matrix_v3 - INFO - ======================================================================
2026-09-25 16:50:36 - models.od_matrix_v3 - INFO - Survey total trips: 933
2026-09-25 16:50:36 - models.od_matrix_v3 - INFO - Local total trips: 77,015
2026-09-25 16:50:36 - models.od_matrix_v3 - INFO - Combined total trips (before scaling): 77,015
2026-09-25 16:50:36 - models.od_matrix_v3 - INFO - Combined total trips (after scaling & rounding): 77,015
2026-09-25 16:50:36 - models.od_matrix_v3 - INFO - Target total: 77,015
2026-09-25 16:50:36 - models.od_matrix_v3 - INFO - Difference: 0
2026-09-25 16:50:36 - models.od_matrix_v3 - INFO - Combined matrix shape: (719, 403)
2026-09-25 16:50:36 - models.od_matrix_nonwork - INFO - 
Applied nonwork_trip_share: 80.00%
2026-09-25 16:50:36 - models.od_matrix_nonwork - INFO -   Trips before scaling: 77,015
2026-09-25 16:50:36 - models.od_matrix_nonwork - INFO -   Trips after scaling: 61,612
2026-09-25 16:50:36 - models.od_matrix_nonwork - INFO - ======================================================================
2026-09-25 16:50:36 - models.od_matrix_nonwork - INFO - NONWORK OD MATRIX CREATION COMPLETE - OTHER
2026-09-25 16:50:36 - models.od_matrix_nonwork - INFO - ======================================================================
2026-09-25 16:50:36 - models.plan_generator_nonwork - INFO -   OD matrix shape: (719, 403)
2026-09-25 16:50:36 - models.plan_generator_nonwork - INFO -   Unscaled total trips: 61,612
2026-09-25 16:50:36 - models.plan_generator_nonwork - INFO -   Scaling factor: 0.25
2026-09-25 16:50:36 - models.plan_generator_nonwork - INFO -   Scaled total trips: 15,418
2026-09-25 16:50:36 - models.plan_generator_nonwork - INFO - NonWorkPlanGenerator initialization complete
2026-09-25 16:50:36 - models.plan_generator_nonwork - INFO - ============================================================
2026-09-25 16:50:36 - models.plan_generator_nonwork - INFO - OTHER PLAN GENERATION
2026-09-25 16:50:36 - models.plan_generator_nonwork - INFO - ============================================================
2026-09-25 16:50:36 - models.plan_generator_nonwork - INFO -   Population base (non-employees in region): 505,852
2026-09-25 16:50:36 - models.plan_generator_nonwork - INFO -   Unscaled Other trips: 61,612
2026-09-25 16:50:36 - models.plan_generator_nonwork - INFO -   Scaling factor: 0.25
2026-09-25 16:50:36 - models.plan_generator_nonwork - INFO -   Scaled Other trips: 15,418
2026-09-25 16:50:36 - models.plan_generator_nonwork - INFO -   Expected scaled trips: 15,403
2026-09-25 16:50:36 - models.plan_generator_nonwork - INFO -   Scaling accuracy: 100.1%
2026-09-25 16:50:36 - models.plan_generator_nonwork - INFO - 
2026-09-25 16:50:36 - models.plan_generator_nonwork - INFO - Generating all Other plans using multiprocessing...
2026-09-25 16:50:36 - models.plan_generator_nonwork - INFO -   Using all 15,418 trips from scaled OD matrix
2026-09-25 16:50:36 - models.plan_generator_nonwork - INFO - Using 30 processes for Other plan generation
2026-09-25 16:50:36 - models.plan_generator_nonwork - INFO - Pre-loading data for Other multiprocessing...
2026-09-25 16:50:36 - models.plan_generator_nonwork - INFO -   Serialized GTFS stop data for workers: bus=2610 stops
2026-09-25 16:50:36 - models.plan_generator_nonwork - INFO -   Prepared shared data with 19,068 home blocks
2026-09-25 16:50:36 - models.plan_generator_nonwork - INFO -   POI categories: 6
2026-09-25 16:50:36 - models.plan_generator_nonwork - INFO -   Chain patterns: 229
2026-09-25 16:50:36 - models.plan_generator_nonwork - INFO - Split 11276 OD pairs into 31 chunks
2026-09-25 16:51:15 - models.plan_generator_nonwork - INFO - 
2026-09-25 16:51:15 - models.plan_generator_nonwork - INFO - Other GENERATION COMPLETE
2026-09-25 16:51:15 - models.plan_generator_nonwork - INFO -   Plans generated: 15,418
2026-09-25 16:51:15 - models.plan_generator_nonwork - INFO -   Failed plans: 0
2026-09-25 16:51:15 - models.plan_generator_nonwork - INFO -   Chain retries: 746 / 16,259 attempts
2026-09-25 16:51:15 - models.plan_generator_nonwork - INFO -     Too short: 746
2026-09-25 16:51:15 - models.plan_generator_nonwork - INFO -     Bad structure (not Home-...-Home): 0
2026-09-25 16:51:15 - models.plan_generator_nonwork - INFO -     Missing purpose: 0
2026-09-25 16:51:15 - models.plan_generator_nonwork - INFO -     Contains Work: 0
2026-09-25 16:51:15 - models.plan_generator_nonwork - INFO -   POI retries: 5,581
2026-09-25 16:51:15 - models.plan_generator_nonwork - INFO -   Time retries: 1
2026-09-25 16:51:15 - models.plan_generator_nonwork - INFO -   Schedules built: 18,812
2026-09-25 16:51:15 - models.plan_generator_nonwork - INFO -     Trimmed to fit 24h: 87 (0.46%)
2026-09-25 16:51:15 - models.plan_generator_nonwork - INFO -     Dropped, over budget: 1 (0.01%)
2026-09-25 16:51:15 - models.plan_generator_nonwork - INFO -     Resampled, over budget (over_budget=resample): 3,393
2026-09-25 16:51:15 - models.plan_generator_nonwork - INFO -     Excess per trimmed schedule: mean 588.5 min, max 1511.4 min
2026-09-25 16:51:15 - models.plan_generator_nonwork - INFO -     Minutes actually removed: 49,820 total, mean 572.6 min
2026-09-25 16:51:15 - models.plan_generator_nonwork - INFO - ============================================================
2026-09-25 16:51:15 - models.mode_choice - INFO - ==================================================
2026-09-25 16:51:15 - models.mode_choice - INFO - MODE CHOICE STATISTICS
2026-09-25 16:51:15 - models.mode_choice - INFO - ==================================================
2026-09-25 16:51:15 - models.mode_choice - INFO -   Total mode choices: 54157
2026-09-25 16:51:15 - models.mode_choice - INFO -   Fallback mode used: 0 times
2026-09-25 16:51:15 - models.mode_choice - INFO -   Chain retries: 0
2026-09-25 16:51:15 - models.mode_choice - INFO -   Mode distribution in generated plans:
2026-09-25 16:51:15 - models.mode_choice - INFO -     car: 94.5%
2026-09-25 16:51:15 - models.mode_choice - INFO -     walk: 3.3%
2026-09-25 16:51:15 - models.mode_choice - INFO -     bus: 2.2%
2026-09-25 16:51:15 - models.mode_choice - INFO - ==================================================
2026-09-25 16:51:15 - __main__ - INFO - Generated 15,418 Other plans
2026-09-25 16:51:15 - __main__ - INFO - 
2026-09-25 16:51:15 - __main__ - INFO - ============================================================
2026-09-25 16:51:15 - __main__ - INFO - COMBINING WORK + NON-WORK + FREIGHT PLANS
2026-09-25 16:51:15 - __main__ - INFO - ============================================================
2026-09-25 16:51:15 - __main__ - INFO - Plan generation summary (scaling_factor=0.25):
2026-09-25 16:51:15 - __main__ - INFO -   Work plans: 138,011
2026-09-25 16:51:15 - __main__ - INFO -   Non-work plans: 85,282
2026-09-25 16:51:15 - __main__ - INFO -   Combined total (scaled): 223,293
2026-09-25 16:51:15 - __main__ - INFO -   Represents full population of: ~893,172 travelers
2026-09-25 16:51:15 - __main__ - INFO - 
2026-09-25 16:51:15 - __main__ - INFO - Assigning unique person IDs...
2026-09-25 16:51:15 - __main__ - INFO - Writing combined plans to XML...
2026-09-25 16:51:15 - models.plan_generator - INFO - Writing 223293 plans to /media/volume/Tareek-instance_vol-1/Tareek-work/Tareek/experiments/bham_stage2f_f1r/plans.xml
2026-09-25 16:51:15 - utils.coordinates - INFO - Initialized coordinate converter: EPSG:4326 <-> EPSG:26916
2026-09-25 16:51:15 - models.plan_generator - INFO - Converting coordinates from lat/lon to EPSG:26916
2026-09-25 16:52:14 - models.plan_generator - INFO - Successfully wrote plans to /media/volume/Tareek-instance_vol-1/Tareek-work/Tareek/experiments/bham_stage2f_f1r/plans.xml (coordinates in EPSG:26916)
2026-09-25 16:52:14 - models.plan_generator - INFO - Plans XML saved to experiment directory: /media/volume/Tareek-instance_vol-1/Tareek-work/Tareek/experiments/bham_stage2f_f1r/plans.xml
2026-09-25 16:52:14 - models.plan_generator - INFO -   Coordinate system: EPSG:26916
2026-09-25 16:52:15 - __main__ - INFO - Plans XML ready: /media/volume/Tareek-instance_vol-1/Tareek-work/Tareek/experiments/bham_stage2f_f1r/plans.xml
2026-09-25 16:52:15 - __main__ - INFO -   File size: 106.67 MB
2026-09-25 16:52:15 - __main__ - INFO -   Total persons: 223,293
2026-09-25 16:52:15 - __main__ - INFO - 
2026-09-25 16:52:15 - __main__ - INFO - ============================================================
2026-09-25 16:52:15 - __main__ - INFO - STEP 5: RUNNING MATSIM SIMULATION
2026-09-25 16:52:15 - __main__ - INFO - ============================================================
2026-09-25 16:52:29 - __main__ - INFO - Released plan-generation memory before MATSim: 4.4 GB -> 1.1 GB RSS (freed 3.3 GB)
2026-09-25 16:52:29 - matsim.osm_downloader - INFO - OSM cache directory: /media/volume/Tareek-instance_vol-1/Tareek-work/Tareek/data/osm_cache
2026-09-25 16:52:29 - matsim.orchestrator - INFO - MATSim Orchestrator initialized
2026-09-25 16:52:29 - __main__ - INFO - MATSim mode: basic
2026-09-25 16:52:29 - __main__ - INFO - Custom parameters: {'coordinateSystem': 'auto', 'lastIteration': 10, 'outputDirectory': 'output', 'controller.mobsim': 'qsim', '_controller.mobsim_help': 'qsim | hermes. hermes is faster but is a simplified queue model that ignores trafficDynamics, linkDynamics and full stuckTime semantics. Use qsim for any congestion- or mode-choice-sensitive experiment.', 'global.numberOfThreads': 30, 'qsim.numberOfThreads': 30, 'qsim.flowCapacityFactor': 0.25, 'qsim.storageCapacityFactor': 0.3, 'qsim.stuckTime': 10.0, '_qsim.stuckTime_help': "Seconds the frontmost vehicle on a link may fail to move before it is pushed onto the next link. Gridlock escape valve: HIGHER = waits LONGER. 10.0 is MATSim's own default. Mersini & Ziemke (2026) instead give stuckTime = 30s / sample_share, which is 120.0 at this 25% sample; the basic template uses 30.0 (Berlin/Dresden, 100% sample). Currently set to the MATSim default for an A/B against the 120.0 arm (bham_stage1b_25pct_qsim_pt). Only qsim honours this; hermes ignores it.", 'linkStats.averageLinkStatsOverIterations': 5, 'scoring.waitingPt': -3.0, '_estimator_scoring.waitingPt': 'Cold start (no prior experiment). Seeding waitingPt=-3.0 util/hr for transit density 0.43% (near-zero transit (under 1%)).', '_qsim.storageCapacityFactor_help': "Deliberately ABOVE flowCapacityFactor (1.2x, matching the basic template's own 0.1/0.12 ratio). Storage must be scaled superlinearly at reduced samples (Nagel & Floetteroed 2012): scaling it down linearly leaves short links holding too few vehicles to form a realistic queue, producing artificial gridlock. flowCapacityFactor must stay equal to scaling_factor because countsScaleFactor is derived as 1/flowCapacityFactor."}
2026-09-25 16:52:29 - __main__ - INFO - 
2026-09-25 16:52:29 - matsim.orchestrator - INFO - Setting up experiment: bham_stage2f_f1r
2026-09-25 16:52:29 - matsim.orchestrator - INFO - Created experiment directory: /media/volume/Tareek-instance_vol-1/Tareek-work/Tareek/experiments/bham_stage2f_f1r
2026-09-25 16:52:29 - matsim.orchestrator - INFO - Plans file already exists at destination: /media/volume/Tareek-instance_vol-1/Tareek-work/Tareek/experiments/bham_stage2f_f1r/plans.xml
2026-09-25 16:52:29 - matsim.config_manager - INFO - Generating MATSim config for mode: basic
2026-09-25 16:52:29 - matsim.config_manager - INFO - Using config template: /media/volume/Tareek-instance_vol-1/Tareek-work/Tareek/matsim/configs/basic/config.xml
2026-09-25 16:52:29 - matsim.config_manager - INFO - Auto-set writeLinkStatsInterval = 10 (matches lastIteration)
2026-09-25 16:52:29 - matsim.config_manager - INFO - Auto-set write*Interval = 10 (bulky per-iteration output written only at the final iteration; set matsim.write_intermediate_output=true to write every iteration)
2026-09-25 16:52:29 - matsim.config_manager - INFO - Auto-set counts.countsScaleFactor = 4.0 (1/0.25 flowCapacityFactor)
2026-09-25 16:52:29 - matsim.config_manager - INFO - Auto-set counts.writeCountsInterval = 10 (matches lastIteration)
2026-09-25 16:52:29 - matsim.config_manager - INFO - Applied configurable param: controller.mobsim = qsim
2026-09-25 16:52:29 - matsim.config_manager - INFO - Applied configurable param: global.numberOfThreads = 30
2026-09-25 16:52:29 - matsim.config_manager - INFO - Applied configurable param: qsim.numberOfThreads = 30
2026-09-25 16:52:29 - matsim.config_manager - INFO - Applied configurable param: qsim.flowCapacityFactor = 0.25
2026-09-25 16:52:29 - matsim.config_manager - INFO - Mirrored qsim.flowCapacityFactor -> hermes.flowCapacityFactor = 0.25
2026-09-25 16:52:29 - matsim.config_manager - INFO - Applied configurable param: qsim.storageCapacityFactor = 0.3
2026-09-25 16:52:29 - matsim.config_manager - INFO - Mirrored qsim.storageCapacityFactor -> hermes.storageCapacityFactor = 0.3
2026-09-25 16:52:29 - matsim.config_manager - INFO - Applied configurable param: qsim.stuckTime = 10.0
2026-09-25 16:52:29 - matsim.config_manager - INFO - Applied configurable param: linkStats.averageLinkStatsOverIterations = 5
2026-09-25 16:52:29 - matsim.config_manager - INFO - Applied scoring.waitingPt = -3.0
2026-09-25 16:52:29 - matsim.config_manager - INFO - Mirrored qsim.flowCapacityFactor -> hermes.flowCapacityFactor = 0.25
2026-09-25 16:52:29 - matsim.config_manager - INFO - Mirrored qsim.storageCapacityFactor -> hermes.storageCapacityFactor = 0.3
2026-09-25 16:52:29 - matsim.config_manager - INFO - Applied scoring.waitingPt = -3.0
2026-09-25 16:52:29 - matsim.config_manager - INFO - Enabled transit module with transitModes=pt (from enabled modes: ['bus']) (preserved existing params on: transitRouter)
2026-09-25 16:52:29 - matsim.config_manager - INFO - Registered scoring activityParams for 'Dining'
2026-09-25 16:52:29 - matsim.config_manager - INFO - Registered scoring activityParams for 'Home'
2026-09-25 16:52:29 - matsim.config_manager - INFO - Registered scoring activityParams for 'Other'
2026-09-25 16:52:29 - matsim.config_manager - INFO - Registered scoring activityParams for 'School'
2026-09-25 16:52:29 - matsim.config_manager - INFO - Registered scoring activityParams for 'Shopping'
2026-09-25 16:52:29 - matsim.config_manager - INFO - Registered scoring activityParams for 'Social'
2026-09-25 16:52:29 - matsim.config_manager - INFO - Registered scoring activityParams for 'Work'
2026-09-25 16:52:29 - matsim.config_manager - INFO - Activity typicalDuration from survey: Dining=35min, Home=720min, Other=60min, School=420min, Shopping=25min, Social=95min, Work=435min
2026-09-25 16:52:29 - matsim.config_manager - INFO - Activity scoring windows from survey: Dining=8.75-21.00h/min5m, Other=7.75-18.83h/min5m, School=7.08-20.00h/min55m, Shopping=7.67-19.67h/min5m, Social=7.00-22.00h/min20m, Work=6.00-21.12h/min30m
2026-09-25 16:52:34 - matsim.config_manager - INFO - Activity params cover all 7 activity types in plans.xml: ['Dining', 'Home', 'Other', 'School', 'Shopping', 'Social', 'Work']
2026-09-25 16:52:34 - matsim.config_manager - INFO - Config saved to: /media/volume/Tareek-instance_vol-1/Tareek-work/Tareek/experiments/bham_stage2f_f1r/config.xml
2026-09-25 16:52:34 - matsim.orchestrator - INFO - Experiment setup complete: /media/volume/Tareek-instance_vol-1/Tareek-work/Tareek/experiments/bham_stage2f_f1r
2026-09-25 16:52:34 - matsim.orchestrator - INFO - Validating MATSim setup...
2026-09-25 16:52:34 - matsim.runner - INFO - Validating MATSim setup...
2026-09-25 16:52:34 - matsim.runner - INFO - Java version: openjdk
2026-09-25 16:52:34 - matsim.runner - INFO - Using JAR file: /media/volume/Tareek-instance_vol-1/Tareek-work/Tareek/matsim/matsim_25/matsim_25.jar
2026-09-25 16:52:34 - matsim.runner - INFO - No lib directory found in /media/volume/Tareek-instance_vol-1/Tareek-work/Tareek/matsim/matsim_25 (may not be needed)
2026-09-25 16:52:34 - matsim.runner - INFO - MATSim setup validation passed
2026-09-25 16:52:34 - matsim.orchestrator - INFO - Validating experiment configuration...
2026-09-25 16:52:34 - matsim.config_manager - INFO - Found network.xml: /media/volume/Tareek-instance_vol-1/Tareek-work/Tareek/experiments/bham_stage2f_f1r/network.xml
2026-09-25 16:52:34 - matsim.config_manager - INFO - Found plans.xml: /media/volume/Tareek-instance_vol-1/Tareek-work/Tareek/experiments/bham_stage2f_f1r/plans.xml
2026-09-25 16:52:34 - matsim.config_manager - INFO - Found transitScheduleFile: /media/volume/Tareek-instance_vol-1/Tareek-work/Tareek/experiments/bham_stage2f_f1r/transitSchedule.xml
2026-09-25 16:52:34 - matsim.config_manager - INFO - Found vehiclesFile: /media/volume/Tareek-instance_vol-1/Tareek-work/Tareek/experiments/bham_stage2f_f1r/transitVehicles.xml
2026-09-25 16:52:34 - matsim.orchestrator - INFO - Starting MATSim simulation. Log file: /media/volume/Tareek-instance_vol-1/Tareek-work/Tareek/experiments/bham_stage2f_f1r/matsim_output.log
2026-09-25 16:52:34 - matsim.runner - INFO - Starting MATSim simulation with config: /media/volume/Tareek-instance_vol-1/Tareek-work/Tareek/experiments/bham_stage2f_f1r/config.xml
2026-09-25 16:52:34 - matsim.runner - INFO - Using JAR file: /media/volume/Tareek-instance_vol-1/Tareek-work/Tareek/matsim/matsim_25/matsim_25.jar
2026-09-25 16:52:34 - matsim.runner - INFO - No lib directory found in /media/volume/Tareek-instance_vol-1/Tareek-work/Tareek/matsim/matsim_25 (may not be needed)
2026-09-25 16:52:34 - matsim.runner - INFO - Command: java -Xmx70g -Xms70g -XX:+UseG1GC -XX:+ParallelRefProcEnabled -XX:MaxGCPauseMillis=200 -XX:+HeapDumpOnOutOfMemoryError -XX:HeapDumpPath=./heap_dumps -cp /media/volume/Tareek-instance_vol-1/Tareek-work/Tareek/matsim/matsim_25/matsim_25.jar org.matsim.core.controler.Controler /media/volume/Tareek-instance_vol-1/Tareek-work/Tareek/experiments/bham_stage2f_f1r/config.xml
2026-09-25 16:52:34 - matsim.runner - INFO - Waiting for simulation to complete...
2026-09-25 18:12:53 - matsim.runner - INFO - Simulation completed in 4819.45 seconds
2026-09-25 18:12:53 - matsim.runner - INFO - Simulation completed successfully
2026-09-25 18:12:53 - matsim.orchestrator - INFO - Simulation completed
2026-09-25 18:12:53 - __main__ - INFO - 
2026-09-25 18:12:53 - __main__ - INFO - Simulation status: completed
2026-09-25 18:12:53 - __main__ - INFO - 
2026-09-25 18:12:53 - __main__ - INFO - ============================================================
2026-09-25 18:12:53 - __main__ - INFO - STEP 6: EVALUATING SIMULATION
2026-09-25 18:12:53 - __main__ - INFO - ============================================================
2026-09-25 18:12:53 - __main__ - INFO - Initializing evaluator with ground truth data from: data/evaluation
2026-09-25 18:12:53 - __main__ - INFO - Running evaluation...
2026-09-25 18:12:53 - __main__ - INFO - 
2026-09-25 18:12:53 - matsim.trip_timing - INFO - Trip timing figures: planned schedule (output/ITERS/it.0/0.plans.xml.gz) against iteration 10
2026-09-25 18:13:18 - matsim.trip_timing - INFO - Saved dep_arr_by_activity_demand.png
2026-09-25 18:13:19 - matsim.trip_timing - INFO - Saved dep_arr_by_activity_sim.png
2026-09-25 18:13:22 - matsim.trip_timing - INFO - Saved trip_duration_by_hour_demand.png
2026-09-25 18:13:23 - matsim.trip_timing - INFO - Saved trip_duration_by_hour_sim.png
2026-09-25 18:13:24 - matsim.trip_timing - INFO -   it.10 activity durations: left out 43325 open-ended rows that are not a Home-to-Home overnight stay, and 0 all-day stays
2026-09-25 18:13:26 - matsim.trip_timing - INFO - Saved activity_duration_by_type.png
2026-09-25 18:13:26 - matsim.evaluator - INFO - Loading matched devices from: /media/volume/Tareek-instance_vol-1/Tareek-work/Tareek/experiments/bham_stage2f_f1r/matched_devices.csv
2026-09-25 18:13:26 - matsim.evaluator - INFO - Loaded 57 devices matched to network links
2026-09-25 18:13:26 - matsim.evaluator - INFO - Using MATSim countscompare file: output/ITERS/it.10/10.countscompare.txt
2026-09-25 18:13:26 - matsim.evaluator - INFO - Auto-detected network file: output/output_network.xml.gz
2026-09-25 18:13:26 - matsim.evaluator - INFO - Auto-detected linkstats file: output/ITERS/it.10/10.linkstats.txt.gz
2026-09-25 18:13:26 - matsim.evaluator - INFO - Loading scaling factors from experiment config...
2026-09-25 18:13:26 - matsim.evaluator - INFO - Loaded scaling factors: population=0.25, flow=0.25, storage=0.3
2026-09-25 18:13:26 - matsim.evaluator - INFO - Loading network for spatial visualization...
2026-09-25 18:13:44 - matsim.evaluator - INFO - Loaded 204,379 links
2026-09-25 18:13:44 - matsim.evaluator - INFO - Loading linkstats...
2026-09-25 18:13:47 - matsim.evaluator - INFO - Scaled simulated volumes by 4.00x (1/0.25 population scaling)
2026-09-25 18:13:47 - matsim.evaluator - INFO - Loaded 204,379 links from linkstats
2026-09-25 18:13:47 - matsim.evaluator - INFO - Comparing volumes from MATSim countscompare.txt...
2026-09-25 18:13:47 - matsim.evaluator - INFO - Read 1,272 station-hour comparisons from 10.countscompare.txt (53 stations)
2026-09-25 18:13:47 - matsim.evaluator - INFO - Generated 1,272 station-hour comparisons
2026-09-25 18:13:47 - matsim.evaluator - INFO - Calculating summary metrics...
2026-09-25 18:13:47 - matsim.evaluator - INFO - Saved comparison results to /media/volume/Tareek-instance_vol-1/Tareek-work/Tareek/experiments/bham_stage2f_f1r/evaluation/volume_comparison.csv
2026-09-25 18:13:47 - matsim.evaluator - INFO - Saved hourly relative-error box plot to /media/volume/Tareek-instance_vol-1/Tareek-work/Tareek/experiments/bham_stage2f_f1r/evaluation/hourly_relative_error_box.png
2026-09-25 18:13:47 - matsim.evaluator - INFO - Saved hourly bias plot to /media/volume/Tareek-instance_vol-1/Tareek-work/Tareek/experiments/bham_stage2f_f1r/evaluation/hourly_bias.png
2026-09-25 18:13:48 - matsim.evaluator - INFO - Saved station ratio dot plot to /media/volume/Tareek-instance_vol-1/Tareek-work/Tareek/experiments/bham_stage2f_f1r/evaluation/station_ratio_dotplot.png
2026-09-25 18:13:48 - matsim.evaluator - INFO - Generating spatial overview maps...
2026-09-25 18:13:49 - utils.region_utils - INFO - Loaded 2 county boundary polygons
2026-09-25 18:13:51 - matsim.evaluator - INFO - Saved spatial overview to /media/volume/Tareek-instance_vol-1/Tareek-work/Tareek/experiments/bham_stage2f_f1r/evaluation/spatial_overview.png
2026-09-25 18:13:54 - matsim.evaluator - INFO - Saved hourly pct-error map to /media/volume/Tareek-instance_vol-1/Tareek-work/Tareek/experiments/bham_stage2f_f1r/evaluation/count_error_h00.png
2026-09-25 18:13:56 - matsim.evaluator - INFO - Saved hourly pct-error map to /media/volume/Tareek-instance_vol-1/Tareek-work/Tareek/experiments/bham_stage2f_f1r/evaluation/count_error_h01.png
2026-09-25 18:13:59 - matsim.evaluator - INFO - Saved hourly pct-error map to /media/volume/Tareek-instance_vol-1/Tareek-work/Tareek/experiments/bham_stage2f_f1r/evaluation/count_error_h02.png
2026-09-25 18:14:01 - matsim.evaluator - INFO - Saved hourly pct-error map to /media/volume/Tareek-instance_vol-1/Tareek-work/Tareek/experiments/bham_stage2f_f1r/evaluation/count_error_h03.png
2026-09-25 18:14:04 - matsim.evaluator - INFO - Saved hourly pct-error map to /media/volume/Tareek-instance_vol-1/Tareek-work/Tareek/experiments/bham_stage2f_f1r/evaluation/count_error_h04.png
2026-09-25 18:14:06 - matsim.evaluator - INFO - Saved hourly pct-error map to /media/volume/Tareek-instance_vol-1/Tareek-work/Tareek/experiments/bham_stage2f_f1r/evaluation/count_error_h05.png
2026-09-25 18:14:09 - matsim.evaluator - INFO - Saved hourly pct-error map to /media/volume/Tareek-instance_vol-1/Tareek-work/Tareek/experiments/bham_stage2f_f1r/evaluation/count_error_h06.png
2026-09-25 18:14:12 - matsim.evaluator - INFO - Saved hourly pct-error map to /media/volume/Tareek-instance_vol-1/Tareek-work/Tareek/experiments/bham_stage2f_f1r/evaluation/count_error_h07.png
2026-09-25 18:14:14 - matsim.evaluator - INFO - Saved hourly pct-error map to /media/volume/Tareek-instance_vol-1/Tareek-work/Tareek/experiments/bham_stage2f_f1r/evaluation/count_error_h08.png
2026-09-25 18:14:17 - matsim.evaluator - INFO - Saved hourly pct-error map to /media/volume/Tareek-instance_vol-1/Tareek-work/Tareek/experiments/bham_stage2f_f1r/evaluation/count_error_h09.png
2026-09-25 18:14:19 - matsim.evaluator - INFO - Saved hourly pct-error map to /media/volume/Tareek-instance_vol-1/Tareek-work/Tareek/experiments/bham_stage2f_f1r/evaluation/count_error_h10.png
2026-09-25 18:14:21 - matsim.evaluator - INFO - Saved hourly pct-error map to /media/volume/Tareek-instance_vol-1/Tareek-work/Tareek/experiments/bham_stage2f_f1r/evaluation/count_error_h11.png
2026-09-25 18:14:24 - matsim.evaluator - INFO - Saved hourly pct-error map to /media/volume/Tareek-instance_vol-1/Tareek-work/Tareek/experiments/bham_stage2f_f1r/evaluation/count_error_h12.png
2026-09-25 18:14:27 - matsim.evaluator - INFO - Saved hourly pct-error map to /media/volume/Tareek-instance_vol-1/Tareek-work/Tareek/experiments/bham_stage2f_f1r/evaluation/count_error_h13.png
2026-09-25 18:14:29 - matsim.evaluator - INFO - Saved hourly pct-error map to /media/volume/Tareek-instance_vol-1/Tareek-work/Tareek/experiments/bham_stage2f_f1r/evaluation/count_error_h14.png
2026-09-25 18:14:32 - matsim.evaluator - INFO - Saved hourly pct-error map to /media/volume/Tareek-instance_vol-1/Tareek-work/Tareek/experiments/bham_stage2f_f1r/evaluation/count_error_h15.png
2026-09-25 18:14:34 - matsim.evaluator - INFO - Saved hourly pct-error map to /media/volume/Tareek-instance_vol-1/Tareek-work/Tareek/experiments/bham_stage2f_f1r/evaluation/count_error_h16.png
2026-09-25 18:14:37 - matsim.evaluator - INFO - Saved hourly pct-error map to /media/volume/Tareek-instance_vol-1/Tareek-work/Tareek/experiments/bham_stage2f_f1r/evaluation/count_error_h17.png
2026-09-25 18:14:39 - matsim.evaluator - INFO - Saved hourly pct-error map to /media/volume/Tareek-instance_vol-1/Tareek-work/Tareek/experiments/bham_stage2f_f1r/evaluation/count_error_h18.png
2026-09-25 18:14:42 - matsim.evaluator - INFO - Saved hourly pct-error map to /media/volume/Tareek-instance_vol-1/Tareek-work/Tareek/experiments/bham_stage2f_f1r/evaluation/count_error_h19.png
2026-09-25 18:14:44 - matsim.evaluator - INFO - Saved hourly pct-error map to /media/volume/Tareek-instance_vol-1/Tareek-work/Tareek/experiments/bham_stage2f_f1r/evaluation/count_error_h20.png
2026-09-25 18:14:47 - matsim.evaluator - INFO - Saved hourly pct-error map to /media/volume/Tareek-instance_vol-1/Tareek-work/Tareek/experiments/bham_stage2f_f1r/evaluation/count_error_h21.png
2026-09-25 18:14:50 - matsim.evaluator - INFO - Saved hourly pct-error map to /media/volume/Tareek-instance_vol-1/Tareek-work/Tareek/experiments/bham_stage2f_f1r/evaluation/count_error_h22.png
2026-09-25 18:14:52 - matsim.evaluator - INFO - Saved hourly pct-error map to /media/volume/Tareek-instance_vol-1/Tareek-work/Tareek/experiments/bham_stage2f_f1r/evaluation/count_error_h23.png
2026-09-25 18:14:52 - matsim.evaluator - INFO - Generating heatmap-only map...
2026-09-25 18:14:55 - matsim.evaluator - INFO - Saved heatmap to /media/volume/Tareek-instance_vol-1/Tareek-work/Tareek/experiments/bham_stage2f_f1r/evaluation/heatmap_daily.png
2026-09-25 18:14:56 - matsim.evaluator - INFO - Generating highway congestion heatmaps for 24 hour(s)...
2026-09-25 18:14:58 - matsim.evaluator - INFO -   Highway links for peak heatmaps: 12,136 (of 204,379 total)
2026-09-25 18:15:07 - matsim.evaluator - INFO -   12 AM congestion — Severe (2), Congested (290), Moderate (3,108), Free flow (3,936), no traffic: 4,800
2026-09-25 18:15:09 - matsim.evaluator - INFO - Saved congestion heatmap to /media/volume/Tareek-instance_vol-1/Tareek-work/Tareek/experiments/bham_stage2f_f1r/evaluation/heatmap_h00_highways.png
2026-09-25 18:15:18 - matsim.evaluator - INFO -   1 AM congestion — Severe (0), Congested (108), Moderate (1,411), Free flow (5,091), no traffic: 5,526
2026-09-25 18:15:19 - matsim.evaluator - INFO - Saved congestion heatmap to /media/volume/Tareek-instance_vol-1/Tareek-work/Tareek/experiments/bham_stage2f_f1r/evaluation/heatmap_h01_highways.png
2026-09-25 18:15:28 - matsim.evaluator - INFO -   2 AM congestion — Severe (1), Congested (179), Moderate (1,896), Free flow (4,719), no traffic: 5,341
2026-09-25 18:15:29 - matsim.evaluator - INFO - Saved congestion heatmap to /media/volume/Tareek-instance_vol-1/Tareek-work/Tareek/experiments/bham_stage2f_f1r/evaluation/heatmap_h02_highways.png
2026-09-25 18:15:38 - matsim.evaluator - INFO -   3 AM congestion — Severe (1), Congested (181), Moderate (2,369), Free flow (5,454), no traffic: 4,131
2026-09-25 18:15:39 - matsim.evaluator - INFO - Saved congestion heatmap to /media/volume/Tareek-instance_vol-1/Tareek-work/Tareek/experiments/bham_stage2f_f1r/evaluation/heatmap_h03_highways.png
2026-09-25 18:15:48 - matsim.evaluator - INFO -   4 AM congestion — Severe (2), Congested (349), Moderate (3,735), Free flow (4,534), no traffic: 3,516
2026-09-25 18:15:49 - matsim.evaluator - INFO - Saved congestion heatmap to /media/volume/Tareek-instance_vol-1/Tareek-work/Tareek/experiments/bham_stage2f_f1r/evaluation/heatmap_h04_highways.png
2026-09-25 18:15:59 - matsim.evaluator - INFO -   5 AM congestion — Severe (2), Congested (525), Moderate (4,710), Free flow (3,777), no traffic: 3,122
2026-09-25 18:16:00 - matsim.evaluator - INFO - Saved congestion heatmap to /media/volume/Tareek-instance_vol-1/Tareek-work/Tareek/experiments/bham_stage2f_f1r/evaluation/heatmap_h05_highways.png
2026-09-25 18:16:09 - matsim.evaluator - INFO -   6 AM congestion — Severe (28), Congested (866), Moderate (4,959), Free flow (3,538), no traffic: 2,745
2026-09-25 18:16:10 - matsim.evaluator - INFO - Saved congestion heatmap to /media/volume/Tareek-instance_vol-1/Tareek-work/Tareek/experiments/bham_stage2f_f1r/evaluation/heatmap_h06_highways.png
2026-09-25 18:16:20 - matsim.evaluator - INFO -   7 AM congestion — Severe (164), Congested (1,500), Moderate (4,700), Free flow (3,176), no traffic: 2,596
2026-09-25 18:16:21 - matsim.evaluator - INFO - Saved congestion heatmap to /media/volume/Tareek-instance_vol-1/Tareek-work/Tareek/experiments/bham_stage2f_f1r/evaluation/heatmap_h07_highways.png
2026-09-25 18:16:30 - matsim.evaluator - INFO -   8 AM congestion — Severe (372), Congested (1,940), Moderate (4,328), Free flow (3,070), no traffic: 2,426
2026-09-25 18:16:31 - matsim.evaluator - INFO - Saved congestion heatmap to /media/volume/Tareek-instance_vol-1/Tareek-work/Tareek/experiments/bham_stage2f_f1r/evaluation/heatmap_8am_highways.png
2026-09-25 18:16:41 - matsim.evaluator - INFO -   9 AM congestion — Severe (365), Congested (1,928), Moderate (4,369), Free flow (3,020), no traffic: 2,454
2026-09-25 18:16:42 - matsim.evaluator - INFO - Saved congestion heatmap to /media/volume/Tareek-instance_vol-1/Tareek-work/Tareek/experiments/bham_stage2f_f1r/evaluation/heatmap_h09_highways.png
2026-09-25 18:16:52 - matsim.evaluator - INFO -   10 AM congestion — Severe (221), Congested (1,584), Moderate (4,487), Free flow (3,365), no traffic: 2,479
2026-09-25 18:16:53 - matsim.evaluator - INFO - Saved congestion heatmap to /media/volume/Tareek-instance_vol-1/Tareek-work/Tareek/experiments/bham_stage2f_f1r/evaluation/heatmap_h10_highways.png
2026-09-25 18:17:02 - matsim.evaluator - INFO -   11 AM congestion — Severe (110), Congested (1,245), Moderate (4,758), Free flow (3,486), no traffic: 2,537
2026-09-25 18:17:03 - matsim.evaluator - INFO - Saved congestion heatmap to /media/volume/Tareek-instance_vol-1/Tareek-work/Tareek/experiments/bham_stage2f_f1r/evaluation/heatmap_h11_highways.png
2026-09-25 18:17:12 - matsim.evaluator - INFO -   12 PM congestion — Severe (71), Congested (1,068), Moderate (4,882), Free flow (3,364), no traffic: 2,751
2026-09-25 18:17:14 - matsim.evaluator - INFO - Saved congestion heatmap to /media/volume/Tareek-instance_vol-1/Tareek-work/Tareek/experiments/bham_stage2f_f1r/evaluation/heatmap_h12_highways.png
2026-09-25 18:17:23 - matsim.evaluator - INFO -   1 PM congestion — Severe (56), Congested (975), Moderate (4,947), Free flow (3,492), no traffic: 2,666
2026-09-25 18:17:24 - matsim.evaluator - INFO - Saved congestion heatmap to /media/volume/Tareek-instance_vol-1/Tareek-work/Tareek/experiments/bham_stage2f_f1r/evaluation/heatmap_h13_highways.png
2026-09-25 18:17:34 - matsim.evaluator - INFO -   2 PM congestion — Severe (64), Congested (1,111), Moderate (4,927), Free flow (3,414), no traffic: 2,620
2026-09-25 18:17:35 - matsim.evaluator - INFO - Saved congestion heatmap to /media/volume/Tareek-instance_vol-1/Tareek-work/Tareek/experiments/bham_stage2f_f1r/evaluation/heatmap_h14_highways.png
2026-09-25 18:17:44 - matsim.evaluator - INFO -   3 PM congestion — Severe (100), Congested (1,231), Moderate (4,847), Free flow (3,386), no traffic: 2,572
2026-09-25 18:17:45 - matsim.evaluator - INFO - Saved congestion heatmap to /media/volume/Tareek-instance_vol-1/Tareek-work/Tareek/experiments/bham_stage2f_f1r/evaluation/heatmap_h15_highways.png
2026-09-25 18:17:55 - matsim.evaluator - INFO -   4 PM congestion — Severe (188), Congested (1,397), Moderate (4,694), Free flow (3,229), no traffic: 2,628
2026-09-25 18:17:56 - matsim.evaluator - INFO - Saved congestion heatmap to /media/volume/Tareek-instance_vol-1/Tareek-work/Tareek/experiments/bham_stage2f_f1r/evaluation/heatmap_h16_highways.png
2026-09-25 18:18:05 - matsim.evaluator - INFO -   5 PM congestion — Severe (128), Congested (1,460), Moderate (4,674), Free flow (3,327), no traffic: 2,547
2026-09-25 18:18:07 - matsim.evaluator - INFO - Saved congestion heatmap to /media/volume/Tareek-instance_vol-1/Tareek-work/Tareek/experiments/bham_stage2f_f1r/evaluation/heatmap_5pm_highways.png
2026-09-25 18:18:16 - matsim.evaluator - INFO -   6 PM congestion — Severe (106), Congested (1,332), Moderate (4,804), Free flow (3,429), no traffic: 2,465
2026-09-25 18:18:17 - matsim.evaluator - INFO - Saved congestion heatmap to /media/volume/Tareek-instance_vol-1/Tareek-work/Tareek/experiments/bham_stage2f_f1r/evaluation/heatmap_h18_highways.png
2026-09-25 18:18:27 - matsim.evaluator - INFO -   7 PM congestion — Severe (83), Congested (1,086), Moderate (4,899), Free flow (3,492), no traffic: 2,576
2026-09-25 18:18:28 - matsim.evaluator - INFO - Saved congestion heatmap to /media/volume/Tareek-instance_vol-1/Tareek-work/Tareek/experiments/bham_stage2f_f1r/evaluation/heatmap_h19_highways.png
2026-09-25 18:18:37 - matsim.evaluator - INFO -   8 PM congestion — Severe (75), Congested (853), Moderate (4,865), Free flow (3,519), no traffic: 2,824
2026-09-25 18:18:38 - matsim.evaluator - INFO - Saved congestion heatmap to /media/volume/Tareek-instance_vol-1/Tareek-work/Tareek/experiments/bham_stage2f_f1r/evaluation/heatmap_h20_highways.png
2026-09-25 18:18:48 - matsim.evaluator - INFO -   9 PM congestion — Severe (28), Congested (669), Moderate (4,940), Free flow (3,559), no traffic: 2,940
2026-09-25 18:18:49 - matsim.evaluator - INFO - Saved congestion heatmap to /media/volume/Tareek-instance_vol-1/Tareek-work/Tareek/experiments/bham_stage2f_f1r/evaluation/heatmap_h21_highways.png
2026-09-25 18:18:58 - matsim.evaluator - INFO -   10 PM congestion — Severe (18), Congested (618), Moderate (4,762), Free flow (3,646), no traffic: 3,092
2026-09-25 18:19:00 - matsim.evaluator - INFO - Saved congestion heatmap to /media/volume/Tareek-instance_vol-1/Tareek-work/Tareek/experiments/bham_stage2f_f1r/evaluation/heatmap_h22_highways.png
2026-09-25 18:19:09 - matsim.evaluator - INFO -   11 PM congestion — Severe (7), Congested (476), Moderate (4,417), Free flow (4,028), no traffic: 3,208
2026-09-25 18:19:10 - matsim.evaluator - INFO - Saved congestion heatmap to /media/volume/Tareek-instance_vol-1/Tareek-work/Tareek/experiments/bham_stage2f_f1r/evaluation/heatmap_h23_highways.png
2026-09-25 18:19:18 - matsim.evaluator - INFO - Saved 24 log-log scatter plot(s) to /media/volume/Tareek-instance_vol-1/Tareek-work/Tareek/experiments/bham_stage2f_f1r/evaluation
2026-09-25 18:19:18 - matsim.evaluator - INFO - Generating per-device reports...
2026-09-25 18:19:18 - matsim.evaluator - INFO - Generating per-device reports for 57 devices...
2026-09-25 18:19:51 - matsim.evaluator - INFO - Per-device reports saved to /media/volume/Tareek-instance_vol-1/Tareek-work/Tareek/experiments/bham_stage2f_f1r/evaluation/device_reports
2026-09-25 18:19:51 - __main__ - INFO - 
2026-09-25 18:19:51 - __main__ - INFO - ============================================================
2026-09-25 18:19:51 - __main__ - INFO - EVALUATION RESULTS
2026-09-25 18:19:51 - __main__ - INFO - ============================================================
2026-09-25 18:19:51 - __main__ - INFO - Devices validated: 36
2026-09-25 18:19:51 - __main__ - INFO - Total comparisons: 1,272
2026-09-25 18:19:51 - __main__ - INFO - Mean Absolute Error (MAE): 439.73 vehicles
2026-09-25 18:19:51 - __main__ - INFO - Root Mean Square Error (RMSE): 667.36 vehicles
2026-09-25 18:19:51 - __main__ - INFO - GEH < 5 (hourly counts, target >=85%): 23.3%
2026-09-25 18:19:51 - __main__ - INFO - GEH < 5 (station daily totals): 7.5%
2026-09-25 18:19:51 - __main__ - INFO - Correlation: 0.783
2026-09-25 18:19:51 - __main__ - INFO - Peak-hour correlation (6-9,15-18): 0.658
2026-09-25 18:19:51 - __main__ - INFO - 
2026-09-25 18:19:51 - __main__ - INFO - Results saved to: /media/volume/Tareek-instance_vol-1/Tareek-work/Tareek/experiments/bham_stage2f_f1r/evaluation
2026-09-25 18:19:51 - __main__ - INFO - ============================================================
2026-09-25 18:19:51 - __main__ - INFO - 
2026-09-25 18:20:52 - validate_demand - INFO - Survey sources in DB: {('nhts', '2022'): np.int64(30462)}
2026-09-25 18:20:52 - validate_demand - INFO - No local survey for this region — comparing against national NHTS only. A metro-specific household travel survey is the better reference; add one to config data.surveys with weight > 0.
2026-09-25 18:20:52 - validate_demand - INFO - Simulated trips: /media/volume/Tareek-instance_vol-1/Tareek-work/Tareek/experiments/bham_stage2f_f1r/output/ITERS/it.10/10.trips.csv.gz
2026-09-25 18:21:06 - __main__ - INFO -   Demand validation vs survey added to summary
2026-09-25 18:21:06 - __main__ - INFO - Experiment summary saved to: /media/volume/Tareek-instance_vol-1/Tareek-work/Tareek/experiments/bham_stage2f_f1r/experiment_summary.json
2026-09-25 18:21:09 - __main__ - INFO - Experiment report saved to: /media/volume/Tareek-instance_vol-1/Tareek-work/Tareek/experiments/bham_stage2f_f1r/report.html
2026-09-25 18:21:09 - __main__ - INFO -   For a PDF: python scripts/experiment_report.py --html-to-pdf <that file>  (needs a browser)
2026-09-25 18:21:09 - __main__ - INFO - Experiment tracked in: /media/volume/Tareek-instance_vol-1/Tareek-work/Tareek/experiments/experiment_comparison.csv
2026-09-25 18:21:09 - __main__ - INFO - Suggestion: Increase iterations from 10 to 15-20 for better convergence.
2026-09-25 18:21:09 - __main__ - INFO - ============================================================
2026-09-25 18:21:09 - __main__ - INFO - EXPERIMENT COMPLETE
2026-09-25 18:21:09 - __main__ - INFO - ============================================================
2026-09-25 18:21:09 - __main__ - INFO - Experiment ID: bham_stage2f_f1r
2026-09-25 18:21:09 - __main__ - INFO - Experiment directory: /media/volume/Tareek-instance_vol-1/Tareek-work/Tareek/experiments/bham_stage2f_f1r
2026-09-25 18:21:09 - __main__ - INFO - Status: completed
2026-09-25 18:21:09 - __main__ - INFO - 
2026-09-25 18:21:09 - __main__ - INFO - Results available at:
2026-09-25 18:21:09 - __main__ - INFO -   Network: network.xml
2026-09-25 18:21:09 - __main__ - INFO -   Plans: plans.xml
2026-09-25 18:21:09 - __main__ - INFO -   Output: output/
2026-09-25 18:21:09 - __main__ - INFO -   Evaluation: evaluation/
2026-09-25 18:21:09 - __main__ - INFO - ============================================================
